Id,Target
v_009evckk5b_0000,1 533.545 1016.865 77.75 35.87 0;1 909.665 843.46 38.17 86.5 0;1 915.965 949.2 32.35 77.3 0;1 918.505 1048.55 35.61 62.9 0;1 932.185 399.935 35.25 81.19 346.35;1 962.46 888.865 33.82 76.87 0;1 966.34 1047.37 38 65.26 0;7 1680.19 132.055 118.4 49.67 0
v_016is7moli_0000,1 691.945 500.475 99.85 44.67 0
v_01tp2eyell_0000,none
v_03ah598sio_0000,1 1097.695 534.495 103.77 47.49 0
v_03rc50t2e6_0000,8 1349.91 492.615 66.12 22.55 0
v_0482m44rij_0000,1 931.82 668.8 82.66 33.62 266.7;1 933.655 816.32 82.83 32.46 269.8;1 934.905 969.42 33.69 84.94 0;1 944.485 1058.7 42.25 31.66 270.7;1 954.245 133.62 36.59 80.8 0;1 991.63 899.56 86.14 34.84 269.8;1 998.865 644.685 37.35 86.77 356.1;1 1113.285 571.28 84.39 35.26 343.1;4 991.555 1058.74 41.71 38.2 270.1;7 957.15 284 52.6 187.64 0
v_05id2q6r4r_0000,1 637.55 1060.94 73.62 36.42 5;1 696.875 1028.85 82.37 40.22 20.76;1 909.145 885.17 35.85 86.44 0;1 907.805 1000.77 32.91 81.16 0;1 952.86 986.27 30.38 82.42 0;1 963.675 874.1 33.57 75.38 0;1 1063.98 439.555 77.56 32.91 0;1 1400.72 424.73 86.66 37.6 0;4 1666.15 447.355 100.24 39.17 0.3;7 214.835 263.495 96.25 43.97 0;8 946.53 380.37 55.8 26.5 0
v_05wejrqj6h_0000,1 168.455 530.16 109.05 53.86 0;1 1201.81 482.205 123.5 57.81 0;9 330.07 493.395 51.26 25.01 0
v_06a65kr4uy_0000,1 212.74 387.665 85.4 35.63 0;1 298.53 480.815 82.6 34.05 0;1 327.13 389.905 86.2 34.31 0;1 375.85 441.51 82.36 35.22 0;1 398.21 482.755 82.86 33.69 0;1 436.98 384.46 86.44 34.62 0;1 505.075 482.62 86.01 35.9 1.9;1 521.27 436.02 86.18 35.24 1.1;1 530.55 1025.58 77.74 35.88 0;1 535.21 386.565 78.56 33.39 1.2;1 619.19 482.425 82.8 34.71 0.5;1 639.335 385.195 84.21 33.17 2;1 646.15 433.54 83.6 34.94 0.7;1 874.895 421.625 34.33 76.63 337.95;1 1086.325 278.885 81.43 37.35 0;1 1130.81 84.04 93.78 42.32 359.5;1 1140.96 141.395 81.48 37.11 0;1 1179.485 229.62 89.31 39.44 0;1 1205.23 281.795 82.2 36.89 0;1 1311.83 277.98 80.92 37.9 0;1 1395.965 281.84 70.23 33.44 0;1 1436.735 325.96 90.73 37.12 0;1 1465.425 224.6 92.69 35.76 0;1 1492.225 267.35 88.45 36.68 0;1 1590.47 224.81 91.58 35.24 0;1 1747.53 286.56 94.34 39.64 2.8;2 1074.905 230.95 93.27 37.2 0;2 1323.185 224.93 109.75 42.4 0;2 1891.805 229.155 56.39 45.11 0;4 1277.05 326.5 84.82 37.36 0;4 1565.735 322.1 99.97 39.8 0;7 178.07 482.485 110.98 34.83 0;7 693.09 270.93 35.74 87.24 287;7 1110.215 320.135 102.23 42.39 0;7 1605.155 268.285 120.07 44.67 0;9 568.515 414.615 42.27 13.63 4.2;9 1022.865 203.08 40.41 12.3 0
v_06gsqrb2sb_0000,1 1912.3 538.2 15.4 35.5 0;9 1298.65 461.04 48.7 15.22 0;9 1628.675 552.47 56.49 17.9 0
v_06xnbcrtte_0000,1 12.26 490.045 24.42 31.89 359.2;1 637.965 488.115 86.83 30.35 359.7;1 781.415 542.41 76.61 31 1.22;1 901.625 465.52 31.01 82.38 38.26;1 956.215 363.62 28.67 67.72 4.52;1 968.275 217.58 30.35 81.6 2.22;1 980.87 34.49 30.7 68.98 6.7;1 1015.48 196.685 31.36 86.51 0;1 1041.645 552.725 31.13 80.25 359;1 1057.795 1033.945 33.07 77.67 28.72;1 1144.97 534.295 81.46 33.31 356.6;1 1225.54 479.06 83.2 30.6 358.2;7 637.79 564.01 91.34 36.38 358.7
v_08j4szqboz_0000,1 637.775 1061.5 73.63 36.42 5;1 909.035 886.425 35.85 86.45 0;1 909.535 1000 32.91 81.16 0;1 953.52 987.325 30.38 82.41 0;1 964.215 873.235 33.57 75.39 0
v_09gpsv2mc8_0000,1 22.75 472.45 45.5 35.3 0;1 26.755 366.835 53.49 28.65 0;1 11.86 305.86 23.08 32.8 0;1 60.27 999.21 74.5 32.18 0;1 167.14 210.745 74.8 34.97 357.4;1 185.845 461.42 63.81 28.1 0;1 342.01 467.69 77.76 30 0;1 347.02 370.67 76.74 31.36 0;1 517.14 409.18 92.74 36.3 0;1 527.915 464.61 81.33 31.6 0;1 740.42 1035.475 79.94 27.11 22.25;1 762.61 464.67 82.28 31.9 8.9333;1 829.28 253.95 73.3 30.3 0;1 836.96 1046.13 67.84 29.8 88.3;1 850.89 366.46 79.08 32 0;1 852.83 783.21 76.5 28.9 86.8;1 955.79 295.17 97.42 36.82 0;1 924.6 1014.69 30.4 76.6 0;1 924.07 921.99 28.7 73.3 0;1 967.255 863.145 31.07 70.19 0;1 1028.49 201.305 97.78 34.79 0;1 1073.22 245.53 79.2 31.6 356;1 1108.985 363.365 84.63 34.59 0;1 1164.45 413.13 97.48 30.9 0;1 1216.01 284.5 73.88 28.92 0;1 1352.86 406.36 74.1 30 0;1 1392.06 197.74 77.6 29 359.2;1 1399.73 291.38 74.2 31 0;1 1530.68 242.335 89.48 32.63 0;1 1565.49 448.055 84.9 30.47 0.9;1 1863.965 395.15 82.19 31.5 0;2 566.24 199.76 103.84 31.4 359.8;2 1667.095 392.745 103.93 31.71 4.3;7 94.215 416.7 188.37 49.2 0;7 399.845 250.635 171.15 48.57 0;7 801.4 413.09 115.34 32.8 0;9 217.62 376.4 32.56 10.7 0;9 350.99 196.26 38.5 11.5 357.1;9 667.96 466.98 39.6 12.7 0;9 844.29 578.94 40 8.2 68.6
v_0cet0jvgh0_0000,1 53.045 562.465 87.79 30.55 2.7;1 249.07 564.03 28.66 78.66 92.5;1 558.575 517.155 35.61 88.63 89.4;1 754.47 517.95 38.2 86 87.5571;1 775.68 571.83 29.7 86.74 74.1714;1 897.74 562.575 71.92 28.65 354.5;1 952.125 1028.8 32.41 79.24 5.3;1 972.545 107.12 31.29 83.62 0;1 1219.835 545.315 83.87 34.41 0
v_0csnwwbxbf_0000,1 327.515 519.505 98.57 37.35 2.2;1 555.215 491.07 101.41 41.06 0;1 926.44 494.38 40.56 90.96 0;1 925.54 248.1 35.3 89.22 359;1 927.95 716.13 37.1 90.06 0;1 969.71 40.03 77.34 37 272.73;1 987.15 669.545 36.46 93.09 0;1 996.665 916.93 38.15 95.32 0;1 1039.98 542.955 39.4 91.47 34.23;1 1143.81 540.105 89.2 35.39 359.7;1 1237.29 492.135 84.64 37.65 2;1 1261.345 563.38 87.81 37.8 0.9;1 1357.405 498.575 91.07 38.09 357.9;1 1365.535 447.22 95.15 41.46 358.1;1 1370.665 545.915 40.25 87.67 90.9;1 1460.72 495.32 91.68 38.98 358.5;1 1566.34 486.985 103.8 42.33 359.8;1 1623.925 531.06 89.95 37.18 356.3;1 1725.955 491.8 90.19 40 0;1 1832.555 490.63 94.45 37.2 359.5;1 1855.205 560.66 39.07 96.1 86.9;4 927.72 959.93 41.1 119 0;4 1503.045 545.22 97.95 36.12 359;7 731.73 492.865 108.96 38.89 0;9 964.38 736.085 14.5 47.59 359.3
v_0cx8pn55k6_0000,1 561.535 577.96 80.95 31.4 358.2875;1 554.985 516.17 35.61 88.62 89.4;1 955.61 545.22 32.64 79.54 0;1 955.53 404.515 31.7 85.33 0;1 961.98 213.51 29.4 83.56 0;1 971.89 24.4 31.4 48.8 0;1 1008.58 228.465 31.6 83.15 0;1 1014.06 429.84 29 73.1 357.64;1 1169.785 508.92 86.51 31.2 1.5;1 1364.05 522.07 91.64 34.02 0;9 1790.89 529.01 42.98 14.12 0
v_0gazlo3h1g_0000,1 233.445 490.27 91.73 35.16 0;1 374.865 493.25 94.45 39.56 0;1 394.45 548.45 91.96 36.6 0;1 492.275 485.43 98.81 37.76 359.7;1 517.34 544.035 85.1 34.37 0;1 611.14 484.035 94.94 38.03 0;1 609.99 539.74 88.6 36.82 359.6;1 714.725 541.78 107.71 37.48 359.3;1 723.2 487.775 83.42 39.41 0;1 829.22 470.49 87.62 35.58 347.0333;1 855.17 551.09 92.34 39.38 0;1 917.16 18.055 40.66 36.11 0;1 919.39 227.895 37.72 87.25 0;1 921.32 447.42 35.98 90 0;1 927.81 909.57 36.42 91.08 0;1 934.86 659.695 38.08 87.85 0;1 972.715 145.73 37.15 89.08 0;1 984.515 822.685 39.03 100.43 0;1 992.1 969.115 36.66 93.57 0;1 1034.295 589.77 37.97 91.3 28.72;1 1369.685 494.89 86.93 38.06 358.8;1 1488.1 486.645 42.36 91.15 86.9;1 1616.68 487.36 36.56 93.4 89.1;1 1741.395 478.475 96.79 39.93 359.8;1 1887.93 486.04 44.44 87.74 88.7;4 234.67 548.5 143.04 41.46 0.6;9 264.3 517.81 44.28 11.06 0
v_0getcmo42g_0000,1 1408.66 479.01 98.9 35.12 0;1 1720.04 433.29 87.36 40.74 0.7;9 1721.53 495.88 47.48 20.32 0
v_0gq5nphux2_0000,1 1128.37 500.745 91.88 37.87 359
v_0jyl3xgw4x_0000,1 553.37 514.295 35.6 88.63 89.4;1 823.64 570.055 83.7 30.31 358.9;1 957.59 202.285 31.7 87.99 0;1 963.51 315.455 32.64 84.51 0;1 999.77 1008.34 93.96 35.16 269.5;1 969.38 37.865 29.4 73.13 0;1 1008.54 79 29 74.44 3.6;1 1155.745 564.38 84.03 31.4 353.4;1 1170.13 507.855 86.52 31.19 1.5;1 1734.76 524.715 97.6 34.01 0
v_0lkfo9oisd_0000,1 496.55 475.36 102.1 36.1 0;1 589.4 525.23 97.08 37.4 358.9;1 833.85 512.83 94.5 36.82 0;1 1188.37 526.96 92.78 35.94 0;1 1627.385 577.73 34.69 89.7 89.3;1 1717.74 495.205 100.12 35.81 0
v_0ln3dvoqc6_0000,1 68.26 538.155 91.64 36.41 0;1 114.65 491 89.98 39.34 0;1 504.75 542.29 37.68 88.86 88;1 943.465 1007.695 82.23 34.97 269.2;1 945.81 704.525 86.04 36.09 292.3525;1 941.86 898.52 33.98 89.66 0;1 991.305 948.965 86.43 38.91 270.4;1 999.23 725.12 89.76 39.28 275;1 990.05 843.975 34.22 87.51 0;1 1236.66 511.805 89.54 36.21 0;1 1360.145 506.105 90.71 34.97 0;1 1495.165 516.48 89.27 37.76 0;1 1721.215 567.14 98.15 37.56 355;1 1817.24 518.75 95.26 38.34 0;7 988.665 574.535 42.17 103.15 355.3
v_0m47p9qc2e_0000,1 812.6 495.985 96.24 38.79 0;1 839.35 551.4 98.5 36.5 1.6;1 910.65 791.125 37.62 93.43 0;1 917.65 350.745 34.2 94.17 0;1 933.93 558.68 33.5 90.7 0;1 975.26 435.48 33.1 89.28 0;1 976.77 752.795 35.4 89.37 0;1 982.015 920.29 37.99 103.5 0;1 1232.11 491.08 98.88 38 1.2;1 1390.41 552.465 102 39.07 3.6;1 1522.48 549.87 94.2 38.1 0;1 1551.425 507.105 93.21 37.35 358.2;1 1639.74 553.58 105.08 39.3 0;1 1655.1 503.9 89.04 36.18 0;1 1761 554.35 101.9 37.74 0.1;1 1799.92 498.195 101.1 36.25 359.1;1 1867.43 564.135 96.3 32.63 0;1 1895.525 493.475 48.95 36.25 0
v_0mp55gehz5_0000,1 31.205 295.375 62.41 36.13 0;1 27.78 385.555 55.56 36.49 0;1 36.045 478.305 72.09 37.35 0;1 59.5 434.535 87.9 33.03 0;1 210.21 385.93 80.5 30.1 0;1 226.27 433.28 85.4 32.3 0;1 272.155 1028.335 79.13 35.33 0;1 285.15 486.92 84.1 31.6 0;1 370.5 440.615 86.7 36.29 0;1 509.15 433.495 84.58 34.27 0;1 519.325 483.57 82.31 32.98 0;1 540.78 225.875 81.96 36.65 359.6;1 659.785 450.525 80.81 33.91 2.1;1 735.395 501.205 88.73 33.03 7.45;1 827.29 928.485 79.76 34.05 91.3;1 890.16 392.425 77.6 32.05 0.3;1 908.795 893.32 35.85 86.44 2.6564;1 908.135 1008.57 32.91 81.16 0;1 1023.765 428.795 81.29 34.81 356.9;1 1200.97 447.105 97.74 37.79 0;1 1351.105 395.94 77.57 34.94 0;1 1562.655 418.15 78.73 33.78 2;2 115.18 228.85 99.3 40.84 359.3;4 423.945 388.465 96.11 37.31 0;4 743.555 317.07 85.19 37.42 0;5 1310.555 270.195 175.69 56.63 358.9;7 598.78 266.555 98.92 47.63 0;7 838.26 578.43 89.42 34.98 62.45;9 165.435 490.43 39.01 13.16 0;9 616.735 487.545 36.39 11.75 359.7;9 1319.67 488.915 35.34 10.51 1
v_0mpdxs98r6_0000,1 640.695 530.45 41.11 89.04 269.6;1 825.955 517.32 92.31 37.64 359.9;1 1304.78 505.525 96.96 42.49 0;1 1634.445 539.745 91.19 41.05 1
v_0ofnytwerz_0000,1 99.05 491.27 89.98 39.34 0;1 707.745 542.4 83.89 35.36 357.08;1 943.205 825.345 86.05 36.09 270.8;1 938.55 408.61 37.3 88.68 0;1 943.575 212.36 41.71 101.7 4.5;1 947.48 1064.17 33.98 31.66 0;1 994.495 1002.61 86.43 38.9 270.4;1 1001.99 747.15 89.76 39.28 275;1 991.715 70.46 35.37 84.5 0;1 994.33 859.27 34.22 87.5 0;1 999.59 352.705 37.7 88.55 0;1 1068.095 576.965 87.13 35.35 336.72;1 1362.245 546.365 90.37 37.99 354.44;1 1397.715 493.71 88.77 34.76 0;1 1583.65 509.95 98 35.24 0;1 1742.91 561.79 98.14 37.56 2.22;7 998.07 615.235 42.18 103.15 355.3;9 362.86 558 13.06 39.9 88.06;9 899.805 308.46 13.89 39.38 0
v_0olp6u47df_0000,1 761.62 508.905 38.58 94.29 269.46;7 995.04 630.545 40.78 106.29 342.81
v_0psfafjt98_0000,1 1405.46 541.985 107.74 48.61 0
v_0qfyp2nwh7_0000,1 150.61 511.6 84.54 35.5 0;1 1560.77 532.18 90.6 38.2 0;9 323.095 548.79 56.49 17.9 0
v_0r0ibswn18_0000,1 156.93 529.49 106.04 46.04 0
v_0s8cb4es83_0000,1 9.76 240.515 19.52 10.91 268.2;1 29.5 418.1 58.6 34.8 0;1 180.235 425.67 83.99 29.8 0;1 185.14 474.33 70.28 29.2 0;1 301.71 427.06 75.9 29.24 0;1 317.91 369.56 78.6 33.8 0;1 338.1 469.65 79.78 31.58 0;1 347.35 108.58 29.9 82.36 268.4;1 413.22 416.13 77.62 28.62 0;1 425.635 374.03 97.15 33.62 0;1 474.28 473.22 86.1 30.9 0;1 505.64 419.84 79.5 30 0;1 557.25 375.43 78.9 31.8 0;1 565.39 1002.42 91.8 34.3 0;1 609.89 423.29 78.8 30.8 0;1 622.66 477.63 71.2 27.5 0;1 695.6 380.34 74.5 29 0;1 965.27 913.33 28.4 75.7 0.4064;1 1017.075 120.4 81.19 33.78 0;1 1015.415 69.535 70.01 32.97 0;1 1042.03 302.39 83.4 32.9 0;1 1210.39 101.02 89.38 35.9 0;1 1207.875 295.105 72.41 27.19 0;1 1238.72 201.47 90.1 32.7 0;1 1312.97 251.97 90.3 35.46 0;1 1363.92 290.77 88.3 33.9 0;1 1378.14 202.56 77.9 32.5 0;1 1423.76 244.38 89.3 29.4 0;1 1487.98 196.3 82 31.6 0;1 1567 289.28 85.1 33.5 0;1 1599.365 197.91 84.73 30.32 0;1 1667.22 240.96 81.2 34.2 0;1 1781.45 194.38 90.3 29.72 0;1 1886.77 191.35 66.44 30.5 0;2 1566.57 239.27 89.5 30.7 0;7 1129.54 249.935 113.3 42.61 0;7 1148.84 194.665 111.02 40.67 0;9 120.29 452.48 37.1 8.6 0;9 403.45 486.68 39.7 6.9 0;9 798.435 434.4 45.57 9.8 358.1571;9 899.68 471.755 39.5 9.01 359.2
v_0sv121zlkj_0000,1 436.73 534.935 32.8 88.05 101.7;1 557.31 496.585 35.6 88.63 89.4;1 765.375 519.335 31.37 82.97 71.4111;1 911.61 453.455 32.9 85.31 35.6667;1 1010.55 992.46 35.9 87.46 0;1 1017.65 86.45 35.8 97.32 0;1 1017.67 329.07 29.9 85.8 0;1 1312.675 537.285 90.55 34.27 356.8;1 1819.55 515.23 93.36 30.2 0;7 960.59 191.965 30.3 107.07 0
v_0swh37qinu_0000,1 24.92 535.03 48.24 34.76 358.9;1 99.89 490.34 89.98 39.34 0;1 114.87 573.235 34.98 88.61 89.4;1 427.015 540.355 33.15 82.15 88.5;1 941.395 27.955 38.83 55.91 0;1 941.91 1064.32 35 31.36 0.2;1 981.62 774.23 76 34.1 270.65;1 975.97 958.85 35.48 78.26 359.3;1 1003.59 613.795 81.9 35.19 308.67;1 983.9 393.77 35.16 85.82 0;1 1339.325 550.945 90.37 37.99 358.2;1 1398.125 500.74 73.31 35.42 0;1 1552.23 514.17 83.56 35.82 0;1 1756.165 577.94 98.15 37.56 0.2;9 914.125 1045.34 12.33 39.38 0
v_0v8irqqbdx_0000,1 918.05 434.37 104.6 32.2 339.7667;1 990.77 821.705 32.9 89.97 0;8 198.925 481.66 66.43 31.5 0;9 756.715 469.54 52.25 17.7 0;9 842.94 475.22 54.5 18.2 0
v_0ycwubdt0t_0000,1 441.095 526.875 115.59 42.05 0;1 1293.12 540.015 111.68 49.93 0
v_0yvee8dwvp_0000,1 254.395 572.48 84.25 34.02 0.1;1 556.065 517.34 35.61 88.62 89.4;1 937.6 429.15 34.94 89.74 17.8333;1 957.06 275.705 30.5 86.61 0;1 958.65 736.155 31.68 77.19 0;1 959.605 150.385 28.65 78.67 2.2;1 984.615 946.47 78.25 30.9 269.8444;1 1059.25 511.345 86.52 31.19 358.6381;1 1295.095 521.29 87.45 35.84 0;1 1394.43 548.62 93.28 33.6 355.7222;1 1528.58 522.92 100.98 30.54 0
v_11tse3ozm8_0000,1 135.815 508.055 87.23 30.97 0;1 229.81 456.53 80.24 32.22 0;1 231.495 138.615 32.93 86.57 268;1 269.775 337.64 31.35 78.4 269.4;1 420.895 513.35 82.83 31.06 0.26;1 470.155 463.405 80.01 30.31 0;1 552.05 410.125 99.3 33.61 0;1 595.85 466.115 82.08 32.45 0;1 616.735 511.25 90.01 31.72 0;1 605.53 290.6 31.28 81.3 270.1;1 708.57 467.325 80.24 34.77 0;1 736.58 414.07 78.56 33.16 0;1 770.855 504.425 71.89 29.37 353.1;1 823.24 314.735 32.74 71.75 288.16;1 1054.04 773.985 71.5 34.31 84.4;1 1220.845 295.325 72.43 33.11 359.2;1 1269.54 342.47 80.1 34.16 0;1 1307.17 297.57 79 31.72 0;1 1406.175 340.515 84.37 32.41 0;1 1414.06 296.565 79.9 32.23 0;1 1510.46 246.475 84.92 34.97 0;1 1489.34 436.125 30.22 77.83 85.2;1 1553.785 293.95 108.77 37.8 0;1 1548.795 340.855 85.99 35.21 359.2;1 1820.17 237.73 103.06 39.02 0;1 1875.875 471.685 33.95 88.15 89.1;4 965.525 440.155 38.89 101.99 344.9;4 1007.915 618.8 31.31 75.04 356.2;5 1361.66 241.525 175.02 54.13 0;9 673.525 437.48 39.27 11.24 4.26;9 783.76 475.89 35.52 14.8 359.3;9 791.81 392.325 44.3 16.05 11.8;9 1217.105 246.695 47.93 19.85 359.6;9 1445.99 318.65 46 16.28 0
v_12togp1s1x_0000,1 14.555 543.305 29.11 26.51 90;1 301.05 550.08 77.48 30.2 2.2;1 539.045 567.65 84.79 31.16 2;1 562.185 495.985 35.61 88.63 89.4;1 716.14 547.07 33.2 85.18 86.65;1 864.15 507.305 30.4 82.03 54.025;1 911.375 1066.955 30.79 26.09 27.4;1 961.77 415.945 30.2 82.29 0;1 966.28 186.165 29.8 74.03 2.7;1 974.81 8.085 32.68 16.11 0;1 1006.055 928.995 33.47 80.05 0;1 1009.88 592.22 31.6 76.66 0;9 1007.44 379.01 13.46 36.72 0
v_13eo01xla7_0000,1 255.81 507.33 92.36 37.04 0;1 349.805 462.05 99.03 41.48 0;1 554.89 451.25 99.82 42.72 0;1 723.805 448.36 94.49 36.22 0;1 891.265 1047.505 37.91 64.99 0;1 906.2 727.01 41.44 99.94 0;1 908.83 881.805 39.16 95.51 0;1 950.44 1048.565 40.3 62.87 0;1 967.1 12.6 41 25.2 0;1 972.05 775.02 39.2 88.1 0;1 984.085 945.42 37.75 92.9 0;1 1072.605 459.355 93.17 40.27 0;1 1769.9 458.78 37.96 86.88 89.5;4 898.595 539.71 39.07 100.9 0
v_13rzcztzn2_0000,1 745.9 513.735 94.6 44.67 0
v_14gzpabiil_0000,1 97.705 482.76 107.23 42.72 0;1 271 491.745 91.66 38.87 0;1 673.075 483.735 94.69 40.33 0;1 782.23 487.805 84.2 40.01 0;1 901.545 590.51 37.07 87.18 0;1 914.32 891.81 38.98 85.5 0;1 931.72 713.235 36.5 87.79 4.79;1 951.445 583.255 38.39 89.31 6.4;1 967.86 832.66 39.08 95.22 1.2;1 1606.635 485.76 92.21 37.2 1;1 1647.455 549.65 35.87 88.22 89.8;1 1713.77 497.265 88.14 37.71 358.8;1 1851.59 485.1 93.64 39.18 358.9
v_16r2k1urc3_0000,1 21.65 492.8 43.3 37.64 0;8 1272.23 454.6 66.8 31.1 0
v_1ax824k2y8_0000,1 1105.55 532.89 90.6 38.2 0;1 1517.205 498.77 95.09 33.9 4.6
v_1bi07v6spb_0000,1 303.03 529.49 106.26 44.22 359.3;1 1273.93 503.495 101.74 40.87 2.1;1 1583.535 533.995 100.33 41.13 356.25
v_1c93se7f7c_0000,1 453.46 491.7 96.1 40.56 0;9 1749.12 589.68 13.8 48.7 89.7
v_1frst4tk1u_0000,1 57.43 516.365 102.48 42.05 0;1 424.655 504.54 106.43 47.3 0;1 1006.045 782.42 42.05 98.54 0
v_1ho22fu1t4_0000,1 224.575 500.345 101.99 39.07 0;1 775.19 481.395 103.16 40.59 0;1 921.61 397.695 110.48 43.91 307.9;1 913.015 1035.1 38.15 89.8 0;1 917.07 881.07 34.94 99.3 0;1 924.275 579.76 40.59 96.9 0;1 973.29 1045.625 34.5 68.75 0;1 1134.29 542.41 94.2 38.1 0;1 1407.595 507.775 93.21 37.35 358.2;1 1607.14 550.1 105.08 39.3 0;1 1653.745 499.84 89.05 36.18 0;1 1761.135 550.48 101.91 37.74 0.1;1 1799.92 494.58 101.1 36.24 359.1;1 1867.15 560.425 96.3 32.63 0;1 1892.055 491.115 55.89 36.25 0;9 1001.27 778.07 11.4 45.6 0
v_1if784vbeo_0000,1 948.045 567.41 38.89 77.6 320.75;1 1318.155 498.375 95.79 39.03 0;1 1613.77 516.735 91.34 34.89 358.3;9 1604.4 557.025 49.38 17.39 351.2
v_1k7v9hjrrc_0000,1 70.545 471.415 92.81 36.39 3.2;1 474.54 549.48 99.22 36.5 359.9;1 804.215 472.775 85.43 36.05 0;1 920.155 462.865 34.83 88.69 44.92;1 962.71 46.8 40.84 93.6 0;1 983.405 299.44 36.93 78.3 6.6;1 997.2 1059.645 35.78 40.71 358.3;1 1050.58 503.615 91.22 35.15 355.7;1 1026.72 21.66 32.5 43.32 0;1 1221.5 508.66 83.8 34.58 0;1 1574.005 511.525 96.71 36.03 0;1 1785.98 508.275 80.38 33.53 0;4 1421.655 501.205 131.11 43.41 0.2;9 215.165 526.24 10.95 39.04 89.4
v_1kkn624m4y_0000,1 409.59 490.435 96.2 42.29 0;1 977.215 224.395 38.25 94.15 0;1 1000.13 668.215 36.62 92.19 16.2429;8 1746.365 455.495 59.45 27.79 0;9 1409.805 479.38 17.03 41.98 87.0857
v_1lcno2kcok_0000,1 12.265 242.445 24.53 17.75 269.1;1 121.38 465.64 76.5 28.9 0;1 218.085 411.56 82.19 31.5 0;1 304.54 467.93 79.1 29.8 0;1 420.89 465.96 84.9 30.46 0;1 490.08 367.085 79.8 28.79 0;1 558.18 466.97 85.6 29.1 0;1 580.23 226.34 28 74.62 272.4889;1 631.36 364.81 77.06 29.7 0;1 684.425 469.805 77.53 30.13 2.8923;1 696.61 412.875 81.8 31.01 0;1 1082.01 297.21 79.1 29.1 0;1 1085.45 197.89 74.1 27.9 0;1 1261.06 63.71 83 35 0;1 1261.92 293.145 84.4 30.43 0;1 1354.26 194.24 82.3 33.2 0;1 1385.55 292.64 85.7 33.52 0;1 1482.42 239.51 84.8 32.8 0;1 1490.82 192.79 79.4 30.6 0;1 1603.77 236.81 83.1 33.8 0;1 1610.62 184.42 74.8 34.98 0;1 1644.66 288.44 85.9 32.8 0;1 1709.135 232.765 80.09 32.53 0;1 1798.365 279.73 97.43 36.82 0;1 1901.78 275.575 36.44 28.93 0;2 388.57 418.64 98.7 30.3 358.5846;2 1001.19 107.36 85.06 26.8 358.3318;2 1211.45 190.775 106.5 40.51 0;2 1538.97 285.825 81.62 32.15 0;2 1831.34 181.35 103.84 31.4 0;7 545.87 413 122.74 43.22 0;7 1164.765 236.635 123.49 35.59 0;7 1320.08 234.56 114.42 33.06 0;7 1447.595 89.945 97.07 35.17 357.4;9 193.61 440.68 35.5 9.2 0;9 761.02 376.3 40.8 11.7 0;9 779.53 448.14 39.1 9.5 3.7923;9 780.9 58.25 31.4 7.5 357;9 898.38 291.875 44.04 12.49 351.4;9 1694.34 182.5 38.5 11.5 349.8
v_1ofto9j5rr_0000,1 416.77 543.3 98.54 45.98 0
v_1ptmk9o2di_0000,1 176.67 530.76 96.68 34.82 2.4;1 939.85 548.37 102.1 36.22 0;1 1008.215 276.705 95.45 36.69 286.8286;1 988.55 1048.8 33.34 62.4 0;1 990.47 810.29 32.4 105.26 5.5;1 1134.22 487.855 94.8 36.57 0;1 1241.75 560.5 88.72 39.8 0;1 1803.095 522.035 98.21 36.25 0;8 360.94 469.56 70.42 28.68 0
v_1q4mazqh90_0000,none
v_1rfeli831e_0000,1 189.72 505.685 27.3 81.75 80.8077;1 234.01 561.275 32.1 78.11 89.8;1 433.07 503.595 80.04 31.11 359.7;1 735.61 519.42 29.7 81.7 80.5733;1 999.82 10.425 32.26 20.75 0;1 1008.185 295.035 30.83 82.29 0.28
v_1ucfougfdq_0000,1 353.46 535.73 122.4 50.32 359.5;1 1566.65 526.775 112.04 49.93 359.2029;9 958.515 680.475 20.31 51.59 340.96
v_1us0n1cwou_0000,1 100.305 503.795 81.61 30.71 0;1 431.89 503.435 69.18 30.95 0;1 474.095 339.535 71.71 32.25 0;1 631.36 256.795 72.38 32.93 0;1 734.245 476.435 82.51 33.59 0;1 763.125 299.115 75.99 34.69 0;1 838.55 812.26 71.88 29.36 161.2;1 1007.96 1026.92 32.08 71.8 0;1 1019.28 933.37 34.18 83.4 0;1 1059.975 912.08 34.95 83.2 0;1 1451.375 282.755 68.33 32.19 0;1 1507.23 244.3 83.86 36.66 0;1 1574.37 347.195 90.5 36.51 0;1 1638.245 290.76 81.23 33.54 0;1 1879.58 417.075 80.84 33.77 0;2 1912.51 282.505 14.98 38.71 0;4 1064.035 1019.92 31.93 75.76 0;7 1218.935 332.73 155.05 50.68 0;9 1911.27 230.25 17.46 18.04 0
v_1utyf6ckw3_0000,1 65.53 252.38 28.46 68.06 268.6;1 438.36 236.28 30.66 71.64 268.0538;1 695.135 119.47 30.63 77.46 292.5862;1 923.76 1057.1 30.5 45.8 0;1 971.26 946.61 27.6 73.82 0;7 727.725 256.8 35.31 131.6 295.6448;7 924.76 853.66 43.6 180.5 0;7 963.39 584.32 34.9 133.4 354.2667;7 1243.04 235.365 123.5 35.59 0
v_1v3nchg0m1_0000,1 48.1 499.85 96.2 36.08 0;1 232.54 456.75 103.1 40.14 0;1 476.535 517.46 99.53 38.98 0;1 530.4 469.045 99.64 37.53 0;1 663.455 467.38 93.65 40.14 0;1 853.655 463.265 92.53 36.79 0;1 902.175 726.38 38.23 91.58 0;1 902.975 899.33 37.21 81.7 0;1 904.365 588.01 37.13 87.78 0;1 966.52 572.295 42.92 88.71 0;1 964.8 682.4 38.86 88.3 0;1 964.405 773.045 37.99 88.51 0;1 968.05 1003.795 42.32 96.05 0;1 983.425 890.65 40.21 89.1 0;1 1482.45 469.09 90.42 39 0;1 1702.13 458.115 84.06 35.63 358.2;1 1785.13 540.545 93 35.53 0;1 1904.205 534.985 31.59 38.27 0;3 1016.05 461.95 132.98 46.94 0;9 1655.3 506.87 42.08 13.44 0
v_1wmgtwhmba_0000,1 1000.77 627.2 38 93.2 0;1 1287.53 525.3 94.46 38.5 0;7 1640.165 518.95 177.27 46.4 1.2
v_1zk4d2a7w3_0000,1 736.955 509.23 71.89 29.36 357.2479;1 1006.4 963.015 31.32 76.95 0;1 1009.375 1073.58 33.63 12.84 0;1 1058.875 988.69 31.31 80.3 0;1 1059.13 888.31 27.44 66.84 0;7 1059.565 1060.15 36.81 39.7 0;8 1015.715 880.76 27.79 72.82 0.8
v_20b96zot2r_0000,1 461.445 502.57 109.05 43.36 0
v_22f62i1jvu_0000,1 65.71 537.06 32.08 83.16 89.9182;1 998.865 854.075 81.93 32.67 278.6;1 1001.67 1041.77 82.1 31.46 271.1;1 1001.655 327.63 30.11 85.76 2.8;1 1226.72 477.8 83.2 30.6 358.2;1 1271.87 528.665 83.28 33.55 353;1 1413.02 510.285 84.94 31.45 0;1 1590.03 508.02 92.8 31.46 0;1 1774.5 498.82 93.42 31.2 0;1 1891.65 512.42 56.7 31.14 0;7 962.77 535.435 141.7 45.67 359.5;9 944.55 895.19 7 28.9 0.4;9 994.01 482.05 40.04 14.18 4.2;9 1306.805 496.35 45.89 15.34 348.4
v_2a14i95fb1_0000,1 956.26 765.145 39.14 97.99 5.44;1 1003.21 506.58 102.1 42.08 0.4;1 1515.965 544.305 79.31 33.45 358.8
v_2dg5vpr3ev_0000,1 720.14 498.365 96.24 38.79 0;1 750.17 548.52 98.5 36.5 1.6;1 875.12 506.51 98.88 38 357.5667;1 904.94 1047.415 37.62 64.83 0;1 912.3 632.015 34.2 94.17 0;1 920.54 328.09 35.62 92.7 0;1 925.42 899.68 33.5 90.7 0;1 966.31 34.01 34.98 67.38 0;1 971.505 1012.045 35.41 91.71 0;1 976.21 790.98 33.1 89.28 0;1 976.29 429.07 31.46 86.34 0;1 1390.41 551.475 102 39.07 3.6;1 1521.06 549.1 94.2 38.1 0;1 1551.395 506.105 93.21 37.35 358.2;1 1640.38 552.87 105.08 39.3 0;1 1654.825 503.09 89.05 36.18 0;1 1760.825 553.7 101.91 37.74 0.1;1 1799.92 497.475 101.1 36.25 359.1;1 1867.38 563.39 96.3 32.62 0;1 1895.78 492.325 48.44 36.25 0
v_2dh23o7p5z_0000,1 106.55 421.61 79.5 30 0;1 190.57 376.96 78.9 31.8 0;1 192.42 477.88 71.2 27.5 0;1 234.89 1004.65 91.8 34.3 0;1 260.32 294.65 27.2 72.1 267.8;1 510.23 423.18 78.8 30.8 0;1 647.78 381.2 74.5 29 0;1 627.97 266.42 29 81.04 272.3;1 858.92 374.525 33.6 79.89 335.9;1 925.755 775.285 28.67 75.53 0;1 935.94 400.98 29.9 82.36 349.1;1 956.11 1016.99 29.7 79.5 0;1 1125.73 305.16 83.4 32.9 0;1 1286.66 203.59 90.1 32.7 0;1 1289.8 300.075 72.42 27.19 0;1 1318.27 253.11 90.3 35.46 0;1 1387.99 207.04 77.9 32.5 0;1 1432.19 248.17 89.3 29.4 0;1 1466.94 290.12 88.3 33.9 0;1 1492.76 199.75 82 31.6 0;1 1671.62 288.8 85.1 33.5 0;1 1835.63 240.23 81.2 34.2 0;2 1568.68 245.03 89.5 30.7 0;7 1155.44 195.395 111.02 40.67 0;7 1177.85 250.24 113.3 42.62 0;9 514.9 453.55 45.58 9.8 0;9 836.59 1052.235 40.9 10.57 86.5;9 1306.58 427.96 8.6 38.3 83.8
v_2dxvvipomi_0000,1 580.995 507.64 100.33 36.1 0;1 812.17 483.035 103.6 38.19 0;1 992.645 602.11 36.25 109.1 1.1;1 1106.57 602.435 34.9 99.83 53.3;1 1469.93 567.1 38.6 96.48 87.8;1 1663.56 511.915 103.48 35.93 2.5;8 480.17 462.94 63.54 25.3 0;8 1172.97 523.535 65.68 22.63 0;9 329.975 547.33 48.99 17.8 0
v_2fmgjnh78z_0000,1 98.475 494.155 80.01 31.89 1.8182;1 636.495 489.085 86.83 30.35 359.7;1 959.48 260.66 31 85.9 0.1;1 960.74 150.35 28.68 70.26 3.7;1 965.255 628.97 28.21 75.64 1.5333;1 976.68 54.99 30.34 81.6 4.5;1 1021.785 303.37 31.13 83.1 358.4;1 1224.1 480.36 83.2 30.6 358.2;1 1233.245 524.54 82.43 31 354.8;1 1360.615 514.605 84.63 33.31 352.9;7 1072.17 553.87 98.54 36.38 352.9769
v_2m8zbmtca0_0000,1 114.03 1020.015 87.22 38.65 0;1 915.05 867.855 31.42 79.09 0;1 967.59 812.19 33.74 78.64 0;1 972.55 918.485 31.5 82.19 0;4 1765.42 244.015 87.76 36.09 359.56;5 1698.89 436.285 187.18 51.67 358.5;7 229.425 477.475 91.65 32.15 0;9 363.145 1018.74 41.07 12.14 0;9 936.07 802.43 10.76 34.04 353.1627
v_2ov4eurzcx_0000,1 513.86 565.57 38.2 86 88.9833;1 559.795 510.605 35.61 88.63 89.4;1 728.195 565.005 35.93 87.89 81.5333;1 879.86 516.29 32.1 84.1 52.0833;1 968.455 952.405 31.29 79.23 5.4;1 995.57 135.82 30.12 78.48 0
v_2phx07m2il_0000,none
v_2qk0318kkn_0000,1 47.55 516.83 95.1 36.56 0;1 900.56 1057.195 40.3 45.61 0;1 903.23 761.49 40.8 98.32 0;1 904.525 358.31 40.79 86.2 0;1 907.22 518.98 40.9 93.12 0;1 909.26 914.68 40.54 93.52 0;1 909.46 143.58 38.58 89.98 1;1 955.675 230.28 35.11 90.42 0;1 969.18 517.62 36.64 94.1 0;1 976.545 847.75 36.71 89.8 0;1 1435.97 515.67 101.4 44.14 0;1 1515.065 463.7 79.75 36.08 0;1 1661.005 451.39 42.31 92.9 89;1 1777.005 451.55 95.73 39.64 0;1 1783.44 540.12 93 35.54 0;1 1886.68 453.36 40.2 66.56 89.6;1 1908.23 534.985 23.54 38.27 0;1 1909.045 497.18 21.91 37.18 0;2 969.38 987.7 39.86 91.3 0
v_2qw29fl407_0000,1 31.725 471.85 63.19 38.36 0;1 131.78 478.33 91.82 41.04 0;1 284.86 481.84 116.44 38.58 0.2;1 487.66 478.57 94 37.06 0;1 541.25 535.13 115.7 41.7 358.7;1 605.285 482.39 99.35 38.98 0;1 750.17 493.17 98.92 44.3 0;1 960.59 542.505 104.72 42.83 0;1 968.84 133.615 90.82 36.47 275.8583;1 977.26 1039.885 32.44 80.17 0;1 1147.335 541.24 37.35 91.82 82.0077;1 1298.77 482.785 93.78 37.27 0;1 1439.21 551.575 34.48 72.29 89.3;1 1719.945 494.505 102.69 40.79 0;1 1721.09 549.83 98.5 36.5 359.6;1 1914.7 495.245 10.6 38.35 0;3 966.355 834.135 40.61 147.21 1.8
v_2sbpa6ukbw_0000,1 25.76 446.765 51.52 38.87 0;1 127.38 447.345 103.9 37.67 0;1 425.3 443.99 117.06 39.7 0;1 565.605 449.67 96.27 38.92 0;1 564.365 505.03 93.61 35.06 0;1 685.62 444.97 87.3 34.2 0;1 691.08 510.415 92.78 37.97 0;1 795.42 463.295 78.1 37.53 0;1 812.965 517.325 89.43 36.67 0;1 916.73 398.075 42.5 89.27 0.9;1 954.325 169.56 39.25 92.58 0;1 977.465 873.805 38.31 92.13 0;1 1355.655 451.855 89.13 38.15 0;1 1569.655 451.225 89.89 37.97 0;1 1664.085 496.785 93.53 38.31 0;1 1780.395 538.365 92.99 35.53 0;1 1794.01 453.56 91.34 37.02 0;2 232.12 452.545 83.64 33.29 0;4 969.54 666.915 34.8 96.35 5.58;5 900.405 34.63 57.65 69.26 358.2
v_2srgg988dm_0000,1 26.19 556.745 30.34 52.11 88.6;1 237.19 534.915 31.36 87.33 88.4;1 495.44 560.615 30.7 76.71 89.4;1 605.545 488.975 86.83 30.35 359.3921;1 721.065 536.79 32.87 83 82.3143;1 875.4 483.76 32.7 81.38 51.4714;1 964.445 333.39 29.03 79.5 5.1;1 975.485 186 27.83 69.4 5.1;1 1028.255 128.895 33.09 91.43 0;1 1063.49 1006.86 31.14 81.52 43.0941;1 1228.055 477.7 83.21 30.6 358.2;1 1684.04 496.06 82.1 31.46 0;1 1883.4 502.435 73.2 32.67 0;9 1044.26 356.765 8.06 34.43 0
v_2tleqfj7nj_0000,1 777.295 501.485 73.21 36.05 167.7;1 915.95 409.385 38.86 81.97 10.38;1 955.82 897.29 83.86 34.04 271.3444;1 931.815 242.655 34.77 84.03 0;1 939.345 989.56 35.87 86.1 0;1 948.69 43.35 37.66 86.7 0;1 981.005 1060.55 37.79 38.9 344.2;1 989.37 410.385 35.04 87.85 0;1 999.53 872.89 36.54 87.56 344.3;1 1000.47 980.11 36.9 90.58 0;1 1289.615 530.15 86.47 38.92 0;1 1438.345 525.075 88.25 34.69 0;9 1086.625 493.1 42.11 12.08 0
v_2xxuzy5797_0000,1 300.98 413.505 80.52 28.35 0;1 734.635 410.05 66.63 27.58 0;1 839.085 523.895 72.41 27.93 58.7636;1 919.09 842.6 28.46 75.5 0;1 972.44 858.59 30.66 71.64 0;1 972.655 958.79 30.63 77.46 0;1 1122.005 112.295 78.19 27.59 0;1 1785.98 348.39 69.6 30.1 358.4;2 632.71 460.875 102.82 34.19 0;7 921.71 978.975 35.3 131.59 0;7 1857.895 404.175 91.79 32.39 0
v_2zv813prko_0000,1 140.565 528.94 34.11 91.08 89.3;1 504.685 542.1 91.79 35.4 0.2;1 965.78 46.04 40.84 92.08 0;1 991.05 829.82 36.04 89.02 0;1 1022.785 636.75 37.81 81.6 0;1 1178.78 480.505 93.2 36.39 359.5;1 1209.825 530.86 87.17 33.86 353.5;1 1331.64 525.09 93.02 37.62 354.6;1 1437.01 518.165 93.42 40.21 0;1 1566.64 516.345 83.7 37.01 0;1 1670.25 507.59 96.02 37.88 0;1 1772.625 481.905 91.63 39.19 0.7;1 1892.075 514.285 55.85 36.49 0;9 291.175 557.74 12.73 36.46 91.1;9 697.16 522.385 14 39.39 84.53
v_30pmnl0zcr_0000,1 785.085 568.92 82.59 34.6 0;1 955.11 882.33 83.86 34.04 269.4;1 939.135 985.03 35.87 86.1 0;1 984.125 218.015 73.21 36.05 40.21;1 975.04 809.355 36.54 87.57 332.6;1 980.495 1058.695 37.79 42.61 344.2;1 997.78 968.98 36.9 90.58 0;7 254.68 535.375 51.38 151.57 90.2
v_31eifwlrd7_0000,1 968.72 840.31 40.02 89.84 0;1 1205.34 518.9 92.56 37.64 0;1 1510.265 471.185 100.91 40.43 0;1 1800.54 489.505 92.34 35.87 0
v_32zi3hplu7_0000,1 1586.685 505.695 93.51 37.87 359
v_34t3979wwl_0000,1 457.99 414.35 87.86 33.76 0;1 838.485 811.34 71.89 29.36 161.2;1 1007.4 1025.49 32.08 71.8 0;1 1019.28 932.255 34.18 83.39 0;1 1082.73 420.85 86.24 34.7 0;1 1059.575 913.08 34.95 83.2 0;1 1204.295 465.175 85.23 35.75 0;1 1509.495 251.605 80.09 34.31 0;1 1693.745 292.655 82.41 34.69 0;1 1878.55 330.53 79.68 32.26 0;4 1063.795 1018.57 31.93 75.76 0;9 914.755 608.065 43.15 11.51 66.5
v_35pz17842k_0000,1 756.725 519.4 89.29 37.9 0;1 1024.975 518.91 83.45 35.82 0;3 401.255 497.765 144.45 44.97 0;4 1375.84 469.045 102.74 38.59 0;9 153.26 471.565 54.7 14.33 0;9 952.655 147.365 12.83 40.61 0.1
v_35qs647kgf_0000,1 1621.935 482.395 95.43 38.15 0;3 293.98 510.2 176.96 48.98 0;9 1644.245 548.61 14.25 39.08 90.4
v_35ts89kc70_0000,1 532.73 1017.995 77.74 35.87 0;1 620.185 118.675 35.25 81.19 276.3;1 908.655 842.65 38.17 86.5 0;1 914.965 949.31 32.35 77.3 0;1 917.655 1048.55 37.31 62.9 0;1 962.49 844.665 33.82 76.87 0;1 964.835 1061.52 35.01 36.96 0;1 967.625 952.335 37.99 82.25 0;1 1019.995 277.16 81.73 35.98 0;7 1097.555 127.845 101.91 49.67 0
v_36ndvbe9fv_0000,1 972.765 200.235 38.31 93.67 0;1 973.21 654.895 38.26 94.15 0;1 972.76 983.81 36.62 97.66 0;1 1306.88 492.99 40.8 98.18 85.3;8 800.815 444.525 61.51 27.79 0;9 1007.85 726.015 17.04 41.99 7.72
v_37qg2grbx8_0000,1 1029.62 504 93.34 39.42 0.1
v_37t2a4g7bo_0000,1 27.58 490.855 32.26 55.57 90.2;1 116.38 602.96 28.76 76.7 122.9;1 227.74 501.725 30.1 72.13 92.7;1 264.665 553.72 33.15 86.94 89.2;1 533.985 517.5 84.19 29.74 357.5;1 737.265 519.4 28.51 76.76 83;1 993.945 1006.18 28.91 67.6 0;1 1004.745 196.065 31.99 83.45 6.9636;1 1016.86 31.13 32.3 61.94 0;1 1128.415 552.025 76.89 30.05 343.74;9 962.1 474.32 38.28 13.44 0
v_38e4ejn0c6_0000,1 79.525 545.78 103.53 39.9 0;1 327.485 511.29 93.45 35.86 0;1 534.7 516.595 86.2 42.79 0;1 765.19 520.35 82.64 32.84 350.2;1 998.275 32.24 37.13 64.48 0;1 1006.975 151.59 36.43 85.14 0;1 1017.89 653.095 33.2 80.71 31.1;1 1027.285 454.015 36.39 87.57 0;1 1747.215 523.445 97.81 36.19 0
v_39x8woytol_0000,1 922.44 1018.82 30.4 76.6 0;1 924.37 921 28.7 73.3 0;1 967.155 869.08 31.07 70.2 0;1 976.15 962.03 29.1 79.1 0;7 969.335 1054.795 29.39 50.41 0;7 1528.62 230.29 113.3 42.62 0;9 995.16 751.745 9.64 36.99 359.1;9 996.39 850.13 10.68 37.38 352.344
v_39yod0rtmj_0000,none
v_3amaoq1g5v_0000,8 973.39 1032.865 66.12 22.55 268
v_3cfwxaw23f_0000,1 33.42 487.565 66.76 36.47 0;1 375.42 536.155 104.72 42.83 0;1 476.205 486.04 93.77 37.28 0;1 686.87 501.07 102.7 40.78 0;1 976.91 886.37 34.6 88.8 0;1 985.05 554.17 35.1 88.2 0;1 1083.63 549.67 98.5 36.5 354.8;1 1103.9 489.55 96.7 38.36 0;1 1213.095 495.13 96.41 42.92 0;1 1268.905 545.49 37.99 103.5 90.329;1 1320.12 492.155 96.24 38.79 0;1 1393.185 557.135 101.99 39.07 3.6;1 1421.515 501.1 98.89 38 1.2;1 1521.78 551.68 94.2 38.1 0;1 1560.875 511.215 93.21 37.35 358.2;1 1630.72 557.14 105.08 39.3 0;1 1663.645 504.5 89.05 36.18 0;1 1754.015 557.81 101.91 37.74 0.1;1 1793.38 502.205 101.1 36.25 359.1;1 1858.63 567.735 91.82 32.63 0;1 1890.715 500.005 58.57 36.25 0;2 992.03 13.41 35.64 26.58 0;7 918.03 537.51 35.8 116.7 0;9 864.285 585.655 33.33 14.17 6.8
v_3cmp7nv5ce_0000,1 375.785 477.805 91.55 35.01 0;1 485.245 475.36 92.83 37 0;1 603.825 479.625 110.81 35.13 0;1 725.99 480.98 95.2 38.3 0;1 764.58 541.72 88.98 34.54 0;1 844.11 487.96 84.08 33.8 0;1 911.43 987.39 33.4 87.2 0;1 917.635 770.06 35.29 86.5 0;1 922.62 262.655 33.68 104.99 0;1 966.69 1033.45 34.6 88.58 0;1 971.22 884.37 35.8 91.1 0;1 991.52 700.175 32.44 87.99 0;1 1127.905 557.625 101.17 38.17 1.3;1 1118.3 505.005 33.4 91.73 67.9;1 1228.945 487.905 102.15 37.91 0;1 1240.575 545.28 32.63 88 88.5947;1 1350.83 494.165 89.7 34.85 0;1 1347.765 546.475 39.11 89.45 93.4;1 1441.68 496.525 91.9 36.91 0;1 1570.48 497.385 113.24 39.81 0;1 1639.35 557.825 33.5 91.51 89;1 1685.185 507.12 96.53 35.66 0;1 1752.99 553.695 98.24 38.07 0;1 1798.55 511.85 90.46 33.7 0;1 1863.255 573.465 92.55 32.51 1.2;1 1896.855 504.31 46.29 35.16 0;3 1492.86 548.99 163.14 41.68 0.2;9 987.86 567.355 29.4 10.85 0.1;9 1792.11 594.635 43.14 12.91 359.5
v_3fpyvs4nkz_0000,1 1592.49 539.83 77.78 36.06 358.6
v_3g05g0gp9l_0000,1 248.365 530.475 114.25 45.27 2.5;1 364.835 481.35 99.33 37.06 359.34;1 880.81 428.975 93.5 42.71 321.82;1 933.34 275.465 79.62 38.87 280.58;1 915.265 658.645 38.21 93.05 0;1 952.295 12.655 94.69 25.31 269.5;1 927.925 845.32 42.49 97.1 0;1 988.15 934.47 36.5 91.7 0;1 1001.415 1051.735 38.51 56.53 0;1 1449.205 531.9 89.17 37.18 358.6;1 1528.99 482.06 85.76 40 0;1 1684.33 479.15 93.5 37.2 359.5;1 1806.95 487.69 91.46 38.92 358.8;1 1800.26 552.32 39.08 96.1 90.55;2 644.855 481.165 102.69 41.99 0;4 943.03 542.975 96.86 36.13 0;7 604.35 536.88 138.82 47.16 0.7
v_3hu5i340rr_0000,none
v_3hwakpnt2u_0000,1 153.43 493.115 89.98 39.33 0;1 604.265 530.585 83.63 36.73 0;1 803.74 497.065 37.2 78.89 68.54;1 904.91 417.14 33 81.82 21.56;1 931.63 246.9 35.3 85.6 0;1 972.9 807.075 85.72 35.87 275.32;1 991.33 646.24 35.5 87.3 0;1 1179.095 535.25 102.25 35.76 354.82;1 1329.79 524.535 87.86 37.03 0;1 1457.12 516.64 92.22 35.16 0;1 1797.325 514.955 91.21 36.95 0;4 287.14 547.395 36.84 88.95 88.74;4 986.895 177.05 32.69 83.6 0;9 467.445 515.485 12.75 35.99 85.84
v_3i2xdnle8a_0000,1 1870.055 511.965 97.51 44.47 344.4;8 16.255 513.06 27.17 32.14 268.5
v_3klp90psrs_0000,1 1172.96 531.585 80.28 43.15 359.9;8 996.705 847.985 25.15 90.41 0
v_3mx8i4vo8k_0000,1 484.435 522.935 110.37 52.55 0
v_3qiyfyeqir_0000,1 996.91 783.92 34.56 88.78 357.72;1 1691.64 535.765 94.44 39.35 356.9
v_3rf7kxf79v_0000,1 419.135 491.37 98.23 38.74 0;1 590.24 490.195 88.48 38.53 0;1 804.91 479.135 92.38 37.53 351.34;1 824.955 547.685 91.07 38.09 0;1 915.02 113.02 38.14 92.5 0;1 948.155 330.395 102.85 40.79 291.04;1 921.55 892.605 42.14 99.59 0;1 921.21 15.25 38.88 30.5 0;1 921.95 681.545 40.14 102.23 0;1 921.18 210.235 37.02 86.75 0;1 1038.655 552.64 87.81 37.8 1.72;1 1192.67 517.625 85.62 36.89 351.16;1 1304.175 546.28 40.25 88.5 90.9;1 1361.845 449.285 95.15 41.45 358.1;1 1562.42 488.03 103.8 42.34 359.8;1 1619.075 533.09 89.95 37.18 356.3;1 1719.855 494.755 90.19 40.01 0;1 1826.565 494.06 94.45 37.2 359.5;1 1851.14 563.44 39.08 96.1 86.9;4 1498.505 547.43 97.95 36.12 359;7 984.14 71.91 107.88 44.86 267.5;9 975.75 895.405 14.5 45.37 0;9 1389.27 581.345 14.48 35.91 89.7
v_3sf3g6z4ah_0000,8 1826.63 491.275 66.12 22.55 0;9 615.415 494.84 51.65 16.6 0.5
v_3stjhlx9aj_0000,none
v_3t2nhw1itn_0000,1 701.23 1011.335 94.1 34.41 10.3667;1 693.68 421.28 72.6 29.1 0;1 923.58 1018.95 30.4 76.6 0;1 926.52 922.45 28.7 73.3 0;1 969.455 866.055 31.07 70.19 0;1 977.76 971.9 29.1 79.1 0;1 1124.42 421.95 90.76 35.5 0;1 1165.095 367.57 77.45 31.24 0;1 1645.7 452.76 78.8 30.9 0;1 1724.64 355.88 79.5 32.4 0;1 1763.76 415.88 98.68 32.5 0;2 28.29 465.22 56.42 35.8 0;9 988.475 907.19 10.69 37.38 45.1;9 997.79 780.225 9.64 36.99 359.1
v_3tpe0xom25_0000,1 62.73 66.815 76.9 34.75 0;1 828.915 521.07 68.49 30.88 46.32;1 913.945 864.865 31.41 79.09 0;1 966.27 809.565 33.74 78.65 0;1 971.6 915.465 31.5 82.19 0;1 1290.88 408.89 86.48 34.22 0;1 1303.51 470.65 79.54 31.42 358.8;2 427.765 234.285 95.95 37.55 358.6;2 1690.74 439.865 101.76 32.83 356.1;5 568.295 457.215 173.81 48.73 0;9 935.065 800.52 10.75 34.04 352.3;9 1547.39 401.93 38.44 11.08 356.6
v_3u1ern1dd8_0000,1 542.01 512.09 29.46 69.8 90.5;1 822.535 519.805 28.85 66.29 66.3;1 1031.345 490.345 82.35 28.07 359.1333;1 1007.52 138.845 31.9 81.77 1.1667;1 1014.34 271.75 30.26 80.78 359.1;1 1029.785 22.4 30.55 44.8 0;1 1131.285 533.355 97.47 32.93 354.6;1 1801.015 512.12 86.31 29.74 0
v_3u3i92ctzs_0000,1 19.37 536.34 38.66 36.7 359.2;1 950.885 844.105 84.11 34.69 275.6;1 935.275 729.9 37.21 81.72 0;1 945.02 1061.05 39.58 35.92 270;1 953.605 957.88 40.57 95.52 0;1 999.58 1067.385 36.54 25.15 359.4;1 1002.1 951.215 35.04 86.77 0.9;1 1076.93 574.58 86.1 36.12 341.92;1 1222.905 531.39 85.81 35.82 0;1 1387.29 530.83 81.8 34.9 0;1 1578.83 530.365 91.7 34.59 0;1 1776.765 488.24 93.05 35.18 0;4 982.365 759.665 82.39 38.19 278.1;9 914.79 683.37 13.7 43.12 26.7;9 916.37 977.565 13.9 44.61 0
v_3vf73dh5d4_0000,1 398.89 490.05 95.2 40.32 357.5;1 746.785 504.325 102.15 39.39 346.96;1 1248.69 510.725 99.8 43.73 0;7 981.49 480.485 138.98 40.15 0;8 1613.78 499.21 63.16 29.2 0
v_3w49zw27sc_0000,1 37.56 434.2 75.12 32.4 0;1 62.99 485.005 79.74 33.17 0;1 119.155 381.74 88.59 33.18 0;1 158.295 222.985 81.51 34.05 0.3;1 177.04 314.04 73.1 33.82 0;1 235.31 437.72 68.5 27.16 0;1 243.22 482.67 76.28 32.72 0;1 271.33 271.245 101.66 39.35 0;1 352.31 384.305 85.12 34.37 0;1 351.415 225.525 82.61 34.73 0.2;1 397.45 431.575 88.3 34.21 0;1 504.945 310.64 83.71 36.56 0;1 544.55 384.165 86.4 35.03 0;1 574.205 430.17 83.61 33.72 0;1 637.12 1016.235 83.36 36.55 3;1 713.245 268.91 68.55 32.62 0;1 771.32 500.985 77.94 33.41 16.16;1 790.635 318.415 77.19 32.97 0;1 821.72 437.535 88.7 35.03 2.2;1 846.865 881.785 77.93 33.35 90.4;1 894.905 390.155 83.13 33.43 0;1 986.405 122.325 85.19 38.59 0;1 1030.695 219.395 82.91 37.25 0;1 1041.23 319.295 81.02 34.21 0;1 1050.64 430.785 86.38 30.71 0;1 1124.99 382.78 80.9 32.76 0;1 1137.18 215.65 86.6 41.3 0;1 1210.025 269.085 84.97 37.97 359.4;1 1251.065 217.085 90.91 35.47 0;1 1297.125 314.825 82.85 34.01 0;1 1353.69 377.435 89.8 31.31 0;1 1435.54 263.595 86.9 33.99 0;1 1516.195 422.07 83.21 35.1 0.69;1 1756.78 207.175 88.7 32.93 0;4 859.785 631.05 76.65 32.26 90.1667;4 1627.6 264.38 95.8 35.62 0;7 481.725 480.88 134.01 43.62 0;7 930.47 267.52 94.1 46.2 0;7 1449.165 207.56 112.97 47.06 0;7 1485.355 463.025 80.47 29.73 359.3;7 1755.945 377.455 124.23 42.69 0;9 640.25 492.06 35.94 11.58 5.13;9 675.74 477.69 38.98 10.94 4.3;9 703.985 502.825 37.53 11.27 4.92
v_3w9lvhmxmg_0000,1 164.28 520.805 40.2 109.69 90.46;1 207.75 572.47 35.7 79.16 89.3;1 383.335 513.32 95.83 37.82 1.04;1 936.84 420.96 35.48 89.78 27.98;1 963.41 49.29 40.46 96.3 0;1 1007.1 710.305 38.3 88.87 358.7;1 1060.57 211.26 80.68 37.44 20.3;1 1262.98 534.385 88.04 36.59 357.4;1 1340.245 474.97 90.21 37.5 0;1 1458.985 523.47 93.75 35.16 356.8;1 1777.25 512.105 95.22 35.51 357.9;4 1012.825 79.77 36.67 93.32 5.9;9 1044.86 557.095 11.62 35.75 5.38
v_3x5izidfxi_0000,1 418.78 551.5 82.38 33.32 0;1 595.865 493.11 83.39 35.16 0;1 721.5 537.29 89.6 47.38 0;1 929.195 335.665 33.93 80.13 0;1 936.65 579.24 35.58 79.36 0;1 938.195 142.305 34.29 92.11 0;1 984.035 643.98 79.81 34.6 326.2;1 964.81 848.51 36.94 84.56 0;1 965.68 453.81 34.62 82.54 11.3;1 982.33 287.63 35.24 85.14 0;1 985.65 31.02 33.12 62.04 0;1 987.1 760.45 31.62 73.32 11;1 991.97 554.75 35.52 79.68 0;1 1062.425 500.815 84.01 36.83 0;1 1122.89 561.695 79.5 33.25 351.7;1 1344.23 535.99 86.46 34.34 0;9 886.9 411.95 11.76 36.34 10.4
v_3yzj8nkhg0_0000,1 1692.54 526.875 111.68 42.05 0
v_3zv0hgbmlm_0000,1 56.29 254.775 79.76 31.05 358.3;1 180.1 301.045 81.9 32.41 357.3;1 185.6 367.14 80 32.9 0;1 246.7 421.33 81.4 32.6 0;1 269.69 467.29 69 28.4 0;1 272.53 253 71.4 23.64 357.6;1 385.125 366.435 76.81 29.65 0;1 456.125 417.44 79.39 31.5 0;1 473.17 305.36 86.8 31.9 358.9;1 476.03 258.755 79.36 32.91 357.8;1 501.69 209.145 79.7 33.47 357.8;1 593.45 461.38 74.42 28.6 0;1 768.465 224.34 73.41 30.8 359.8;1 832.98 911.765 84.6 31.45 93.7;1 835.015 532.21 79.73 30.4 54.7;1 847.93 415.24 79.9 28.9 0;1 940.09 380.49 75.4 29.2 3.3;1 917.235 845.385 28.47 75.49 0;1 943.715 241.73 80.81 31.68 0;1 965.075 1045.25 30.65 69.5 0;1 1034.295 298.66 81.61 28.76 358.8;1 1166.15 364.825 87.9 28.71 0;1 1210.78 460.38 80.3 31.86 0;1 1354.43 243.635 71.9 29.19 358.5;1 1388.69 368.37 80.3 30.6 0;1 1490.67 290.61 100.6 34.7 0;1 1701.56 359.3 80.9 30.7 0;1 1742.345 235.47 76.23 33.4 0;1 1851.31 288.43 83.8 28.7 0;2 221.35 213.38 100.4 39.4 0.4;2 1064.665 195.16 102.63 39.96 358.6;7 655.75 409.11 111.32 28.3 0;7 726.83 458.85 103.08 31.4 0;7 940.21 70.25 148.7 48.62 0.2469;7 919.645 986.07 35.31 131.6 0;7 1121.29 241.755 153.28 40.39 358.8;7 1638.09 233.225 79.4 41.21 0;9 717.34 375.78 26.46 9.4 0;9 880.16 617.65 39.7 9 87.1
v_40ggi6c60b_0000,1 47.065 537.27 93.07 40.3 1.2;9 113.84 494.38 55.38 15.84 346.84
v_414kh4fpyv_0000,1 906.025 927.28 38.17 86.5 0;1 914.19 1039.11 32.34 77.3 0;1 959.975 989.405 33.83 76.87 0;1 961.055 885.5 35.25 85.9 0;1 1660.975 505.37 83.59 33.88 338.98;7 809.6 438.09 176.4 49.8 0
v_41mozo98in_0000,1 87.66 392.24 88.22 37.46 0;1 98.55 1015.01 74.38 34.94 0;1 158.51 269.575 94.42 34.99 359.3;1 205.57 228.435 84.18 35.47 0;1 234.88 314.7 82.82 34.82 0;1 287.215 432.56 80.39 31.72 0;1 292.2 483.71 87.84 32.66 0;1 443.3 486.34 80.8 32.76 0;1 538.48 461.38 84.26 31.68 1.8;1 621.28 1011.775 81.5 39.05 0;1 660.4 478.88 80.26 31.3 0;1 741.235 1049.575 77.81 34.91 13.7;1 847.505 1030.84 78.59 33 89.4;1 914.125 924.44 38.17 86.5 0;1 926.225 1046.7 32.35 66.6 0;1 966.57 389.695 79.26 31.09 0;1 969.965 221.275 80.87 34.31 0;1 969.055 881.27 35.25 85.9 0;1 1282.215 386.46 77.37 33.04 0;1 1788.88 453.46 81.78 30.84 0.2;2 450.59 278.87 96.14 40.68 1.9;4 421.09 422.965 99.2 36.03 358;4 780.26 500.875 84.04 34.05 12.92;4 841.11 576.625 70.94 31.87 69.82;4 1414.295 427.755 76.47 33.83 0;7 599.335 385.865 191.19 52.47 0;7 679.395 225.81 98.87 46.4 0;7 1113.36 434.76 103.34 39.8 0;9 592.255 504.225 38.71 11.45 0
v_41owgessvl_0000,1 312.1 495.375 95.52 41.87 0;1 445.565 492.48 96.81 37.2 359.4;1 547.49 548.11 96.76 39.18 0;1 553.125 502.31 92.25 37.7 359;1 653.52 490.785 98.96 38.63 0;1 661.98 542.425 95.24 41.59 0;1 824.015 465.63 83.17 35.16 346.9;1 909.16 471.96 39.54 89.16 0;1 922.665 886.74 44.65 94.4 0;1 922.24 1055.26 38.16 49.48 0;1 954.265 337.335 35.91 87.19 359.8;1 969.14 23.605 35.66 47.21 356.78;1 1048.34 480.05 83.76 39.56 0;1 1149.715 474.06 91.49 37.76 2.1;1 1265.98 478.82 91 38.04 359.9;1 1370.98 494.1 87.84 38.06 358.8;1 1376.815 548.45 89.53 36.6 0;1 1497.63 541.55 84.68 34.36 0;1 1487.46 487.795 42.36 91.15 88.3;1 1597.56 538.57 87.64 36.1 359.4;1 1633.48 487.785 36.56 93.41 89.1;1 1747.16 540.265 113.3 40.75 359.1;1 1876.015 479.585 87.97 39.93 359.8;1 1898.005 544.81 43.99 39.24 0.1;4 796.28 542.43 127.1 47.16 0.6;4 980.455 1046.455 37.81 67.09 0;7 993.505 914.355 43.33 124.63 359.4;9 1025.77 980.75 10.42 47.16 3.02
v_41vksn3nl4_0000,none
v_435yrh9pf3_0000,1 181.73 502.695 97.1 38.65 0;1 1114.465 545.205 36.61 92.19 60.5;1 1191.67 471.205 87.36 42.29 0;9 1145.66 419.815 44.32 17.49 0
v_45wu5fl5fj_0000,1 99.89 490.34 89.98 39.34 0;1 939.1 890.75 83.22 35.18 272.7;1 935.3 317.69 38.84 86.3 0;1 982.96 993.72 76 34.1 270.5;1 978.73 726.265 34.32 81.21 350.9;1 980.05 67.88 36.38 89.2 0;1 991.59 206.7 34.84 87.8 0;1 1177.735 516.41 73.31 35.42 350.1;1 1298.335 549.34 90.37 37.98 358.7;1 1357.77 504.745 76.98 34.69 0;1 1858.72 521.78 92.48 39.26 0;7 936.41 167.17 48.44 139.46 0
v_474w804oor_0000,1 532.53 1017.65 77.74 35.88 0;1 851.615 279.99 38.17 86.5 342.51;1 911.72 807.825 36.7 83.95 0;1 910.67 568.44 32.34 77.3 355.62;1 915.835 1056.985 35.51 46.03 0;1 923.61 412.765 33.82 76.87 349.13;1 958.71 739.225 38 82.25 0;1 963.95 925.79 37.14 86.2 0;7 324.065 125.54 96.33 46.78 0.5
v_47itnytcm8_0000,1 384.98 557.865 35.7 78.21 82.8;1 743.435 516.04 33.45 82.04 82.62;1 963.57 46.785 40.46 91.37 0;1 964.105 329.125 40.21 113.15 11.86;1 1014.41 95.74 38.3 92.92 1.62;1 1142.44 532.055 99.64 37.81 0;1 1338.345 475.19 90.21 37.5 0
v_47qiqdd53d_0000,1 109.895 487.465 104.87 41.77 0;1 315.995 493.415 95.51 41.87 0;1 436.99 489.36 95.2 37.2 359.4;1 542.305 546.35 96.75 39.18 0;1 547.815 498.86 92.25 37.7 359;1 648.275 488.1 101.81 38.62 0;1 661.25 542.015 95.24 41.59 0;1 912.005 399.53 39.91 89 358.5;1 930.03 865.41 42.64 95.2 0;1 988.46 794.835 42.2 96.41 0;1 1053.46 479.36 83.76 39.56 0;1 1206 473.2 93.16 37.76 2.1;1 1393.44 476.27 91.42 38.04 359.9;1 1595.125 484.905 90.15 38.05 358.8;1 1627.065 543.41 89.53 36.6 357.57;1 1836.065 533.575 86.15 34.37 359.4;4 802.72 539.76 127.1 47.16 0.6;4 928.545 673.77 36.59 87.6 0;4 969.345 420.83 37.81 86.38 359.96;7 966.755 115.205 42.09 109.79 358.6;9 537.44 574.72 46.54 13.12 8.43;9 994.045 292.31 10.41 38.32 2.3
v_47xhz9qtiu_0000,1 132.735 520.045 97.57 35.49 0;1 960.81 409.965 96.1 40.57 318.38;8 471.48 480.495 68.44 28.65 0
v_4811jqqd80_0000,1 173.025 474.36 93.19 34.5 0;1 209.47 523.345 91.8 34.83 0;1 439.99 535.29 104.94 39 0;1 494.04 468.54 85.74 32.16 0;1 775.36 462.3 97.4 37.7 0;1 870.165 529.84 96.37 35.74 1.2;1 977.39 869.82 36.2 94.3 0;7 1194.05 542.605 57.34 202.65 68.45;8 999.54 468.59 62.56 25.5 0
v_486wdfj9mo_0000,1 437.835 217.4 70.73 26.8 0;1 666.175 219.005 71.11 27.99 357.9;1 675.57 412.91 65.86 26.18 0;1 689.73 294.065 85.54 31.47 0;1 842.915 337 26.87 76.72 328.3;1 887.405 442.645 26.87 76.71 351.5;1 904.015 534.335 26.87 68.61 352.1;1 912.805 670.21 26.87 76.72 358.7;1 946.255 965.73 26.87 76.72 3.3;1 947.335 797.47 26.87 76.72 359;1 964.16 587.3 30.26 76.72 357.3;7 207.18 248.715 79.84 29.69 0;7 882.345 269.555 49.27 158.31 331.9
v_49qj34264h_0000,none
v_4ceztjtdk9_0000,1 853.87 486.66 37.32 80.88 43.7636;1 936.195 170.32 35.87 86.1 0;1 941.36 383.985 38.64 82.77 0;1 990.685 495.41 34.93 75.66 0;1 1201.695 513.175 84.01 36.27 0;1 1416.44 532.775 91.26 35.27 0;1 1637.945 519.005 96.97 39.25 0;9 32.785 555.045 46.23 11.31 0
v_4ch9i89feh_0000,1 367.95 538.155 93.34 39.41 359.6;1 1289.515 548.24 36.63 88.6 28.635
v_4en52xgn4n_0000,1 31.41 540.035 62.78 41.37 0;1 372.65 545.97 91.4 34.8 359.5;1 685.915 520.735 91.79 34.83 0;1 759.145 471.99 93.19 34.5 0;1 886.3 451.53 85.74 32.16 348.5;1 924.47 521.08 104.94 39 357.95;1 976.32 655.47 36.2 94.3 0;1 1262.74 460.52 97.4 37.7 0;1 1440.17 546.64 96.38 35.74 0.775;8 540.475 470.16 68.01 30.3 0;8 1625.29 490.55 62.56 25.5 1.4
v_4fr8ue0th4_0000,1 29.98 382.545 59.96 34.37 0;1 129.18 428.695 88.3 34.21 0;1 180.2 381.165 86.4 35.03 0;1 206.63 308.655 78.6 39.07 0;1 274.875 430.09 84.53 33.72 0;1 389.095 385.01 83.13 33.44 0;1 394.385 1008.925 86.75 36.55 0;1 412.59 480.305 83.52 33.41 0;1 443.05 430.215 88.7 35.03 0;1 570.56 382.82 80.9 32.76 0;1 575.49 429.325 86.38 30.71 0;1 777.67 384.945 89.8 31.31 0;1 777.815 461.195 83.21 33.87 356.21;1 770.505 1067.73 48.05 24.54 45.3;1 824.385 532.735 77.93 33.35 39.34;1 846.88 229.335 81.52 34.05 359.18;1 882.27 315.14 73.1 33.82 0;1 986.975 269.77 100.71 42.7 0;1 1006.785 224.66 82.61 34.74 0.2;1 1140.895 314.5 87.45 36.56 0;1 1145.92 216.33 84.3 37.26 0;1 1220.405 263.92 68.55 32.62 0;1 1318.17 310.835 84.64 32.97 0;1 1351.44 212.98 92.16 41.02 0;1 1478.28 314.84 91.72 34.22 0;1 1486.815 121.385 90.01 38.59 0;1 1561.245 213.105 90.91 35.47 0;1 1569.92 262.365 91.94 37.97 0;1 1681.99 262.135 86.9 33.99 0;1 1706.215 431.66 79.89 29.42 0;1 1773.175 310.495 86.35 34.01 0;1 1806.67 206.735 88.7 32.93 0;4 599.515 475.53 80.77 32.26 0;4 1276.84 432.265 95.12 34.55 0;4 1805.75 261.38 95.8 35.62 0;7 176.875 481.08 142.73 43.24 0;7 565.38 1021.99 141.62 55.08 1.9714;7 688.615 264.52 90.05 42.46 0;7 1043.51 468.665 80.46 29.73 359.3;7 1112.81 384.455 112.62 42.27 0;7 1380.51 260.39 111.4 46.2 0;7 1693.015 204.625 118.75 47.43 0;9 225.96 451.62 37.3 12.14 359.7;9 312.235 465.495 44.67 12.67 6.8;9 400.405 456.3 40.81 11.6 0.28
v_4h3l1jzpsj_0000,none
v_4htxrthq0e_0000,1 540.625 510.965 75.47 26.47 0;1 909.64 463.825 27.3 84.77 44.3545;1 997.325 156.98 29.85 77.6 0;1 1015.64 19.55 34.2 39.1 0;1 1025.62 293.8 35.6 88.46 0;1 1275.875 486.045 86.35 31.11 0;1 1378.26 525.185 91.76 31.33 356.2364;1 1901.31 509.82 37.22 30.1 0;9 923.295 400.53 11.15 40.58 17.1364;9 974.42 266.86 12.4 40.5 5.6273
v_4iz9685may_0000,1 104.075 527.53 114.31 43.36 0;1 1445.535 505.2 109.05 43.36 0
v_4j4yizs3uu_0000,1 108.08 546.94 27.3 81.76 63.325;1 248.755 496.375 80.03 31.11 359.7;1 432.17 533.49 29.7 81.7 87.3;1 990.09 677.485 30.82 82.29 356.7;1 993.885 195.925 32.27 84.85 0;1 997.69 58.835 30.1 72.13 0
v_4jida6kigm_0000,1 184.48 499.76 29.6 87.1 89.8;1 496.14 561.88 72.22 30.86 358.5;1 613.68 511.36 82.12 29.7 357.975;1 806.64 561.755 79.42 31.91 359.9625;1 989.885 515.255 80.37 27.79 358.4375;1 996.97 8.355 27.3 16.69 0;1 1403.96 492.27 82.4 26.46 0;9 206.09 553.575 34.54 11.43 356.8;9 406.435 487.14 9.91 39.12 86.4909;9 415.19 520 10.4 34.22 81.4
v_4kh59dq51y_0000,1 408.58 513.625 97.18 39.97 0;1 1113.82 474.56 102.1 36.1 0;1 1189.2 539.97 97.08 37.4 358.9;1 1448.54 554.27 94.5 36.82 0;1 1908.9 545.535 22.2 35.93 0
v_4lwre1hk2i_0000,1 26.55 457.625 53.1 33.11 0;1 34.82 503.73 69.64 34.7 0;1 85.42 455.185 79.2 31.29 0;1 177.74 502.155 89.9 34.15 0;1 214.19 453.525 84.4 34.01 0;1 230.415 343.575 76.59 34.15 0;1 374.625 454.725 79.53 31.01 0;1 385.635 503.575 81.77 34.77 0;1 452.195 293.915 70.99 33.11 359.2;1 484.48 407.645 91.4 36.29 0;1 553.53 508.64 83.84 30.98 359.79;1 606.51 453.555 78.66 32.21 0;1 636.665 296.38 77.27 31.72 0;1 653.425 408.875 79.91 32.87 0;1 698.955 506.605 82.11 31.05 357.97;1 791.105 458.235 77.19 30.31 359.8;1 792.47 294.38 75.4 32.24 1.94;1 814.39 343.115 78.84 32.41 0;1 860.665 523.83 89.59 31.72 10.7;1 926.905 608.905 71.89 29.37 79.11;1 982.645 412.755 95.67 33.61 0;1 1017.785 923.485 34.17 83.39 0;1 1056.755 905.69 34.95 83.2 0;1 1125.55 298.195 102.06 37.79 0;1 1117.81 460.735 79.02 32.45 0.1;1 1172.435 345.365 77.91 35.21 359.2;1 1285.625 271.835 82.43 34.97 349.64;1 1391.045 339.765 88.67 35.53 0;1 1505.755 413.8 78.57 33.16 0;1 1516.305 462.945 83.05 34.77 359.1;1 1549.625 237.065 103.05 39.01 0;1 1625.79 343.78 91.98 31.8 0;4 47.35 411.28 94.7 39.78 0;4 155.085 404.26 84.13 30.82 0;4 282.335 407.575 89.35 32.53 0;5 1145.37 242.245 165.9 54.13 0;5 1806.85 234.1 215.4 50.88 0;7 1626.02 288.96 294.76 51.28 359.9;7 1849.985 338.04 133.27 41.42 0;9 269.18 509.44 40.8 12.54 359.6;9 492.415 528.535 44.27 14.31 0;9 786.95 523.68 37.72 13.32 6.54;9 868.99 319.795 46 16.27 0
v_4me092c6p7_0000,1 755.075 557.105 92.97 36.33 0;1 869.305 506.94 98.53 36.9 0;1 1094.235 486.89 91.69 37.64 0;1 1872.285 506.89 95.43 36.3 0;7 16.685 474.43 32.83 39.6 0;8 1437.85 513.29 65.56 25.56 0;9 223.83 536.03 61.5 15.2 0
v_4ojx5e4a1n_0000,none
v_4p5ltrat61_0000,1 24.4 375.255 48.8 29.65 0;1 77.245 256.485 88.53 32.55 0;1 158.75 418.11 79.38 31.5 0;1 166.475 209.645 82.61 36.65 0;1 240.68 465.16 74.42 28.6 0;1 320.49 369.93 75.4 29.2 0;1 463.75 413.16 79.9 28.9 0;1 482.875 244.57 79.93 34.7 0;1 570.8 366.295 87.9 28.71 0;1 609.5 427.69 79.74 30.4 0;1 626.015 302.165 85.85 31.45 0;1 641.94 256.035 83.04 31.39 357.7;1 700.38 458.12 80.3 31.86 0;1 749.51 368.83 80.3 30.6 0;1 811.41 496.8 84.6 31.44 26.5;1 823.32 984.555 72.68 33.61 90.9875;1 836.71 843.48 79.5 28.4 91.4;1 865.31 243.7 79.76 31.04 358.3;1 921.52 202.37 71.4 23.64 357.5;1 916.97 845.78 28.46 75.5 0;1 1001.09 368.02 80.9 30.7 0;1 1002.74 297.77 81.9 32.4 357.2;1 1075.99 248.78 79.36 32.9 357.8;1 1084.965 451.555 83.05 31.03 2.6;1 1125.205 196.425 79.69 33.47 357.8;1 1253.92 297.54 86.8 31.9 358.9;1 1413.115 241.795 80.81 31.67 0;1 1416.845 359.32 77.45 32.6 0;1 1416.535 195.085 73.41 30.79 359.8;1 1682.465 434.49 76.39 27.8 0;1 1731.435 289.415 81.61 28.77 358.8;1 1770.25 237.97 71.9 29.18 358.5;1 1870.545 400.5 65.85 26.18 0;2 11.9 301.07 23.8 41.04 0;2 762.01 208.55 100.4 39.4 358.8;2 1681.705 189.45 102.63 39.96 1.6;7 2.95 201.61 5.9 46.46 0.9;7 332.53 413.01 111.32 28.3 0;7 481.465 466.24 103.09 31.4 0;7 919.19 990.24 35.3 131.6 0;7 1185.94 409.81 110.4 32.74 0;7 1362.83 84.9 148.7 48.62 0;7 1576.525 234.98 153.29 40.38 358.8;9 148.73 380.74 26.46 9.4 0;9 355.195 206.045 42.83 12.37 359.8;9 588.94 401.05 39.7 9 359.7
v_4p5q5r5c1g_0000,1 737.19 509.46 71.88 29.36 357.472;1 1006.1 972.105 31.32 76.95 0;1 1009.375 1073.375 33.63 13.25 0;1 1058.3 995.775 31.32 80.29 0;1 1059.01 891.5 27.44 66.84 0;7 1059.565 1062.445 36.81 35.11 0;8 1016.085 889.425 27.79 72.81 0
v_4qgojdnkm8_0000,1 31.945 474.77 63.89 41.9 0;1 139.73 471.33 117.4 40.9 0;1 271.65 474.025 88.9 36.71 0;1 312.98 524.795 88.3 42.11 2.2;1 382.885 479.485 91.55 35.01 0;1 489.98 475.56 92.84 37 0;1 497.255 534.155 101.45 35.45 2.4;1 606.045 482.885 110.81 35.13 0;1 674.975 548.935 95.91 34.27 4.3;1 729.085 481.69 95.19 38.3 0;1 814.81 545.47 88.98 34.54 0;1 846.34 489.44 84.08 33.8 0;1 915.1 893.54 36 97.12 0;1 916.59 1036.65 30.3 86.7 0;1 962.495 1033.8 35.61 92.4 0;1 966.46 607.095 32.9 89.81 358.1;1 972.2 910.48 33.9 85.26 0;1 977.21 782.61 31.6 87.88 0;1 988.27 38.52 30.5 76.38 1.9;1 1026.56 589.25 35.8 91.1 31.9;1 1133.965 559.005 101.17 38.17 1.3;1 1133.58 505.215 33.4 91.73 70.2543;1 1229.13 488.92 102.14 37.9 2.7818;1 1255.205 547.69 32.63 88 89.3;1 1371.52 494.535 89.7 34.85 0;1 1416.825 553.36 39.11 89.44 93.4;1 1524.805 501.585 91.91 36.91 0;1 1658.63 501.775 113.24 39.81 0;1 1786.685 507.56 96.53 35.66 0;1 1900.99 496.865 38.02 39.81 24.6;1 1904.105 563.33 31.79 28.58 89;3 923.81 439.77 50.2 256.74 2.3;3 1664.455 553.45 163.13 41.68 0.2;9 1045.79 634.84 9.9 25.4 20.2842
v_4qmuk4c1e7_0000,1 26.005 436.855 52.01 36.29 0;1 156.91 434.79 86.46 34.26 0;1 163.47 486.92 87.9 32.98 0;1 341.205 446.605 82.65 34.23 0;1 348.425 130.685 82.71 40.51 359.5;1 355.47 386.11 87.5 33.18 0;1 385.2 486.84 92.4 34.54 0;1 474.145 275.54 75.15 36.9 0;1 530.2 441.875 87.24 35.31 0;1 658.26 394.89 84.1 35.62 0;1 670.13 227.91 84.86 36.22 0.2;1 720.525 444.635 97.73 37.79 0;1 714.525 281.975 70.23 33.45 0;1 809.365 517.145 78.05 34.05 41.9;1 811.94 394.69 79.78 33.88 0;1 836.945 882.265 85.63 35.89 91.8;1 846.725 645.425 77.63 32.41 88.35;1 856.82 323.2 84.4 37.12 0;1 905.955 283.215 78.81 35.03 0;1 909.14 894.31 35.84 86.44 1.84;1 908.92 1010.04 32.92 81.16 0;1 1234.92 449.67 78.5 35.22 0.6;1 1341.63 265.03 87.56 35.34 2.48;1 1371.985 392.495 84.33 34.63 0;1 1711.785 452.42 86.37 33.44 0.78;1 1730.31 383.175 81.26 33.39 359.9;2 931.07 229.39 98 42.5 358.5;4 267.115 233.69 82.03 35.1 2.2;4 1311.115 317.95 98.05 39.32 0;5 1758.4 263.51 196.1 57.96 0;7 591.365 488.39 100.95 32.88 0;7 1183.035 264.445 102.31 47.63 0;9 280.095 480.5 36.39 11.76 359.7;9 741.12 487.57 35.92 11.62 4.25
v_4s5bnsrbka_0000,1 30.47 474.38 60.8 38.36 0;1 127 479.1 91.82 41.04 0;1 257.75 482.355 116.44 38.57 0.0413;1 384.32 474.895 86.9 37.07 0;1 488.285 482.255 99.35 38.99 0;1 609.015 488.26 98.93 44.3 0;1 721.51 485.125 90.82 36.47 0;1 819.7 538.515 104.72 42.83 0;1 833.15 478.43 93.78 37.28 0;1 920.055 376.24 32.63 86.3 0;1 933.275 952.935 33.69 90.05 352.6;1 997.84 490.725 102.7 40.79 0;1 973.665 790.835 37.35 91.81 0;1 1004.01 607.605 34.48 72.29 18.4;1 1074.72 544.67 98.5 36.5 354.8;1 1101.46 482.095 96.7 38.35 0;1 1212.85 491.075 96.4 42.93 0;1 1263.97 539.27 38 103.5 90.5;1 1322.37 488.935 96.24 38.79 0;1 1405.605 553.295 101.99 39.07 3.6;1 1422.105 497.2 98.89 38 1.2;1 1527.11 548.31 94.2 38.1 0;1 1647.09 553.93 105.08 39.3 0;1 1653.325 503.165 93.21 37.35 358.2;1 1772.42 556.33 101.9 37.74 0.1;1 1869.58 506.69 79.96 36.18 0;9 696.73 561.84 40.1 11.5 0;9 849.83 578.1 37 12.36 0;9 931.775 566.84 41.63 15.94 0;9 925.71 24.29 15.76 36.28 0
v_4tqkxje62r_0000,1 751.81 503.23 114.3 47.3 0;1 953.08 576.05 47.9 94.16 327.8;1 1218.23 515.71 106.42 43.36 0
v_4wjsidqazh_0000,1 620.69 506.255 94.4 38.27 0;1 967.79 392.81 39.84 89.88 0;1 1514.255 467.45 87.95 35.3 0;1 1730.66 536.515 91 34.95 0;1 1875.855 470 88.29 34.68 0
v_4yk41cgctw_0000,1 804.515 459.68 98.25 39.2 0;1 911.875 805.215 36.71 99.71 0;1 1814.64 529.82 40.68 93.1 89.8;1 1901.18 472.585 37.64 39.59 0;4 1129.73 466.185 102.14 40.73 0;9 1467.61 445.51 12.4 36.62 84.67
v_4zfo6uu651_0000,1 545.385 480.65 97.33 35.52 0;1 774.43 502.705 96.4 39.49 0;1 822.615 545.795 101.99 39.09 0;1 1206.04 553.61 98.98 37.22 0;1 1639.26 510.41 96.2 39.22 0;1 1911.7 505.385 16.6 35.21 0;9 740.86 446.48 46.8 13.5 0;9 1497.23 470.685 53.12 17.83 0
v_52zrpc3gi0_0000,1 1001.445 745.635 40.73 101.17 0
v_54fvpyqili_0000,1 486.23 478.925 85.2 37.53 0;1 614.175 469.255 97.37 38.85 0;1 783.89 460.78 92.4 38.14 0;1 914.865 457.095 90.33 37.77 0;1 894.465 600.74 43.67 99.22 0;1 894.51 866.5 37.68 93.4 0;1 897.92 1005.51 34.66 88.1 0;1 925.445 23.775 39.39 47.55 0;1 963.13 836.495 36.58 93.49 0;1 965.905 627.28 37.75 91.36 0;1 968.21 995.27 34.84 92.8 0;1 976.26 22.555 37.58 45.11 0;1 1268.64 461.63 87.52 37.02 0;1 1415.96 527.35 93.48 36.56 0;1 1411.895 464.495 36.71 87.85 90.1;1 1528.005 462.63 79.75 36.08 0;1 1548.59 514.27 101.4 44.14 0;1 1675.155 448.985 42.31 93.83 89;1 1780.35 450.035 95.74 39.65 0;1 1782.31 539.835 93 35.53 0;1 1886.235 453.865 40.21 66.99 89.6;1 1910.92 534.985 18.16 38.27 0;9 947.755 211.105 11.83 41.29 0;9 1153.695 510.59 13.67 42.96 83.6
v_54t7rssrl1_0000,1 30.36 474.77 60.72 41.9 0;1 32.3 529.32 64.6 39.4 0;1 150.49 472.22 117.4 40.9 0;1 161.31 525.425 101.68 35.21 0;1 268.4 476.215 88.9 36.71 0;1 294.425 535.48 94.99 37.8 0;1 387.235 481.61 91.55 35 0;1 436.51 529.815 88.3 42.11 2.2;1 492.535 476.61 92.83 37 0;1 565.945 537.025 101.45 35.45 2.4;1 607.545 482.295 110.81 35.13 0;1 678.38 549.325 95.9 34.27 4.3;1 736.2 482.45 95.2 38.3 0;1 814.56 545.54 88.98 34.54 0;1 849.405 487.81 84.09 33.8 0;1 926.695 686.565 36.45 92.61 0;1 944.185 375.99 37.21 92.6 0;1 991.69 725.675 35.16 80.21 0;1 1287.73 490.16 33.4 81.5 87.1;1 1605.76 497.765 33.4 91.73 90.6;1 1702.93 556.16 35.8 91.1 91.1;1 1752.22 496.62 102.14 37.9 358.5;1 1839.715 563.355 101.17 38.17 0.1;1 1902.3 502.96 35.4 34.86 0;1 1910.27 560.96 19.46 6.26 90
v_559vceo88b_0000,1 422.265 519.15 88.75 31.2 0.6;1 928.9 554.655 75.62 31.13 356.1;1 965.585 283.69 31.13 80.7 4.6;1 1012.395 417.855 30.43 82.79 0;1 1308.53 498.67 87.38 30.9 0;1 1430.77 494.295 75.72 27.81 0;1 1631.535 501.26 94.93 32.7 0;1 1898.2 495.41 43.6 30.46 0
v_565pjvps1h_0000,1 81.14 456.34 107.58 43.22 0;1 622.305 520.26 95.31 39.56 0;1 973.765 608.17 38.27 88.88 0;1 1096.06 457.705 102 41.41 0;1 1111.2 518.56 38.54 88.38 81.76;1 1226.92 467.42 94.58 38.98 0;1 1334.89 463.06 76.98 33.9 0;1 1384.705 526.015 39.05 84.75 88.9;1 1452.45 459.745 87.7 37.89 0;1 1569.215 460.115 99.63 42.01 0;1 1567.285 517.98 89.45 39.1 0;1 1700.79 459.44 92.62 38.22 0;1 1718.7 515.465 40.42 94.09 88.9;1 1835.03 514.985 96.74 41.73 359.6;1 1855.09 464.8 94.42 35.78 0;4 845.4 458.145 116.76 38.87 0;7 495.295 452.465 132.33 45.93 0;9 373.22 511.49 52.3 16.38 0;9 811.14 538.975 39.36 13.67 0;9 990.835 819.73 14.31 49.02 0
v_59ovcih66l_0000,1 795.165 530.815 109.05 44.67 0
v_5aadlni3vv_0000,1 172.765 515.445 31.99 78.17 93.9067;1 254.6 561.135 33.06 85.95 86;1 897.735 481.77 29.45 69.8 53.6143;1 992.175 115.79 30.25 80.78 339.8;1 1001.825 258.87 28.85 66.28 7.8857;1 1204.385 487.125 88.69 28.07 0;1 1376.065 513.995 100.95 32.93 357.1
v_5acfgb7ua0_0000,1 1249.315 534.8 101.55 42.72 359.4
v_5ft8ei7wl6_0000,1 66.06 545.26 91.42 35.82 0.1;1 657.165 552.79 77.99 35.16 0;1 950.34 844.11 84.1 34.68 275.6;1 934.435 757.345 33.69 81.73 0;1 945.02 1062.215 36.92 35.57 270;1 953.605 960.3 40.57 95.52 0;1 999.695 629.84 86.11 36.12 316.3;1 999.58 1067.775 36.54 24.37 359.4;1 1002.23 952.115 35.04 86.77 0.9;1 1154.835 552.455 86.39 34.59 348.7667;1 1290.475 496.44 88.07 35.18 0;4 981.56 759.665 82.4 38.19 278.1
v_5i4jzw90zw_0000,1 764.725 533.37 98.57 35.6 1.65;1 997.545 528.295 160.97 47.07 0;1 967.09 616.645 89.44 35.59 268.5;1 1453.05 501.74 88.84 35.6 0.5;1 1521.385 450.175 98.57 35.59 0
v_5kiqxe9rtu_0000,1 109.455 482.62 113.19 33.7 0;1 634.91 481.005 96.7 37.25 0;1 900.73 690.09 34.7 88.8 0;1 900.89 1047.9 34.2 64.2 0;1 903.84 852.15 32.8 86.1 0;1 939.39 963.355 30.2 84.45 354.8;1 982.305 937.96 32.43 84.68 0;1 1498.98 491.8 94.46 35.16 0;1 1811.375 561.85 93.45 37.18 1;1 1845.715 510 97.83 36.4 0;9 954.32 796.94 14 37.5 0;9 964.03 671.37 14.34 37.5 0
v_5kzdz12amk_0000,1 513.84 516.955 99.1 39.59 0;1 527.325 445.62 92.11 34.2 0;1 657.08 472.37 84.24 37.54 0;1 764.75 468.7 94.8 38.84 0;1 893.69 411.54 43.66 99.22 0;1 891.61 599.95 37.68 93.4 0;1 893.3 974.25 37 93.24 0;1 899.75 838.99 34.66 88.1 0;1 958.815 1037.43 37.05 85.14 0;1 958.595 912.93 34.75 90.7 0;1 963.115 513.46 37.75 88.98 0;1 962.59 647.98 36.58 88.18 0;1 965.54 797.7 34.84 92.8 0;1 1066.32 454.705 92.4 38.15 0;1 1184.545 454.895 89.61 37.97 0;1 1306.555 459.94 87.51 37.02 0;1 1415.325 527.56 93.47 36.56 0;1 1409.245 464.495 36.71 87.27 90.1;1 1528.415 462.76 79.75 36.08 0;1 1552.975 514.21 101.39 44.14 0;1 1672.49 449.04 42.32 94.1 89;1 1780.715 450.35 95.73 39.64 0;1 1782.025 539.765 92.99 35.53 0;1 1885.655 453.865 40.21 68.15 89.6;1 1911.59 534.985 16.82 38.27 0;9 1432.025 496.28 13.67 42.96 90.2
v_5mb9el9yca_0000,1 680.05 469.04 102 41.42 0;1 815.875 475.38 99.85 38.98 0;1 845.76 525.03 94.6 39.1 0;1 900.32 906.4 37.48 95.9 0;1 915.665 304.19 38.63 92.48 0;1 968.245 821.355 36.23 89.69 0;1 977.465 514.25 39.61 90.22 0;1 985.95 961.815 38.54 88.89 0;1 1333.25 459.25 76.98 33.9 0;1 1377.55 513.375 40.42 88.61 93.55;1 1452 456.545 87.7 37.89 0;1 1560.465 455.8 99.63 42.02 0;1 1700.48 455.48 92.62 38.22 0;1 1821.64 461.05 94.42 35.78 0;1 1835.31 511.485 96.74 41.73 359.6;4 558.215 461.65 121.29 38.86 0
v_5nzhv8ol1z_0000,1 905.29 926.8 38.18 86.5 0;1 914.92 1037.17 32.34 77.3 0;1 959.97 987.925 33.82 76.87 0;1 961.05 883.55 35.26 85.9 0;1 1569.845 398.875 83.87 36.23 0.5;4 836.32 798.67 80.88 32.44 92.8
v_5q12atu47j_0000,1 232.825 521.73 92.05 35.82 0;1 1364.765 524.99 90.19 36.94 0;1 1695.98 463.245 88.74 38.15 0;4 154.39 459.915 114.98 38.59 0;8 1564.595 470.415 58.53 26.87 0;9 749.86 426.485 15.14 45.29 90
v_5q6t1y8qnc_0000,1 20.52 510.16 41.04 32.06 0;1 79.23 457.345 81 33.11 0;1 209.81 290.38 97.2 37.8 0;1 232.31 502.06 91.1 34.7 0;1 266.09 456.585 79.2 31.29 0;1 440 493.73 89.9 34.14 358.2;1 442.16 343.355 77.9 35.21 359.2;1 550.33 298.165 76.52 34.97 359.9;1 555.84 452.295 81 34.01 0;1 682.57 473.025 78.72 34.77 353.48;1 758.56 504.245 80.62 30.97 358.75;1 788.57 342.41 79.3 35.52 0;1 824.49 458.02 75.08 31 0;1 874.045 507.385 79.19 31.05 14.7;1 925.81 589.34 87.5 31.72 60.8;1 920.87 696.24 71.88 29.36 91.9;1 1009.555 411.305 88.87 36.29 0;1 1017.925 923.97 34.17 83.4 0;1 1045.31 343.545 83.04 31.79 0;1 1073.83 457.615 74.54 32.21 2.81;1 1056.895 906.09 34.95 83.2 0;1 1178.42 238.26 97.3 39.02 359.72;1 1209.32 411.85 76.22 32.86 0;1 1390.575 460.29 75.63 30.32 359.8;1 1671.88 418.355 96.66 33.61 0;1 1731.01 236.65 82.4 33.16 0;1 1738.39 338.625 74.8 32.93 0;4 62.375 411.28 124.75 39.78 0;4 228.775 405.15 84.13 30.82 0;4 675.22 408.725 83.18 32.53 0;4 1886.905 231.745 66.19 39.83 0;5 670.28 247.405 158.98 54.13 0;5 1509.32 235.81 209.66 50.88 0;7 1269.87 289.08 294.76 51.28 359.5;7 1546.47 341 134.3 41.42 0;7 1689.68 284.545 159.2 44.95 0;7 1912.91 338.93 14.18 37.66 0;9 559.29 511.72 40.8 12.54 359.6;9 718.775 526.465 44.27 14.31 0;9 873.945 552.47 37.71 13.32 41.9
v_5qp6bt9ej0_0000,1 122.06 511.01 75.72 27.82 0;1 227.72 533.71 84.66 32.7 0;1 756.185 557.83 85.51 30.46 357.8;1 969.83 246.635 36.1 105.85 7.4429;1 1166.965 544.46 91.95 33.3 346.3571;1 1341.5 524.64 63.76 26.84 356.4286;1 1510.915 489.75 86.79 34.42 0;1 1758.59 508.78 87.52 33.7 0;1 1908.15 508.335 23.7 30.79 0
v_5ror9vxsrx_0000,1 994.905 879.08 39.35 98.7 0;1 1011.64 706.62 45 104.12 0;9 305.955 548.6 45.43 20.74 358
v_5rz3h63lya_0000,1 24.55 486.555 49.1 38.19 0;1 744.08 502.33 103.48 35.94 0;1 990.325 619.9 36.25 109.1 1.1;1 1026.78 695.405 34.9 99.83 21.3839;1 1093.46 600.565 38.6 96.47 47.8121;3 1725.97 522.145 180.54 56.99 0;8 390.17 540.38 65.68 22.62 0;9 1478.98 556.14 54.46 10.9 0
v_5setpg6z0c_0000,1 733.35 514.635 44.32 100.05 273.47;1 1155.15 488.23 96.44 42.4 0.6
v_5z7tempma0_0000,1 389.145 490.745 97.61 40.99 0;1 447.96 540.25 93.96 40.66 0;1 539.815 483.655 109.43 40.79 0;1 814.92 480.035 98.5 43.01 0;1 910.955 679.275 38.15 95.43 0;1 916.975 961.46 41.27 88.8 0;1 919.5 246.615 39.82 91.37 0;1 921.96 34.11 37.42 68.22 359.6;1 926.115 416.17 38.87 87.5 0;1 975.065 946.67 37.91 96.3 0;1 985.06 769.105 39.5 97.51 0;1 984.75 233.9 36.86 82.58 357.97;1 1564.815 478.37 103.79 42.34 358.92;1 1618.9 524.335 89.96 37.17 357.1;1 1728.175 484.525 90.19 40.01 0;1 1835.32 482.235 94.44 37.21 359.5;1 1857.685 552.22 39.07 96.1 86.9;4 1492.455 539.41 97.95 36.12 358.4;7 676.005 493.47 121.77 44.86 359.4;9 1089.85 556.87 14.66 41.96 58.2
v_5zet714gdd_0000,1 187.565 479.94 98.57 33.8 0;1 691.26 482.805 102.14 37.91 0;1 905.54 850.68 37.2 90.78 0;1 914.42 1065.9 33.3 28.2 0;1 918.43 418.52 34.9 90.4 0;1 939.52 980.54 33.4 91.72 354.4167;1 985.81 939.35 32.44 85.08 0;1 1035.555 572.095 32.63 87.99 44.46;1 1191.2 490.765 89.7 34.85 0;1 1342.32 547.35 39.1 89.44 93.4;1 1439.575 494.955 91.91 36.91 0;1 1567.225 496.685 113.25 39.81 0;1 1635.535 556.235 33.49 91.51 89;1 1683.055 506.36 96.53 35.66 0;1 1754.38 550.76 98.24 38.06 0;1 1796.98 512.41 90.46 33.7 0;1 1861.07 568.18 92.56 32.52 1.0895;1 1892.915 504.31 54.17 35.16 0;3 1486.385 547.03 163.13 41.68 0.2;9 725.24 532.48 32.48 14.74 0;9 1666.045 586.265 43.13 12.91 1.0086
v_5zf32q9e12_0000,1 332.51 455.825 95.2 37.61 0;1 533.61 511.25 92.28 36.36 0;1 656.61 470.695 91.06 35.51 0;1 921.485 430.125 39.97 90.57 0;9 726.26 528.97 40.9 12.8 0;9 948.39 965.89 15.9 49.4 0
v_5zheze2kjr_0000,1 49.49 386.58 87.5 33.18 0;1 83.54 484.03 92.4 34.54 0;1 106.85 443.775 84.02 34.05 0;1 212.425 439.415 90.05 35.29 0;1 286.08 395.08 85.4 35.62 0;1 332.885 272.935 81.43 37.35 0;1 408.345 443.355 104.71 37.79 0;1 399.225 395.135 83.99 34.31 0;1 469.26 489.545 82.6 34.05 0;1 564.15 1020.015 93.42 40.83 0;1 600.67 278.92 82.2 35.28 0;1 622.645 390.325 86.45 34.63 0;1 657.035 140.235 81.49 37.11 0;1 660.7 440.45 80.82 35.22 0;1 663.48 486.2 82.86 33.7 358.29;1 669.455 227.255 85.23 37.39 0;1 729 1060.7 77.06 37.72 20.92;1 832.865 562.08 83.39 35.9 53.6;1 893.995 441.445 82.23 31.39 0.2;1 897.955 121.295 82.71 40.51 0.6;1 922.45 390.345 78.56 33.39 359.9;1 909.555 895.3 35.85 86.44 0.84;1 908.965 1025.72 32.91 81.16 0;1 1067 274.17 80.92 37.9 0;1 1119.045 227.1 84.85 36.22 358;1 1242.63 437.78 83.6 34.94 0.2;1 1266.12 277.23 70.24 33.44 0;1 1334.315 389.905 84.21 33.17 359.8;1 1397.71 268.61 85.72 37.76 0;1 1409.35 478.825 79.3 34.71 0;1 1427.495 322.09 90.73 37.12 0;1 1698.07 275.635 94.34 39.65 2.8;2 1444.845 220.13 106.85 42.54 0;4 953.54 289.2 82.46 36 5.76;4 1548.275 317.27 99.97 39.8 0;5 1851.415 259.42 137.17 57.96 0;7 230.27 490.955 110.24 34.09 0;7 497.6 314.745 95.76 42.39 0;7 1542.04 261 120.52 47.96 0;9 22.785 460.135 34.31 11.75 0.5636;9 362.575 473.75 43.31 12.1 2.73;9 799.2 254.88 39.12 14.06 2.7;9 1129.22 459.97 38.42 12.28 5
v_62fv7qr819_0000,1 103.895 493.65 112.55 37.4 0;1 237.465 486.25 91.73 35.16 0;1 394.6 488.85 94.46 39.56 0;1 418.145 544.24 91.95 36.6 0;1 601.37 539.155 85.1 34.37 0;1 625.455 479.315 98.81 37.75 359.7;1 831.78 524.56 88.6 36.82 354.94;1 910.21 479.015 93.76 38.03 359.13;1 932.41 281.42 82.72 39.42 271.45;1 917.975 767.64 38.99 96.7 0;1 919.9 906.615 39.2 111.51 0;1 930.575 619.005 38.59 90.29 0;1 976.49 85.91 89.88 35.58 276.8818;1 985.075 728.96 35.75 91.64 0;1 987.2 610.13 36.66 87.56 0;1 990.115 1040.3 37.81 79.4 0;1 1055.66 533.19 106.4 40.74 359.39;1 1293.015 545.59 87.85 39.24 2.925;1 1371.91 495.09 86.98 38.06 358.8;1 1489.19 486.29 42.36 91.14 87.2743;1 1617.05 487.395 36.56 93.41 89.1;1 1654.865 541.41 34.19 90.86 89;1 1743.705 478.665 96.79 39.93 359.8;1 1888.4 486.325 44.44 87.75 88.7;4 257.1 543.855 140.54 43.57 0.6;4 982.3 861.24 36.38 101 0;7 902.77 1021.115 45.52 117.77 0;9 832.675 557.55 41.31 11.06 354.7
v_62yfnp2bj0_0000,1 468.645 427.835 78.57 36.51 357.3;1 590.245 468.795 82.59 34.05 358.4;1 637.155 1061.07 73.63 36.42 5;1 747.94 1041.31 72.78 33.68 28.19;1 772.215 433.1 79.51 31.44 0;1 818.665 512.875 83.83 37.03 21.5667;1 909 886.2 35.84 86.44 2.2345;1 907.835 999.57 32.91 81.16 0;1 952.355 987.735 30.39 82.41 0;1 963.315 874.675 33.57 75.39 0;1 1143.96 457.23 78.86 31.82 355.8;1 1337.115 476.765 73.15 30.63 357.5;1 1448.805 392.765 82.51 34.13 0;1 1685.545 471.79 107.25 37.28 0.2;4 141.8 432.53 109.2 38.56 0;4 618.03 269.62 79.3 34.8 0;7 501.21 125.03 94.88 43.56 0;7 1507.67 440.14 96.06 36.32 359.34;7 1707.15 381.425 165.02 49.15 359.7;9 820.455 673.015 32.97 13.01 89.05
v_639xl5t6pw_0000,1 473.67 480.605 106 44.97 0;1 645.615 543.325 104.47 42.33 0.8;1 718.125 478.455 93.25 36.37 359.9;1 927.855 388.04 42.49 97.1 0;1 938.425 176.765 39.37 92.03 4.7;1 990.35 590.38 36.5 86.66 0;1 993.66 1024.25 42.92 111.5 0;1 1001.325 871.45 37.67 93.4 357.4;1 1565.705 526.965 89.17 37.17 357.9;1 1660.715 483.15 90.19 40 0;1 1798.845 480.83 94.45 37.2 359.5;1 1859.66 550.54 39.08 96.1 86.9;1 1890.34 485.59 59.32 38.92 358.8;2 830.23 470.81 93.22 38.5 351.33;4 1385.61 539.52 96.86 36.12 0;7 96.435 485.78 138.53 46.72 358.19;7 781.26 523.655 127.52 44.81 354.02
v_64iij3aqe0_0000,1 759.435 501.9 43.29 95 272.78;1 1352.93 496.805 99.04 41.99 358.9
v_64svlqlr48_0000,1 13.83 418.33 27.66 32.7 0;1 39.42 287.375 31.7 80.25 268.7;1 39.075 126.345 27.71 75.39 269.7;1 75.41 512.145 84.4 32.71 0;1 121.66 413.97 83.6 33.42 0;1 176.17 519.35 91.62 34.16 0;1 174.92 158.885 30.3 80.71 268.9333;1 218.625 413.365 89.47 34.35 0;1 302.27 516.415 89.78 32.07 0;1 336.2 420.51 79.46 32.78 0;1 368.935 469.02 79.43 30.1 0;1 462.42 416.405 87.3 32.71 0;1 483.01 467.17 78.7 33.56 0;1 575.445 515.46 82.43 33.16 0;1 577.545 464.605 81.97 34.59 0;1 577.69 415.365 81.98 31.79 0;1 649.08 129.195 29 77.09 273.2667;1 687.04 475.045 87.8 33.83 0;1 701.725 517.505 79.95 32.93 0;1 701.85 421.795 79.16 32.69 0;1 709.49 318.05 27.98 75.3 271.4;1 838.12 814.53 71.88 29.36 161.2;1 867.85 284.255 27.88 73.03 281.9333;1 981.4 520.13 25.8 81.26 351.4;1 1023.185 675.075 34.27 100.21 0;1 1319.505 247.89 79.31 35.34 359.3;1 1350.145 297.575 75.97 34.29 0;1 1422.895 246.585 84.81 34.35 0;1 1441.465 340.64 103.03 37.32 0;1 1582.46 342.605 99.74 38.17 0;1 1616.19 292.42 87.02 35.6 0;1 1689.825 243.815 87.55 35.43 0;1 1718.82 297.35 91.76 36.9 0;2 1222.19 296.545 87.76 38.71 0;2 1549.775 246.435 105.13 36.11 0;4 214.235 466.78 82.79 30.2 0;4 817.38 204.61 27.58 78.7 329.3;4 988.745 292.435 27.01 70.09 331.2;4 1245.815 163.315 88.05 39.07 0;4 1488.52 295.245 100.7 39.29 0;7 66.22 465.75 126.3 34.36 0;7 436.32 517.1 136 41.26 0;7 952.15 397.065 29.32 90.75 329.4333;7 1041.51 478.43 34.4 98.12 348.5;7 1263.385 342.855 114.59 38.45 0;7 1834.74 291.89 123.2 39.52 0;9 767.47 453.83 41.92 11.58 359.2;9 807.18 449.32 44.12 15.9 0;9 1193.485 230.585 43.39 12.81 0
v_64yi1nxfme_0000,1 488.34 466.9 102 41.42 0;1 658.51 471.98 101.82 38.98 0;1 785.995 463.855 77.13 35.23 0;1 896.17 514.08 40.52 95.1 0;1 911.625 794.705 39.63 96.67 0;1 968.87 77.67 39.26 90.54 0;1 969.08 922.47 36.74 84.8 0;1 974.95 720.315 39.18 87.85 0;1 1104.44 461.795 84.88 37.89 0;1 1555.685 453.91 99.63 42.02 0;1 1694.415 454.16 89.77 38.22 0;1 1815.27 459.635 94.42 35.77 0;1 1817.36 511.12 96.74 41.72 359.6;1 1907.55 454.72 24.9 38.4 0;1 1911.88 517.775 16.24 32.33 354.4;4 899.195 1022.91 37.67 100.9 0;4 966.985 543.17 36.49 86.68 0
v_66fdsggq5l_0000,1 321.725 283.06 77.37 31.4 0.1;1 692.905 512.29 73.79 29.36 0;1 812.315 133.785 94.49 37.77 359.53;1 854.3 505.785 78 31.05 0.6;1 1007.47 987.205 31.32 76.95 0;1 1009.375 1072.855 33.63 14.29 0;1 1059.46 999.035 31.32 80.29 0;1 1061.5 896 27.44 66.84 0;7 1059.565 1068.19 36.81 23.62 0;7 1760.955 490.95 92.01 32.1 1.1;8 1016.655 892.55 27.79 72.82 0
v_66ok51q8hd_0000,1 503.755 494.51 101.49 39.1 0;1 780.435 467.12 105.41 41.2 0;1 1696.365 485.37 89.71 35.48 2.7;3 1155.78 550.315 213.44 57.89 3
v_66vgjouhse_0000,1 99.89 490.34 89.98 39.34 0;1 909.51 515.01 84.52 34.76 352.79;1 929.255 353.29 33.15 81.26 6.41;1 938.97 1051.99 37.5 55.42 0.2;1 939.92 699.08 35 91.04 359;1 953.32 929.33 32.1 81 2.7;1 960.185 429.04 34.99 79.1 13.76;1 992.345 986.495 87.13 35.35 271.8;1 968.925 213.47 33.57 80.8 0;1 1027.6 600.33 83.96 35.24 321;1 1341.335 547.23 90.37 37.98 358.2;1 1334.79 504.325 76 34.09 359.42;1 1505.155 503.93 89.11 34.3 0;1 1641.39 506.905 76.6 35.41 0;1 1735.535 517.11 83.57 35.82 0;1 1771.045 576.1 98.15 37.56 0.2;9 901.975 324.73 13.69 39.38 0;9 902.805 658.315 13.19 44.91 0.8
v_682q2k39tj_0000,1 414.69 554.11 29.7 82.48 91.5;1 557.16 499.22 35.6 88.62 89.4;1 556.845 563.31 31.47 83.5 90.4;1 868.44 490.095 33.3 84.15 49.4;1 972.465 292.8 33.09 90.74 0;1 1008.17 165.06 34 95.26 354.6;1 1014.95 973.65 35.8 90.68 0;1 1019.515 733.97 31.91 78.4 0;1 1021.5 529.945 30.7 86.61 0;1 1362.975 534.74 101.99 33.6 358;2 1052.79 103.565 31.16 82.09 355.8
v_68b517whvt_0000,1 14.765 105.495 29.53 28.21 269.2;1 924.89 723.14 30.5 76.06 0;1 969.08 767.145 27.6 74.27 0;1 971.62 564.56 27.6 73.82 357.42;1 973.655 943.67 29.05 77.32 0;1 1743.47 189.26 74.1 27.9 0;1 1889.55 278.74 60.9 29.1 0;7 163.855 238.32 35.31 131.6 268.5;7 839.15 234.55 34.9 133.4 324.78;7 907.41 511.6 43.6 180.5 352.96;7 1178.545 237.705 123.49 35.59 0
v_6cetwtfnwy_0000,1 783.98 485.945 98.4 40.85 0;1 1297.455 498.035 97.71 36.71 0;9 307.435 525.87 46.19 15.6 0
v_6ed2tae1m9_0000,1 221.36 368.545 95.12 35.67 0;1 706.35 417.69 71.9 31.9 0;1 918.56 843.395 28.46 75.49 0;1 971.28 860.42 30.66 71.64 0;1 971.965 959.775 30.63 77.47 0;1 1070.405 366.56 82.51 31.54 0;2 620.815 461.97 102.81 34.18 0;7 340.02 407.31 106.38 32.4 0;7 917.105 108.645 93.69 34.39 338.98;7 919.47 980.53 35.3 131.6 0
v_6hfs2wm2uq_0000,1 967.51 1001.555 38.26 94.15 0;1 969.845 575.94 38.31 93.66 0;1 980.92 714.17 40.8 98.18 5.325;1 1789.03 537.62 96.6 38.86 0;1 1848.005 472.185 92.11 37.19 0;8 1620.4 497.945 59.08 25.19 0
v_6jt9d3hb2d_0000,1 27.285 543.31 54.57 38.2 0;1 128.54 492.74 89.98 39.34 0;1 366.97 544.165 80.32 35.17 0;1 935.18 279.835 38.04 80.49 0;1 935.755 377.245 36.77 83.55 0;1 941.02 61.355 38.4 84.75 4.7;1 1886.73 520.3 66.54 33.3 0;4 996.445 1046.285 32.69 67.43 0;4 1024.495 527 76.85 31.56 351.64;9 956.31 962.25 12.44 40.64 0
v_6kd3qt7m40_0000,1 25.255 130.66 50.51 31.6 358;1 48.595 224.755 84.73 30.31 0;1 78.32 428.665 82.4 31.13 0;1 116.48 476.75 87.6 33.2 0;1 240.29 285.08 90.3 29.72 357.9;1 260.98 412.22 95.8 34.8 355.2;1 468.655 408.35 83.99 29.8 358.5;1 545.575 472.22 73.85 26.1 0;1 608.94 370.32 82.4 28.6 0;1 631.21 426.155 75.9 29.23 0;1 847.78 717.89 70.28 29.2 92.1;1 912.385 422.78 77.63 28.62 0;1 926.265 185.67 87.49 30.5 13.5778;1 920.1 1017.265 28.6 78.97 0;1 966.2 806.02 28.4 75.7 358.4;1 1164.455 203.025 83.09 32.83 0;1 1165.56 423.8 79.5 30 0;1 1167.835 372.97 80.43 31.06 0;1 1377.16 416.59 78.8 30.8 0;1 1383.47 204.04 82.6 28.7 0;1 1592.57 451.805 79.78 31.59 358.7;1 1690.89 370.7 77 34.4 0;1 1893.45 365.68 53.1 27.84 0;2 1546.48 204.48 106.8 34.94 0;7 771.695 470.585 115.83 30.51 0;7 1087.3 248.66 201.1 53.96 0;9 345.47 476.615 41.68 7.61 0;9 731.99 443.73 44.4 7.3 359.1;9 810.76 440.44 39.9 9.3 0;9 825.04 632.2 48.1 11.68 89.6
v_6lntvu5hsw_0000,1 629.625 520.525 98.63 39.11 0;1 674.96 469.04 102 41.42 0;1 800.055 475.81 99.85 38.98 0;1 904.46 715.58 37.76 97.8 0;1 908.48 937.5 38.62 95.8 0;1 927.115 241.84 37.99 92.4 0;1 967.695 49.375 40.51 98.75 0;1 968.695 871.43 39.61 94.8 0;1 973.505 1035.15 36.23 89.7 0;1 988.21 615.46 40.42 91.54 7.2;1 1329.64 458.28 76.98 33.9 0;1 1450.07 456.035 87.7 37.89 0;1 1559.315 454.88 99.63 42.02 0;1 1698.42 455.02 92.62 38.22 0;1 1819.46 460.365 94.42 35.77 0;1 1833.59 510.68 96.74 41.72 359.6;4 534.175 461.145 121.29 38.87 0
v_6m3wu0tbtk_0000,1 634.14 507.165 94.88 46.05 0;1 809.965 523.915 106.07 37.83 358.2;1 1033.91 540.655 96.28 51.63 0;1 1645.77 521.11 103.26 59.98 0
v_6mboikyoay_0000,1 654.385 515.325 36.29 86.91 86.37;1 952.53 290.925 37.6 88.17 13.74;1 959.115 169.39 39.07 96.8 0;1 987.505 953.23 38.59 92.7 2.9;9 1041.16 819.075 13.08 42.83 0
v_6nidfdbquv_0000,1 669.345 490.225 125.33 42.75 2.6;9 457.97 540.105 47.72 19.15 0
v_6ou19c7u2e_0000,1 508.28 514.25 86.28 35.28 0;1 927.065 286.43 33.29 84.84 0;1 941.015 32.465 35.13 64.93 0;1 942.64 176.195 36.7 84.49 0;1 989.52 517.095 80 36.73 0;1 985.74 766.42 37.34 83.72 0;1 991.92 290.45 35.5 87.3 0;1 1205.535 550.085 87.47 37.99 355.0909;1 1358.905 528.06 105.85 35.76 0;1 1568.525 524.8 89.51 37.84 0;1 1720.62 520.495 92.22 35.15 0;4 881.09 471.265 36.84 86.03 47.8091;9 906.42 401.19 12.76 35.98 18.2636
v_6ppzvcvepe_0000,1 24.3 434.07 48.6 31.44 0;1 381.41 1015.97 79.1 37.26 0;1 501.46 488.555 92.18 37.03 0;1 636.525 1062.855 73.63 34.29 5;1 672.1 478.37 83.62 34.82 0;1 842.18 647.325 96.8 34.81 85.75;1 832.605 963.475 77.07 33.31 91.6;1 830.045 484.505 71.15 29.73 1;1 930.995 397.945 82.45 34.13 0;1 908.555 887.26 35.85 86.44 2.65;1 908.525 1003.08 32.91 81.16 0;1 974.89 456.86 98.22 35 3.04;1 953.04 990.845 30.38 82.41 0;1 963.225 876.59 33.57 75.38 0;1 1218.26 450.335 80.5 34.71 1.02;1 1377.185 436.495 83.03 33.03 0;1 1668.47 445.755 81.94 32.99 2.79;4 1736.35 267.46 88.8 39.66 0;7 795.555 439.225 95.19 36.31 0.96;7 1140.75 389.615 164.74 48.71 359.2;7 1156.465 223.91 106.39 45.64 0;9 581.625 474.905 43.45 13.01 6.45;9 836.7 788.38 36.82 10.66 88.5
v_6q0hywqgn0_0000,1 176.94 542.89 108.12 38.3 359.5
v_6q1ipw9aoq_0000,1 39.65 514.425 45 76.09 270.6;1 316.575 527.025 42.13 95.03 268.8;1 1273.66 537.025 129.52 50.31 359.5
v_6qbarag8up_0000,1 105.725 478.045 37.23 96.95 94.34;1 966.885 239.015 35.97 94.49 4.3;1 974.165 115.95 33.09 93.92 4.6;1 1025.38 41.35 36.66 82.7 0;1 1740.805 495.015 89.41 34.75 0
v_6s4w01696d_0000,1 626.43 512.62 40.54 99.62 270.35
v_6t27me9795_0000,1 284.945 526.55 37.33 85.9 91.2;1 561.81 536.2 38.16 88.36 90.7;1 790.56 529.76 80.24 35.1 359.1;1 847.5 575.085 84.94 34.91 358.5;1 907.315 436.64 36.97 86.88 23.45;1 957.245 779.185 84.11 34.69 279.3;1 945.015 1059.05 43.59 35.92 270;1 952.765 945.685 40.57 95.51 0;1 999.57 1066.8 36.54 26.32 359.4;1 1001.54 950.045 35.04 86.77 0.9;1 1077.03 547.36 78 32.38 357.9;1 1381.365 517.255 87.09 36.69 0;4 1228.89 542.18 82.4 38.2 357.65;9 963.555 277.735 12.75 45.49 2.6
v_6tb36p58ij_0000,1 287.865 535.53 103.35 42.52 0.6;1 640.695 520.95 89.07 38.1 357.5
v_6td1zpco8g_0000,1 152.22 489.89 101.5 38.74 0;1 414.75 492.275 92.58 38.53 0;1 555.03 493.11 95.4 37.52 359.7;1 704.175 548.965 94.71 38.09 0;1 755.07 479.05 106.72 40.78 357.8;1 853.13 547.08 89.82 37.8 359.7;1 916.075 114.08 38.15 92.5 0;1 921.21 24.5 38.88 49 0;1 922.555 954.12 40.15 103.4 0;1 922.19 209.755 37.02 86.75 0;1 998.995 538.77 85.63 40.5 359.5;1 1183.755 543.03 40.25 88.5 88.1;1 1245.255 455.055 94.21 41.47 353.8;1 1565.4 486.495 103.8 42.33 359.8;1 1620.15 532.01 89.96 37.18 356.3;1 1724.935 493.71 90.19 40 0;1 1830.805 492.67 94.45 37.2 359.5;1 1855.285 561.49 39.07 96.1 86.9;4 1502.515 546.67 97.95 36.12 358.7;7 927.03 387.41 107.88 44.86 304.84;9 999.955 766.155 15.05 42.57 1.1
v_6tu2ll68j7_0000,1 125.12 109.15 76.24 35.34 0.5;1 438.09 337.32 91.34 34.98 0;1 730.395 303.505 83.09 35.27 0;1 866.935 803.16 71.89 29.36 144.7;1 909.025 855.865 79.95 32.93 91.8;1 1016.495 1026.615 31.45 86.25 0;1 1016.9 912.515 26.8 75.87 0;1 1075.205 257.7 80.73 34.98 0;1 1063.21 1007.435 32.6 83.49 0;1 1062.505 906.85 29.85 87.18 0;1 1544.235 780.675 82.15 33.83 4.2;4 1413.855 317.185 135.93 43.17 2;7 860.16 344.7 91.14 36.34 0
v_6u3gcsfgty_0000,1 36.15 478.695 72.3 38.87 0;1 156.425 489.27 105.37 42.9 0;1 266.36 541.33 103.34 39.64 0;1 378.88 538.69 104.32 44.2 0;1 451.715 487.245 102.73 42.15 0;1 572.635 544.49 98.29 37.76 359.7;1 573.56 487.105 96.44 38.87 0;1 703.975 494.335 97.71 40.51 0;1 710.705 549.81 93.33 35.46 359.5;1 803.55 491.38 95.22 41.06 0;1 848.545 549.075 91.51 36.23 0.8;1 918.01 672.83 39.74 95.7 0;1 923.29 831.69 41.7 96.64 0;1 922.8 976.18 37.8 95.2 0;1 956.765 544.365 92.07 37.35 359.8;1 1049.92 531.76 36.54 82.96 34.2;1 1143.615 493.85 36.85 87.82 81.6;1 1180.94 539.455 88.52 35.39 359.7;1 1271.87 492.725 86.1 37.65 1.82;1 1394.825 449.38 95.15 41.46 2.3;1 1411.355 563.65 88.85 37.8 0.1;1 1480.2 495.165 92.2 38.09 359;1 1533.415 548.455 40.25 87.67 90.9;1 1652.81 514.125 91.68 38.97 7.7;1 1859.565 489.125 103.51 44.95 359.8;4 310.1 482.09 117.64 40.44 0;4 1904.485 551.71 31.03 37.18 0.1;5 990.925 860.91 65.67 324.7 0;7 956.8 491.67 102.34 39.4 0
v_6u53qcbvi2_0000,1 156.51 282.675 78.18 36.67 0;1 840.41 572.82 69.58 32.56 58;1 914.635 926.66 38.17 86.5 0;1 924.545 1035.55 32.35 77.3 0;1 964.87 985.195 33.82 76.87 0;1 967.385 882.1 35.25 85.9 0;2 1351.1 456.725 95.84 32.79 0.4;2 1698.32 482.28 103.92 38.4 358.6;4 344.7 486.1 91.34 32.44 0;4 524.3 393 79.16 30.32 0;4 661.92 484.47 77.96 33.78 0.54;7 1704.355 428.455 162.81 46.51 359.1
v_6uvulemq24_0000,1 1005.405 752.43 38.89 77.6 0;1 1759.48 504.765 95.78 39.03 357.7778
v_6wcpy7t3rr_0000,1 23.65 429.135 47.3 31.13 0;1 60.27 374.98 79.86 31.06 0;1 124.17 115.78 89.38 35.9 0;1 128.1 417.33 95.8 34.8 0;1 227.675 426.92 83.99 29.8 359.7763;1 269.51 1015.11 78.3 29.8 0;1 310.32 372.66 77 34.4 0;1 328.355 428.455 75.89 29.23 0;1 353.83 474.73 70.28 29.2 0;1 385.42 260.23 90.3 35.46 0;1 421.66 418.925 77.62 28.61 0;1 433.96 306.445 72.42 27.19 0;1 485.12 118.78 90.1 32.7 2.4;1 494.585 376.615 68.23 27.85 0;1 507.32 422.7 79.5 30 0;1 518.71 220.51 89.3 29.4 3.4;1 585.62 287.09 88.3 33.9 0;1 610.68 425.61 78.8 30.8 0;1 657.375 475.815 79.79 31.59 1.18;1 783.77 373.99 78.6 33.8 0;1 825.18 528.695 86.1 30.89 51.3786;1 837.79 729.7 71.2 27.5 89;1 956.355 304.63 85.09 33.5 0;1 966.28 807.175 28.4 75.69 358.4;1 1001.42 213.55 77.9 32.5 0;1 1195.44 205.88 82 31.6 0;1 1238.82 400.965 97.16 33.63 5.5;1 1267.91 248.72 81.2 34.2 0;1 1349.6 207.295 84.72 30.31 0;1 1474.245 253.26 99.47 34.2 0;1 1545.18 202.93 90.3 29.72 0;1 1661.5 368.37 78.9 31.8 0;1 1821.97 192.01 87.5 30.5 0;2 1000.83 258 89.5 30.7 357.3;7 10.6 265.915 21.2 42.61 0;7 42.8 475.045 85.6 30.51 0;7 1854.515 238.65 130.97 53.96 0;9 251.72 487.47 48.1 11.68 4.72;9 561.24 462.89 37.1 8.6 0;9 747.12 481.42 39.7 6.9 9.34
v_6wikobtfep_0000,1 954.865 521.34 89.87 40.66 0;1 1003.88 1014.62 41.12 85.94 0;1 1838.695 504.7 94.23 37.64 347.94
v_6xppovrd26_0000,1 1334.605 493.21 94.89 46.04 0
v_6y13ktvjcl_0000,1 80.5 494.125 96.96 36.25 0;1 137.345 549.96 99.71 40.56 0;1 197.08 495.035 100.84 37.61 0;1 335.73 492.805 98.14 37.79 0;1 406.96 548.775 102.02 37.15 0;1 593.895 489.125 102.01 40.55 0;1 663.375 548.145 93.65 37.87 359.5;1 781.18 480.375 102.02 40.55 350.2;1 938.12 496.53 82.46 40.56 0;1 972.525 706.645 95.63 34.47 273.1615;1 960.03 852.16 33.1 89.3 0;1 1062.785 568.89 89.17 30.66 334.9333;1 1416.475 557.705 95.63 34.47 0;1 1423.075 493.345 95.63 34.47 0;1 1751.92 553.825 93 34.47 0;1 1818.165 505.115 88.75 34.47 0;3 871.765 561.2 54.51 190.62 90;3 972.68 90.635 59.12 179.73 0.8;9 1263.925 570.835 12.71 35.53 90.3143
v_6y2osvnt33_0000,1 837.86 517.625 94.88 44.65 21.2
v_6yirhqbjkd_0000,1 1005.08 784.97 43.28 95 0
v_6yn2lb9fc6_0000,1 1856.515 499.025 91.19 38.71 347.7
v_6zh07uddes_0000,1 581.69 446.4 87.3 34.2 0;1 651.045 516.995 88.51 39.59 0;1 668.075 471.265 76.75 37.53 0;1 766.92 468.79 91.5 38.84 0;1 886.76 718.755 37 93.25 0;1 889.535 49.955 37.67 89.11 0;1 897.575 901.52 40.07 92.5 0;1 894.95 453.325 34.66 84.81 0;1 901.24 1055.32 37.76 49.36 0;1 955.17 279.83 36.58 90.18 0;1 957.1 12.56 37.76 22.24 0;1 959.36 859.725 37.04 96.73 0;1 960.885 667.7 34.75 90.7 0;1 965.37 506.85 34.84 89.7 0;1 1096.46 453.515 92.4 38.15 0;1 1196.07 455.285 89.62 37.97 0;1 1306.405 458.99 87.51 37.02 0;1 1413.32 527.22 93.48 36.56 0;1 1408.085 464.575 36.71 87.27 90.1;1 1528.81 462.89 79.74 36.08 0;1 1553.955 514.09 101.39 44.14 0;1 1671.735 449.58 42.31 94.1 89;1 1781.085 450.67 95.73 39.64 0;1 1781.745 539.695 92.99 35.53 0;1 1886.025 453.745 40.21 68.03 89.6;1 1912.26 534.985 15.48 38.27 0;4 967.17 1032.03 40.3 95.94 0;9 1696.62 522.78 13.68 42.96 70.1
v_72rhp26ocv_0000,1 847.25 493.72 101.2 34.4 0;1 1305.915 592.685 101.99 39.09 12.3;1 1559.475 506.34 97.33 35.52 0;1 1894.4 503.995 51.2 39.49 0;9 1672.14 468.12 46.8 13.5 0
v_77dr9lsqpd_0000,1 43.785 523.66 82.49 42.4 357.2
v_78pyb8w7m2_0000,9 616.865 533.865 43.35 17.21 359.4
v_7a02wcioqx_0000,1 525.56 532.4 90.74 42.72 13.8857;1 997.345 704.62 39.19 91.32 356.4;1 1216.455 528.49 75.15 37.04 1.1;1 1775.94 527.075 104.76 37.85 353.6;9 1477.765 504.85 51.99 14.92 0.5
v_7d29jccltt_0000,1 287.695 615.98 35.71 77.8 89.36;1 747.295 527.625 86.07 36.23 357.82;1 937.79 454.22 37.9 81.88 28.34;1 971.155 547.48 85.89 35.9 355.46;1 961.62 48.47 40.46 96.5 0;1 969.91 334.08 38.36 87.84 14.18;1 1000.025 90.37 34.59 87.3 4.74;1 1021.27 207.02 37.2 88.52 358.66;1 1191.74 513.17 90.14 37.46 0.5;1 1331.24 525.47 92.12 34.38 358.6;1 1342.56 472.05 90.22 37.5 0;1 1453.62 511.49 91.78 38.38 355.2;9 1271.44 554.47 41.72 10.74 358.9;9 1358.5 550.08 44.26 12.72 358.5
v_7dqgo9sa74_0000,1 356.95 515.19 97.2 37.62 0;1 972.83 730.08 38.54 89.84 1.8;1 1881.885 601.855 36.85 70.21 92.8;4 1462.885 475.715 85.17 34.97 0;5 686.15 524.485 166.3 51.05 0
v_7g4mkufzih_0000,1 155.9 466.32 107.3 40.68 0;1 390.86 466.325 87.06 36.37 0;1 641.74 466.43 89.1 38.96 0;1 834.4 460.17 97.52 38.46 0;1 884.825 523.415 95.37 41.73 0;1 903.02 719.96 34.6 90.82 0;1 909.505 620.135 37.49 90.19 0;1 913.99 856.765 38.78 89.59 0;1 966.48 468.08 36.18 86.56 0;1 972.445 742.205 36.91 98.39 0;1 1170.015 451.725 89.77 38.21 0;1 1336.655 458.005 92.93 35.77 0;1 1780.495 535.94 91.29 35.54 0;1 1868.12 496.295 37.44 87.41 95.9;1 1902.505 454.72 34.99 38.4 0;9 803.495 508.815 38.81 13.21 0;9 1019.175 550.98 14.49 34.7 13.3;9 1718.4 501.5 41.34 10.96 0
v_7gbug1o4wk_0000,none
v_7i1fjv48fj_0000,1 29.665 470.555 59.33 35.01 2.4;1 965.78 45.185 40.84 90.37 0;1 994.415 297.775 38.05 93.91 7.8286;1 1170.515 544.825 90.11 36.99 345.6714;1 1224.94 476.61 95.18 36.4 0.3;1 1330.415 515.25 95.89 35.4 352.8
v_7in5htlyq9_0000,1 69.355 540.475 101.99 39.09 0;1 415.58 541.52 98.98 37.22 0;1 720.23 486.72 96.2 39.22 0;1 1026.26 485.895 92.78 35.21 0;1 1315.18 546.86 89.2 34.36 0;1 1811.13 564.695 35.9 92.73 89.9;9 503.32 471.665 53.12 17.83 0
v_7jbdkc75qp_0000,1 632.595 504.635 77.47 30.43 0;1 747.805 506.97 83.43 34.52 358.98;1 838.11 805.85 71.88 29.36 161.2;1 894.145 144.18 77.49 33.16 325.78;1 1005.63 1019.26 32.08 71.8 0;1 1018.895 927.35 34.17 83.4 0;1 1057.905 908.86 34.95 83.2 0;1 1293.835 433.195 78.45 31.99 1.4;1 1655.45 432.245 78.52 32.85 357.6;1 1885.05 491.96 69.9 32.08 2.6;3 446.425 513.975 92.05 34.69 0;4 1062.83 1011.79 31.94 75.76 0;4 1171.895 556.805 98.37 36.23 1.1;7 557.435 452.92 128.67 43.48 0;7 880.14 500.005 153.02 55.03 26.74;8 1556.025 403.51 51.93 26.7 0;9 936.35 887.205 42.56 13.43 90.3;9 1382.905 503.91 44.79 14.08 359.6
v_7jzbx1kbyd_0000,1 970.01 47.98 42.52 95.96 0;1 1019.315 123.25 33.51 86.4 1.72;1 1227.63 511.365 88.48 36.17 359.04;1 1457.11 498.37 95.18 36.4 8.8;1 1599.75 489.73 90.34 36.52 358.68;9 1147.03 584.065 12.8 37.97 278.58
v_7q5pi9me7t_0000,1 588.7 524.665 108.12 38.31 354.1;7 258.205 512.245 40.79 106.29 268.86
v_7qghrkf045_0000,1 104.15 590.285 28.76 83.29 129.7115;1 423.885 500.225 32.27 79.61 90.2;1 598.13 511.815 30.1 72.13 90;1 748.75 521.95 33.14 86.94 85.1846;1 909.315 511.81 84.19 29.74 357.5;1 986.99 312.12 28.52 76.76 9.4231;1 992.395 1015.375 35.49 82.69 2.8;1 997.9 470.52 28.92 67.6 0;1 1349.62 512.885 83.98 30.05 359.61;9 1380.38 467.075 40.18 13.43 0
v_7qvjj6293d_0000,1 28.35 308.25 56.7 33.5 0;1 29.4 429.135 58.8 31.13 0;1 33.33 476.13 66.54 26.1 0;1 130.72 419.69 95.8 34.8 0;1 151.11 374.16 82.4 28.6 0;1 239.195 422.74 83.99 29.8 348.5;1 333.1 431.35 75.9 29.24 0;1 423.025 225.6 77.91 32.5 0;1 456.13 420.78 77.62 28.62 0;1 509.135 374.16 80.43 31.06 0;1 518.94 264.94 81.2 34.2 0;1 585.86 425.79 79.5 30 0;1 649.445 1002.37 71.55 32.22 0;1 732.41 147.49 82 31.6 13.3;1 744.5 468.82 70.28 29.2 3.2;1 809.86 263.08 99.48 34.2 0;1 813.78 425.31 78.8 30.8 0;1 833 912.635 86.1 30.89 88.9;1 874.98 215.25 84.72 30.32 0;1 890.23 376.16 77 34.4 0;1 963.705 481.755 79.79 31.59 358.7;1 966.2 809.545 28.4 75.69 358.4;1 1077.38 238.01 90.3 29.72 354.5;1 1084.38 378.6 68.24 27.84 0;1 1422.54 197.84 87.5 30.5 0;1 1535.96 371.92 78.6 33.8 0;1 1653.31 199.73 83.1 32.84 0;1 1900.54 193.76 38.68 28.7 0;2 33.5 236.38 67 30.7 359.9;7 411.81 479.165 115.82 30.51 0;7 1417.925 251.47 201.09 53.96 0;9 132.84 472.24 44.4 7.3 350.7;9 329.43 456.91 39.9 9.3 0;9 405.965 1022.64 43.85 11.6 357.1;9 632.54 489.125 48.1 11.69 358;9 835.75 689.31 39.7 6.9 91.6;9 1176.09 454.05 37.1 8.6 0
v_7sg36mgmvg_0000,1 37.07 519.9 74.14 36.64 8.8;1 359.31 486.015 108.2 42.15 0;1 385.515 542.285 97.89 37.53 356.97;1 545.41 487.44 96.66 38.86 0;1 696.615 494.475 97.71 40.51 0;1 795.675 549.55 91.51 36.24 0.8;1 803.105 490.815 95.23 41.05 0;1 926.845 545.795 92.07 37.35 359.8;1 915.215 1047.58 39.73 64.84 0;1 1048.03 532.33 36.54 82.96 34.2;1 1145.69 539.545 88.52 35.39 359.7;1 1141.97 493.335 36.84 87.81 81.6;1 1239.8 491.775 84.84 37.65 2;1 1263.235 562.67 87.81 37.8 0.9;1 1359.2 497.865 91.08 38.09 357.9;1 1368.45 447.095 95.16 41.45 358.1;1 1371.615 545.475 40.25 87.67 90.9;1 1462.49 494.63 91.68 38.98 358.5;1 1569.92 485.6 103.8 42.34 359.8;1 1630.035 530.325 89.95 37.17 356.3;1 1731.955 492.21 90.19 40 0;1 1836.57 489.785 91.6 37.21 359.5;4 211.88 481.86 122.08 40.44 0;4 1505.14 545.95 97.94 36.12 359;5 988.085 936.46 65.67 287.08 0;7 954.255 491.67 102.35 39.4 0;9 1252.055 530.855 39.53 10.39 335.56
v_7si28cgmnh_0000,1 31.4 502.87 62.8 32.76 0;1 366.365 521.025 96.73 37.47 0;1 690.865 436.585 91.63 36.53 0;1 1026.605 603.045 36.85 87.73 30.85;1 1121.715 474.515 88.81 35.61 0;1 1204.83 525.765 87.84 36.69 0;8 1260.53 450.165 55.34 26.85 0
v_7vd090hzf7_0000,1 36.09 76.39 69.92 34.76 0;1 843.6 997.71 69.66 30.88 90.7;1 914.495 866.355 31.41 79.09 0;1 966.98 810.895 33.74 78.65 0;1 972.07 917.065 31.5 82.19 0;5 1094.74 454.44 164.16 49.88 0;9 935.395 801.15 10.75 34.04 352.3
v_7w01qhnnsk_0000,1 480.535 88.885 78.19 27.59 2.6;1 746.61 412.5 85.4 34.4 0;1 845.68 1065.505 29.68 27.93 90.9;1 919.315 840.62 28.47 75.5 0;1 972.825 855.33 30.65 71.64 0;1 972.925 955.85 30.63 77.46 0;1 1212.55 409.665 80.52 28.35 0;1 1731.525 406.72 66.63 27.58 0;2 637.45 460.335 102.82 34.19 0;7 581.63 360.69 110 34.38 0;7 921.905 979.64 35.31 131.6 0;7 974.71 1065.675 34.9 28.31 0
v_7x308d58h6_0000,1 12.77 529.37 25.54 11.14 89.8;1 188.125 518.725 85.79 35.09 0.58;1 339.795 562.205 86.09 34.91 1.2;1 512.255 560.455 36.97 86.89 89.21;1 774.205 557.745 74.19 32.39 358.5;1 950.205 840.205 84.11 34.69 277.4;1 937.275 269.76 37.21 84.8 0;1 945.015 1059.72 42.25 35.92 270;1 952.515 956.315 40.57 95.51 0;1 999.58 1066.995 36.54 25.93 359.4;1 1002 950.215 35.04 86.77 0.9;1 1061.82 530.675 83.42 36.69 351.9;1 1494.275 533.745 97.29 39.79 0;1 1795.37 488.735 92.18 36.61 0;1 1860.945 535.105 95.11 36.49 0;4 1004.81 667.52 82.4 38.2 301.05;9 897.15 248.645 13.9 44.61 0;9 956.64 427.045 12.76 44.67 359.7;9 983.045 161.55 15.59 47.4 0
v_7xutp1mkyr_0000,1 5.915 376.01 11.83 33.2 0;1 30.35 413.3 60.7 30.9 0;1 78.645 452.51 82.29 31.9 0;1 191.76 409.35 74.1 30 0;1 243.49 464.56 76.5 28.9 0;1 321.665 409.92 82.19 31.5 0;1 397.29 466.06 79.1 29.8 0;1 526.68 467.015 84.9 30.47 0;1 593.28 295.55 79.1 29.1 0;1 697.21 202.01 74.1 27.9 358.9333;1 717.95 93.54 83 35 356.9;1 793.985 488.54 85.59 29.1 24.42;1 797.78 294.895 84.4 30.43 0;1 811.13 364.81 79.8 28.78 0;1 847.315 617.2 77.53 30.12 82.5667;1 923.56 1050.3 28.7 59.4 0;1 980.305 367.2 77.05 29.7 0;1 970.035 894.165 31.07 70.19 0;1 1125.67 294.595 85.7 33.51 0;1 1155.6 411.96 81.8 31 0;1 1323.54 194.91 82.3 33.2 0;1 1340.45 242.46 84.8 32.8 0;1 1473.34 193.09 79.4 30.6 0;1 1570.3 239.03 83.1 33.8 0;1 1583.95 184.035 74.8 34.97 358.2667;1 1619.01 287.54 85.9 32.8 0;1 1692.015 231.855 80.09 32.53 0;1 1797.335 279.615 97.43 36.81 0;1 1900.67 275.575 38.66 28.93 0;1 1903.225 181.615 33.55 34.79 0;2 495.665 119.8 85.07 26.8 358.3;2 505.43 413.09 98.7 30.3 359.7;2 1167.39 193.05 106.5 40.5 0;2 1397.485 288.455 81.63 32.15 0;2 1806.78 181.45 103.84 31.4 0;7 692.76 418.92 122.74 43.22 4.4;7 889.675 102.585 97.07 35.17 359.1;7 920.52 238.915 123.5 35.59 0;7 1117.25 234.765 114.42 33.07 0;9 129.93 289.33 44.04 12.5 357.3;9 154.53 471.93 40 8.2 354.4071;9 450.09 66.79 31.4 7.5 358.7333;9 526.12 359.47 45 10.5 0;9 620.28 449.18 42.64 9.2 4.56;9 1437.56 432.78 39.1 9.5 356.1;9 1597.1 363.17 40.8 11.7 0;9 1659.86 183.44 38.5 11.5 354.1514
v_7zs7ujez77_0000,1 13.55 544.58 26.5 32 0.8;1 519.79 551.55 31.7 86.54 87.9333;1 560.835 495.795 35.61 88.63 89.4;1 730.98 553.95 81.86 31.14 356.7
v_7zsxx5w32v_0000,1 419.11 517.755 35 83.87 89.4;1 571.77 574.99 82.84 34.12 359.42;1 612.805 519.025 85.13 34.29 358.4;1 837.725 507.385 35.13 83.57 55.34;1 935.87 974.79 79.42 33.94 269.8;1 933.345 114.33 38.47 86.82 0;1 978.705 812.09 85.53 34.34 270.2;1 982.705 917.275 75.95 33.25 270.3;1 977.375 1038.98 34.45 80.32 359.9;1 984.135 616.11 33.87 87.4 0;1 987.715 240.335 37.11 89.17 0;1 1055.79 556.86 73.04 32.74 340.7;1 1051.99 1069.325 46.42 21.35 0;1 1244.505 536.25 92.45 36.12 354.72;7 255.935 560.545 56.33 179.65 90.3;9 194.24 451.98 11.76 38.22 127.2;9 866.62 617.075 13.96 39.95 300.05
v_80gl7l4gow_0000,1 128.5 492.96 89.98 39.34 0;1 223.89 541.265 37.2 86.13 88.85;1 385.635 561.235 33.01 83.23 89.4;1 836.59 506.91 35.3 85.6 55.45;1 933.3 337.175 36.4 83.37 0;1 994.66 696.305 102.24 35.77 287.95;1 1000.94 1038.775 35.5 82.45 0;1 1199.975 534.305 84.37 37.21 353.8833;1 1315.78 515.405 86.84 35.15 0;1 1418.535 505.125 91.21 36.95 0;1 1804.53 513.945 101.08 38.59 0;4 986.295 494.145 32.69 82.03 0
v_80qrrv8mvb_0000,1 434.55 1017.125 77.74 35.87 0;1 907.33 896.33 38.18 86.5 0;1 915.745 1018.67 32.35 77.3 0;1 960.84 984.435 33.82 76.87 0;1 961.615 844.56 35.25 85.9 0;7 1421.595 441.405 173.91 49.81 0
v_80tjq1h429_0000,none
v_82l4ut1dxp_0000,1 633.215 487.35 86.83 30.34 359.7;1 953.11 513.08 33.4 85.4 10.2429;1 991.86 175.81 32.4 83.9 0;1 999.59 560.09 32.52 83.6 3.8;1 1014.47 11.485 31.5 22.83 0;1 1046.85 665.365 85.6 31.89 291.41;1 1414.65 503.41 88.8 30.46 0
v_83ejx1er6e_0000,1 342.715 516.445 97.99 37.63 0;1 418.545 448.45 106.99 40.44 0;1 771.36 471.585 95.32 35.87 0
v_856x3vz6nf_0000,1 510.69 493.325 96.24 38.79 0;1 732.195 504.87 98.89 38 0;1 904.405 721.81 33.45 86.86 0;1 906.885 596.17 38.15 89.8 0;1 908.51 873.25 38.1 92.76 0;1 908.08 1040.05 35.62 79.9 0;1 975.265 511.9 101.99 39.06 0;1 971.61 612.405 38.54 100.91 0;1 973.4 139.86 34.5 89.6 0;1 976.185 944.18 34.97 93.3 0;1 980.98 767.83 29.6 66.8 0;1 1518.24 547.55 94.2 38.1 0;1 1551.325 504.095 93.21 37.35 358.2;1 1640.73 550.82 105.08 39.3 0;1 1654.285 501.47 89.05 36.18 0;1 1760.795 552.21 101.91 37.74 0.1;1 1799.92 496.03 101.1 36.24 359.1;1 1867.26 561.91 96.3 32.62 0;1 1894.775 491.115 50.45 36.25 0;9 1755.08 468.52 11.4 45.6 86.9
v_86musp73ib_0000,1 840.11 519.81 112.76 60.76 18.9;1 1042.28 539.955 104.66 50.23 0;1 1012.28 851.12 44.66 94.88 0;1 1252.28 493.91 92.1 53.02 0
v_86usi02dqp_0000,none
v_884t99ixr1_0000,1 969.795 446.21 42.39 91.1 0;1 1836.155 530.08 89.61 39.56 0;8 1677.65 467.585 59.04 27.37 0
v_893vfcubr4_0000,1 577.945 479.87 95.09 33.9 356.812;1 686.89 520.73 90.6 38.2 0;1 1002.1 118.875 30.12 82.07 356.3;1 1154.11 490.705 90.9 37.61 0;1 1665.46 585.46 86.3 35.6 13.9
v_89g16tb1o3_0000,1 8.82 301.475 17.56 31.47 0;1 448.58 372.315 75.82 28.03 0;1 466.86 264.88 26.86 76.72 274.6667;1 675.6 412.085 65.86 26.19 0;1 695.005 262.73 26.87 76.72 278.9556;1 836.13 337.79 26.86 68.62 327.1444;1 883.445 231.75 30.25 76.72 331.5444;1 895.195 476.69 26.87 76.72 349.3778;1 920.34 1065.3 30.7 29.4 0;1 924.135 876.95 28.15 71.48 0;1 930.155 421.865 26.87 76.73 353.8;1 968.12 708.98 33.36 79.4 0;1 969.925 977.26 29.21 79.7 0;1 1041.405 515.88 26.87 76.72 42.1333;7 485.995 93.8 49.27 158.32 270.7647;9 631.305 469.05 37.15 10.3 2.2167
v_8cmfm0ydqu_0000,1 125.12 109.15 76.24 35.34 0.5;1 395.105 291.06 78.79 34.36 0;1 847.405 810.04 71.89 29.36 152.764;1 909.325 858.97 79.95 32.94 91.8;1 939.38 950.445 68.02 31.21 92.06;1 1016.495 1026.615 31.45 86.25 0;1 1016.9 912.515 26.8 75.87 0;1 1063.21 1007.435 32.6 83.49 0;1 1062.505 906.85 29.85 87.18 0;1 1544.235 780.675 82.15 33.83 4.2;1 1604.725 347.665 101.21 34.97 0;1 1835.525 297.095 89.59 35.27 0
v_8d0rof4trx_0000,1 1415.005 615.275 101.99 39.09 1.4;8 618.98 457.72 67.94 27.12 356.6
v_8gjlvx2xkh_0000,1 171.25 463.47 100.66 37.02 0;1 640.505 459.91 95.33 37.02 0;1 854.095 520.38 93.47 36.56 0;1 892.755 942.98 43.67 99.22 0;1 903.1 732.34 39.4 97.04 0;1 906.09 218.435 40.8 98.33 0;1 905.38 620.36 37.2 88.5 0;1 917.945 22.99 39.51 45.98 0;1 945.995 338.195 40.29 89.61 9.2;1 957.87 757.945 37.58 83.69 0;1 965.445 1029.37 37.75 92.34 0;1 972.815 564.505 39.83 92.61 0;1 1312.285 464.26 36.71 89.8 90.1;1 1526.645 462.35 79.75 36.08 0;1 1545.545 513.69 101.39 44.14 0;1 1670.425 448.815 42.31 92.91 89;1 1778.27 449.54 95.74 39.64 0;1 1782.875 539.975 92.99 35.53 0;1 1885.235 451.355 40.21 69.97 89.6;1 1909.575 534.985 20.85 38.27 0;2 967.51 169.74 39.86 91.3 0;9 922.085 1046.655 11.83 31.49 0
v_8gkbjfddmn_0000,1 112.94 539.22 99.5 41.6 0;1 239.535 490.81 112.55 37.4 0;1 451.98 482.935 88.88 35.15 0;1 675.615 542.83 89.77 36.6 0;1 692.84 485.825 93.98 39.57 0;1 844.53 538.75 85.1 34.36 0;1 917.65 766.22 39 96.7 0;1 918.45 907.035 39.2 111.51 0;1 922.775 430.495 38.59 90.29 358.8;1 983.94 725.77 35.74 91.64 0;1 985.51 486.215 36.66 89.73 358.88;1 990.94 946.29 37.82 79.4 0;1 1113.28 473.285 88.42 37.75 0.7;1 1190.605 529.315 87.63 36.11 3.52;1 1242.31 478.37 91 38.04 359.9;1 1371.725 494.895 87.15 38.05 358.8;1 1395.845 542.67 106.65 40.74 359.1;1 1489.74 486.405 42.36 91.15 87.6208;1 1617.23 487.415 36.56 93.41 89.1;1 1660.445 545.085 87.85 39.25 358.7;1 1746.265 479.265 97.69 39.93 359.8;1 1891.53 487.84 44.44 87.74 88.7;4 453.525 541.825 137.97 46.71 0.6;4 981.59 827.3 36.38 96.52 0;7 902.21 1021.315 45.52 117.37 0;9 1371.535 575.185 38.25 11.07 3.22
v_8jl1tfoqar_0000,1 22.7 475.99 45.4 35.16 0;1 348.175 489.61 97.83 36.4 0;1 451.905 536.93 97.63 35.5 0;1 547.88 487.03 93.04 36.2 0;1 702.635 479.82 105.59 38.36 0;1 720.045 539.95 92.43 35.9 0.4;1 925.605 538.725 99.47 37.67 0;1 925.4 484.225 91.82 41.05 0;1 940.63 246.525 116.44 38.57 273.4;1 947.865 745.26 37.81 87.6 5.4;1 985.97 936.805 32.44 84.67 0;1 1705.12 501.475 115.7 41.71 355.2;1 1917.2 557.03 5.6 38.98 0.8;3 981.615 31.655 40.61 63.09 0
v_8jv6dun7ud_0000,1 12.49 560.55 24.98 11.66 88.7;1 396.3 541.875 84.26 37.09 359.8;1 931.19 306.37 35 85.64 355.95;1 932.135 154.035 35.13 83.57 0;1 940.68 942.46 35.58 83.26 358.8;1 943.045 699.01 33.11 83.72 7.64;1 955.195 1063.125 35.51 33.75 4.8;1 988.66 729.665 75.94 33.25 281.23;1 978.815 894.145 34.61 83.31 357.5;1 1023.015 610.63 85.53 34.34 318.41;1 1105.575 508.315 77.07 33.93 351.27;1 1225.79 537.085 86.74 35.13 359.23;1 1352.445 493.31 90.11 34.3 0;1 1617.965 518.915 79.27 33.47 0;7 893.93 453.715 56.32 159.45 24.32;9 194.24 451.98 11.76 38.22 127.2
v_8l3pjgmlfr_0000,1 19.525 457.625 39.05 33.11 0;1 30.69 503.73 61.38 34.7 0;1 88.22 455.39 79.2 31.28 0;1 158.01 502.105 89.9 34.15 0;1 178.21 452.725 84.4 34.01 0;1 286.515 453.29 79.53 31 0;1 325.36 503.995 83.5 34.77 0;1 368.91 457.72 79.12 32.22 0;1 384.07 407.305 91.4 36.29 0;1 416.605 510.72 83.85 30.98 0;1 468.72 464.155 80.02 30.31 0;1 505.23 408.905 79.9 32.87 0;1 521.495 513.25 82.11 31.06 0;1 594.715 466.115 82.07 32.45 0;1 612.51 410.895 95.66 33.61 0;1 633.945 510.65 90.01 31.72 0;1 709.315 467.265 80.25 34.77 0;1 736.63 415.135 78.56 33.17 0;1 771.21 503.84 71.88 29.36 353.1;1 1218.465 295.575 72.43 33.11 359.2;1 1264.37 341.325 80.1 34.15 0;1 1305.43 296.33 79 31.72 0;1 1393.15 293.535 79.9 32.23 0;1 1395.975 338.405 84.37 32.41 0;1 1511.87 292.11 108.78 37.8 0;1 1503.43 244.09 84.92 34.98 0;1 1504.295 339.415 85.99 35.21 359.2;1 1610.64 340.775 88.68 35.53 0;1 1645.815 235.795 103.05 39.01 0;1 1717.49 342.555 91.98 31.79 0;4 42.985 411.28 85.97 39.78 0;4 156.845 405.105 84.13 30.83 0;4 262.665 408.575 89.35 32.53 0;5 1361.115 241.885 175.03 54.13 0;5 1821.325 234.1 197.35 50.88 0;7 962.215 346.98 31.67 89.96 337.13;7 1765.455 289.62 305.05 51.28 0;7 1853.185 339.4 133.63 41.42 0;9 250.9 508.85 40.8 12.54 359.6;9 364.505 529.855 44.27 14.31 0;9 579.855 523.28 37.71 13.32 48.9899;9 777.22 445.3 38.18 12.24 12.2743;9 781.065 475.11 35.53 14.8 359.3;9 803.345 391.515 44.29 16.05 0.5;9 806.41 440.25 39.28 11.24 353.3;9 1211.46 246.055 47.92 19.85 359.6;9 1425.32 316.405 46 16.27 0
v_8mf2c7lt88_0000,1 9.445 533.335 18.89 36.21 0;1 98.445 491.95 89.97 39.34 0;1 341.03 552.145 34.76 83.37 89.1;1 938.53 798.005 86.04 36.09 270.8;1 946.305 1033.975 82.23 34.97 269.2;1 939.14 194.665 37.3 88.69 0;1 943.54 901.51 33.98 89.66 0;1 993.245 953.88 86.43 38.9 270.4;1 1001.02 729.9 89.76 39.28 275;1 991.84 847.535 34.22 87.51 0;1 998.09 215.94 37.7 88.56 0;1 1065.94 577.84 87.14 35.36 335.2;1 1118.555 506.76 89.23 40 359.38;1 1497.225 540.01 93.75 38.04 358.3;1 1726.995 566 98.15 37.56 356.7;1 1779.62 509.03 88.76 34.76 0;7 996.155 612.43 42.17 103.16 355.3;9 899.305 308.76 13.89 39.38 0;9 916.1 282.415 13.06 39.91 354.7333
v_8nk1jm8uys_0000,1 245.315 519.65 110.37 38.1 0
v_8npa3vufqw_0000,1 7.575 544.57 15.15 35.86 354.7;1 163.395 550.545 89.43 39.71 357.6;1 383.21 534.475 85.98 32.83 356.8;1 976.055 1001.48 33.21 86.92 0.8;1 988.735 241.17 37.13 87.2 3.6;1 990.66 406.51 37.4 83.46 0;1 1021.075 833.075 36.39 87.57 0;1 1304.645 510.305 93.69 36.19 0;1 1738.83 484.46 90.34 36.52 0;9 1046.77 269.35 12.8 40.78 0
v_8o5bv9l6le_0000,1 799.765 511.765 105.11 45.99 0
v_8pihfsoz2l_0000,1 210.755 516.01 94.25 36.4 0;1 882.755 553.22 92.55 35.74 314.1333;1 1013.14 712.545 33.6 92.21 16.7286;1 1199.86 513.62 97.18 39.96 2.4;1 1750.37 492.55 102.1 36.1 0;1 1829.75 564.36 97.08 37.4 1.7
v_8pvlxxj07o_0000,1 561.13 1014.075 87.22 38.65 0;1 915.665 869.395 31.41 79.09 0;1 967.06 812.985 33.74 78.65 0;1 968.085 1059.49 31.29 41.02 0;1 973.17 917.865 31.5 82.19 0;4 580.13 275.595 73.62 33.63 358.9;7 701.86 470.755 80.46 29.73 0;9 936.795 804.24 10.75 34.04 355.8588
v_8vl9btmpr8_0000,1 604.53 453.15 104.34 40.32 0;1 769.57 440.75 76.28 37.36 353.9;1 836.955 506.43 97.49 40.84 0;1 899.485 818.47 36.27 89.4 0;1 902.935 286.48 38.07 89.78 0;1 902.595 970.29 35.37 89 0;1 953.735 67.755 36.37 85.11 0;1 967.725 948.41 36.13 95.1 0;1 1789.065 528.58 92.99 35.54 0;4 977.295 1054.42 38.29 51.16 0;7 968.27 829.045 42.74 120.37 0;9 666.315 491.46 45.95 13.72 0
v_8vlaenk9m7_0000,1 75.38 559.69 28.76 83.3 129.9;1 762.86 501.695 32.26 79.61 85.6364;1 906.82 474.965 30.1 72.13 49;1 976.795 340.86 33.15 86.94 7.3364;1 1000.085 22.75 28.51 45.5 0;1 1000.97 203.75 28.92 67.6 0;1 1032.37 383.075 35.48 85.75 2.8;1 1172.305 499.78 84.19 29.74 0;1 1808.175 503.825 83.99 30.05 0
v_8x4x1xg6lj_0000,1 86.305 550.72 94.03 41.34 0;1 141.575 494.955 93.97 37.37 0;1 272.855 497.225 96.91 39.57 0;1 388.175 492.455 101.03 37.75 358.4;1 458.485 547.04 88.03 36.06 0;1 502.91 488.96 96.86 38.04 0;1 554.345 544.15 92.83 37.54 359.6;1 612.49 496.655 88.08 39.97 0;1 664.045 545.85 112.77 41.64 359.3;1 722.52 491.07 87.62 35.58 0;1 779.01 553.83 92.34 39.38 0;1 843.795 497.275 90.41 39.85 0;1 912.735 23.99 39.03 47.98 0;1 926.535 1044.21 40.53 71.58 0;1 930.07 844.85 40.86 91.12 0;1 931 404.52 34.46 85.46 0;1 986.175 780.64 40.45 106.88 0;1 989.055 948.35 35.61 90.28 0;1 1616.04 490.28 36.56 93.4 89.1;1 1745.11 480.705 96.78 39.93 359.8;1 1881.64 487.25 44.44 87.74 88.7
v_8ylgn85u4d_0000,1 148.175 536.155 97.67 36.43 11.04;1 211.36 494.965 105.3 37.75 0;1 352.505 489.86 103.57 38.04 0;1 394.47 545.94 121.28 41.64 359.3;1 483.18 495.435 92.96 39.97 0;1 607.745 552.17 95.21 39.38 0.5;1 679.82 488.23 91 36.94 0;1 813.345 495.755 90.41 39.85 0;1 921.75 390.295 42.2 90.69 0;1 925.97 766.77 38.98 81.46 0;1 933.515 907.98 37.95 91.98 0;1 934.725 556.195 35.17 72.97 0;1 996.06 982.84 36.34 87.6 0;1 998.08 863.07 37.22 87.8 0;1 1002.38 655.025 36.56 93.41 8.32;1 1386.545 479.975 94.07 39.93 359.8;1 1524.675 538.625 94.07 39.27 358.9;1 1685.71 497.87 41.14 97.52 88.7;4 988.55 384.15 41.3 95 0;9 1028.59 828.16 10.94 36.74 0;9 1363.37 531.745 43.02 13.79 0
v_909vtg5cso_0000,1 820.785 530.195 44.05 94.09 279.58;1 1010.505 743.115 37.89 95.93 0
v_91j6f4319k_0000,1 99.89 490.34 89.98 39.34 0;1 503.865 531.34 84.51 34.76 358.36;1 653.015 559.52 34.99 79.1 85.13;1 850.015 495.665 33.15 79.79 49.14;1 940.555 971.3 35.01 91.04 359;1 984.295 891.44 86.11 35.24 272;1 960.635 520.23 33.57 77.4 2.78;1 987.16 178.115 35.16 85.83 0;1 1124.98 530.97 76 34.1 345.16;1 1269.57 504.35 84.06 34.92 0;1 1339.915 548.99 90.37 37.98 358.2;1 1525.64 504.05 74.3 35.42 0;1 1688.025 517.235 83.57 35.81 0;1 1756.165 577.94 98.15 37.56 0.2;9 902.89 439.24 12.34 39.38 0;9 925.93 887.77 13.18 40.88 358.6
v_92mimph37n_0000,1 838.235 807.68 71.89 29.36 161.2;1 934.885 688.395 74.73 30.43 88.2;1 1005.63 1020.44 32.08 71.8 0;1 1019.165 928.315 34.17 83.39 0;1 1058.195 909.65 34.95 83.2 0;1 1622.245 497.89 82.61 34.52 359.8;3 913.45 503.41 83 34.68 0.2;4 1062.975 1013.54 31.93 75.76 0;4 1504.255 540.945 99.69 36.23 358.6;7 932.68 1016.985 127.82 55.03 91.3;7 1437.19 455.57 116.98 43.48 0
v_92oo8js7ly_0000,1 51.75 527.55 29.88 78.22 89.1;1 870.87 483.98 35.6 88.62 60.0941;1 951.515 382.375 32.39 76.85 10.5;9 934.31 290.745 9.7 38.37 359.5714
v_92pneq7ryf_0000,1 246.425 556.52 83.05 29.32 0.4;1 552.76 510.42 35.6 88.62 89.4;1 961.6 90.755 31.7 87.99 0;1 966.32 228.225 32.64 84.51 0;1 978.785 783.04 30.61 69.78 357.5;1 1088.075 605.22 91.91 35.16 329.95;1 1168.115 505.925 86.51 31.19 1.5;1 1248.9 549.48 83.7 30.32 353.5;1 1394.24 540.78 88.8 31.4 356.6
v_9521tu20sn_0000,1 84.18 431.285 88.7 35.03 0;1 184.895 385.815 89.79 31.31 0;1 287.515 1010.655 86.75 36.55 0;1 408.84 430.065 86.38 30.71 0;1 468.435 478.905 83.21 33.87 0;1 571 1012.965 87.22 38.65 359.3;1 582.94 474.895 81.98 33.35 0;1 667.82 434.29 78.74 29.42 0;1 688.275 264.96 34.91 94.46 283.09;1 819.1 286.74 32.7 75.34 306.17;1 1092.73 317.02 78.6 39.06 0;1 1135.015 216.165 81.51 34.05 0;1 1191.32 314.36 73.1 33.82 0;1 1208.4 266.31 104.32 42.7 0;1 1239.99 216.78 82.62 34.74 0.2;1 1295.995 314.08 87.45 36.56 0;1 1322.205 264.34 68.55 32.62 0;1 1332.93 214.64 84.3 37.26 0;1 1398 313.125 84.64 32.97 0;1 1461.57 212.535 92.16 41.03 0;1 1557.15 316.59 91.72 34.22 0;1 1574.41 264.815 91.94 37.97 0;1 1579.555 215.035 90.91 35.47 0;1 1876.55 265.905 86.9 33.99 0;4 229.275 475.97 85.61 32.26 0;4 563.735 433.445 101.63 34.55 0;7 410.255 1019.655 150.29 55.09 0;7 637.47 382.12 122.6 42.28 0;7 731.81 469.035 80.46 29.73 0;7 1101.105 264.63 90.95 42.4 0;7 1459.685 261.76 112.09 46.2 0;7 1742.505 206.34 122.85 47.46 0;9 769.62 433.95 38.68 11.2 0.1;9 814.56 517.805 38.26 10.99 7.3;9 1103.865 239.9 34.83 11.1 359.8
v_961gu1h6l9_0000,1 586.2 466.84 102 41.42 0;1 713.18 472.71 97.74 38.98 0;1 850.81 463.99 77.14 35.22 0;1 904.755 308.765 39.63 91.47 0;1 918.525 1056.1 37.99 47.8 0;1 961.145 140.87 39.19 87.84 0;1 966.75 888.96 39.02 88.86 0;1 967.83 527.58 36.74 84.8 0;1 972.11 1048.41 40.5 63.18 0;1 1442.86 455.145 87.7 37.89 0;1 1556.215 453.91 99.63 42.02 0;1 1693.625 454.52 89.77 38.22 0;1 1815.96 459.635 94.42 35.77 0;1 1829 509.445 96.74 41.73 359.6;1 1909.91 454.72 20.18 38.4 0;1 1915.935 517.38 8.13 32.32 354.4;4 898.165 726.87 37.67 100.9 0;4 899.11 948.9 39.02 97.7 0
v_97ara5h7ji_0000,1 625.2 503.14 86.06 34.98 358.4;1 961.78 47.175 40.46 94.35 0;1 961.49 389.175 34.7 88.21 1.7842;1 1010.495 34.545 38.59 69.09 0;1 1019.1 324.47 36.94 92.64 1.5789;1 1024.825 184.385 36.03 93.51 0;7 1018.625 1049.41 39.15 61.18 0
v_97m20qsr8f_0000,1 7.15 429.25 14.3 31.2 0;1 184.795 372.84 77.15 34.5 0;1 277.86 470.49 69.7 31.5 0;1 351.005 413.99 80.75 30.8 0;1 404.71 460.33 85.4 30.4 0;1 487.255 374.31 68.53 28.58 2.6;1 518.79 469.47 66 26.18 0;1 645.24 460.175 96 32.53 0;1 637.22 413.935 79.92 28.85 0;1 741.945 364.36 87.35 34 0;1 748.23 1051.7 76.28 34.6 19.58;1 786.81 483.72 112.2 35.3 16;1 862.255 415.41 86.07 30.66 0;1 854.165 623.06 63.81 28.1 79.0308;1 924.76 1018.34 30.4 76.6 0;1 924.79 924.99 28.7 73.3 0;1 969.185 868.555 31.07 70.19 0;1 977.24 979.87 29.1 79.1 0;1 1120.99 409.05 81.3 31.6 6.4;1 1372.07 453.4 73.56 28.3 2.2;1 1566.18 358.47 76.18 28.7 0;1 1780.17 349.84 79.54 28.86 0;7 1651.355 402.41 378.67 49.2 359.3;9 365.225 1022.995 46.05 10.93 356.6;9 983.59 912.275 9.64 36.99 53.7
v_99jl48n431_0000,1 13.68 537.37 26.04 34.9 359.8;1 346.05 510.04 95.78 39.04 355.8
v_9akff6lzqs_0000,1 1527.185 514.265 97.51 42.71 358.8
v_9cfawmake9_0000,1 35.965 555.22 71.93 38.62 0;1 20.1 499.8 37.64 39.64 90;1 415.22 515.355 84.44 38.33 0.3;1 923.74 447.995 38.34 88.21 39.09;1 963.57 48.285 40.46 94.37 0;1 986.975 988.125 79.99 36.91 269.3;1 968.6 565.76 36.04 87.32 1.1;1 1001.91 264.77 37.9 90.8 1.2;1 1018.7 101.48 37.72 81 0;1 1417.88 536.055 96.94 38.23 0;1 1636.405 520.725 94.53 37.15 359.6;1 1680.65 480.06 94.8 37.5 0;4 1254.515 528.49 88.47 34.42 2.1273
v_9ck6zdd4h4_0000,1 994.55 1063.35 44.3 33.3 0;1 1770.71 509.795 115.62 42.05 0
v_9d4epmynqo_0000,1 40.53 470.08 72.9 30 0;1 60.055 371.99 79.09 32 0;1 77.035 414.16 91.29 36.3 0;1 65.415 264.09 66.87 32.8 0;1 195.8 456.61 81.34 31.6 0;1 280.43 365.145 84.62 34.59 0;1 390.33 202.47 82.3 33.2 0;1 496.215 408.72 97.49 30.9 0;1 505.12 464.28 82.28 31.9 0;1 523.69 262.77 83.1 33.8 0;1 529.21 1002.235 79.94 27.11 1;1 537.72 219.24 79.4 30.6 0;1 671.79 304.08 85.9 32.8 0;1 720.4 461.28 76.5 28.9 0;1 749.32 255.645 80.1 32.53 0;1 749.69 417.26 74.1 30 0;1 827.76 527.21 79.1 29.8 50.2214;1 848.49 200.29 74.8 34.98 357.4;1 940.86 363.36 76.78 30.7 0;1 923.33 919.71 28.7 73.3 0;1 924.6 1016.16 30.4 76.6 0;1 987.875 407.71 82.19 31.5 0;1 967.105 862.205 31.07 70.19 0;1 1055.92 450.955 84.9 30.47 1.88;1 1202.335 370.25 71.57 27.2 0;1 1535.735 289.965 97.43 36.81 0;1 1575.48 243.12 73.3 30.3 0;1 1602.79 189.655 97.78 34.79 0;1 1697.98 362.93 84.4 33.2 0;1 1716.37 204.48 79.2 31.6 350.62;1 1720.725 281.185 73.87 28.93 0;1 1890.15 285.06 59.7 31 0;2 72.705 209.96 91.57 40.5 0;2 697.47 367.805 103.92 31.71 359.2;2 1154.35 194.6 103.84 31.4 359.8;2 1555.285 425.04 98.71 30.3 359.1;7 376.58 410.43 115.34 32.8 0;7 847.1 772.825 122.74 43.21 90.8;7 1153.495 241.795 171.15 48.57 0;9 380.39 455.38 39.6 12.7 0;9 586.52 467.44 40 8.2 2.8;9 986.66 191.83 38.5 11.5 354.4
v_9duz314inf_0000,1 1157.14 488.12 86.72 38.1 0;1 1193.27 549.865 98.54 32.85 0;1 1438.965 506.51 109.05 48.62 0
v_9fp09c1apl_0000,1 14.545 420.2 29.09 32.7 0;1 78.1 513.33 84.4 32.72 0;1 126.59 415.38 83.6 33.42 0;1 177.29 520.8 91.62 34.16 0;1 220.46 414.925 89.46 34.35 0;1 304 518.14 89.78 32.06 0;1 340.3 421.75 79.46 32.78 0;1 372.655 470.52 79.43 30.1 0;1 462.65 417.15 87.3 32.7 0;1 486.84 468.285 78.7 33.57 0;1 575.87 516.6 82.44 33.16 0;1 577.86 465.125 81.98 34.59 0;1 577.95 416.02 81.98 31.8 0;1 687.37 476.065 87.8 33.83 0;1 702.38 422.1 79.16 32.68 0;1 704.165 518.32 79.95 32.94 0;1 837.91 814.89 71.88 29.36 161.2;1 1017.9 1001.685 27.88 66.57 0;1 1319.905 248.24 79.31 35.34 359.3;1 1349.59 299.53 75.96 34.3 0;1 1421.68 247.105 84.8 34.35 0;1 1440.425 341.79 103.03 37.32 0;1 1580.5 342.815 99.74 38.17 0;1 1613.86 292.64 87.02 35.6 0;1 1687.19 243.815 87.54 35.43 0;1 1717.33 297.905 91.76 36.91 0;2 1222.13 297.745 87.76 38.71 0;2 1548.595 246.875 105.13 36.11 0;4 219.975 468.09 82.79 30.2 0;4 1232.045 164.01 88.05 39.06 0;4 1488.01 295.585 100.7 39.29 0;7 69.84 467.865 126.3 34.35 0;7 438.3 518.535 136 41.25 0;7 1256.265 346.97 114.59 34.98 0;7 1832.735 294.065 123.19 39.53 0;9 767.745 454.925 41.91 11.59 359.4057;9 807.49 450.12 42.94 15.46 0;9 1192.565 232.865 40.61 16.05 0
v_9i12t94zbj_0000,1 198.23 535.65 105.08 39.3 0;1 224.995 480.975 104.11 40.15 0;1 485.57 486.165 102.9 39.19 0;1 709.735 497.72 89.05 36.18 0;1 753.905 548.2 101.91 37.74 0.1;1 854.11 453.23 96.74 38.6 332.8941;1 920.51 623.01 35.1 92 0;1 1076.05 557.915 96.3 32.63 0;1 1223.61 549.53 33.1 89.3 84.9667;1 1260.47 487.435 101.1 36.25 359.1;1 1525.81 490.025 96.96 36.25 0;1 1572.55 542.59 95.7 37.64 0;1 1792.375 496.545 95.63 34.47 358.6;1 1902.95 538.645 34.1 40.55 0;9 1610.84 581.795 48.2 11.59 0
v_9iqvhfvfcw_0000,1 23.04 457.625 46.08 33.11 0;1 30.415 503.73 60.83 34.7 0;1 87.46 455.39 79.2 31.28 0;1 155.79 502.055 89.9 34.15 0;1 177.83 453.705 84.4 34.01 0;1 285.965 453.895 79.53 31.01 0;1 324.355 504.455 83.49 34.77 0;1 368.67 457.95 79.12 32.22 0;1 383.89 407.645 91.4 36.29 0;1 416.125 511.1 83.85 30.98 0;1 468.145 464.455 80.01 30.31 0;1 504.585 409.405 79.91 32.87 0;1 520.875 513.25 82.11 31.06 0;1 594.255 466.115 82.07 32.45 0;1 615.045 411.4 95.67 33.62 0;1 640.365 511.39 90.01 31.72 0;1 709.61 467.245 80.24 34.77 0;1 736.645 415.565 78.57 33.17 0;1 777.085 504.14 71.89 29.36 353.1;1 1017.56 945.86 34.18 83.4 0;1 1055.965 1018.51 34.95 83.2 0;1 1217.505 295.675 72.43 33.11 359.2;1 1253.325 343.385 80.09 34.15 0;1 1305.92 298.245 79 31.73 0;1 1396.055 339.52 84.37 32.4 0;1 1393.87 295.21 79.9 32.24 0;1 1512.93 293.9 108.78 37.8 0;1 1505.145 341.305 85.99 35.21 359.2;1 1505.98 247.195 84.92 34.97 0;1 1610.47 342.515 88.68 35.53 0;1 1645.735 237.14 103.05 39.02 0;1 1717.49 344.71 91.98 31.8 0;4 45.165 411.28 90.33 39.78 0;4 155.635 405 84.13 30.82 0;4 261.715 408.895 89.35 32.53 0;5 1360.9 242.035 175.02 54.13 0;5 1820.555 234.1 198.89 50.88 0;7 43.785 154.925 31.67 88.75 269.3;7 1764.165 289.62 302.65 51.28 0;7 1853.52 340.59 132.96 41.42 0;9 248.88 509.54 40.8 12.54 359.6;9 365.505 530.4 44.27 14.3 0;9 579.855 524.69 37.71 13.32 44.2146;9 786.25 475.16 35.52 14.8 359.3;9 806.145 393.645 44.29 16.05 0.5;9 810.955 440.135 39.27 11.25 354.42;9 825.57 459.755 38.18 12.23 0.8;9 1049.62 549.65 14.16 38.22 351.04;9 1208.875 248.56 47.93 19.84 359.6;9 1423.19 317.255 46 16.27 0
v_9ixri4iyos_0000,1 66.075 66.045 76.89 34.75 0;1 542.205 472.465 71.93 30.87 0;1 639.835 420.55 89.59 34.22 0;1 744.965 470.23 79.41 31.44 0;1 767.58 1070.02 82.44 19.96 38.1;1 913.505 863.49 31.41 79.1 0;1 965.745 808.32 33.75 78.64 0;1 971.4 913.51 31.5 82.18 0;1 1655.2 377.4 80.98 30.62 359.5;2 981.53 470.335 93.4 32.83 359.76;2 998.565 209.95 95.43 38.5 358.32;2 1810.895 455.48 104.57 35.36 359.6;5 81.165 466.99 162.33 45.62 0;7 1185.515 421.14 124.91 43.1 0;9 895.47 432.055 40.92 11.09 0;9 935.61 797.27 10.76 34.04 353.6
v_9kc7xo3jmn_0000,1 388.745 520.32 38.89 77.6 269.8;1 1134.275 494.505 95.79 39.03 0;1 1216.1 547.185 91.34 34.89 358.5;9 1094.64 557.825 49.38 17.39 356.9
v_9kr9rui4m2_0000,1 833.24 507.82 35 81.1 70.24;1 941.445 720.81 77.07 33.94 277.26;1 932.57 291.555 35.12 83.57 0;1 936.555 996.91 33.11 83.72 0.6;1 945.19 1074.27 34.32 11.46 0.6;1 979.07 798.99 85.52 34.34 270.2;1 981.705 893.355 75.95 33.25 270.3;1 996.23 549.36 82.06 34.12 355;1 978.575 1002.85 34.45 83.78 359.9;1 1011.125 493.305 85.13 34.29 356.4;1 988.535 247.85 33.87 87.4 0;1 1246.875 533.5 73.03 32.74 357.04;1 1562.58 521.495 99.48 36.11 359;7 668.57 555.535 56.32 166.67 81.32;9 194.24 451.98 11.76 38.22 127.2;9 1018.61 800.345 13.96 39.95 348.3
v_9lhclexe4c_0000,1 1056.465 521.135 95.93 40.85 359.8
v_9mpk7r4b5j_0000,1 154.345 519.79 96.95 42.48 0;1 564.915 540.61 91.19 41.06 359.5;9 1705.37 509.39 51.64 16.6 354.5
v_9n7j8m0pig_0000,1 63.16 467.24 95.3 37.84 0;1 922.385 864.465 39.97 91.25 0;1 1888.995 462.145 62.01 39.19 0;9 171.66 519.33 45.3 12.8 0;9 1393.33 515.975 41.52 13.73 0.7
v_9pr9v3zcju_0000,1 998.53 1009.115 44.32 100.05 0
v_9rajf7c3b0_0000,none
v_9t0kzkz7c4_0000,1 44.75 493.655 89.5 41.87 0;1 421.42 489.87 97.5 37.2 359.12;1 545.405 500.12 92.25 37.7 359;1 646.95 490.06 99.66 38.62 0;1 656.67 541.525 95.24 41.59 0;1 815.88 465.2 83.18 35.16 348.6;1 911.62 537.485 39 94.53 359.4;1 917.61 716.415 39.2 106.13 0;1 967.01 1048.51 38.86 62.98 0;1 975.705 464.28 35.75 91.64 356.72;1 988.415 876.41 37.81 79.4 0;1 1047.4 481.815 83.76 39.57 0;1 1150.7 474.65 91.48 37.76 2.1;1 1196.875 546.23 89.53 36.6 0;1 1256.78 478.1 91 38.04 359.9;1 1354.48 544.565 83.2 34.37 0.15;1 1371.355 494.495 87.49 38.05 358.8;1 1470.89 538.575 87.64 36.11 0.52;1 1492.09 486 42.36 91.14 88.3;1 1617.6 487.455 36.56 93.41 89.1;1 1712.42 542.01 113.3 40.74 359.1;1 1747.975 479.325 97.69 39.93 359.8;1 1862.1 547.045 91.48 39.25 0.1;1 1896.235 487.575 44.43 87.75 88.7;4 791.95 541.965 127.1 47.15 0.6;4 981.12 739.13 36.38 96.52 0;7 900.255 965.66 45.53 118.7 0
v_9v4lxizqv8_0000,1 168.765 559.955 97.89 37.53 0.8;1 333.26 484.11 108.2 42.16 0;1 454.645 483.96 98.63 38.86 0;1 578.705 494.195 97.71 40.51 0;1 679.59 488.585 101.4 41.05 0;1 701.865 547.49 91.51 36.24 0.8;1 806.025 543.315 92.07 37.35 1.7;1 919.895 281.43 36.95 76.84 0;1 928.55 568.93 37.98 93.38 0;1 980.64 731.115 40.68 97.67 0;1 1046.375 529.32 36.53 82.96 34.2;1 1145.59 538.055 88.52 35.39 359.7;1 1141.25 490.82 36.84 87.82 81.6;1 1239.82 489.28 84.64 37.66 2;1 1262.815 560.76 87.81 37.8 0.9;1 1359.56 496.075 91.08 38.09 357.9;1 1368.175 444.31 95.15 41.46 358.1;1 1373.35 542.885 40.26 87.67 90.9;1 1463.71 492.41 91.68 38.98 358.5;1 1570.2 483.435 103.8 42.33 359.8;1 1630.735 528 89.95 37.18 356.3;1 1730.635 489.085 90.19 40.01 0;1 1838.265 487.515 91.59 37.21 359.5;4 206.28 479.165 122.08 40.43 0;4 1506.685 543.05 97.95 36.12 359;7 823.725 489.06 106.47 39.4 0;9 606.595 573.355 39.53 10.39 3.18
v_9xqqoa527s_0000,1 426.57 485.76 89.2 38.3 0;1 819.435 461.275 90.13 36.23 0;1 854.375 516.65 98.17 35.3 0;1 978.53 1059.49 39.34 40.98 0;1 980.84 376.51 38.1 92.4 0;1 988.3 663.06 36.64 85.28 0;8 1296.025 471.18 91.55 33.8 0
v_9xqv3vbd2n_0000,9 1129.015 495.3 51.65 16.6 0.5
v_a0kxnrunu6_0000,1 228.27 474.705 88.5 35.05 0;1 503.42 512.355 103.06 39.23 0;1 760.58 462.195 89.7 34.07 0;1 875.97 526.395 100.6 37.11 1.5667;1 1003.87 392.56 35 96.94 3.1;2 1868.1 588.965 103.8 43.05 2
v_a0ls05cd51_0000,1 530.53 461.75 88.72 36.52 0
v_a0vwscsw6p_0000,1 1002.41 343.36 95.36 44.44 77.4;1 1107.84 489.925 98.98 44.41 9.6
v_a2g7g4jit6_0000,1 1204.925 485.42 103.37 42.56 0;9 317.895 535.585 56.25 33.45 0
v_a2xmufvfr6_0000,1 304.315 486.77 94.23 38.82 0;1 626.96 556.02 97.4 36.5 0;1 976.31 554.49 96.68 34.82 359.6;1 997.24 786.22 33.34 84.8 7.6;1 1021.29 673.58 32.4 105.26 15.7;1 1650.47 560.365 102.1 36.21 0;1 1883.6 569.38 72.6 39.8 0;8 1508.86 471.425 70.42 28.67 0
v_a3o415fr7l_0000,1 245.855 497.64 98.87 39.1 0;1 972.5 666.41 40.5 101.1 0;1 1099.82 587.605 32.9 89.97 58.76;3 1338.44 528.785 184.88 60.23 1.8;7 1059.18 461.545 129.6 35.33 359.6;8 469.37 487.305 63.7 22.35 0;8 1020.315 145.95 66.43 31.5 267.9
v_a4gnl08tbo_0000,1 219.745 511.555 98.17 35.31 0;1 506.77 456.185 90.14 36.23 0;1 973.14 625.55 38.1 92.4 0;1 976.655 1045.235 36.65 68.87 0;8 818.265 461.9 91.55 33.8 0
v_a6rwz1pyzg_0000,1 819.355 511.425 81.41 38.33 355.7;1 950.505 357.13 37.05 88.66 0;1 963.57 47.535 40.46 92.87 0;1 1006.51 168.285 35.7 76.11 6.18;1 1010.745 289.51 37.35 88.2 0;1 1011.075 1062.92 37.73 34.16 0;1 1010.29 61.15 35.7 91 0;1 1060.725 596.575 92.13 38.23 318.84;1 1673.645 480.84 94.81 37.5 0;4 364.14 493.43 88.48 34.42 2.6
v_a9cbyre6rw_0000,none
v_aezq2v2os1_0000,1 675.045 492.815 37.23 91.75 94.68;1 1325.78 512.675 86.02 36.79 0
v_afhs8e8chi_0000,1 81.76 568.045 36.64 85.81 89.9;1 132.4 494.915 89.98 39.33 0;1 632.455 515.41 35.29 82.7 85;1 934.875 298.515 37.79 87.45 0;1 940.265 183.45 36.91 86.6 0;1 943.53 58.92 38.04 86.6 0;1 945.74 1060.68 35.02 38.64 0;1 980.71 620.28 39 89.72 0;1 1161.245 490.595 80.99 35.87 358.8;1 1187.605 549.275 82.23 34.97 351.94;1 1478.58 530.305 90.38 32.75 0
v_ags40vgt6h_0000,1 194.73 511.765 116.94 45.99 358.4
v_ajl3wk2lc0_0000,1 472.6 530.16 107.8 43.36 0;1 822.76 505.855 106.42 44.67 0
v_al6ni38om9_0000,1 87.57 454.835 79.2 31.29 0;1 112.09 501.65 89.9 34.14 0;1 178.59 451.755 84.4 34.01 0;1 287.075 452.685 79.53 31.01 0;1 326.36 503.535 83.5 34.77 0;1 369.145 457.49 79.11 32.22 0;1 384.25 406.965 91.4 36.29 0;1 417.085 510.33 83.85 30.98 0;1 469.295 463.855 80.01 30.31 0;1 505.87 408.415 79.9 32.87 0;1 522.12 513.25 82.1 31.06 0;1 595.165 466.115 82.07 32.45 0;1 607.515 410.645 95.67 33.61 0;1 631.005 510.63 90.01 31.72 0;1 709.015 467.295 80.25 34.77 0;1 736.61 414.71 78.56 33.16 0;1 771.07 504.07 71.88 29.36 353.1;1 1219.415 295.475 72.43 33.11 359.2;1 1265.6 340.595 80.1 34.15 0;1 1306.135 295.57 78.99 31.72 0;1 1395.89 292.9 79.9 32.24 0;1 1399.635 339.075 84.37 32.41 0;1 1515.645 291.18 108.77 37.8 0;1 1506.44 243.45 84.92 34.98 0;1 1508.405 338.205 85.99 35.21 359.2;1 1610.82 339.035 88.68 35.53 0;1 1645.895 234.45 103.05 39.02 0;1 1717.49 340.4 91.98 31.8 0;4 99.36 404.525 84.14 30.83 0;4 244.675 408.465 89.93 32.53 0;5 1361.33 241.745 175.02 54.13 0;5 1822.1 234.1 195.8 50.88 0;7 1771.33 289.62 297.34 51.28 0;7 1852.855 338.21 134.29 41.42 0;9 226.47 509.35 40.8 12.54 359.6;9 363.475 529.325 44.27 14.31 0;9 570.79 507.1 41.26 13.32 63.3;9 724.83 438.725 38.18 12.23 358.6;9 782.145 475.42 35.53 14.8 359.3;9 791.41 390.725 44.3 16.05 10.3;9 790.235 441.085 39.27 11.25 350.69;9 1032.92 550.755 14.72 42.25 353.52;9 1213.835 246.195 47.93 19.85 359.6;9 1427.45 315.56 46 16.28 0
v_ana2wo5yov_0000,1 189.89 487.55 94.6 37.02 0;1 348.05 478.88 83.62 34.82 0;1 440.845 388.83 86.27 34.96 0;1 464 436.435 105.92 37.49 0;1 549.705 481.915 76.93 32.37 0;1 631.525 437.965 83.93 34.71 0;1 636.245 1064.815 73.63 30.37 5;1 687.205 481.8 100.03 35.46 1.55;1 807.905 441.27 86.55 33.04 0;1 831.23 1027.35 79.02 31.64 90.4;1 838.07 743.875 78.16 32.71 91;1 841.515 552.205 76.31 33.31 54.3;1 908.905 890.33 35.85 86.44 2.1;1 908.525 1005.945 32.91 81.17 0;1 952.89 994.725 30.38 82.41 0;1 963.3 879.435 33.56 75.39 0;1 1008.78 439.26 76.7 32.92 0;1 1203.74 394.6 84.58 36.5 0;1 1333.69 438.625 81 35.27 0;1 1542.135 389.635 78.25 31.51 0;1 1551.37 438.155 80.26 34.27 0;4 1753.19 388.57 91.7 36.9 359.5;7 288.6 435.985 100.2 35.93 0;7 681.21 385.895 176.68 48.71 0;9 782.07 524.635 36.82 10.67 27.2;9 1437.1 498.03 33.6 11.16 359.8
v_aqs97263gu_0000,1 13.35 543.205 26.7 22.45 89.6;1 558.685 491.595 35.61 88.63 89.4;1 957.96 310.17 30.3 82.6 4.4;1 969.86 82.125 30.26 83.25 0;1 1011.195 230.085 31.31 82.81 359.3;1 1406.54 505.03 90.8 32.84 359.6333;1 1836.795 501.45 94.15 32 0;7 1024.47 24.4 29 48.8 0;9 254.07 551.485 9.7 38.37 85.9
v_aqw85kju5h_0000,1 1549.265 525.505 87.11 37.91 0;1 1861.125 531.35 87.71 35.82 0;3 1346.98 482.44 123.5 46.4 0;9 1459.295 428.12 41.77 14.32 0
v_aqzef8o0la_0000,1 196.075 505.195 106.35 45.99 0
v_arp7o7t5mp_0000,1 1631 520.655 103.88 46.59 359.32
v_arwepmq7lo_0000,1 1002.76 753.515 48.62 95.91 0;1 1195.24 494.685 97.22 38.11 0;1 1814.075 512.425 118.25 52.55 0
v_asofep8mjo_0000,1 132.37 494.89 89.98 39.34 0;1 797.56 530.725 35.66 78.81 65.1;1 928.91 347.785 35.3 82.71 7.28;1 939.685 49.79 37.79 90.62 0;1 951.505 685.235 36.45 76.77 0;1 981.46 275.625 39 89.73 0;1 1405.265 534.645 85.83 33.31 0;1 1494.575 492.255 85.99 35.87 0;4 371.99 559.135 82.1 31.55 359.3;4 997.275 1056.49 33.99 47.02 0
v_at0nazxy83_0000,1 117.87 524.415 86.96 34.01 0;1 303.775 546.165 100.43 36.01 359.9;1 579.115 520.88 29.89 78.22 88.1;1 965.345 153.525 32.39 76.85 0;1 970.185 276.13 35.61 90.32 0;1 1014.955 648.655 31.71 83.39 0;9 967.24 12.4 9.7 24.8 0
v_awslkgu4yp_0000,1 67.1 484.085 92.4 34.55 0;1 123.01 441.655 106.1 37.79 0;1 233.05 395.17 85.4 35.62 0;1 297.09 486.955 82.6 34.05 0;1 327.925 396.295 83.99 34.31 0;1 397.07 487.99 82.86 33.7 0;1 374.23 302.615 34.34 76.63 267.6;1 426.38 446.25 82.36 35.22 0;1 435.24 388.815 86.44 34.63 0;1 504.955 487.02 86.01 35.9 1.9;1 519.88 440.29 86.18 35.24 1.1;1 533.355 390.265 78.55 33.39 1.2;1 534.225 1029.375 77.75 35.87 0;1 618.255 485.225 82.81 34.71 359;1 637.1 388.435 84.2 33.17 1.55;1 644.91 436.315 83.6 34.95 0.7;1 1081.565 276.895 81.43 37.35 0;1 1091.035 226.94 89.31 39.44 0;1 1118.115 80.135 93.77 42.33 359.5;1 1137.665 139.735 81.49 37.11 0;1 1195.96 278.285 82.2 36.89 0;1 1306.315 272.9 80.91 37.9 0;1 1393.595 278.14 70.23 33.44 0;1 1434.225 321.66 90.73 37.12 0;1 1463.135 220.03 92.69 35.76 0;1 1489.855 262.87 88.45 36.68 0;1 1583.56 217.865 91.54 34.51 0;1 1665.77 124.635 95.12 40.85 0;1 1733.96 276.23 94.34 39.64 2.8;2 786.885 241.79 93.27 37.2 359.3;2 1319.49 222.28 109.76 42.4 0;2 1694.625 219.91 112.03 42.7 0;4 1275.735 322.88 84.83 37.36 0;4 1563.195 315.53 99.97 39.8 0;7 85.72 264.65 38.8 88.76 270.325;7 175.77 491.56 110.98 34.84 0;7 1108.755 318.675 102.23 42.39 0;7 1604.11 261.485 120.52 47.97 0;9 18.085 453.85 36.17 12.1 0;9 586.1 418.845 38.42 12.29 2.1;9 870 202.125 40.4 12.31 0
v_ax0y6et3iz_0000,1 637.745 1060.875 73.63 36.41 5;1 908.845 885.925 35.85 86.45 0;1 908.385 1000.51 32.91 81.16 0;1 953.045 986.73 30.39 82.42 0;1 963.855 873.815 33.57 75.39 0;7 1739.045 231.43 98.37 37.76 359.3;8 1484.84 374.7 58.76 26.5 0
v_azsh7mr6fm_0000,1 1491.68 518.94 93.28 42.12 358.8;8 1123.94 535.945 66.12 22.55 354.1
v_b0cm6xag1l_0000,1 697.525 466.655 95.79 40.27 0;1 904.835 603.01 38.87 88.36 0;1 905.535 805.865 35.33 91.19 0;1 988.395 516.255 92.27 36.35 0;1 990.025 459.105 83.55 33.33 0;1 968.625 968.67 39.21 88.1 0;1 972.825 804.305 41.01 102.15 0;1 977 609.99 42.24 84.3 0;9 921.015 935.05 15.55 41.06 0;9 982.7 681.93 15.5 47.6 0
v_b0ge2kn580_0000,1 31.135 471.85 62.01 38.36 0;1 120.88 474.76 91.82 41.04 0;1 165.845 527.41 115.69 41.7 1.8818;1 251.74 479.58 116.44 38.58 0.2;1 394.89 474.495 94 37.07 0;1 514.015 478.56 99.35 38.98 0;1 628.725 486.47 98.93 44.3 0;1 774.13 469.735 90.82 36.47 353.3;1 813.3 535.73 104.72 42.84 0;1 899.11 475.23 93.78 37.28 0;1 955.96 169.915 33.7 90.05 7.3;1 981.175 644.81 37.35 91.82 6.625;1 1082.91 563.055 34.48 72.29 71.6375;1 1203.42 489.145 102.7 40.79 0;1 1304.165 539.67 98.49 36.5 359.6;1 1428.425 489.045 96.71 38.35 0;1 1600.73 546.16 38 103.5 90.5;1 1665.545 491.245 96.41 42.93 0;1 1872.155 495.185 95.69 38.79 0;1 1897.335 551.485 44.87 39.07 0.2;3 960.305 867.97 40.61 147.2 1.8;9 1488.52 582.75 40.1 11.5 2;9 1876.4 582.8 37 12.36 3.3
v_b37rbu0f9s_0000,1 292.72 494.015 95.52 41.87 0;1 415.35 544.41 96.76 39.18 0;1 440.89 490.27 97.5 37.2 359.4;1 549.565 501.405 92.25 37.71 359;1 650.055 489.35 97.77 38.62 0;1 660 541.705 95.24 41.59 0;1 822.33 464.22 83.18 35.16 347.4;1 914.02 908.435 39.54 94.75 0;1 917.705 236.27 40.27 105.32 0;1 958.93 855.085 36.98 91.37 358.38;1 977.8 522.35 37.82 77.26 358.55;1 1048.58 480.835 83.76 39.57 0;1 1150.305 474.65 91.49 37.76 2.1;1 1263.6 477.57 91 38.04 359.9;1 1307.015 548.19 89.53 36.6 0;1 1371.165 494.295 87.67 38.05 358.8;1 1454.06 543.52 84.68 34.36 0;1 1489.77 486.91 42.36 91.14 88.3;1 1566.435 538.39 87.63 36.1 359.4;1 1616.93 487.575 36.56 93.41 89.1;1 1719.23 542.44 113.3 40.74 359.1;1 1753.09 479.485 98.8 39.93 359.8;1 1859.755 546.355 91.47 39.25 0.1;1 1895.39 487.575 44.44 50.99 88.7;4 794.72 541.2 127.1 47.16 0.6;4 971.85 321.67 36.38 93.54 359.1;7 907.89 640.81 44.14 110.88 0
v_b8yerp2it3_0000,1 824.73 487.46 118.24 47.3 0
v_b93g4aq9tb_0000,1 1099.325 495.345 99.85 52.55 0
v_b9y35x9ivz_0000,1 30.795 507.275 61.59 41.05 0;1 354.25 448.49 117.06 39.3 0;1 482.14 453.3 97.04 40.6 0;1 616.92 445.1 87.3 34.2 0;1 734.11 468.265 78.1 37.53 0;1 796.975 517.135 89.43 36.67 0;1 848.81 469.22 91.5 38.84 0;1 990.86 515.68 37.68 86.58 6.925;1 1097.165 453.925 87.65 38.15 0;1 1198.665 453.445 89.61 37.97 0;1 1310.675 458.39 87.51 37.02 0;1 1440.775 525.055 93.47 36.57 0;1 1508.085 460.395 36.71 87.27 90.1;1 1643.05 509.63 101.4 44.72 0;1 1753.68 460.27 83.12 36.08 0;1 1780.615 539.415 92.99 35.53 0;2 131.87 454.335 83.64 33.29 0;5 910.14 896.72 62.5 256.22 0
v_bapchxld41_0000,1 238.435 468.18 78.13 32.08 0;1 412.775 463.19 79.25 31.94 0.7;1 427.235 510 85.01 32.86 359.85;1 506.105 311.74 66.43 31.88 0;1 611.105 507.47 84.09 32.06 359.4;1 666.62 120.78 77.5 33.16 1.5;1 709.64 295.17 79.08 33.18 1.84;1 723.555 485.175 86.03 34.69 349.67;1 847.2 506.9 80.62 30.98 3.8714;1 857.675 803.33 71.89 29.36 146.7871;1 860.035 440.64 73.43 30.5 4.4;1 934.57 773.34 87.5 31.72 89.2;1 936.055 594.94 79.19 31.06 71.79;1 1018.34 925.415 34.18 83.39 0;1 1057.33 907.28 34.94 83.2 0;1 1093.675 413.705 80.27 33.01 0.4;1 1228.89 460.735 75.9 30.11 0.8;1 1250.06 243.955 78.34 34.75 0;1 1519.665 500.615 76.67 33.11 0.82;1 1578.355 408.585 66.35 29.57 0;1 1888.45 293.385 63.1 27.79 0;4 159.73 407.05 86.54 32.48 0;4 198.565 512.27 110.79 36.22 0;4 451.755 401.655 85.75 32.35 0;4 822.84 241.015 89.8 39.83 358.08;4 1171.81 298.16 98.72 41.64 358.94;7 13.5 456.39 27 55.04 0;7 66.74 340.26 93.24 37.66 0;7 253.405 297.3 89.55 32.48 1;7 543.625 457.905 189.59 47.47 0;7 786.48 165.505 143.16 44.95 16.96;7 1074.41 231.89 106.74 48.02 6.25;9 94.095 493.725 44.95 15.11 0;9 101.815 527.795 46.89 13.43 0;9 806.865 480.295 36.59 12.55 321.24;9 926.38 1011.86 37.72 13.32 89.8;9 1244.995 536.355 43.53 14.31 1.81
v_bd895pzz8v_0000,1 20.35 259.75 40.7 34.3 0;1 124.64 111.065 76.24 35.33 0.5;1 840.285 812.99 71.89 29.36 157.04;1 910.675 860.585 79.95 32.93 91.8;1 940.655 885.405 81.33 32.39 91;1 939.38 751.145 68.02 31.21 87.4;1 1016.495 1026.615 31.45 86.25 0;1 1016.9 912.515 26.8 75.87 0;1 1063.21 1007.435 32.6 83.49 0;1 1062.505 906.85 29.85 87.18 0;1 1544.235 780.675 82.15 33.83 4.2;1 1790.39 290.77 87.36 34.36 0;1 1888 430.445 64 34.83 359.8;1 1892.38 480.28 54.96 37.1 0.5;7 1413.815 471.045 141.39 41.05 0.5;9 968.135 291.84 40.03 17.72 0
v_bfrbbkugox_0000,1 573.22 505.76 27.3 81.76 91.4;1 935.315 413.85 29.85 77.6 22.92;1 991.44 242.44 33.78 74.16 7.12;1 994.47 102.935 32.1 81.63 0;1 1015.89 551.08 35.6 88.46 0;1 1141.295 486.77 86.35 31.1 0;1 1162.18 542.675 86.12 31.33 355.4;1 1347.66 516.47 86.94 30.1 358.4;9 589.5 544.29 11.16 36.16 84.1;9 958.92 596.2 12.4 40.5 1.9
v_bgi9ktcgda_0000,1 23.055 137.03 46.11 35.76 358.6;1 52.1 386.71 87.5 33.18 0;1 69.8 483.865 92.4 34.55 0;1 88.345 442.695 83.49 34.05 0;1 193.73 438.56 90.04 35.3 0;1 236.25 394.51 85.4 35.62 0;1 294.815 443.635 104.71 37.79 0;1 302.43 487.155 82.6 34.05 0;1 329.535 395.615 83.99 34.31 0;1 349.28 1020.16 96.66 39.28 0;1 401.17 488.25 82.86 33.7 0;1 429.255 448.22 82.37 35.22 0;1 436.485 390.065 86.45 34.63 0;1 467.855 1027.61 83.11 37.72 0;1 527.565 440.305 82.23 31.39 1.1;1 540.365 390.05 78.55 33.38 359.652;1 551.695 488.45 86.01 35.9 1.9;1 607.1 1030.49 77.74 35.88 4;1 708.325 483 82.81 34.72 0;1 716.135 391.345 84.21 33.17 1.4;1 729.165 438.065 83.61 34.95 0.7;1 909.145 909.935 35.85 89.21 0;1 955.655 279.105 81.43 37.35 0;1 1078.095 141.655 81.49 37.11 0;1 1133.78 280.495 82.2 36.25 0;1 1211.07 132.575 85.8 40.51 0;1 1233.955 232.75 86.91 37.38 0;1 1293.46 273.89 80.92 37.9 0;1 1378.685 278.73 70.23 33.44 0;1 1430.975 321.99 90.73 37.12 0;1 1484.175 264.03 88.45 36.68 0;1 1509.005 220.98 91.53 34.5 359.5333;1 1730.055 277.32 94.33 39.64 2.8;2 844.68 230.35 101.2 42.4 0;2 1686.75 220.175 112.04 42.69 0;4 1271.625 324.05 84.83 37.36 0;4 1552.56 317.2 99.98 39.8 0;5 1855.745 259.42 128.51 57.96 0;7 181.19 491.025 110.98 34.83 0;7 1070.765 320.465 102.23 42.39 0;7 1597.28 263.11 120.52 47.96 0;9 246.735 465.49 43.31 12.1 4.2;9 639.72 423.575 38.42 12.29 2.1;9 1328.54 242.665 39.26 14.87 5
v_bgyqee9f8k_0000,1 560.635 496.795 101.73 41.99 0;1 611.455 547.79 94.45 36.24 0.8;1 678.765 490.84 101.41 41.06 0;1 804.475 543.625 92.07 37.35 1.7;1 915.36 1006.47 38.78 85.92 0;1 923.295 535.63 40.81 92.82 0;1 931.085 778.24 39.43 97.9 0;1 978.045 1047.365 36.71 65.27 0;1 984.31 645.725 42.04 95.93 358.8;1 1037.51 538.915 36.54 83.75 31.68;1 1143.3 537.935 88.52 35.39 359.7;1 1137.33 491.825 36.84 87.81 81.6;1 1236.485 490.385 84.63 37.65 2;1 1258.23 560.57 87.82 37.8 0.9;1 1353.64 495.885 91.08 38.09 357.9;1 1362.755 445.03 95.15 41.46 358.1;1 1366.88 543.465 40.26 87.67 90.9;1 1456.745 492.6 91.67 38.98 358.5;1 1563.25 483.915 103.8 42.33 359.8;1 1618.955 528.655 89.95 37.17 356.3;1 1721.875 489.63 90.19 40 0;1 1827.325 487.8 91.59 37.2 359.5;1 1914.265 551.09 11.47 96.1 86.9;4 1498.175 542.48 97.95 36.12 359;7 820.775 490.94 106.47 39.4 0;9 1021.425 697.535 13.89 43.59 0
v_bh2crsapvm_0000,9 990.275 934.83 23.65 56.5 0
v_bkrnhozz15_0000,8 1484.405 501.34 58.77 26.18 0;9 1396.28 530.135 12.26 37.05 89.8
v_bloltk7cdy_0000,1 121.26 446.485 103.9 37.67 0;1 258.98 502.96 97.92 39.1 0;1 377.84 446.29 117.06 39.3 0;1 506.605 451.84 97.03 38.92 0;1 575.89 511.005 96.28 40.75 0;1 670.62 444.84 87.3 34.2 0;1 779.19 463.715 78.1 37.53 0;1 797.68 516.84 89.42 36.68 0;1 921.7 883.24 42.5 94.8 354.73;1 969.59 758.05 39.24 92.74 0;1 977.09 149.23 37.68 86.58 353.5;1 1100.14 452.075 85.38 38.15 0;1 1111 503.595 87.86 37.95 6.39;1 1242.175 451.805 89.61 37.97 0;1 1444.085 456.13 87.51 37.02 0;1 1685.105 499.33 91.07 42.64 0;1 1780.395 539.175 92.99 35.53 0;1 1783.95 447.995 36.7 87.27 90.1;1 1913.575 491.13 12.85 43.2 0;2 230.005 451.845 83.65 33.29 0;4 950.135 1040.46 34.47 79.08 0;5 913.56 550.085 58.14 242.75 359.56
v_bn0q4d649g_0000,1 119.535 374.72 77.45 32.6 0;1 192.43 469.3 84.6 31.44 0;1 343.86 464.24 79.5 28.4 0;1 340.19 257.31 29.62 77.4 270;1 435.14 362.77 85.94 35.18 0;1 498.135 465.655 81.21 33.61 0;1 567.975 415.07 76.39 27.8 0;1 673.1 367.075 75.82 28.03 0;1 675.935 409.97 65.85 26.18 0;1 801.795 286.115 74.13 28.07 0;1 923.55 1045.495 28.46 68.99 0;1 1068.33 295.555 74.14 28.07 0;1 1140.12 245.03 79.92 34.7 0;1 1175.74 294.46 82.66 30.32 0;1 1174.905 204.96 71.35 31.92 0;1 1246.23 246.13 83.04 31.38 0;1 1281.605 194.77 76.63 28.5 0;1 1330.145 294.735 78.99 29.19 0;1 1354.95 239.5 79.76 31.04 0;1 1457.185 241.09 79.35 32.9 0;1 1524.03 293.105 89.76 36.25 0;1 1655.8 238.425 80.82 31.67 0;1 1670.805 188.905 82.61 36.65 0;1 1701.26 280.915 86.54 35.05 0;1 1798.305 279.285 88.53 32.55 0;2 648.065 469.745 120.47 30.43 1.8;2 951.915 201.23 94.11 36.64 0;2 1561.46 194.17 100.7 36.64 0;2 1886.25 183.62 67.5 39.4 0;2 1886.68 282.48 66.64 41.04 0;7 444.37 413.175 110.4 32.75 0;7 722.94 130.79 31.4 100.56 298.0429;7 1423.515 187.765 119.95 39.97 0;9 337.925 391.65 43.45 9.2 0;9 641.93 431.91 36.8 11.2 40.1857;9 694.68 441.81 34.8 10 0;9 1522.565 169.385 42.83 12.37 353.7;9 1746.285 178.085 42.83 12.37 355.6
v_bqgta1qpew_0000,1 539.14 489.03 75.32 33.82 0;1 550.335 1018.325 85.53 37.79 1.89;1 914.535 926.22 38.17 86.5 0;1 925.525 1035.13 32.35 77.3 0;1 966.08 984.595 33.82 76.87 0;1 967.185 881.62 35.25 85.9 0;1 1083.315 274.045 82.49 36.67 0;1 1265.59 448.69 76.06 30.52 359.9;1 1858.05 421.6 86.24 34.66 359.9;2 678.53 442.26 99.1 33.3 1.17;2 864.09 497.04 98.14 37.92 0.3;4 297.345 480.77 85.39 33.78 0;7 983.46 437.185 142.8 46.25 0;7 1592.115 421.455 117.77 47.93 358.9;7 1675.915 478.03 156.77 45.76 359
v_bri1mjtu84_0000,1 7.655 410.955 15.31 34.35 0;1 163.085 418.78 79.47 32.78 0;1 314.73 465.23 78.7 33.56 0;1 447.12 414.985 87.3 32.71 0;1 473.92 513.765 86.04 32.93 0;1 576.82 463.395 81.98 34.59 0;1 577.08 413.845 81.98 31.79 0;1 686.46 474.945 87.8 33.83 0;1 700.6 421.08 79.16 32.68 0;1 735.38 519.9 94.4 31.8 0.36;1 838.61 813.69 71.88 29.36 161.2;1 930.025 751.185 81.61 30.71 89.6;1 930.17 1069.325 12.62 21.35 90.1;1 1008.3 924.08 32.08 71.8 0;1 1008.955 1049.75 31.93 60.5 0;1 1011.825 791.455 34.17 83.39 356.61;1 1052.955 721.43 34.95 83.2 356.34;1 1349.725 296.67 75.97 34.3 0;1 1524.96 244.6 84.96 35.34 359.86;2 1222.33 297.055 87.76 38.71 0;4 1061.64 922.32 31.94 75.76 358.6;4 1520.715 161.2 95.75 39.06 0;4 1544.66 294.905 106.36 39.29 0;9 233.125 485.23 50.27 11.58 0;9 453.47 448.55 44.12 15.9 0;9 1192 231.265 38.92 18.03 0
v_bst0ifl4rr_0000,1 375.24 524.945 38.34 88.21 88.4;1 963.57 48.035 40.46 93.87 0;1 968.61 609.79 36.04 87.32 1.1;1 1003.03 372.78 37.72 81 0;1 1014.555 575.29 37.91 86.14 357.1;1 1014.73 192.87 37.34 88.2 0;1 1016.005 57.845 33.37 77.39 0;1 1322.835 486.83 89.59 38.74 3.2;1 1366.94 534.52 96.94 38.22 0;1 1682.18 480.3 94.8 37.5 0;4 1249.575 527.85 88.47 34.42 3.3
v_bvci6cy9sf_0000,1 940.96 399.18 96.92 41.4 325.52;1 970.415 750.04 42.39 91.1 0;1 1104.265 522.64 89.61 39.56 0;1 1709.415 517.835 89.33 39.13 0;8 554.94 463.62 62.34 27.36 0
v_bw452p90sg_0000,1 50.45 452.24 100.9 38.78 0;1 457.77 454.36 106.7 40.3 0;1 749.305 513.28 98.15 37.1 0;1 768 453.195 97.64 40.77 0;1 909.825 325.355 90.13 36.49 294.46;1 941.79 121.4 42.62 92 0;1 1462.255 451.585 93.37 37.67 0;1 1783.22 538.795 93 35.53 0;2 1836.97 453.62 71.92 31.16 0
v_bzgxoanxvr_0000,8 1708.03 491.635 66.12 22.55 0;9 192.415 462.97 51.65 16.6 18.58
v_c3fcac99gs_0000,1 49.78 386.57 87.5 33.18 0;1 69.9 483.415 92.4 34.55 0;1 122.51 436.6 91.3 34.54 0;1 164.45 1029.795 86.66 37.27 0;1 234.37 394.615 85.4 35.63 0;1 291.645 443.605 104.71 37.79 0;1 299.44 486.575 82.6 34.05 0;1 328.855 394.755 83.99 34.31 0;1 399.59 488.19 82.86 33.7 0;1 429.175 446.685 82.37 35.23 0;1 436.72 388.965 86.44 34.63 0;1 505.575 487.03 86.01 35.9 1.9;1 521.015 440.255 86.05 35.11 1.1;1 533.955 390.36 78.55 33.38 1.2;1 536.63 1028.255 77.74 35.87 0;1 619.43 485.095 82.8 34.71 359;1 637.96 387.925 84.2 33.17 1.4;1 645.74 436.49 83.6 34.94 0.7;1 1053.195 228.355 89.31 39.45 0;1 1079.495 276.315 81.43 37.35 0;1 1090.89 83.11 93.78 42.32 359.3;1 1134.55 140.925 81.48 37.11 0;1 1189.38 278.925 82.2 36.89 0;1 1297.605 272.89 80.91 37.9 0;1 1308 131.615 85.8 40.51 0;1 1380.665 278.145 70.23 33.45 0;1 1430.975 321.685 90.73 37.11 0;1 1461.93 222.085 92.7 35.77 0;1 1487.155 263.41 88.45 36.68 0;1 1580.105 218.12 91.53 34.5 0;1 1731.185 276.49 94.33 39.64 2.8;2 36.4 241.11 72.8 37.2 359.5;2 1311.12 222.97 109.76 42.4 0;2 1692.65 219.91 112.04 42.7 0;4 1274.38 322.445 84.82 37.35 0;4 1560.825 316.86 99.97 39.8 0;5 1864.415 259.42 111.17 57.96 0;7 177.35 490.43 110.98 34.84 0;7 1105.685 318.795 102.23 42.39 0;7 1600.87 261.88 120.52 47.96 0;9 224.685 463.76 43.31 12.1 4.2;9 224.325 206.04 36.29 12.3 0;9 586.04 418.855 38.42 12.29 2.1;9 1732.14 309.86 44.42 14.88 0
v_c4o4wdri32_0000,1 986.88 118.28 104.6 32.2 263.4;1 975.75 839.65 40.5 101.1 0;1 1002.75 704.355 32.9 89.97 10.025;3 888.04 523.76 184.88 60.24 0;7 8.425 506.535 16.85 32.51 0;8 848.225 445.75 66.43 31.5 351.113;9 1617.81 523.53 52.24 17.7 0;9 1695.66 487.86 54.5 18.2 0
v_c5xmx76gpy_0000,1 54.08 387.72 87.5 33.18 0;1 63.075 442.805 83.49 34.05 0;1 71.83 483.02 92.4 34.54 0;1 191.9 1018.405 96.66 37.97 0;1 194.105 438.1 90.05 35.3 0;1 238.3 394.945 85.4 35.63 0;1 294.525 443.425 104.71 37.79 0;1 302.14 486.645 82.6 34.05 0;1 331.175 394.755 83.99 34.31 0;1 401.79 487.48 82.86 33.7 0;1 430.795 447.02 82.37 35.22 0;1 434.895 1026.745 83.11 37.73 0;1 437.82 389.025 86.44 34.63 0;1 510.265 486.665 86.01 35.89 1.9;1 522.9 439.49 82.92 32.06 1.1;1 534.555 390.46 78.55 33.38 1.2;1 539 1026.14 77.74 35.88 0;1 584.575 107.36 93.77 42.32 357.5;1 620.61 484.965 82.8 34.71 359;1 638.695 388.26 84.21 33.16 1.4;1 646.7 436.49 83.6 34.94 0.7;1 808.825 178.445 84.03 35.77 16.7;1 1078.775 276.255 81.43 37.35 0;1 1123.48 141.455 81.48 37.11 0;1 1190.495 279.765 82.21 36.89 0;1 1235.25 132.915 85.8 40.51 0;1 1296.13 273.39 80.92 37.9 0;1 1379.675 278.3 70.23 33.44 0;1 1430.975 321.84 90.73 37.12 0;1 1447.14 222.15 91.8 35.64 0;1 1485.705 263.785 88.45 36.67 0;1 1577.985 218.92 91.53 34.5 0;1 1730.4 276.885 94.34 39.65 2.8;2 1248.175 225.245 109.75 42.39 0;2 1691.125 220.47 112.03 42.7 0;4 1273 323.25 84.82 37.36 0;4 1556.845 317.13 99.97 39.8 0;5 1860.08 259.42 119.84 57.96 0;7 181.19 490.625 110.98 34.83 0;7 1105.725 320.055 102.23 42.39 0;7 1599.78 262.55 120.52 47.96 0;9 246.445 464.92 43.31 12.1 4.2;9 587.12 418.665 38.42 12.29 2.1;9 1474.12 290.95 44.42 14.88 359.9
v_c7gtxc0fr8_0000,1 183.16 483.925 116.9 40.79 0;1 678.28 479.055 101.44 44.97 0;1 848.675 550.755 101.17 42.33 1.84;1 892.645 376.165 89.67 36.37 298.7286;1 918.985 1022.19 39.81 91.38 0;1 919.625 841.86 36.29 86.8 0;1 957.25 16.265 36.5 32.53 358.2;1 986.41 771.88 39.36 111.5 358.5;1 992.215 1043.6 36.87 72.8 0;1 1001.615 532.475 37.67 89.69 2.05;1 1616.07 523.385 89.96 37.17 357.1;1 1720.605 482.675 90.19 40.01 0;1 1828.615 479.98 94.45 37.2 359.5;1 1859.66 551.07 39.08 96.1 86.9;1 1906.345 485.61 27.31 38.92 358.8;2 959.135 218.465 93.51 38.51 273.72;4 1485.195 537.645 97.95 36.13 358.4;7 470.59 488.885 127.58 44.85 0.4;7 967.92 391.06 120.62 44.82 295.5
v_c7xy4ahz0j_0000,1 949.695 846.795 84.11 34.69 275.6;1 934.095 761.67 33.69 81.72 0;1 945.815 89.22 37.45 89.98 0;1 951.255 993.07 40.57 96.74 0;1 998.705 629.61 86.11 36.12 316.3;1 1002.325 952.485 35.05 86.77 0.9;1 1059.155 564.375 86.39 34.59 358.6;1 1076.505 498.475 88.07 35.19 357.6375;4 981.085 760.76 82.39 38.2 277.6607
v_ca7b18u789_0000,1 71.39 62.645 76.9 34.75 0;1 277.24 1006.685 81.2 34.01 0;1 384.41 471.275 83.46 31.47 0;1 850.755 618.395 72.81 33.63 87.95;1 913.08 860.27 31.42 79.1 0;1 965.53 805.315 33.74 78.65 0;1 1253.45 427.58 79.08 32.84 0;1 1360.67 369.705 80.64 35.53 0;2 402.83 431.405 103.84 35.31 357.4;2 527.145 471.915 98.79 32.83 0;2 658.76 440.5 111.66 38.12 11.4;2 1054.005 206.845 95.67 38.27 0;7 528.22 419.585 119.04 40.79 0;9 796.405 364.06 39.93 10.6 0
v_cav4yuf2nt_0000,1 97.835 492.62 89.97 39.34 0;1 725.605 526.345 89.55 36.21 0;1 853.815 558.725 90.71 34.97 351.93;1 937.58 796.815 86.04 36.09 270.8;1 911.98 438.085 34.76 79.95 20.26;1 944.995 1006.035 82.23 34.97 269.2;1 942.155 899.315 33.99 89.65 0;1 991.955 950.08 86.43 38.9 270.4;1 1000.425 728.31 89.77 39.28 275;1 990.72 843.975 34.22 87.51 0;1 1200.525 547.885 90.51 35.35 355.6;1 1326.125 507.605 89.23 39.99 4.6;1 1720.285 565.74 98.15 37.56 356.1;1 1797.89 519.415 95.52 38.03 0;7 994.525 611.615 42.17 103.15 355.3;9 898.295 272.4 13.89 39.38 0
v_cb4gcwzz7q_0000,1 514.645 535.41 87.99 36.84 0;1 962.32 47.22 40.46 94.44 0;1 969.2 224.345 34.7 88.21 8.96;1 1004.73 545.13 39.18 93.1 1.9;1 1011.895 139.68 36.95 92.64 356.68;1 1026.46 24.21 36.02 48.42 0;1 1084.115 476.705 86.07 34.99 358.4;7 1016.8 704.285 39.14 92.47 0
v_cbg48cgm1n_0000,1 282.035 550.445 85.51 30.47 0.5;1 665.26 512.205 30.5 84.23 83.5;1 979.675 1008.075 78.31 31.55 269.1;1 976.92 309.04 29.54 71.24 10.3615;1 1006.11 83.17 31.3 79.7 1.6;1 1031.26 204.885 31 81.91 356.2769;1 1563.24 500.11 80.66 29.32 0;7 1004.5 493.355 178.08 52.23 0
v_cbrd8irjjf_0000,1 637.66 1061.93 73.62 36.14 5;1 909.205 886.51 35.85 86.44 0.0651;1 909.645 999.98 32.91 81.16 0;1 953.865 987.325 30.39 82.41 0;1 964.395 872.95 33.57 75.38 0
v_cbyg1lbnjg_0000,1 29.85 490.59 59.7 41.42 0;1 639.45 488.16 87.2 33.9 0;1 998.945 134.985 94.41 34.01 256;1 1564.575 496.01 104.79 38.88 2.4;8 1014.035 554.965 83.75 33.09 0;8 1379.52 526.68 63.7 26.6 0;8 1455 571.22 66.76 26.8 0;9 497.38 534.31 55.2 11.9 0
v_cdn8rl7l9y_0000,none
v_cec6zlvav9_0000,none
v_cfndd2jaqp_0000,none
v_cfx26gf5ih_0000,1 279.98 603.695 35.7 77.81 110.61;1 924.87 462.42 84.78 39.02 134.1;1 959.72 49.86 40.46 96 0;1 1006.18 50.29 37.9 89.8 0;1 1014.72 200.96 33.34 87.92 0;1 1217.775 520.085 86.07 36.23 359.1;1 1337.41 472.64 90.22 37.5 0;1 1354.06 525.915 89.88 35.91 358;1 1728.435 500.55 97.09 37.46 0;4 993.505 335.35 36.67 93.32 2.4
v_chaotq9tlh_0000,1 1003.355 734.415 34.15 90.79 0;7 921.93 542.25 38.86 122.56 308.78
v_chlul5xlyf_0000,none
v_cigtcgy9ck_0000,1 463.87 541.215 37.32 84.79 89.3;1 902.735 541.135 82.79 36.57 352.27;1 930.175 214.42 37.45 85.12 0;1 931.585 428.73 35.87 86.1 0;1 938.58 934.71 34.5 77.54 0;1 992.345 910.685 34.93 78.17 0;1 1222.9 543.825 83.86 36.51 354.9;1 1243.605 488.865 87.27 37.57 0;1 1883.92 524.19 72.16 34.04 0
v_cirth50shb_0000,1 38.25 551.675 76.5 40.55 0;1 51.22 495.575 96.96 36.25 0;1 130.13 552.545 102.02 37.15 0;1 187.98 495.11 100.84 37.6 0;1 310.93 493.81 98.14 37.78 0;1 443.975 552.235 93.65 37.87 0;1 459.61 489.945 102.02 40.55 0;1 632.585 491.845 102.01 40.55 0;1 750.07 499.445 82.46 40.55 0;1 914.075 366.545 37.15 100.43 8.7;1 961.295 957.715 95.63 34.47 270.6;1 997.035 606.04 89.17 30.66 290.2;1 972.29 96.375 31.38 87.05 0;1 1082.055 547.325 95.63 34.47 0;1 1100.665 495.3 95.63 34.46 0;1 1260.575 552.8 95.63 34.46 0;1 1330.675 501.325 95.63 34.47 0;1 1481.815 553.895 95.63 34.47 0;1 1496.055 492.015 95.63 34.47 0;1 1693.745 558.825 95.63 34.47 0;1 1735.985 502.065 95.63 34.47 0;1 1897.965 561.555 44.07 35.09 0;3 648.405 555.13 54.51 190.62 90;3 954.15 499.285 59.12 247.01 8.1;9 1005.365 702.765 12.71 35.53 0;9 1826.18 588.29 34.78 15.18 0
v_ciugrp2o9m_0000,1 821.635 533.715 85.81 35.83 0;1 950.615 844.105 84.11 34.69 275.6;1 934.765 753.025 33.69 81.73 0;1 945.015 1061.72 38.25 35.92 270;1 953.605 959.09 40.57 95.52 0;1 1007.035 620.87 86.11 36.12 321.7;1 999.58 1067.58 36.54 24.76 359.4;1 1002.15 951.715 35.04 86.77 0.9;1 1188.47 531.39 81.8 34.9 0;1 1334.555 530.385 86.39 34.59 0;1 1592.025 493.195 93.05 35.19 0;4 981.96 759.665 82.4 38.19 278.1;9 914.93 975.98 13.7 43.12 0.4
v_ckqfkwa4nl_0000,1 24.795 457.625 49.59 33.11 0;1 30.41 503.73 60.82 34.7 0;1 86.36 455.39 79.2 31.28 0;1 154.6 502.78 89.9 34.14 0;1 183.46 454.16 84.4 34 0;1 285.685 454.2 79.53 31 0;1 323.855 504.69 83.49 34.76 0;1 371.675 458.06 79.11 32.22 0;1 383.85 407.775 91.4 36.29 0;1 415.89 511.29 83.84 30.98 0;1 474.095 465.04 80.01 30.32 358.2435;1 504.26 409.645 79.9 32.87 0;1 520.56 513.25 82.1 31.06 0;1 628.435 412.685 95.67 33.61 0;1 628.235 464.365 82.07 32.45 0;1 680.19 511.69 90 31.72 0;1 808.805 466.295 80.25 34.77 358.33;1 852.52 511.86 71.88 29.36 7.48;1 896.925 416.845 78.57 33.17 0;1 1017.335 346.24 76.59 34.16 0;1 1028.735 296.635 70.99 33.11 359.2;1 1017.65 923 34.18 83.4 0;1 1056.61 905.3 34.94 83.2 0;1 1148.94 298.82 79 31.72 0;1 1279.63 299.975 79.9 32.23 0;1 1351.27 343.35 84.38 32.4 0;1 1507.075 295.13 108.77 37.8 0;1 1502.115 342.675 85.99 35.21 359.2;1 1505.1 248.08 84.92 34.98 0;1 1609.68 343.315 88.68 35.53 0;1 1645.685 237.81 103.05 39.02 0;1 1717.11 345.775 91.98 31.79 0;4 46.26 411.28 92.52 39.78 0;4 155.03 404.945 84.14 30.83 0;4 261.235 409.055 89.35 32.53 0;5 1353.02 243.575 175.02 54.13 0;5 1820.165 234.1 199.67 50.88 0;7 1762.94 289.62 301.8 51.28 0;7 1853.705 340.175 132.59 41.41 0;9 247.87 509.88 40.8 12.54 359.6;9 366.005 530.67 44.27 14.3 0;9 596.015 526.89 37.71 13.32 17.4571;9 704.06 151.14 14.16 38.22 295.12;9 827.11 252.105 47.92 19.85 359.6;9 1124.515 410.175 41.77 16.05 0.5;9 1180.295 446.315 39.27 11.25 0;9 1294.43 518.83 35.52 14.8 0.4;9 1362.56 462.19 38.18 12.24 358.7;9 1370.39 314.02 46 16.28 0
v_cm8yrkli6i_0000,1 75.695 1027.355 84.57 35.89 0;1 90.205 387.295 81.19 31.39 0;1 320.385 316.14 81.01 34.22 0;1 332.155 430.56 83.31 30.72 0;1 357.92 133.28 85.18 38.58 0;1 402.88 1021.86 80.78 36.32 0;1 457.995 273.545 84.97 37.97 359.4;1 491.01 484.315 81.16 30.29 0;1 512.21 434.09 83.7 32.4 0;1 583.975 307.365 78.19 34.93 0;1 603.935 384.555 87.53 33.17 0;1 649.54 482.115 76.28 32.73 0;1 695.83 435.11 68.5 27.16 0;1 798.13 273.695 79.68 33.99 0;1 843.635 1047.025 65.53 33.55 92.2;1 850.03 744.105 75.26 33.41 88.6;1 875.31 433.19 88.3 34.22 0;1 878.75 384.385 78.88 34.37 0;1 993.885 220.53 79.47 37.26 0;1 1098.15 385.045 83.48 35.03 0;1 1121.68 216.34 86.6 41.3 0;1 1149.2 435.07 77.4 29.5 0;1 1229.545 218.375 90.91 35.47 0;1 1470.26 210.525 88.7 32.93 0;1 1526.465 271.125 91.43 39.19 0;1 1557.58 434.365 85.54 35.03 359.5;1 1630.005 225.17 104.19 38.7 353.06;1 1640.51 385.495 80 33.43 0;1 1802.25 305.185 91.06 37.91 0;1 1861.315 420.635 92.77 34.27 0;1 1878.7 373.82 82.6 32.76 0;4 30.64 484.455 61.28 34.05 0;4 118.58 434.405 84.64 33.83 0;4 258.995 485.955 85.57 30.83 0;4 842.465 933.69 76.65 32.26 90.5;4 1064.74 271.93 88.52 35.62 0;7 159.575 262.335 109.89 47.29 0;7 896.99 479.135 118.1 41.99 0;7 1356.535 211.675 112.97 47.07 0;9 819.8 710.3 36.2 10.78 93.88;9 827.025 618.88 31.37 10.66 90.2;9 868.635 630.835 35.51 10.33 87.48
v_cmduq2oh71_0000,1 180.38 499.25 103.6 37.1 0;1 477.26 454.955 107.24 40.77 0;1 669.58 455.05 92.42 36.5 0;1 898.355 451.37 93.37 37.66 0;1 952.235 614.74 39.79 89.7 0;1 955.56 40.345 38.8 80.69 0;1 1782.27 538.1 93 35.54 0;2 1167.285 449.095 65.37 31.17 0
v_cmm4cu39sg_0000,8 1469.72 488.515 66.12 22.55 0
v_cqfmzef0io_0000,1 359.07 453.71 99.04 38.54 0;1 537.04 511.485 107.94 44.13 0;1 745.805 460.135 79.75 36.09 0;1 899.095 576.15 42.33 88.4 0;1 901.105 1038.55 38.59 82.9 0;1 963.08 716.48 35.2 90.2 0;1 967.895 595.165 42.31 92.91 0;1 972.925 873.15 38.31 92.8 0;1 1027.055 519.27 89.75 36.08 0;1 1057.345 449.89 93.51 39.64 0;1 1203.535 487.65 40.21 89.1 81.425;1 1435.165 463.02 92.21 37.32 0;1 1674.945 449.415 89.47 40.13 0;1 1784.285 540.33 92.99 35.54 0;1 1813.66 483.375 88.34 38.99 0;1 1906.22 534.985 27.56 38.27 0
v_cqxc4611gu_0000,1 28.81 516.02 33.46 59.1 89.4;1 574.735 536.705 38.33 82.77 89.04;1 967.36 47.435 42.52 94.87 0;1 1016.83 972.175 84.98 36.53 272.5;1 1029.57 551.51 37.08 88.96 0;1 1133.03 526.75 90.94 37.64 2;1 1228.05 479.65 95.18 36.4 0.3;1 1294.25 523.78 90.04 38.84 349.18;1 1418.34 513.975 86.52 32.99 358.5
v_cs67wr28oo_0000,1 297.97 613.705 35.7 77.81 90.1733;1 479.56 515.37 86.58 39.02 178.8;1 961.125 47.315 40.45 94.63 0;1 985.02 290.465 37.9 89.81 5.72;1 1001.535 594.8 33.35 86.26 357.58;1 1007.075 127.57 38.37 89.72 3.7;1 1083.725 511.93 86.07 36.24 1.8;1 1210.835 524.5 89.89 35.9 359;1 1336.765 515.625 97.09 37.45 358.58;1 1341.745 471.29 90.21 37.5 0;1 1473.645 521.48 99.85 37.12 358.32;1 1710.88 489.86 90.52 38.12 0;4 986.685 846.47 34.83 88.04 359.4;9 1623.7 537.24 46.08 13.6 358.3;9 1889.525 499.34 49.85 13.78 0
v_cu5vdgw0o4_0000,1 130.31 494.32 89.98 39.34 0;1 521.84 535.83 82 36.74 358.8;1 918.025 407.18 36.91 83.12 18.8;1 934.64 253.9 38.04 86.6 0;1 963.265 759.395 82.23 34.97 284.88;1 944.61 551.575 33.98 82.67 0;1 958.17 1039.06 40.8 78.8 0;1 987.1 210.65 36.94 84.38 0;1 1160.72 554.155 85.54 36.49 353.42;1 1573.035 516.355 93.05 34.47 0
v_cvp7tdcwa2_0000,1 942.645 546.94 52.41 94.6 314.8
v_cvxg0ipw1y_0000,1 11.9 512.985 23.8 31.21 0;1 168.115 120.7 76.25 35.34 0.5;1 180.94 420.995 87.68 36.81 0;1 197.205 467.58 80.31 34.78 0;1 213.43 518.605 86.52 32.25 0;1 425.505 420.86 75.67 32.98 0;1 502.305 466.32 86.11 32.32 0;1 533.13 520.41 83.18 32.06 0;1 618.01 416.28 80.7 29.48 0;1 670.35 465.495 83.6 33.61 0;1 741.3 516.365 86.7 32.39 0.32;1 769.615 420.01 84.25 32.48 0;1 837.58 815.59 71.88 29.36 161.2;1 837.34 467.925 69.84 30.21 0;1 878.155 513.795 82.59 32.91 0;1 912.055 863.025 79.95 32.93 91.8;1 1016.495 1026.615 31.45 86.25 0;1 1016.9 912.515 26.8 75.87 0;1 1063.25 1008.85 32.6 83.5 0;1 1062.505 906.85 29.85 87.18 0;1 1183 467.09 77.68 29.32 0;1 1188.475 421.49 85.89 32.7 0;1 1441.545 731.665 82.15 33.83 63.94;1 1597.88 416.59 83.6 33.42 0.1;1 1677.82 524.255 84.4 32.71 0;1 1886.45 418.345 67.1 34.35 359.4;4 993.21 413.835 77.66 30.03 1.05;4 1019.39 474.73 79.74 31.04 3;4 1205.15 517.515 83.4 30.71 0;4 1743.315 466.8 76.29 30.2 359.4;7 1401.38 468.71 102.2 34.36 0;9 1493.74 503.275 43.9 14.37 0
v_cwux2pnn27_0000,1 188.405 459.585 100.81 38.01 0;1 310.72 471.93 103.6 43.96 0;1 477.29 462.905 97.3 37.37 0;1 653.91 467.56 96.04 41.48 0;1 867.395 393.645 93.49 39.33 308.22;1 869.53 615.51 37.16 94.84 0;1 874.715 1002.665 36.97 85.13 0;1 880.605 177.655 36.29 93.09 0;1 884.98 756.685 37.94 91.21 0;1 934.785 903.8 43.63 90.2 0;1 940.52 555.355 40.3 92.93 0;1 948.63 764.89 37.28 89.88 0;1 1300.085 447.255 89.09 36.21 0;1 1643.715 516.06 84.75 34.68 0;9 474.36 530.61 47.62 12.82 0;9 977.205 950.46 14.87 47.32 0
v_cxcct50x0i_0000,1 32.69 461.33 65.02 31.6 0;1 188.955 364.87 76.79 30.7 0;1 271.61 1029.485 79.94 27.11 333.3;1 288.69 459.98 82.28 31.9 0;1 311.71 410.64 97.48 30.9 0;1 317.31 302.1 85.7 33.52 0;1 438.52 411.44 74.1 30 0;1 441.945 366.99 71.57 27.2 0;1 476.18 462.09 76.5 28.9 0;1 564.015 408.16 82.19 31.5 0;1 609.06 460.02 79.1 29.8 0;1 722.53 446.765 84.9 30.47 351.5;1 736.68 366.72 84.4 33.2 0;1 833.63 1001.26 85.6 29.1 91.9;1 855.79 252.65 84.8 32.8 0;1 923.23 917.88 28.7 73.3 0;1 924.79 1050.7 30.4 58.6 0;1 967.375 861.575 31.07 70.19 0;1 1006.12 196.36 82.3 33.2 0;1 1161.97 208.16 79.4 30.6 0;1 1194.31 252.47 83.1 33.8 0;1 1245.98 298.95 85.9 32.8 0;1 1343.115 191.41 74.81 34.98 357.4;1 1378.65 239.375 80.1 32.53 0;1 1578.07 400.145 79.8 28.79 0.3;1 1691.685 351.81 77.05 29.7 0;1 1776.66 280.82 97.42 36.82 0;1 1892.415 181.615 55.17 34.79 0;1 1896.07 275.575 47.86 28.93 0;2 25.925 374.98 51.75 31.7 0;2 777.44 201.82 106.5 40.5 0;2 821.98 296.635 81.62 32.15 0;2 885.86 403.22 98.7 30.3 2.2;2 1634.64 187.46 103.84 31.4 359.8;7 90.73 409.47 115.34 32.8 0;7 310.355 105.355 97.07 35.17 359.1;7 336.09 243.425 123.5 35.59 0;7 580.82 239.855 114.42 33.07 0;7 831 503.655 122.74 43.21 52.3353;7 1742.965 230.195 173.07 48.57 0;9 72.21 72.58 31.4 7.5 1.9;9 378.14 474.44 40 8.2 2.8;9 1198.15 374.34 45 10.5 1.1;9 1362.07 471.34 42.64 9.2 356.4;9 1459.03 176.89 38.5 11.5 354.4
v_cydyt6lv4o_0000,1 1615.21 445.635 75.4 32.39 0;1 1667.855 564.265 36.85 90.67 102.5;1 1877.27 497.925 85.28 40.47 2.6;4 402.245 457.365 89.97 34.97 0;5 467.555 524.745 175.47 51.05 0
v_cys92jyib5_0000,1 1443.565 515.05 105.11 52.56 0
v_d0gty6z8ns_0000,1 777.175 480.83 94.39 33.4 0;1 904.49 1043.45 33.78 73.1 0;1 904.94 884.555 34 88.29 0;1 955.56 1027.24 39.1 89.88 351.5;1 962.855 749.68 36.03 95.9 5.3;1 985.305 940.275 32.43 84.67 0;1 1228.025 494.825 91.91 36.91 0;1 1494.78 553.14 33.5 91.52 89;1 1560.13 495.4 113.24 39.82 0;1 1678.715 505.51 96.53 35.66 0;1 1741.61 551.045 98.24 38.07 0;1 1794.375 510.5 90.45 33.7 0;1 1853.945 568.36 92.55 32.52 1.2;1 1890.07 503.96 59.86 35.16 0;3 768.865 539.23 163.13 41.68 2.8;7 909.445 642.06 34.39 111.94 2.8875;7 910.235 401.19 32.45 116.08 3.4;8 973.28 531.88 28.7 72.26 0;9 1314.645 579.555 43.13 12.91 0
v_d0p6z84dd0_0000,1 370.71 463.26 91.74 37.68 0;1 972.365 213.35 42.21 92.7 0;1 1003.31 494.535 89.96 41.75 0;1 1085.42 567.465 34.56 85.67 63.1;1 1707.935 535.795 37.17 90.89 90.9222;1 1754.125 476.025 95.33 39.59 0
v_d1ix3aoh5r_0000,1 457.885 503.285 77.47 30.43 0;1 569.32 510.18 83.92 34.52 0;1 718.77 402.66 81.34 32 0.9;1 838.045 804.93 71.89 29.36 161.2;1 877.365 116.46 77.49 33.16 358.5;1 924.935 951.26 73.69 31.94 88.8;1 936.95 419.61 76.02 32.84 2.9;1 1005.63 1018.665 32.08 71.79 0;1 1018.755 926.865 34.17 83.39 0;1 1057.765 908.46 34.95 83.2 0;1 1196.405 469.15 73.01 32.08 0.58;1 1737.515 515.115 81.07 32.87 359.5;4 913.01 526.845 98.38 36.23 6.4;4 1062.76 1011.53 31.94 75.76 0;7 234.69 452.69 138.38 43.48 0;7 692.475 458.075 162.55 55.03 0;7 1660.33 457.505 175.02 47.47 0;8 1053.715 405.17 51.93 26.7 0;9 756.58 527.3 42.56 13.44 0;9 791.895 511.16 44.79 14.08 0.6;9 1231.475 516.83 38.95 15.12 4.56
v_d2cox9xesb_0000,none
v_d2p0at8zjk_0000,1 224.695 462.14 78.19 29.58 0;1 923.29 1019.1 30.4 76.6 0;1 925.78 924.41 28.7 73.3 0;1 968.895 866.715 31.07 70.19 0;1 977.535 969.85 29.11 79.1 0;1 1631.4 414.95 72.6 29.1 0;2 869.78 461.96 107.82 35.8 0;9 997.13 773.105 9.64 36.99 359.1;9 999.215 850.73 10.69 37.38 359.156
v_d4s08f8kyr_0000,1 8.58 500.845 17.16 8.15 91.5;1 376.195 515.43 77.11 29.32 358.3;1 751.78 492.405 32.4 87.33 81.4429;1 933.83 423.805 29.4 78.13 34.3714;1 1010.24 17.7 33 35.4 0;1 1142.445 552.275 74.85 31.59 348.6071;1 1320.705 496.37 89.33 30.9 358.2;1 1452.515 496.25 86.03 28.46 357.6786;1 1671.525 489.04 93.01 33.56 0
v_d4tafb949u_0000,1 33.505 474.83 67.01 38.88 0.3;1 14.76 538.075 29.52 24.15 91;1 657.24 522.69 37.08 87.06 85.53;1 958.38 408.935 36.9 87.37 28.34;1 961.595 49.445 36.51 96.69 0;1 1008.04 960.25 85.9 35.5 268.6;1 991.76 254.445 33.82 83.39 8.56;1 1011.355 704.3 38.11 83.9 1.26;1 1018.37 94.28 38.86 92.28 0;1 1080.795 524.35 69.23 33.54 358.9;1 1294.02 514.74 92.34 38 0.3;1 1422.205 492.555 85.25 36.91 10.01;1 1679.765 478.91 94.57 37.5 0;1 1716.94 527.39 93.24 39.02 358.07;4 315.52 530.775 121.98 43.05 357.15
v_d6u9idqt00_0000,1 133.46 486.82 99.88 36.94 0;1 244.74 548.99 106.42 39.26 0;1 436.91 494.01 100.46 39.84 0;1 705.98 489.195 98.64 39.93 0;1 908.545 358.04 97.01 43.64 293.5;1 931.71 121.805 89.76 40.67 267;1 914.3 513.455 43.24 102.89 358.2;1 913.52 878.835 38.5 94.59 0;1 918.555 708.575 36.39 91.95 0;1 920.745 998.425 40.27 95.05 0;1 985.795 804.49 37.13 94.42 0;1 991.965 660.3 37.53 89.6 0;1 995.875 1005.97 44.51 100.7 0;1 1037.275 543.45 39.37 98.2 34.2;9 65.98 551.29 56.1 16.32 0;9 960.97 440.62 11.7 36.14 4.3;9 1547.745 504.58 39.95 11.5 353;9 1607.355 491.88 41.05 10.9 353.1
v_d7t9ngw30t_0000,1 893.545 353.835 84.25 38.55 289.54;1 905.98 891.92 40.9 93.12 0;1 907.825 747.52 40.79 86.2 0;1 907.39 565.54 38.58 89.98 1;1 960.32 691.24 35.12 93.78 0;1 967.32 848.565 36.64 94.09 0;1 971.685 552.57 38.31 92.8 0;1 978.525 1010.06 36.71 89.8 0;1 1185.5 519.87 101.4 44.14 0;1 1364.545 460.66 79.75 36.08 0;1 1594.115 452.185 42.31 92.91 89;1 1736.18 452.24 94.84 39.64 0;1 1775.755 500.525 89.75 37.17 0;1 1783.72 540.19 93 35.54 0;1 1883.415 453.38 40.21 73.1 89.6;1 1907.56 534.985 24.88 38.27 0
v_d895aaaupd_0000,none
v_d8dcwr4c6h_0000,1 295.5 471.91 89.72 35.48 357.5733;1 528.28 472.845 120.64 43.55 358.3533;1 1775.425 541.27 100.67 38.4 0;1 1901.45 489.9 37.1 38.28 0;3 836.62 526.485 213.44 57.89 5.1556
v_d93kakshvf_0000,1 28.825 470.515 57.65 35.01 2.4;1 795.865 513.41 38.05 89.62 71.12;1 965.78 45.395 40.84 90.79 0;1 991.155 827.9 88.07 37 275.74;1 988.62 309.26 38.56 91.1 10.2;1 1017.425 89.435 34.19 87.85 0;1 1120.225 537.54 90.65 35.4 357.1;1 1223.78 477.615 95.18 36.39 0.3;1 1513.32 500.695 95.58 37.97 357.92;1 1740.14 511.285 93.02 37.61 0;9 1047.29 434.375 15.44 49.17 0
v_daqso071ui_0000,1 543.25 480.095 103.72 42.71 0;1 713.395 481.375 85.27 38.87 357.4;1 906.05 407.765 94.7 40.33 318;1 918.185 938.11 37.43 96.04 0;1 931.145 1052.5 40.29 55 0;1 999.695 545.09 89.17 37.18 0;1 1159.655 487.315 84.19 40.01 0;1 1599.055 544.99 39.07 96.1 90;1 1661.04 481.12 93.5 37.2 359.5;1 1765.955 491.05 91.45 38.92 358.8;1 1865.095 479.18 93.63 39.18 358.9;2 372.59 482.635 110.92 41.99 0;4 525.61 543.275 104.92 39.69 0;7 75.14 522.72 150.28 47.16 1.7
v_dc11gl5xxe_0000,1 133.565 484.235 96.63 37.33 0;1 562.795 507.375 99.03 36.55 0;1 782.86 549.02 93.92 39.04 0;1 811.45 475.145 93.52 37.63 354.6
v_dcgc8us83o_0000,1 103.37 456.715 95.5 37.19 0;1 234.775 518.65 104.47 38.86 0;1 457.89 459.615 118.88 41.11 0;1 1316.98 465.41 90.04 33.66 0;1 1877.97 523.84 84.06 39.24 0;3 721.17 516.91 154.02 45.38 0;8 697.495 427.005 58.75 25.35 0;9 1625.155 461.105 41.41 14.19 0
v_dcjnznbgyl_0000,1 14.265 529.02 28.47 32.2 359;1 757.85 491.06 29.6 87.1 85.375;1 980.665 558.195 72.21 30.87 353.5;1 1011.1 915.885 32.24 79.39 0;1 1154.045 487.04 82.11 29.7 356.4;1 1168.19 541.44 83.3 31.9 351.65;1 1366.005 498.495 83.15 27.79 355.275;1 1860.23 501.11 82.4 26.46 0;9 854.65 466.35 9.92 39.12 62.5875;9 916.625 407.785 10.39 34.21 24.7625;9 933.3 502.375 34.54 11.43 347.5375
v_de89qf3qoo_0000,1 609.225 496.16 98.93 44.3 0;1 728.03 493.545 90.82 36.47 0;1 823.42 546.725 104.72 42.83 0;1 825.86 486.395 93.78 37.27 0;1 916.96 573.635 34.14 87.87 0;1 921.99 79.74 33.5 84.8 0;1 955.845 693 34.69 85.88 345.4;1 961.095 808.04 33.59 85.5 340.1;1 1003.04 496.095 102.7 40.79 0;1 976.57 935.825 37.36 91.81 0;1 1009.3 611.895 34.48 72.29 18.4;1 1080.3 547.74 98.5 36.5 354.8;1 1104.59 486.845 96.7 38.35 0;1 1214.41 496.12 96.4 42.92 0;1 1267.905 543.49 37.99 103.5 90.5;1 1320.94 494.655 96.24 38.79 0;1 1387.095 556.185 101.99 39.07 3.6;1 1420.06 500.21 98.88 38 1.2;1 1525.48 552.4 94.2 38.1 0;1 1565.825 511.635 93.21 37.35 358.2;1 1634.96 558.64 105.08 39.3 0;1 1666.88 507.82 89.04 36.18 0;1 1752.235 559.29 101.91 37.74 0.1;1 1793.49 503.17 101.1 36.24 359.1;1 1858.24 569.375 91.82 32.63 0;1 1889.87 503.035 60.26 36.25 0;9 851.79 582.7 45.4 19.7 0;9 869.295 782.74 15.27 36.64 347.8;9 1015.815 678.935 12.23 40.99 346.2677
v_dehdpg976n_0000,1 1006.04 504.54 102.48 49.92 0
v_dfalbm0mfs_0000,1 635.42 533.47 89.72 34.5 0;1 808 454.495 100.18 37.75 0;1 988.08 966.86 34.9 99.84 357.12;1 990.325 625.875 36.25 109.09 1.1;1 1043.04 662.715 38.6 96.47 23.8;9 1031.08 740.21 10.1 46.4 19.5
v_dfs0mpqa9g_0000,1 31.325 474.77 62.65 41.9 0;1 73.68 525.54 101.68 35.2 0;1 149.64 472.31 117.4 40.9 0;1 269.885 476.085 88.89 36.71 0;1 273.405 536.6 94.99 37.8 0;1 384.685 481.565 91.55 35.01 0;1 429.29 530.315 88.3 42.11 2.2;1 491.115 476.68 92.83 37 0;1 561.03 538.365 101.44 35.45 2.4;1 607.155 483.935 110.81 35.13 0;1 676.29 549.575 95.9 34.27 4.3;1 731.495 482.705 95.19 38.29 0;1 816.29 545.66 88.98 34.54 0;1 848.15 488.81 84.08 33.8 0;1 913.73 1046.75 36.44 66.3 0;1 922.17 641.67 31.2 94.3 3.7;1 927.875 899.21 37.21 92.6 0;1 932.15 101 36 97.1 0;1 932.74 290.44 30.3 86.7 0;1 974.23 1043.4 35.16 73.2 0;1 981.11 352.9 35.6 97.7 0;1 985.95 200.82 33.9 85.26 0;1 987.06 841.77 33.4 81.5 0;1 993.42 619.01 31.1 90.4 0;1 1376.38 552.27 35.8 91.1 91.1;1 1450.22 493.945 33.4 91.73 90.6;1 1575.465 569.725 101.17 38.17 1.3;1 1581.21 496.175 102.14 37.91 358.5;1 1743.47 500.745 89.7 34.85 0;1 1847.8 559.99 32.62 88 92.2;1 1877.565 498.595 82.45 36.91 0
v_dgjxzoy3uq_0000,1 495.79 583.3 34.94 89.74 86.9;1 556.33 517.635 35.6 88.63 89.4;1 793.93 543.025 86.52 31.19 355.2;1 906.47 473.315 30.5 83.51 34.3714;1 952.01 359.355 28.66 78.67 4.1286;1 967.34 135.935 38.2 92.23 0;1 1077.845 527.395 81.39 35.85 0;1 1218.67 552.58 89.38 33.6 359.3;1 1350.605 524.695 93.75 30.55 0
v_dhcy4nqxmn_0000,1 111.32 514.395 105.16 45.99 0
v_dj505i8aur_0000,1 660.995 552.165 95.71 39.89 0;1 792.63 476.045 103.4 38.91 0;1 1094.32 498.47 118 41.42 0;1 1703.59 499.59 87.2 33.9 0;9 997.11 963.91 13.8 48.7 0;9 1853.93 531.04 55.2 11.9 0
v_dkn85s7mij_0000,1 96.3 521.985 99.04 41.99 358.9
v_dl9s8yz1cg_0000,1 198.94 532.005 104.94 43.59 357.8;9 1736.7 606.225 42.68 20.99 26
v_dncbson0ar_0000,none
v_dnmntbkb2r_0000,1 190.26 514.57 32.4 87.34 89.1;1 430.09 527.88 29.4 78.14 84;1 961.02 395.98 33 86.02 22.7667;1 1026.335 728.79 74.85 31.58 281.475;1 1195.205 520.68 84.67 30.9 346.9864;1 1326.21 504.995 86.04 28.47 357.5;1 1460.195 492.955 93.01 33.57 0;1 1636.92 479.9 83.8 32.2 0;1 1886.35 500.03 67.3 30.86 0
v_dp3dwhfdws_0000,1 31.19 540.975 62.38 35.69 359.4;1 725.17 523.61 37.14 87.2 82.1333;1 984.055 868.925 37.41 83.77 0;1 1250.07 510.665 85.54 34.73 0;1 1734.435 485.61 90.33 36.52 0;1 1799.88 525.475 95.18 36.39 355.9667;9 1054.5 526.235 12.8 40.77 348.8
v_dp7u6lkn3b_0000,1 759.51 488.275 45 104.11 271.4;1 930.645 576.12 42.13 91.62 322.8;1 1812.165 519.92 148.43 50.32 349.49
v_dpweezpyhg_0000,1 114.21 369.95 79.8 28.78 0;1 262.135 107.745 32.91 91.79 268.2;1 292.19 466.43 79.1 29.8 0;1 412.95 465.755 84.9 30.47 0;1 449.395 359.45 77.05 29.7 0;1 482.615 209.61 28.11 72.06 270.1;1 521.33 466.47 85.6 29.1 0;1 626.755 465.8 77.53 30.12 0;1 658.59 413.35 81.8 31 0;1 737.86 240.81 30.9 78.8 294.6;1 920.52 516.81 28 74.62 355.6;1 1089.13 197.92 74.1 27.9 0;1 1101.14 296.01 79.1 29.1 0;1 1268.23 292.695 84.4 30.43 0;1 1366.43 192.38 82.3 33.2 0;1 1390.38 292.64 85.7 33.52 0;1 1485.42 239.37 84.8 32.8 0;1 1506.09 191.26 79.4 30.6 0;1 1605.97 236.23 83.1 33.8 0;1 1646.25 288.39 85.9 32.8 0;1 1684.84 449.115 26.9 76.97 89;1 1798.735 279.605 97.43 36.81 0;1 1797.36 178.81 74.8 34.98 0;1 1841.365 227.37 80.09 32.52 0;1 1850.9 91.92 83 35 0;1 1908.45 275.575 23.1 28.93 0;2 43.65 448.26 87.3 30.3 0;2 1019.385 106.595 85.07 26.81 358.6502;2 1214.83 191.125 106.5 40.51 0;2 1542.915 286.045 81.63 32.15 0;7 508.26 410.76 122.74 43.22 0;7 1166.73 236.785 123.5 35.59 0;7 1333.255 233.36 114.43 33.06 0;9 699.53 372.065 40.8 11.71 0;9 708.68 444.44 39.1 9.5 3.8933;9 1106.91 276.58 44.04 12.5 347.6;9 1162.19 56.74 31.4 7.5 357
v_dqlla9ezqy_0000,1 471.57 510.715 84.38 36.75 356.62;1 925.065 444.65 37.23 91.76 26.58;1 962.72 1054.92 34.64 50.16 0;4 1022.17 970.645 36.96 89.47 0;7 1016.975 754.27 105.93 40.08 282.08;9 1046.245 450.445 10.49 39.59 0
v_dricsnxpwm_0000,1 176.165 561.42 97.89 37.54 0.8;1 337.53 486.045 108.2 42.15 0;1 457.355 486.26 98.63 38.86 0;1 582.645 495.805 97.71 40.51 0;1 693.795 490.395 101.41 41.05 0;1 704.92 548.72 91.5 36.24 0.8;1 806.435 544.865 92.07 37.35 1.7;1 927.85 17.06 37.98 34.12 0;1 977.54 231.19 40.68 94.64 0;1 1045.62 530.91 36.54 82.96 34.2;1 1144.805 539.215 88.51 35.39 359.7;1 1139.67 492.29 36.84 87.82 81.6;1 1237.36 490.835 84.64 37.65 2;1 1260.675 561.75 87.81 37.8 0.9;1 1356.69 497.415 91.08 38.09 357.9;1 1364.565 446.395 95.15 41.45 358.1;1 1369.985 544.225 40.25 87.67 90.9;1 1460.545 493.83 91.67 38.98 358.5;1 1566.27 484.925 103.8 42.33 359.8;1 1625.055 529.785 89.95 37.17 356.3;1 1728.175 491.17 90.19 40 0;1 1833.4 489.05 91.6 37.2 359.5;4 210.88 481.325 122.08 40.43 0;4 1502.545 544.29 97.95 36.12 359;7 886.345 491.06 106.47 39.4 0;9 930.73 580.03 39.54 10.4 0.3
v_drmwv7yc7f_0000,1 647.51 467.93 102 41.42 0;1 790.91 474.23 99.84 38.98 0;1 902.265 1031.1 37.75 97.8 0;1 918.635 841.34 37.99 92.4 0;1 969.21 450.625 39.02 89.67 0;1 974.765 781.955 40.51 99.19 0;1 979.51 943.78 40.42 94 0;1 1168.275 457.29 74.55 33.9 0;1 1448.15 455.53 87.7 37.9 0;1 1558.165 453.965 99.63 42.01 0;1 1696.35 454.565 92.62 38.21 0;1 1817.28 459.675 94.42 35.77 0;1 1831.87 509.88 96.74 41.72 359.6;4 145.755 458.76 129.87 38.86 0;4 903.085 385 37.67 100.9 0;4 905.13 581.74 39.02 95.54 0
v_dwr4mu3gfh_0000,8 1240.305 525.15 66.13 22.56 340.2
v_dwrqjfch44_0000,1 12.875 415.835 25.75 32.71 0;1 19.56 509.41 39.12 32.72 0;1 120.2 411.33 83.6 33.42 0;1 148.375 518.505 91.63 34.15 0;1 215.88 412.585 89.46 34.35 0;1 299.295 514 89.79 32.06 0;1 335.185 416.96 79.47 32.78 0;1 365.885 467.33 79.43 30.1 0;1 462.11 415.41 87.3 32.7 0;1 446.11 151.72 32.08 71.8 270.2;1 483.01 465.635 78.7 33.57 0;1 466.01 256.685 31.94 81.03 270.5;1 575.445 513.96 82.43 33.16 0;1 577.13 463.915 81.98 34.59 0;1 577.345 414.5 81.99 31.8 0;1 686.58 473.695 87.8 33.83 0;1 698.465 516.425 79.95 32.93 0;1 701.14 421.39 79.16 32.68 0;1 757.57 309.895 33.16 85.57 276.74;1 838.4 814.05 71.88 29.36 161.2;1 922.58 363.67 30.3 71.98 317.84;1 982.075 498.495 30.23 80.61 346.3;1 1007.175 665.725 32.87 82.51 0;1 1010.345 945.69 27.71 75.4 0;1 1041.195 495.29 34.07 83.08 352.3;1 1052.13 787.96 29.74 85 0;1 1057.01 1005.39 29.2 76.9 0;1 1280.815 500.615 37.43 81.73 77.02;1 1318.97 247.415 79.3 35.33 359.3;1 1350.61 295.445 75.96 34.29 0;1 1424.24 245.935 84.8 34.35 0;1 1457.055 339.83 101.29 37.32 0;1 1618.77 291.95 87.02 35.6 0;1 1637.655 490.475 32.15 87.01 87.74;1 1710.22 341.475 101.9 38.17 0;1 1720.805 296.605 91.75 36.91 0;1 1872.14 549.985 30.06 80.09 92.5;2 1222.27 295.345 87.76 38.71 0;2 1551.825 245.635 105.13 36.11 0;4 64.665 157.64 31.93 75.76 269.5;4 212.88 464.41 82.78 30.2 0;4 1244.575 164.535 88.05 39.07 0;4 1489.2 294.785 100.7 39.29 0;7 65.88 462.36 126.3 34.36 0;7 434.83 516.355 136 41.25 0;7 1267.345 344.295 114.59 34.97 0;7 1837.415 288.99 123.19 39.52 0;8 1708.82 146.335 64.8 29.85 0.29;9 767.575 452.48 41.91 11.58 359.2;9 807.18 448.2 44.12 15.9 0;9 1191.545 231.23 40.77 15.86 0
v_dwvsv4sozj_0000,1 24.035 529.515 37.23 45.19 86.1;1 249.275 571.24 35.71 79.16 86.62;1 670.975 529.165 40.21 105.63 82.6;1 843.695 528.06 93.67 37.82 0;1 963.57 46.73 40.46 91.26 0;1 994.71 319.35 38.3 92.92 357.6;1 998.98 134.29 35.48 89.78 6.8;1 1341.645 474.36 90.21 37.5 0;1 1596.465 514.215 93.15 36.59 0;9 1026.89 245 11.62 37.74 356.8
v_dxaiffbde2_0000,1 266.49 274.18 75.66 23.5 0;1 605.6 298.245 64.02 28.03 0;1 833.205 513.885 84.09 30.79 48.0833;1 849.22 412.3 85.38 30.64 0;1 918.03 844.19 28.46 75.5 0;1 970.69 863.04 30.66 71.64 0;1 971.28 960.755 30.62 77.47 0;1 1857.09 397.475 87.6 31.19 0;7 32.2 102.27 64.4 48.62 0;7 887.05 110.86 103.92 36.14 0;7 919.155 982.63 35.31 131.6 0;7 1122.12 453.13 126.38 34.6 0;7 1203.03 57.185 93.7 34.39 359;9 1012.34 106.8 41.1 11.54 358.4
v_dxbho9fe0e_0000,1 250.64 464.64 101.64 38.84 0;1 508.245 455.195 97.01 38.15 0;1 688.325 461.09 93.21 37.02 0;1 893.865 850.175 43.67 99.21 0;1 892.08 973 37.68 93.4 0;1 904.5 492.56 37.2 88.5 0;1 905.68 647.98 39.4 97.04 0;1 965.73 65.685 39.82 92.61 0;1 966.515 768.1 37.75 93.76 0;1 968.66 533.05 37.58 83.7 0;1 1008.635 459.51 87.51 37.02 0;1 1207.295 526.56 93.47 36.56 0;1 1409.31 463.36 36.7 89.8 90.1;1 1527.325 462.49 79.75 36.08 0;1 1547.07 513.98 101.4 44.14 0;1 1671.6 448.815 42.32 92.91 89;1 1779.17 449.505 95.74 39.65 0;1 1782.59 539.905 93 35.53 0;1 1885.4 451.965 40.2 69.33 89.6;1 1910.245 534.985 19.51 38.27 0;9 931.075 736.105 11.83 37.75 0;9 1001.285 828.97 13.67 45.82 0
v_dy1t2vek0w_0000,1 41.725 525.225 44.33 83.61 269.9;1 732.75 502.11 96.44 42.4 357.2
v_e02xeg1eb6_0000,1 913.09 486.955 96.7 38.35 0;1 909.94 937.29 35.1 82.9 0;1 915.5 1048.275 34.6 63.45 0;1 974.805 1012.755 34.81 89.35 0;1 980.025 850.93 34.39 94.86 0;1 983.79 633.34 40.16 94.14 0;1 1081.43 549.4 98.5 36.5 354.8;1 1101.6 492.025 96.4 42.93 0;1 1270.34 542.61 38 103.5 89;1 1310.9 491.565 96.24 38.79 0;1 1394.505 555.135 101.99 39.07 3.6;1 1425.53 499.88 98.88 38 1.2;1 1527.24 550.81 94.2 38.1 0;1 1554.555 509.845 93.21 37.35 358.2;1 1635.74 555.64 105.08 39.3 0;1 1658.18 504.13 89.04 36.18 0;1 1765.745 555.67 101.91 37.74 0.1;1 1804.36 499.225 101.1 36.25 359.1;1 1870.28 565.375 96.3 32.63 0;1 1897.77 495.395 44.46 36.25 0;7 912.015 798.52 42.75 162.5 0;9 623.34 565.44 33.34 14.18 0;9 900.635 548.74 32.37 15.24 0;9 1595.68 592.93 11.3 40.9 90.7
v_e26pxnknij_0000,1 205.7 456.04 109.5 42.18 0;1 587.265 453.385 92.27 38.21 0;1 710.365 519.36 99.89 41.72 0;1 747.025 455.795 96.53 35.77 0;1 901.615 251.28 40.97 92.68 0.6;1 899.7 698.085 36.74 87.47 0;1 915.08 1032.3 37.48 95.4 0;1 955.39 429.915 37.08 88.49 359;1 967.69 837.475 37.8 89.89 0;1 983.005 583.03 34.23 82.86 7.3;1 1322.5 445.235 82.8 38.41 0;1 1530.165 488.845 90.35 35.23 359.9;1 1781.26 533.525 91.28 35.53 0;1 1818.385 475.655 39.47 89.57 90.6;4 902.51 422.345 37.1 86.93 0;9 332.695 516.285 45.15 14.71 0;9 850.68 501.05 43.38 10.96 0
v_e3m2cidj4i_0000,1 31.795 513.045 63.41 32.87 0;1 128.97 439.445 79.24 31.93 9.86;1 480.325 412.415 83.95 33.01 0.41;1 511.865 465.55 76.57 30.5 357;1 550.905 509.33 84.09 32.06 359.4;1 570.375 338.005 68.77 32.93 0;1 680.405 449.19 76.77 30.1 359.8;1 687.715 493.3 86.03 34.7 354.6;1 759.075 411.955 65.63 29.57 0;1 814.555 164.61 77.49 33.16 17.22;1 835.91 506.28 80.62 30.98 1.8358;1 856.12 464.155 77 33.11 1.2;1 910.59 764.59 71.88 29.36 110;1 923.175 554.02 79.19 31.06 48.2;1 933.655 649.43 87.51 31.72 87.7;1 1018.205 924.93 34.17 83.4 0;1 1057.185 906.88 34.95 83.2 0;1 1266.38 318.86 70.18 31.88 353.1;1 1324.935 463.705 76.27 31.29 0;1 1435.665 239.75 78.35 34.74 0;1 1512.235 296.54 83.53 33.18 0;1 1703.83 466.305 88.22 34.15 0.86;1 1906.5 457.805 27 34.01 0;4 1059.46 421.255 111.6 39.79 0.88;4 1167.27 235.325 89.8 39.83 359.2;4 1468.205 411.975 73.35 30.83 0;4 1632.225 240.93 105.39 41.64 0;5 462.04 244.45 185.96 50.88 359.4;7 182.48 293.85 281.58 51.28 359.5;7 253.23 460.305 202.94 47.47 0;7 389.465 343.225 114.05 41.41 0;7 800.55 343.26 93.24 37.66 0;7 1047.265 266.735 151.57 44.95 13.5;7 1080.61 336.25 90.5 32.48 0;7 1284.295 241.025 106.73 48.01 359.2;9 767.15 512.705 39.4 12.55 5.4;9 867.845 534.12 44.27 14.3 348.2;9 905.035 705.56 37.71 13.32 81.005
v_e6axzz4gic_0000,1 394.515 514.17 86.71 38.36 0.2;1 958.125 697.63 37.05 88.66 0;1 959.265 401.2 35.71 76.12 18.075;1 963.57 47.285 40.46 92.37 0;1 1018.405 997.34 93.49 38.22 270.3;1 1003.81 195.15 35.7 91 2.8;1 1009.98 48.665 32.38 85.55 0;1 1019.27 710.905 38.72 84.05 0;1 1522.63 480.61 94.8 37.5 0;1 1757.38 522.13 103.44 37.82 0;4 47.62 479.27 93.58 35.02 1.1
v_e7mpxse5t0_0000,1 10.95 519.71 21.9 8.28 88.7;1 615.525 566.395 85.51 30.47 0.6;1 766.565 506.77 30.53 78.9 83.3;1 973.755 292 33.03 79.16 7.2;1 1006.335 980.97 63.75 26.84 271.3;1 1123.39 496.71 81.74 34.42 0;1 1241.515 526.69 79.83 32.34 349.2188;1 1383.36 502.895 83.7 30.79 0;1 1676.435 495.62 90.09 30.9 0;7 1017.68 98.51 37.3 111.5 0;9 856.495 467.13 10.43 40.18 54.9833;9 1003.82 384.64 13.32 33.8 0;9 1188.37 459.02 43.24 14.34 0
v_e7tw3pbi57_0000,1 1004.15 1068.785 51.88 22.43 0
v_e8heli4fnb_0000,none
v_eaq9flrq1l_0000,1 631.56 520.88 86.96 34 0;1 795.135 526.21 93.45 36 340.3;1 921.55 427.67 29.88 78.22 23.6;1 970.715 32.325 35.61 64.65 0;1 1003.34 983.58 33.28 96.92 0;1 1014.585 243.495 31.71 83.39 0
v_eav0w7vfia_0000,1 183.16 579.55 31.4 83.16 90.3;1 555.795 517.05 35.61 88.62 89.4;1 629.28 571.39 32.8 82.66 86.3625;1 838.635 554.79 84.25 34.02 0.35;1 957.435 408.29 31.67 83.66 0;1 961.03 188.35 34.94 97.8 0;1 1092.585 585.035 82.69 30.89 345.4;1 1158.1 505.135 86.52 31.19 1.5;1 1622.79 520.28 91.5 35.84 0;1 1805.015 537.04 95.99 33.6 0;9 262.95 549.135 34.62 14.11 0
v_ebzysvwmau_0000,1 667.065 541.985 102.49 43.35 0;1 1088.815 496 110.37 45.98 0;1 1870.32 507.825 99.36 56.49 0
v_edolca79vr_0000,1 79.38 525.545 97.84 44.67 359.8571;9 1906.62 461.615 26.76 19.25 337.9
v_eea1grnl0f_0000,1 24.45 474.09 48.9 35.82 0;1 506.48 466.465 91.66 38.05 0;4 1672.355 488.09 93.59 39.32 0;6 973.34 721.42 52.5 199.96 0;9 516.9 522.91 54.36 15.42 0
v_eegu44ulko_0000,1 202.545 490.845 93.97 37.37 0;1 355.675 548.9 94.03 36.6 0;1 362.16 494.45 96.9 39.56 0;1 489.955 485.54 101.03 37.76 359.7;1 515.155 543.615 85.09 34.37 0;1 606.205 484.67 96.87 38.04 0;1 609.595 539.74 91.15 36.82 359.6;1 711.76 542.54 108.74 39.28 359.3;1 721.8 488.06 83.42 39.42 0;1 827.2 472.01 87.62 35.58 347.8868;1 852.68 551.18 92.34 39.38 0;1 920.885 241.41 40.53 92.72 0;1 919.03 817.26 35.98 90 0;1 925.355 686.145 37.71 87.25 0;1 928.485 959.885 38.09 87.85 0;1 932.97 560.625 40.66 100.85 0;1 979.745 498.21 39.65 94.4 0;1 981.17 696.44 35.52 89.08 0;1 1000.205 893.47 37.97 91.3 0;1 1286.15 497.455 85.26 38.05 358.8;1 1487.58 487.165 42.36 91.15 86.9;1 1616.495 487.34 36.57 93.4 89.1;1 1741.695 478.355 96.79 39.93 359.8;1 1887.69 485.895 44.44 87.75 88.7;4 213.77 549.315 148.18 48.01 0.6;7 983.08 264.72 42.74 115.58 0;9 1017.26 221.245 11.66 39.57 357.2
v_ef3r28lnxa_0000,1 539.205 490.16 113.19 33.7 0;1 598.45 541.34 98.1 39.62 1.7;1 769.66 483.01 96.7 37.26 0;1 894.84 1002.63 31.7 91.7 0;1 898.62 814.02 34.2 95.7 0;1 911.14 35.95 34.7 71.9 0;1 911.44 311.83 32.8 86.1 0;1 949.27 1039.475 36 81.05 351.7;1 963.08 691.665 30.2 84.45 1.4;1 983.47 937.905 32.44 84.67 0;1 1811.53 498.625 94.46 35.17 0;9 385.265 455.03 46.99 16.08 0;9 967.16 227.63 14 37.5 0
v_ef7bmdjv8u_0000,1 1581.53 504.975 91.94 38.27 0
v_ehncupbcqt_0000,1 9.905 457.525 18.95 36.23 0;1 987.71 502.99 94.16 39.46 0;1 997.56 106.8 92.94 33.14 265.7909;1 971.75 1033.8 38.1 92.4 0;1 1546.265 501.495 93.13 34.63 0;8 373.31 463.47 91.54 33.8 0
v_eilhfkjezh_0000,1 14.78 420.825 29.56 32.71 0;1 78.91 513.6 84.4 32.72 0;1 125.04 416.19 83.6 33.42 0;1 177.41 521.855 91.62 34.15 0;1 220.995 415.765 89.47 34.35 0;1 303.785 518.575 89.79 32.07 0;1 343.27 422.63 79.46 32.78 0;1 374.38 471.09 79.44 30.1 0;1 462.72 417.395 87.3 32.71 0;1 494.19 468.6 78.7 33.56 0;1 576.685 517.005 82.43 33.15 0;1 577.96 465.295 81.98 34.59 0;1 578.04 416.235 81.98 31.79 0;1 687.49 476.405 87.8 33.83 0;1 702.56 422.2 79.16 32.68 0;1 704.975 518.595 79.95 32.93 0;1 837.84 815.01 71.88 29.36 161.2;1 926.09 353.44 27.88 60.52 319.5;1 1320.035 248.36 79.31 35.34 359.3;1 1349.4 300.18 75.96 34.3 0;1 1421.275 247.285 84.81 34.35 0;1 1440.14 342.14 103.04 37.32 0;1 1579.99 342.405 99.74 38.17 0;1 1612.86 292.64 87.02 35.6 0;1 1684.375 244.415 87.55 35.43 0;1 1714.59 298.23 91.76 36.9 0;1 1755.85 348.295 102.26 38.61 0;2 1222.11 298.15 87.76 38.7 0;2 1547.965 246.98 105.13 36.12 0;4 218.345 468.91 82.79 30.2 0;4 1224.595 164.5 88.05 39.06 0;4 1487.84 295.695 100.7 39.29 0;7 72.18 468.43 126.3 34.36 0;7 440.33 520.415 136 41.25 0;7 1251.975 348.535 114.59 34.97 0;7 1832.095 294.42 123.19 39.52 0;9 772.2 456.11 41.92 11.58 1.12;9 817.315 451.15 38.99 14 0;9 1184.585 234.61 38.91 18.04 0
v_ejaqunqygk_0000,1 364.73 521.795 93.86 40.45 357.7;1 659.825 535.025 89.57 38.87 0.2
v_ekggzx1t6n_0000,1 576.82 1019.755 87.22 38.65 359.65;1 918.145 861.19 31.41 79.1 0;1 923.465 987.76 37.95 85.88 0;1 969.51 816.485 33.74 78.65 0;1 971.645 1033.235 31.29 81.33 0;1 975.27 915.395 31.5 82.19 0;7 731.225 469.905 80.47 29.73 0;9 925.035 678.57 10.75 34.04 357.8;9 948.66 1044.84 11.6 36.3 0
v_en1337d17s_0000,1 311.21 573.11 29.7 86.74 88.7;1 500.105 576.25 71.91 28.66 359.2;1 559.24 515.63 35.6 88.62 89.4;1 744.59 516.88 38.2 86 84.7689;1 781.915 573.395 83.87 34.41 354;1 964.67 185.25 35.94 92.8 0;1 967.735 347.695 31.29 83.61 0
v_endcg53tby_0000,1 47.48 453.03 94.96 40.78 0;1 337.835 449.88 94.47 36.5 0;1 562.52 446.125 96.52 37.67 0;1 930.955 175.415 104.97 39.11 271.16;1 954.05 853.06 39.78 89.7 0;1 970.325 471.55 36.99 90.66 0;1 1392.585 495.345 91.37 35.87 0;1 1616.32 463.71 86.7 35.32 359.2;1 1781.325 537.405 92.99 35.53 0;1 1805 485.825 87.48 39.65 0;2 717.06 449.86 67.5 31.52 0
v_eoh93jsr7p_0000,1 31.385 469.96 62.77 36.94 0.1;1 458.555 534.905 36.13 90.71 89.6;1 618.825 470.42 86.19 38.88 356.88;1 689.46 532.25 86.82 35.16 357.5;1 856.08 485.365 36.92 75.85 58.8;1 962.12 45.42 40.84 90.84 0;1 1003.1 512.125 75.78 33.61 0;1 1012.405 23.5 35.73 47 0;1 1021.82 320.89 34.34 78.08 6.06;1 1432.375 510.64 96.71 36.02 0;1 1589.06 505.63 77.32 33.54 0;1 1686.51 474.54 93.2 37.5 0;1 1824.585 513.81 97.01 35.88 0;4 1310.535 499.99 122.57 43.4 0.2
v_ep91iqevu2_0000,1 1736.24 564.465 95.7 39.89 0;1 1868.925 495.805 102.15 38.91 0;9 1124.05 604.01 13.8 48.7 49.3
v_epabhznuqh_0000,1 981.12 990.845 37.9 96.01 0;1 990.495 766.58 34.13 92.24 0.525;1 1075.67 612.615 36.56 102.03 43.9;1 1237.985 561.915 96.77 34.59 0;1 1483.705 546.74 33.33 84.8 87.075;1 1859.825 552.04 32.39 106.82 86.8;9 1432.27 485.385 54.5 13.87 0
v_eq51s4bt3a_0000,1 131.64 476.865 86.9 37.07 0;1 238.485 482.24 99.35 38.98 0;1 605.775 493.23 98.93 44.3 0;1 729.08 492.155 90.82 36.47 0;1 823.16 544.525 104.72 42.83 0;1 827.81 484.38 93.78 37.28 0;1 917.245 450.83 33.59 85.5 359.7;1 933.045 25.5 34.13 51 0;1 1003.65 493.78 102.7 40.78 0;1 976.675 832.64 37.35 91.82 0;1 980.655 194.86 34.69 85.88 8.64;1 1009.04 610.745 34.48 72.29 18.4;1 1078.905 546.97 98.49 36.5 354.8;1 1103.81 485.655 96.7 38.35 0;1 1214.02 494.86 96.4 42.92 0;1 1267.595 542.53 37.99 103.5 90.5;1 1320.15 493.295 96.24 38.79 0;1 1386.895 555.075 101.99 39.07 3.6;1 1419.89 499.53 98.88 38 1.2;1 1523.94 551.34 94.2 38.1 0;1 1567.965 510.345 93.21 37.35 358.2;1 1634.51 557.4 105.08 39.3 0;1 1665.285 507.1 89.05 36.18 0;1 1750.515 558.25 101.91 37.74 0.1;1 1790.66 502.415 101.1 36.25 359.1;1 1855.935 568.615 91.81 32.63 0;1 1889.395 502.395 61.21 36.25 0;9 868.205 783.105 15.27 36.65 347.8;9 884.17 583.14 45.4 19.7 0;9 950.085 515.18 12.23 41 356.8
v_eqw2r2olll_0000,1 29.85 573.12 59.7 28.66 359.2;1 241.635 571.125 83.87 34.41 359.7;1 559.795 513.74 35.61 88.62 89.4;1 711.34 522.23 38.2 86 79.6304;1 945.55 438.215 35.94 84.69 15.5;1 970.54 264.83 32.1 84.1 0;1 975.965 720.94 31.29 79.76 358.5
v_es87pt0iw5_0000,1 199.06 506.49 78.28 33.56 358.7;1 1006.895 123.225 29.71 82.59 0;1 1242.795 474.45 80.25 32.2 0;1 1343.28 503.63 76.52 30.86 350.9357;1 1479.45 500.065 83.3 31.91 358.1;1 1607.615 500.66 91.37 29.7 0;1 1724.555 491.825 83.15 27.79 0;9 636.15 527.24 35.7 13.62 0;9 937.705 368.675 13.07 38.95 13.6667
v_ewmzixv877_0000,1 119.96 534.975 94.3 38.57 359.9;1 702.135 524.965 38.89 92.21 271.1
v_eya6npn5oa_0000,1 1359.47 487.46 102.48 44.68 0
v_ezo72gwc0x_0000,1 159.9 498.945 93.3 41.75 0;1 820.73 492.365 92.24 39.59 0;1 903.77 423.465 90.84 35.99 0;1 958.875 608.21 42.21 92.7 0;1 1085.21 566.51 34.56 85.66 63.1;1 1118.045 512.055 36.31 86.15 75.6;1 1456.37 480.745 94.46 42.73 0
v_f10snu2xkp_0000,1 152.66 505.43 95.92 36.2 0;1 608.2 531.215 92.56 37.95 357.2;1 728.125 489.875 101.51 39.43 0;1 1003.485 230.645 102.15 39.39 271.6;1 1386.35 508.425 95.2 40.33 358.3125;2 42.7 549.5 85.4 43.04 0;7 405.53 469.275 101.64 42.47 0;9 373.845 523.27 48.29 14.7 0
v_f1lh7z872p_0000,1 1059.34 464.13 98.92 39.46 27.4
v_f2z13lvspo_0000,1 24.35 544.19 48.7 32.7 0;1 616.99 566.595 85.5 30.47 359.6;1 804.86 510.255 36.1 100.07 75.4;1 995.305 869.74 89.51 33.3 273.3889;1 974.615 235.49 30.53 78.9 5.7;1 1009.78 25.345 33.04 50.31 0;1 1097.17 601.31 63.76 26.84 327.8778;1 1257.57 493.77 86.78 34.42 0;1 1445.26 506.445 83.08 33.69 0;1 1625.66 503.045 83.7 30.79 0;9 957.515 137.96 10.43 42.66 0;9 1446.255 464.795 45.93 14.35 0
v_f3udnghxgk_0000,none
v_f48dtu7jdz_0000,1 1340.525 490.43 110.93 46.72 1.2
v_f5uw41z68a_0000,1 421.435 550.9 29.99 81.1 89.2;1 635.005 487.86 86.83 30.34 359.7;1 968.545 130.965 30.31 79.99 358.875;1 981.5 349.28 29.98 83.7 358.575;1 1014.45 232 29.2 78.3 3.9;1 1016 1063.8 31.52 32.4 359.4;1 1153.64 530.865 78 33.87 356.7375;1 1222.505 480.27 83.21 30.6 0.4;1 1354.495 520.73 84.17 30.3 352.4125;2 826.74 546.74 104.04 32.68 357.3;7 1558.38 495.125 110.32 36.07 0
v_f8ewm2eskx_0000,1 305.565 535.4 84.61 30.46 0.5;1 634.925 486.1 86.83 30.34 359.7;1 881.275 477.34 34.37 77.84 51.8826;1 967.04 117.81 29.98 83.7 3.1;1 995.635 261.3 29.99 81.1 6.5609;1 1017.71 145.15 31.52 71.3 359.8261;1 1222.41 479.53 83.2 30.6 0.4;1 1496.4 501.58 84.5 34.58 359.7391;1 1676.16 507.5 88.6 30.3 0;2 1346.705 514.82 109.53 32.68 355.0348
v_f8qy04g8r7_0000,1 737.31 509.57 71.88 29.36 357.584;1 1006.39 973.285 31.32 76.95 0;1 1009.375 1073.27 33.63 13.46 0;1 1058.92 995.02 31.32 80.3 0;1 1059.6 891.36 27.44 66.84 0;7 1059.565 1063.595 36.81 32.81 0;8 1016.285 888.81 27.79 72.82 0
v_f9kd5a8snx_0000,1 139.27 543.05 106.2 36.94 0;1 704.51 492.06 101.54 39.5 0;1 872.705 555.73 103.51 38.1 0;1 981.5 989.18 39.1 92.36 0;1 982.43 647.04 33.4 96.4 0;1 990.81 792.69 39.1 89.8 0;1 1819.38 507.36 79.7 37.2 0
v_fagig0safe_0000,1 39.22 549.265 34.22 77.47 89.4;1 963.24 47.35 40.46 94.7 0;1 1009.24 58.42 34.7 90.2 0;1 1017.525 206.55 39.19 93.1 0;1 1025.405 1053.825 33.61 52.35 0;1 1072.125 529.77 87.87 36.74 356.6933;1 1264.955 472.09 90.21 37.5 0;7 1017.02 348.645 42.76 101.51 0
v_fbotggz6sd_0000,1 533.95 1019.935 77.74 35.87 0;1 523.705 250.75 35.19 77.96 273.35;1 866.58 442.435 34.82 85.13 344.5;1 885.025 364.11 31.47 79.16 341.47;1 903.405 570.465 34.21 79.99 351.5;1 905.56 834.585 31.36 79.85 2.88;1 909.26 1056.07 35.6 47.86 0;1 915.575 695.14 34.79 80 0;1 930.69 473.065 31.14 77.27 344.77;1 955.78 620.325 35.54 79.67 358.16;1 1133.655 277.855 81.43 37.35 0;1 1218.165 233.02 89.31 39.44 0;1 1566.095 425.56 37.99 83.22 86.7;1 1676.725 279.995 86.63 36.89 0;2 1088.425 231.67 93.27 37.2 0;7 1169.805 322.355 102.23 42.39 0;9 45.57 485.32 38.4 11.76 0
v_fbwnufjbee_0000,1 601.545 538.885 89.29 38.57 359.9;1 990.395 640.81 38.89 95.34 347.34
v_fefmbqbs82_0000,1 175.77 519.72 115.82 46.04 0
v_fellnhgoex_0000,1 183.345 479.565 92.81 36.39 6.98;1 417.07 535.95 36.18 90.54 88.24;1 796.415 521.16 90.85 35.36 356.4;1 965.78 46.685 40.84 93.37 0;1 1015.665 747.505 74.45 35.57 281.7;1 1013.38 263.485 34.32 92.19 0;1 1018.835 88.02 34.83 93.82 0;1 1247.515 480.535 91.05 37.75 0.7;1 1375.065 520.47 102.59 36.5 355.01;1 1530.565 492.485 96.35 35.15 0;1 1713.09 518.625 91.1 34.53 0;9 604.635 499.765 12.57 36.85 86.3;9 993.205 74.805 10.95 42.43 0
v_ffgf6zmmpt_0000,1 986.55 519.73 102.38 44.48 0.4
v_ffsm6r2786_0000,1 243.89 546.18 29.2 78.3 88.6;1 599.07 537.405 71.62 31.89 2.6727;1 635.075 489.615 86.83 30.35 359.7;1 975.105 6.81 31.01 13.26 0;1 975.55 278.68 28.22 79.98 358.7188;1 979.255 1056.15 29.99 47.7 357.5;1 986.235 662.635 30.71 81.81 354.5438;1 1016.03 926.88 79.16 30.3 272.5812;1 1017.395 120.39 31.13 83.1 358.4;1 1222.6 481.01 83.2 30.6 0.4;1 1409.495 504.72 83.45 31 0;1 1526.63 500.97 88.6 33.32 0;7 1290.03 514.2 103.56 36.38 349
v_fgp0mlcifa_0000,1 162.92 491.085 93.98 37.37 0;1 315.36 495.135 96.9 39.57 0;1 344.74 550.43 94.02 36.6 0;1 440.355 488.56 101.03 37.76 359.7;1 462.055 545.695 88.03 36.07 0;1 555.54 541.58 91.6 36.82 359.6;1 571.91 486.02 96.86 38.04 0;1 681.845 543.715 112.77 41.63 359.3;1 691.815 491.565 88.09 39.97 0;1 817.09 475.62 87.62 35.58 348.5;1 829.36 551.175 92.34 39.37 0;1 919.7 890.05 37.72 87.24 0;1 919.14 1046.25 35.98 67.5 0;1 925.69 724.86 40.66 100.84 0;1 926.235 593.17 40.53 92.72 0;1 986.305 490.335 85.27 38.05 356.6833;1 975.075 936.325 35.53 89.09 0;1 976.235 42.995 35.61 85.99 357.1;1 980.135 781.85 39.65 94.4 0;1 1003.705 1055.72 36.33 48.56 0;1 1464.53 488.35 42.36 91.14 86.9;1 1616.76 487.525 36.56 93.41 89.1;1 1745.065 478.63 96.79 39.94 359.8;1 1888.08 486.41 44.44 87.74 88.7;4 72.12 549.615 141.4 48.01 1.8;7 984.165 603.555 42.75 119.41 0;9 1023.24 646.425 11.66 39.57 0.25
v_fh3g81jzpt_0000,1 81.595 452.71 107.17 41.04 0;1 495.59 503.5 105.16 40.84 0;1 513.575 449.225 81.83 37.37 0;1 897.2 270.65 42.1 96.72 0;1 902.46 1012.015 36.26 89.41 0;1 907.295 545.205 42.63 92.73 0;1 907.01 847.36 38.5 95.2 0;1 971.425 413.8 40.15 94.02 0;1 970.63 719.78 36.74 84.6 0;1 1787.715 531.125 92.99 35.53 0;7 969.565 1006.6 39.85 120.08 0
v_fhb1u2nl2i_0000,1 245 494.605 33.2 85.17 90.1;1 426.16 559.775 29.8 74.03 91;1 560.965 491.925 35.61 88.63 89.4;1 961.555 215.305 36.21 86.95 0;1 979.59 654.805 32.68 80.87 0;1 1021.94 480.245 31.72 83.03 357.3;1 1215.025 522.315 90.77 34.27 0
v_fil9plnxtb_0000,1 485.425 470.165 95.75 39.59 0;1 591.705 459.84 99.55 43.22 0;1 663.355 512.485 86.69 35.53 0;1 977.79 582.27 32.08 85.68 0;1 1097.1 458.325 102 41.41 0;1 1132.55 529.96 92.24 39.56 0;1 1229.115 469.39 91.47 38.98 0;1 1336.64 464.52 76.98 33.9 0;1 1327.87 527.86 38.54 88.38 90.4;1 1449.975 526.915 39.05 93.03 88.9;1 1477.76 461.415 87.7 37.89 0;1 1669.365 503.665 91.93 39.11 348.3625;1 1837.98 514.065 40.42 94.09 88.9;1 1908.835 464.88 22.33 42.02 0;4 514.205 520.665 97.87 41.87 0;4 845.83 459.38 112.74 38.86 0;7 711.275 451.895 126.85 45.93 0;9 1033.875 542.9 47.17 16.38 0;9 1309.48 559.365 39.36 13.67 0;9 1708.405 551.45 14.31 43.12 89.3
v_fjkakptlgz_0000,1 960.715 491.405 95.91 44.67 0
v_fm3orkiqm3_0000,1 35.26 556.47 33.14 72.26 89.7;1 206.39 501.125 27.3 81.75 87.575;1 324.055 559.985 86.11 31.33 0.6;1 682.63 502.985 80.04 31.11 359.7;1 784.47 532.28 32.1 78.1 74.6429;1 975.33 336.32 29.7 86.3 11.4429;1 1001.585 971.73 80.81 30.1 274.9
v_fnus3or5uk_0000,1 5.65 538.94 11.3 44.68 0.3;1 1003.34 739.265 44.06 94.09 358
v_fox5lw0r5b_0000,1 449.985 482.96 99.93 41.78 0;1 608.005 489.42 90.49 40 0;1 901.965 630.38 37.07 87.18 0;1 917.52 1054.455 38.98 51.09 0;1 927.98 746.635 36.5 87.79 5.9;1 947.295 622.77 38.39 89.3 5.8;1 965.07 925.935 39.08 95.21 1.58;1 1112.63 554.045 35.88 85.19 79.46;1 1201.68 481.175 87.28 37.21 359.4;1 1390.76 492.87 88.14 37.7 2.5;1 1569.315 489.06 91.77 39.18 358.8;1 1724.05 539.935 92.34 41.59 0;1 1773.545 487.355 97.11 38.63 0
v_fpcpahbxbf_0000,1 31.385 474.77 62.77 41.9 0;1 42.33 529.32 84.66 39.4 0;1 151.33 472.12 117.4 40.9 0;1 162.64 525.325 101.68 35.21 0;1 269.26 476.27 88.9 36.7 0;1 297.015 535.42 94.99 37.8 0;1 389.78 481.655 91.56 35.01 0;1 451.51 530.005 88.3 42.11 2.2;1 493.955 476.55 92.83 37 0;1 584.825 537.57 101.45 35.44 2.4;1 616.085 481.285 110.81 35.13 0;1 689.32 549.255 95.9 34.27 4.3;1 771.815 478.93 95.19 38.3 354.3;1 1000.28 545.53 88.98 34.54 0;1 1021.015 487.49 84.09 33.8 0;1 999.34 46.17 35.16 63.92 0;1 1630.76 494.99 33.4 81.5 91;1 1716.885 556.67 35.81 91.1 91.1;1 1860.875 562.355 92.81 38.17 0.1;1 1857.64 500.145 33.4 91.73 90.6
v_fpx8odvwin_0000,1 30.41 476.96 60.8 38.36 0;1 134.66 480.285 91.82 41.05 0;1 265.9 483.68 116.44 38.58 358.0571;1 391.71 478.455 86.9 37.07 0;1 495.085 484.38 99.35 38.98 0;1 609.925 491.22 98.93 44.3 0;1 724.85 487.685 90.82 36.47 0;1 822.03 540.265 104.72 42.83 0;1 831.7 480.35 93.78 37.28 0;1 916.555 865.79 32.63 86.3 0;1 999.78 491.745 102.7 40.79 0;1 977.665 790.835 37.35 91.81 0;1 1008.51 608.455 34.48 72.29 18.4;1 1076.12 545.44 98.5 36.5 354.8;1 1102.24 483.28 96.7 38.36 0;1 1213.24 492.34 96.4 42.92 0;1 1266.615 540.58 37.99 103.5 90.5;1 1318.56 490.585 96.24 38.79 0;1 1389.385 553.105 101.99 39.07 3.6;1 1419.555 498.19 98.89 38 1.2;1 1520.87 549.23 94.2 38.1 0;1 1572.245 507.775 93.21 37.35 358.2;1 1633.6 554.91 105.08 39.3 0;1 1662.505 505.62 89.05 36.18 0;1 1747.285 556.19 101.91 37.74 0.1;1 1786.72 500.955 101.1 36.25 359.1;1 1851.685 567.215 91.43 32.63 0;1 1889.13 501.135 61.74 36.25 0;9 165.85 536.01 40.1 11.5 0;9 490.895 557.845 41.63 15.93 0;9 505.82 538.2 37 12.36 0;9 910.17 709.51 15.76 36.28 0;9 932.445 577.29 15.27 36.64 8.25;9 1639.13 592.37 45.4 19.7 2.9
v_fqwsjzvsfv_0000,1 1484.315 494.5 106.69 52.8 0;1 1903.4 488.32 33.2 42.04 354.81
v_fufsxgtl1z_0000,1 729.755 525.345 93.91 34.79 0;1 981.53 1048.4 33.4 63.2 0;1 991.85 563.97 36.24 109.1 1.1;1 1428.925 495.61 100.33 36.1 358.05;1 1666.145 499.795 103.61 38.19 0;1 1684.76 578.05 34.9 99.84 90.1;8 1285.21 454.33 63.54 25.3 0;9 1339.405 543.49 48.99 17.8 0
v_fvjarpq65z_0000,1 558.675 504.535 114.31 44.67 0
v_fvlzadc8cr_0000,1 128.13 493.115 89.98 39.33 0;1 129.21 564.23 38.04 86.6 89.8333;1 651.635 559.14 36.95 84.38 87.3111;1 846.52 527.1 34.4 87.56 59.6462;1 923.32 414 40.78 88.6 15.6727;1 945.735 1007.975 82.23 34.97 269.2;1 943.83 901.225 33.98 89.65 0;1 994.79 1028.25 85.54 36.48 270.8;1 1031.715 602.31 86.43 38.9 328.28;1 1256.055 534.7 90.57 37.46 0;1 1828.395 521.255 89.91 36.17 0;7 1377.79 514.725 107.54 36.73 0
v_fvma7iy17p_0000,1 848.34 488.33 90.72 41.86 0;1 1015.77 985.765 48.84 104.65 0;9 766.695 545.535 39.07 30.69 0;9 1902.185 476.465 35.63 34.89 0
v_fvnjjs1zdp_0000,1 359.995 512.195 88.59 37.73 0.2;1 579.7 562.855 86.52 32.99 359.6;1 601.435 511.835 80.65 34.81 0;1 966.235 46.265 41.75 92.53 0;1 1017.105 313.215 36.41 86.05 0;1 1223 477.305 95.18 36.39 0.3;1 1532.67 507.17 90.12 37 359.7
v_fw861t0iss_0000,none
v_fx5a3x4e3l_0000,1 28.035 560.22 27.83 56.16 88.1;1 600.74 542.41 29.04 82.9 89.86;1 971.75 214.15 32.08 84.84 4.3;1 1066.56 603.17 82.1 31.46 319.95;1 1158.185 553.91 86.29 32.66 348.9;1 1227.255 478.08 83.21 30.6 358.2;1 1524.61 505.805 83.28 33.55 0;1 1670.425 500.465 90.65 36.25 0;1 1859.04 496.73 92.8 31.46 0;7 1354.515 505.125 161.99 45.67 347.9;9 932.16 422.22 7 28.9 5.2;9 1438.415 458.265 40.03 14.19 0
v_fxa8p8uih4_0000,1 246.08 540.275 98.88 40.15 359.9;9 1247.26 534.31 43.36 17.2 359.4
v_fxaamod873_0000,1 92 530.125 91.06 36.49 0;1 337.575 535.685 36.93 77.67 90.9;1 457.945 488.12 86.19 38.88 356.99;1 668.48 534.375 75.88 33.67 356.3;1 906.39 477.49 34.34 78.08 61.15;1 960.345 46.135 37.29 92.27 0;1 976.565 299.73 37.07 91.72 7.62;1 1022.36 165.44 38.12 89.6 0.4;1 1363.94 515.3 91.98 35.5 356.16;1 1528.73 505.915 77.32 33.53 359.89;1 1647.88 521.64 97 35.88 358.9;1 1680.5 474.08 93.2 37.5 0;1 1808.17 512.02 88.76 39.46 354.9;4 1184.6 500.82 122 43.4 0.2
v_fyo63znn4z_0000,1 519.66 271.83 77.5 33.16 359.3;1 784.21 501.28 77.04 30.44 358;1 838.17 806.76 71.88 29.36 161.2;1 973.095 506.09 81.45 34.52 1.04;1 1005.63 1019.85 32.08 71.8 0;1 1019.03 927.83 34.18 83.4 0;1 1058.05 909.25 34.94 83.2 0;3 649.685 507.685 88.97 34.69 358.1;4 1062.905 1012.67 31.93 75.76 0;4 1189.195 558.135 98.37 36.23 359.4;7 911.665 449.345 119.27 43.47 0;7 933.45 683.235 150.14 55.03 89.3
v_g0gia3odd4_0000,1 978.81 392.475 29.72 82.59 11.0286;1 1009.24 33.75 29.6 67.5 0;1 1026.2 248.7 32.24 79.4 0;1 1174.985 476.17 80.25 32.2 0;1 1295.66 515.9 76.52 30.86 346.8062;1 1464.06 501.955 83.3 31.91 358.1;1 1595.095 500.83 91.37 29.7 0;1 1718.965 492.375 83.15 27.79 0;9 673.87 506.115 13.06 38.95 90.75;9 1622.975 459.295 42.09 9.81 0
v_g0otn7zr63_0000,1 246 546.785 94.5 36.81 0;1 560.24 521.06 92.78 35.94 0;1 820.09 499.355 100.12 35.81 0;1 1117.535 593.87 34.69 89.7 64.1429;1 1248.07 468.94 96.1 35.52 0;1 1881.4 503.84 77.2 35.04 0
v_g0w4h0n5lv_0000,1 128.17 493.01 89.98 39.34 0;1 269.05 546.42 35.3 85.6 88;1 712.55 549.6 36.4 83.38 84.4;1 997.165 979.015 102.93 35.77 268;1 1017.91 608.345 84.36 37.21 319.85;1 1072.89 511.89 86.84 35.16 0;1 1283.905 505.215 91.21 36.95 0;1 1455.11 517.375 101.08 38.59 0;1 1662.325 515.005 89.95 38.87 0;4 991.475 808.5 32.69 80.46 0
v_g0zgqmhzgh_0000,1 94.605 495.94 77.23 29.36 0;1 376.565 161.785 65.49 30.95 359.2;1 812.12 503.475 78 31.05 0.6;1 1006.7 988.695 31.32 76.95 0;1 1009.375 1072.65 33.63 14.7 0;1 1058.69 997.09 31.32 80.3 0;1 1060.46 894.065 27.44 66.83 0;2 1692.58 503.53 100.24 35.94 359.2;7 27.8 449.81 55.6 32.1 0;7 1059.565 1070.49 36.81 19.02 0;8 1015.885 890.65 27.79 72.82 0;9 1496.365 462.31 55.65 19.84 0
v_g2h9nhfs3e_0000,1 122.99 545.155 30.5 84.23 87.9667;1 834.49 482.815 27.56 67.13 69.0167;1 980.07 305.68 31.3 79.7 5.2;1 999.92 107.235 32.4 87.33 0;1 1004.64 589.065 31 81.91 5.3;1 1252.12 503.565 77.12 29.31 358.7;1 1544.375 516.34 77.97 31.58 0;1 1819.15 485.32 91.82 27.54 358.2;7 488.71 509.385 178.08 52.23 359.0333
v_g3fmj2chol_0000,1 1138.67 525.075 112.04 49.93 359.8;9 305.415 517.355 22.83 51.59 269.2
v_g5b5ouzen4_0000,1 913.03 539.92 90.74 42.72 359.4;1 1808.935 520.185 85.47 38.21 352.8
v_g5ispywgbm_0000,1 955.54 514.835 98.3 37.17 0;1 1603.13 485.48 98.4 40.86 0;8 575.79 448.86 66.8 31.1 0;9 1764.995 559.45 46.19 15.6 0
v_g7cepuuszn_0000,1 709.77 509.14 98.54 43.36 0;1 1076.99 499.94 107.74 48.62 0;1 1191.955 548.555 103.79 43.35 0;1 1888.06 509.12 63.88 48.64 0
v_g7n43q3us9_0000,1 196.925 538.13 92.05 40.66 0;1 994.915 648.545 41.11 93.03 349.61;1 1190.865 509.29 94.23 37.64 359.9;1 1887.73 498.45 64.54 42.48 339.53
v_g8n7gev0de_0000,1 14.065 418.95 28.13 32.7 0;1 76.33 512.565 84.4 32.71 0;1 122.03 414.63 83.6 33.42 0;1 176.6 519.715 91.62 34.15 0;1 219.31 413.565 89.46 34.35 0;1 303.01 517.02 89.78 32.06 0;1 336.455 421.39 79.47 32.78 0;1 331.62 291.045 27.88 73.03 269.8;1 369.695 469.45 79.43 30.1 0;1 462.5 416.65 87.3 32.7 0;1 483.01 467.555 78.7 33.57 0;1 575.445 515.83 82.43 33.16 0;1 577.65 464.775 81.98 34.59 0;1 577.78 415.585 81.98 31.79 0;1 687.15 475.385 87.8 33.83 0;1 702.025 421.895 79.15 32.69 0;1 702.535 517.775 79.95 32.93 0;1 783.77 331.29 25.8 81.26 278.4;1 838.05 814.65 71.88 29.36 161.2;1 957.135 355.005 34.27 100.21 322.4;1 1319.635 248.005 79.31 35.33 359.3;1 1349.96 298.225 75.96 34.29 0;1 1422.49 246.765 84.8 34.35 0;1 1441 341.08 103.04 37.32 0;1 1581.81 342.675 99.74 38.17 0;1 1615.545 292.54 87.03 35.6 0;1 1688.95 243.815 87.54 35.43 0;1 1718.325 297.535 91.75 36.91 0;2 1222.17 296.945 87.76 38.71 0;2 1549.385 246.585 105.13 36.11 0;4 214.57 467.37 82.78 30.2 0;4 402.24 150.72 27.58 78.7 265.6;4 577.07 159.46 27 70.1 269.4;4 1245.165 163.19 88.05 39.06 0;4 1488.35 295.355 100.7 39.29 0;7 66.3 466.6 126.3 34.36 0;7 436.69 517.285 136 41.25 0;7 582.78 328.13 29.32 90.74 268.8;7 780.27 251.015 34.4 98.11 273.9;7 1262.625 343.695 114.59 36.93 0;7 1834.07 292.615 123.2 39.53 0;9 767.445 454.165 41.91 11.59 359.2;9 807.18 449.6 44.12 15.9 0;9 1193.97 230.42 44.04 12.04 0
v_g95ni4t3w3_0000,1 232.03 533.725 38.58 94.29 268.5;1 1357.28 510.335 108.12 38.31 2.8;7 830.395 502.24 40.79 106.3 280.7
v_gayqytmy29_0000,1 918.36 69.62 35.1 82.9 0;1 920.06 454.59 34.6 88.56 0;1 922.695 683.74 38.11 92.26 0;1 982.915 387.59 34.81 90.8 0;1 983.585 61.61 34.39 94.86 0;1 1082.53 549.53 98.5 36.5 354.8;1 1092.76 486.615 96.7 38.35 0;1 1201.765 492.65 96.41 42.92 0;1 1269.905 543.37 37.99 103.5 89.5518;1 1317.96 490.545 96.24 38.79 0;1 1395.245 554.615 101.99 39.07 3.6;1 1423.525 500.49 98.89 38 1.2;1 1529.14 550.14 94.2 38.1 0;1 1557.715 510.535 93.21 37.35 358.2;1 1633.23 556.39 105.08 39.3 0;1 1660.78 502.65 89.04 36.18 0;1 1763.53 556.38 101.9 37.74 0.1;1 1803.77 499.875 101.1 36.25 359.1;1 1870.23 565.92 91.82 32.62 0;1 1895.22 497.515 49.56 36.25 0;2 902.84 981.08 34.78 98.2 0;2 976.09 1021.72 35.64 115.64 0;7 982.68 871.46 36.56 121.7 0;9 849.08 580.16 33.34 14.18 7.2;9 1025.23 431.25 13.8 38.8 0;9 1773.7 594.08 32.38 15.24 1.1
v_gdr9qz613a_0000,1 1077.005 486.805 99.83 40.73 0
v_geaqsc39cv_0000,1 129.7 460.465 82.7 30.31 0;1 512.605 414.05 79.87 33.16 0;1 535.155 465.855 84.71 32.45 0;1 541.995 137.51 33.63 79 270.26;1 686.74 465.295 82.98 34.77 0;1 770.715 504.66 71.89 29.36 353.1;1 915.04 357.315 30.22 79.17 315.67;1 976.86 489.995 31.34 78.39 349.85;1 997.385 608.97 31.27 81.3 354.96;1 999.995 396.16 31.13 76.1 344.98;1 1014.45 754.025 32.74 71.75 359.7;1 1035.565 497.535 32.93 86.57 355.51;1 1053.15 893.83 33.96 97 0;1 1096.025 607.37 29.75 79.48 27.72;1 1121.61 914.76 71.5 34.3 4.5;1 1221.805 295.225 72.43 33.11 359.2;1 1539.53 339.91 83.78 34.16 0;1 1587.25 295.36 82.4 31.72 0;1 1796.7 254.5 84.92 34.98 0;5 1519.405 241.635 178.27 54.13 0;7 779.915 258.305 36.81 126.29 276.74;9 58.91 407.935 49.74 16.05 0;9 788.345 476.24 35.53 14.8 359.3;9 1260.23 247.395 47.92 19.85 359.6
v_gg03blsv5u_0000,1 315.795 484.175 102.15 37.91 0;1 764.24 489.195 89.7 34.85 0;1 909.1 1046.47 37.2 67.06 0;1 910.57 780.04 34.9 90.4 0;1 928.83 233.915 30.9 82.41 0;1 939.975 913.38 32.63 88 358.0706;1 975.85 481.315 32.5 83.85 6.6;1 985.355 939.865 32.43 84.67 0;1 1339.385 548.49 39.11 89.44 93.9437;1 1438.625 496.335 91.91 36.91 0;1 1566.575 496.545 113.25 39.81 0;1 1634.14 556.64 33.5 91.52 89;1 1682.63 506.21 96.52 35.66 0;1 1752.25 551.845 98.24 38.07 0;1 1795.68 513.28 90.46 33.7 0;1 1859.675 571.235 92.55 32.51 0.9316;1 1892.125 504.31 55.75 35.16 0;3 1482.32 549.07 163.14 41.68 0.2;9 229.99 530.56 32.48 14.74 0;9 904.195 376.06 14.61 35.38 0;9 1603.94 590.57 43.14 12.9 3.1638
v_ghbpt8zf27_0000,1 633.765 466.69 95.79 40.26 0;1 816.94 518.52 92.28 36.36 0;1 835.875 462.725 83.55 33.33 0;1 905.27 889.38 38.86 88.36 0;1 963.635 1019.99 41.01 100.4 0;1 970.065 829.675 42.23 87.95 0;7 912.605 541.165 41.45 102.39 0;9 890.48 647.565 11.1 47.13 0;9 905.315 83.06 15.83 46.38 0;9 979.685 904.73 15.49 47.6 0;9 991.615 215.595 15.05 43.21 0
v_gi0x00vg1v_0000,1 27.195 419.82 54.39 31.46 0;1 73.07 64.785 76.9 34.75 0;1 151.4 1011.8 88.06 39.08 0;1 409.15 471.27 83.22 31.38 0;1 752.46 1069.965 60.2 20.07 34.65;1 839.355 1067.415 16.27 25.17 90.2;1 913.22 861.345 31.42 79.09 0;1 965.6 806.315 33.74 78.65 0;2 529.585 473.445 98.79 32.83 0;2 537.06 428.955 99.62 35.31 0.02;2 921.5 473.12 109.44 38.12 1.06;2 1053 207.615 95.44 38.51 358.6;4 148.86 377.6 100.02 36.72 0;7 249.245 420.25 140.67 46.54 0;7 705.2 419.56 114.8 40.4 0;9 159.8 465.445 43.08 11.13 0;9 1645.04 356.095 37.84 9.55 0
v_gig403rlnb_0000,1 139.125 475.39 105.59 38.36 0;1 308.32 480.4 91.82 41.04 0;1 470 480.795 116.44 38.57 0.2;1 749.425 538.56 115.69 41.7 358.7;1 741.24 482.285 94 37.07 0;1 894.985 481.84 99.35 38.98 0;1 986.8 938.475 32.44 84.67 0;1 1306.605 487.68 98.93 44.3 0;1 1366.26 549.915 104.72 42.83 0;1 1599.88 526.305 37.34 91.81 82.2;1 1854.375 493.605 93.33 37.27 0;1 1852.93 557.265 34.48 72.29 89.3;3 974.055 700.88 40.61 147.2 1.8
v_gj8zwy1hlm_0000,1 820.64 502.555 103.46 49.45 358.7;1 1793.84 499.625 97.84 44.67 353.76
v_gjiimdfyfo_0000,1 165.195 560.07 96.25 37.54 0.8;1 329.3 483.435 108.2 42.15 0;1 451.265 484.73 98.63 38.86 0;1 576.725 492.935 97.71 40.51 0;1 677.995 488.87 101.41 41.06 0;1 701.03 547.43 91.5 36.24 0.8;1 805.675 543.085 92.07 37.35 1.7;1 916.87 845.7 36.94 80.28 0;1 922.85 95.615 42.12 92.25 0;1 929.64 984.725 37.98 96.41 0;1 984.995 390.46 42.47 92.14 0;1 990.19 1021.52 40.68 101.2 0;1 1046.96 529.11 36.54 82.96 34.2;1 1145.545 537.22 88.51 35.38 359.7;1 1142.13 490.85 36.84 87.82 81.6;1 1240.53 489.035 84.64 37.65 2;1 1262.895 560.055 87.81 37.81 0.9;1 1361.26 494.995 91.08 38.09 357.9;1 1369.215 443.755 95.15 41.45 358.1;1 1373.525 542.435 40.25 87.67 90.9;1 1465.6 490.97 91.68 38.98 358.5;1 1571.64 482.955 103.8 42.33 359.8;1 1630.695 527.125 89.95 37.17 356.3;1 1733.535 488.895 90.19 40.01 0;1 1841.5 486.4 91.6 37.2 359.5;4 164.43 479.04 122.08 40.44 0;4 1506.745 542.375 97.95 36.13 359;7 818.325 488.89 106.47 39.4 0;9 44.145 507.64 50.75 15.74 0
v_gjy3oi2hxt_0000,1 794.04 535.605 97.68 38.11 0;1 983.55 768.41 36.24 109.1 0;1 1011.085 126.04 37.99 93.2 0;1 1744.655 559.31 93.71 34.04 357.66
v_glc8bthskp_0000,1 204.585 511.765 99.85 45.99 0;1 1218.235 504.54 95.91 42.04 0
v_gmx64gg2j7_0000,1 996.73 700.295 44.32 100.05 353.6;1 1488.08 498.73 107.28 42.4 0.6
v_gowtdh4du4_0000,1 74.15 489.64 90.5 33.1 0;1 614.33 520.045 90.7 33.59 0;1 992.105 897.135 36.57 102.03 0;1 991.875 1038.08 34.13 81.28 0;1 1002.535 766.76 33.33 84.8 7.6;1 1034.08 648.005 32.4 105.27 21.5188;1 1299.41 557.85 97.4 36.5 0;1 1603.185 489.17 94.23 38.82 0;1 1749.37 558.14 96.68 34.82 359.6;9 872.605 466.14 46.69 17.2 0
v_gq0p9x65ku_0000,1 579.035 501.915 99.85 44.67 0;1 1262.25 509.135 102.48 48.61 0
v_gqi2xjy8wt_0000,1 95.555 520.65 76.73 39.46 0;1 745.06 537.07 95.46 40.3 0;1 1379.25 527.61 98.38 40.3 357.6;9 1446.495 484.255 55.37 15.85 0.2
v_gqiu3rgs6w_0000,1 1806.445 526.33 101.55 42.72 350.2
v_gtevypxgze_0000,none
v_gtlysat334_0000,1 898.56 439.83 94.38 33.4 313.3;1 899.86 829.485 33.78 95.21 0.5;1 904.87 1016.13 30.9 82.4 0;1 908.2 660.17 34 83 0;1 945.025 872.25 39.11 89.44 1.3636;1 958.17 1052.475 32.5 54.75 0;1 985.18 940.895 32.44 84.67 0;1 988.85 249.845 36.02 95.91 2.9;1 1420.995 497.185 91.91 36.91 0;1 1565.27 496.26 113.24 39.82 0;1 1626.88 556.06 33.5 91.52 89;1 1681.775 505.905 96.53 35.67 0;1 1748.545 552.14 98.23 38.06 0;1 1794.375 512.33 90.45 33.7 0;1 1856.86 569.945 92.56 32.51 0.1846;1 1890.55 504.31 58.9 35.16 0;3 957.415 543.88 163.13 41.68 0.2;7 921.385 58.425 34.39 111.95 0.9;9 881.625 922.72 10.87 35.5 9.5;9 1554.485 589.52 43.13 12.9 24.1
v_gtpkrv8up1_0000,1 633.845 486.79 86.83 30.34 359.7;1 898.51 483.03 32.4 83.9 44.8;1 962.01 829 33.4 82.08 359;1 1002.625 1014.855 79.47 31.89 274.1;1 1008.97 865.63 32.52 83.6 358.5;1 1024.16 290.435 31.5 83.29 0.2;1 1256.95 501.82 88.8 30.46 0;1 1507.6 495.62 86.8 30.6 0;9 980.68 442.53 11.3 44.5 0
v_gur784uswy_0000,1 990.81 527.975 92.8 32.21 0;1 1016.325 241.115 100.19 37.75 270.9;1 990.325 622.89 36.25 109.1 1.1;1 1008.56 740.215 34.9 99.83 16.5625;1 1072.51 615.845 38.6 96.47 32.9636;1 1525.42 535.88 89.72 34.5 3;3 589.53 498.735 213.58 56.99 0;9 303.19 551.15 54.46 10.9 0;9 1336.975 588.11 10.09 46.4 88.4
v_gushgvh1y5_0000,1 961.335 599.62 40.53 99.62 330.1
v_gv39eyu2it_0000,1 416.58 498.38 90.7 35.9 1.2;1 524.72 451.505 97.94 38.65 0;1 825.11 487.34 100.94 36.04 0;1 967.095 608.475 89.43 35.59 268.5;1 965.9 805.115 30.12 82.07 0;1 1079.93 530.045 86.3 35.59 0.1;1 1497.64 531.915 169.06 47.07 0
v_gvk6mfop1q_0000,1 77.105 381.01 86.41 33.4 0;1 168.525 290.24 34.79 80 270.02;1 253.46 422.66 86.18 35.24 2.1;1 253.43 473.955 82.6 34.05 0;1 398.32 478.21 82.86 33.7 0;1 466.48 289.025 34.48 76.65 271.2;1 501.41 382.86 77.94 33.38 1.2;1 507.4 480.135 86 35.89 1.9;1 528.81 1020.155 77.74 35.87 0;1 619.84 479.3 82.62 34.42 0.5;1 639.83 383.535 84.2 33.17 2;1 647.165 431.76 83.61 34.94 0.7;1 638.68 232.71 33.1 81.6 272;1 1088.105 278.605 81.43 37.35 0;1 1156.385 144.235 81.49 37.11 0;1 1189.315 85.795 93.77 42.33 359.5;1 1193.555 231.175 89.31 39.45 0;1 1205.27 282.74 82.2 36.9 0;1 1315.01 279.49 80.92 37.9 0;1 1435.365 329.315 90.73 37.11 0;1 1510.98 290.635 71.9 33.73 0;1 1619.805 268.735 88.45 36.67 0;2 1080.715 230.655 93.27 37.21 0;2 1423.64 229.03 109.76 42.4 0;4 1278.925 326.955 84.83 37.35 0;7 1109.885 321.655 102.23 42.39 0;7 1850.64 277.44 119.24 47.96 0;9 1029.585 203.475 40.41 12.31 0
v_gvxtl15uol_0000,1 29.065 474.72 37.23 58.42 90.5;1 881.64 465 35.98 90.68 44.48;1 954.375 157.8 34.45 86.8 8.36;1 958.085 312.675 33.73 91.99 4.84;1 1020.64 310.17 36.66 82.7 1;1 1105.665 521.665 84.71 34.75 352.34
v_gwe497m3w7_0000,1 1000.305 731.83 44.09 95.74 0;9 1225.295 500.77 50.17 25.84 0
v_gxycf3xw4r_0000,1 1179.12 492.02 96.74 46.48 0;1 1367.49 500.89 98.98 44.42 359.5925
v_gyd9ekns6t_0000,9 205.955 473.425 42.61 19.21 0
v_gyul6am8ea_0000,1 70.89 66.305 76.9 34.75 0;1 182.845 474.395 71.93 29.25 0;1 335.675 1012.3 88.77 38.34 0;1 474.285 473.095 81.15 30.55 0;1 674.15 1028.635 88.06 39.07 7.68;1 682.82 378.1 78.36 31.46 0.2;1 913.365 862.415 31.41 79.09 0;1 965.67 807.32 33.74 78.64 0;1 971.98 1008.92 31.5 82.18 0;2 625.485 472.18 98.79 32.84 358.7;2 1037.825 459.35 98.21 35.36 1.68;2 1052.115 208.54 95.43 38.5 358.6;2 1621.74 436.66 113.96 38.12 356.4;4 924.14 382.295 90.7 34.25 0;7 608.03 422.26 133.7 43.1 0;7 1225.255 415.295 109.01 40.41 357.9;9 493.895 444.605 41.79 11.11 0;9 935.845 796.82 10.75 34.04 353.6
v_gz2ih75d5m_0000,1 637.89 1060.92 73.62 36.42 5;1 908.875 886.26 35.85 86.44 0;1 908.955 1000.26 32.91 81.16 0;1 953.225 987.185 30.39 82.41 0;1 964.035 873.525 33.57 75.39 0;7 597.74 255.895 88.18 35.53 359.2
v_h4isw54q4j_0000,1 899.99 497.525 99.04 41.99 358.9
v_h7qqm11iv8_0000,1 12.72 509.15 25.44 42.12 0;1 107.38 467.12 117.4 40.9 0;1 261.14 472.685 88.9 36.71 0;1 382.205 478.075 91.55 35.01 0;1 480.825 531.81 101.45 35.44 2.4;1 489.495 474.88 92.83 37 0;1 605.285 481.425 110.81 35.13 0;1 672.3 547.985 95.9 34.27 4.3;1 727.875 481.18 95.19 38.3 0;1 812.42 544.97 88.98 34.54 0;1 845.78 489.07 84.08 33.8 0;1 904.65 1071.045 36 17.91 0;1 923.635 474.17 35.87 88.92 0;1 963.7 609.665 30.5 96.89 358.0875;1 971.72 777.155 32.9 89.81 0;1 977.86 986.32 31.6 87.88 0;1 980.67 67.325 34.6 90.49 1.2;1 1021.59 589.54 35.8 91.1 31.9;1 1129.485 558.865 101.17 38.17 1.3;1 1122.79 504.925 33.4 91.73 67.9;1 1229.1 488.74 102.14 37.9 0;1 1242.585 546.045 32.63 87.99 89.3;1 1366.35 494.44 89.7 34.86 0;1 1352.075 546.89 39.11 89.44 93.4;1 1460.66 499.085 91.9 36.91 0;1 1579.225 498.205 113.25 39.81 0;1 1696.205 507.56 96.53 35.66 0;1 1744.66 559.78 33.5 91.52 89;1 1830.12 551.53 98.24 38.06 0;1 1832.48 456.675 95 39.81 15.9167;1 1900.625 512.44 38.75 33.7 0;1 1915.38 571.49 8.96 32.52 1.2;3 909.32 824.78 50.2 256.74 2.3;3 1522.395 549.73 163.13 41.68 0.2;9 1009.28 972.88 9.9 25.4 1.2;9 1782.385 580.97 36.23 10.84 343.9231;9 1817.66 594.55 43.14 12.9 359.5
v_h86pmd8atw_0000,1 7.59 424.36 15.18 32.98 0;1 5.085 470.45 10.17 32.32 0;1 43.715 520.18 83.17 32.06 0;1 173.16 418.655 80.7 29.47 0;1 185.2 270.335 79.9 35.43 359.1;1 202.02 466.535 83.6 33.61 0;1 223.17 515.965 86.7 32.39 0;1 243.745 123.91 76.25 35.34 0.5;1 340.84 420.14 84.24 32.48 0;1 352.055 470.505 69.83 30.21 0;1 389.255 512.205 82.59 32.91 0;1 680.89 421.885 85.88 32.71 0;1 783.52 258.05 76.2 36.34 359.9;1 837.565 815.49 71.89 29.36 161.2;1 883.98 469.965 77.68 29.33 0;1 911.955 863.18 79.95 32.94 91.8;1 925.45 420.78 83.6 33.42 359.1;1 943.365 1027.9 81.41 32.06 90.7;1 1002.25 523.515 84.4 32.71 0;1 1016.495 1026.615 31.45 86.25 0;1 1016.9 912.515 26.8 75.87 0;1 1063.5 1017.705 32.6 83.49 0;1 1062.505 906.85 29.85 87.18 0;1 1116.86 420.355 83.96 34.35 359.4;1 1239.755 531.46 86.33 34.16 359.4;1 1265.975 424.45 79.47 32.78 0;1 1323.36 482.51 76.26 30.1 0.4;1 1409.285 642.615 82.15 33.83 62.68;4 514.19 416.005 82.18 30.03 0;4 651.61 518.25 91 30.7 0;4 667.165 466.795 82.75 31.05 0;4 1194.335 470.13 76.29 30.2 358.9;7 695.18 302.245 96.92 39.53 0;7 1047.335 469.91 102.19 34.36 0;7 1556.27 512.005 114.92 41.25 0.8;9 883.99 500.615 43.9 14.37 0
v_h92ktj7wpi_0000,1 1007.36 482.865 94.6 40.73 0;1 1836.405 515.05 105.11 47.3 350.6
v_hbiqlkdjo7_0000,none
v_hd3ztj49lt_0000,1 283.19 529.86 102.1 42.08 357.3;1 898.65 547.225 39.14 97.99 307.12;1 1116.335 540.5 79.31 33.46 359
v_helcprhhci_0000,none
v_hf4wwzqpqn_0000,9 936.41 605.05 26.28 51.24 336.3
v_hgs9gkp3jd_0000,1 568.92 1013.95 87.22 38.64 359.3;1 913.435 810.98 37.03 84.96 0;1 915.185 590.38 31.41 79.1 357.29;1 957.615 713.785 33.75 78.65 356.1;1 964.07 1031.68 31.28 81.32 0;1 967.79 841.825 31.5 82.19 0;7 730.925 469.255 80.47 29.73 0;9 793.15 277.19 10.76 33.62 321.04;9 927.485 905.195 11.47 39.49 356.34;9 940.76 771.42 11.6 36.3 0
v_hh9febk2cz_0000,1 1007.355 873.08 36.79 93.28 0
v_hi3l3kkd9z_0000,none
v_hj8h7die0v_0000,1 735.695 529.495 80.29 43.15 359.9;1 1005.405 718.4 48.75 111.9 0;8 949.505 572.66 25.15 84.26 325.6
v_hj9saknm6k_0000,1 99.89 490.34 89.98 39.34 0;1 254.155 561.73 37.69 91.18 89.6;1 932.94 712.15 37.5 101.7 0.75;1 933.275 404.55 35.01 91.04 3.45;1 936.16 184.465 34.34 85.39 0;1 1002.965 742.45 87.13 35.36 275.01;1 976.28 600.55 32.1 81 0.39;1 983.4 303.47 34.98 79.1 5.9;1 1052.095 496.02 84.51 34.76 0;1 1272.095 508.57 92.15 35.24 355.21;1 1341.615 547.23 90.37 37.98 358.2;1 1444.96 510.22 76 34.1 0;1 1554.1 502.19 89.12 34.3 0;1 1682.605 508.49 76.61 35.42 0;1 1787.45 574.23 98.14 37.56 5.036;7 1000.905 903.49 42.17 103.16 359.6;9 901.115 315.9 13.79 39.38 0;9 922.635 313.62 13.19 44.92 352.85
v_hkv0lgkqsg_0000,1 558.165 496.06 35.61 88.62 89.4;1 818.03 536.32 32.8 88.04 71.4;1 958.825 299.945 31.37 82.97 0;1 962.13 151.42 32.9 85.3 0;1 1009.75 335.405 35.9 92.69 0;1 1018.89 772.33 33.7 85.6 0;1 1017.84 63.12 29.9 85.8 0
v_hp0fgwmq93_0000,1 988.75 75.64 36.64 85.28 0;1 1042.02 577.16 39.34 109.14 35.5375;1 1071.59 460.445 89.7 36.17 0;1 1679.6 486.935 89.2 38.31 355.1;1 1892.405 462.935 54.41 36.23 0;1 1917.1 528.39 5.8 35.3 0;8 299.3 519.325 62.3 26.19 0
v_hr8fepbf14_0000,1 33.035 448.185 66.07 36.49 0;1 128.6 447.365 103.9 37.67 0;1 418.685 501.87 102.79 38.72 0;1 465.36 444.34 117.06 41.3 0;1 617.725 505.33 86.57 35.06 0;1 659.745 448.98 94.73 38.92 0;1 789.465 512.225 91.05 37.97 0;1 838.45 418.365 86.22 35.13 338.68;1 965.5 981.55 37 97.16 0;1 967.695 555.315 39.57 86.71 0;1 1072.17 514.4 89.42 36.68 0;1 1085.85 453.095 78.1 37.53 0;1 1759.715 450.975 97.59 38.15 0;1 1780.395 537.545 92.99 35.53 0;2 239.335 452.895 83.65 33.29 0;4 1478.695 472.43 36.39 95.06 89.1
v_hwlrgksij1_0000,1 60.985 517.91 98.45 37.46 0;1 263.74 541.825 36.34 90.57 90;1 451.165 522.575 86.63 35.65 0.1;1 676.305 526.775 33.35 84.03 85.33;1 965.16 47.7 40.46 95.4 0;1 1026.13 549.62 33.6 85.96 0;1 1249.705 528.015 92.87 36.73 358.1;1 1348.705 473.89 90.21 37.5 0;7 1022.91 125.82 42.76 108.46 0
v_hx7dn7qak1_0000,1 183.38 531.065 44.06 94.09 269.4;1 1005.515 317.03 37.89 93.24 357.7
v_hxbdibucjl_0000,none
v_hxgwnzuh81_0000,1 233.28 462.395 93.6 35.61 0;1 380.905 510.155 92.57 34.91 0;1 826.915 474.625 97.45 42.13 0;1 971.895 741.89 39.95 88.02 0;1 1120.1 458.15 79.04 39 0;1 1121.935 554.725 34.55 85.67 68.68;1 1610.445 518.115 90.09 38.67 0;1 1696.92 459.81 93.2 39.22 0
v_hxhjthxc4s_0000,1 333.145 491.2 96.41 42.92 0;1 918.085 818.465 33.77 89.07 0;1 981.89 961.67 40.16 94.14 0;1 1052.28 552.58 98.5 36.5 354.8;1 1091.64 491.335 96.24 38.79 0;1 1237.75 544.01 38 103.5 89;1 1392.285 556.465 101.99 39.07 3.6;1 1408.005 498.7 98.89 38 1.2;1 1525.3 551.42 94.2 38.1 0;1 1551.49 509.115 93.2 37.35 358.2;1 1638.26 554.88 105.08 39.3 0;1 1655.64 505.53 89.04 36.18 0;1 1760.895 555.63 101.91 37.74 0.1;1 1800.75 499.295 101.1 36.25 359.1;1 1867.91 565.375 96.3 32.63 0;1 1895.355 495.395 49.29 36.25 0;9 905.36 432.63 10.64 40.8 0;9 990.52 631.46 11.3 40.9 21.42
v_hxstucb9uf_0000,1 146.165 496.705 93.97 37.37 0;1 277.725 499.2 96.91 39.56 0;1 390.425 493.09 101.03 37.76 358.4;1 417.5 548.05 93.78 38.06 0;1 507.21 490.33 96.86 38.04 0;1 556.495 545.12 92.83 37.54 359.6;1 614.725 497.845 88.09 39.97 0;1 665.13 546.5 112.76 41.64 359.3;1 720.1 492.38 90.44 36.72 0;1 780.31 554.895 92.34 39.37 0;1 823.145 498.05 90.41 39.84 0;1 918.04 663.84 39.02 89.42 0;1 923.125 113.375 35.47 90.53 0;1 941.59 880.73 33.72 86.7 0;1 985.23 463.07 40.84 99.5 0;1 989.5 194.09 36.34 87.6 0;1 1605.82 490.89 36.56 93.4 89.1;1 1739.455 482.065 96.79 39.93 359.8;1 1866.89 488.82 44.44 100.88 88.7;9 1020.56 571.15 13 38.3 1.34;9 1311.79 477.555 12.86 40.23 94
v_hy2wirmd0a_0000,1 40.15 460.32 80.3 40.9 0;1 241.23 468.515 88.9 36.71 0;1 383.975 525.49 101.45 35.44 2.4;1 379.615 476.33 91.55 35 0;1 487.91 474.65 92.84 37 0;1 550.115 538.685 95.91 34.27 4.3;1 603.555 478.4 110.81 35.12 0;1 726.675 480.675 95.19 38.29 0;1 809.55 542.6 88.98 34.54 0;1 845.23 488.7 84.08 33.8 0;1 910.12 839.915 35.88 88.93 0;1 935.995 266.11 35.25 90.9 0;1 961.41 653.73 34.6 90.5 352.0923;1 968.97 1000.605 32.9 89.81 0;1 975.64 857.765 30.5 96.89 0;1 1017.77 589.96 35.8 91.1 28.9;1 1128.955 558.455 101.17 38.17 1.3;1 1121.08 504.095 33.4 91.73 67.9;1 1229.05 488.46 102.14 37.9 0;1 1241.395 544.5 32.63 88 89.3;1 1361.18 494.35 89.7 34.86 0;1 1350.145 546.54 39.11 89.44 93.4;1 1452.71 498.165 91.9 36.91 0;1 1571.785 497.67 113.25 39.82 0;1 1686.035 507.425 96.53 35.67 0;1 1700.94 559.245 33.5 91.51 89;1 1765.24 554.2 98.24 38.06 0;1 1797.13 513.18 90.46 33.7 0;1 1867.475 572.435 92.55 32.51 1.2;1 1898.43 504.31 43.14 35.16 0;3 901.25 1013.025 50.2 133.95 0;3 1503.96 549.35 163.14 41.68 0.2;9 1645.985 593.16 30.31 10.84 2.1733;9 1803.26 597.06 43.14 12.9 359.5
v_hzkxd754wa_0000,1 606.95 480.625 91.9 36.91 0;1 898.25 620.57 35.4 92.9 0;1 898.025 772.52 34.29 89.8 0;1 943.175 901.13 33.49 91.52 0;1 977.73 59.59 97.3 36.9 272.8;1 955.055 609.865 35.61 87.53 0;1 957.36 742.85 34.6 83.5 0;1 985.55 939.045 32.44 84.67 0;1 1042.69 484.805 113.24 39.81 0;1 1043.47 545.36 98.24 38.06 0;1 1299.085 506.46 96.53 35.66 0;1 1332.905 556.265 92.55 32.51 1.2;1 1620.295 507.43 90.45 33.7 0;1 1746.19 502.805 96.7 37.25 4.15;1 1889.09 502.44 61.82 35.16 0;3 438.035 525.46 163.13 41.68 2.8;7 891.885 941.915 32.45 116.07 0;7 899.405 1056.65 34.39 46.7 0;8 942.15 1048.4 28.7 63.2 0;9 744.525 554.18 43.13 12.9 0;9 1629.085 572.86 42.35 13.2 0
v_i0q42z9wgi_0000,1 8.705 458.41 17.41 32 0;1 85.78 508.38 86.9 34.52 0;1 413.39 461.71 76.1 32.08 0;1 581.235 461.325 77.43 31.93 1.28;1 614.91 116.57 77.5 33.16 2.2;1 642.235 507.425 82.75 32.87 0;1 839.36 803.57 71.88 29.36 160.5;1 866.615 512.615 80.47 32.07 359.8;1 914.735 259.67 78.35 34.74 358.6;1 929.225 985.31 79.19 31.06 90.8;1 932.535 686.465 80.63 30.97 88.5286;1 922.855 318.415 61.05 27.79 357.9;1 999.485 463.45 86.03 34.7 359.9;1 1018.475 925.9 34.17 83.4 0;1 1057.475 907.67 34.95 83.2 0;1 1726.32 503.59 71.96 30.5 0.9;1 1917.75 405.865 4.5 33.01 358.9;4 32.515 239.365 64.43 39.83 359.2;4 382.745 282.63 93.47 41.64 1.6;4 443.24 509.825 104.7 36.23 0;4 690.795 404.28 79.25 32.48 0;4 1001.125 404.005 79.59 32.35 0;7 193.8 455.575 180.16 55.03 0;7 673.75 156.205 143.16 44.95 0.8;7 757.88 457.965 180.9 47.47 0;7 910.345 202.775 106.73 48.01 2.96;8 130.105 406.72 61.03 26.7 0;9 275.22 508.28 49.78 14.08 0;9 343.9 526.45 46.9 13.44 0;9 371.395 486.475 41.43 15.11 0;9 1325.755 533.77 36.59 12.54 1.5
v_i1cg1t05hq_0000,1 105.185 497.64 100.45 39.84 0;1 350.93 492.85 101.84 39.94 0;1 612.495 486.075 101.11 43.23 0;1 747.495 482.96 89.75 40.66 0;1 920.77 633.765 43.24 102.89 0;1 918.715 1039.835 38.55 80.33 0;1 923.26 893.87 36.4 91.94 0;1 930.15 356.14 37.8 88.54 20.8;1 987.775 1011.475 37.13 96.49 0;1 996.485 685.185 41.05 99.61 0;1 995.65 865.275 37.82 93.21 0;1 1367.01 497.8 80.6 38.1 0;4 1826.91 522.045 119.06 42.13 0;9 752.585 536.185 39.95 11.49 0;9 933.85 538.535 41.04 13.41 0;9 958.615 832.875 14.77 43.79 0
v_i1f0mq97o4_0000,1 216.73 526.95 87.28 37.52 0;1 520.52 514.455 96.58 41.37 358;1 736.99 524.74 91.4 34.8 357.84;1 976.55 572.68 36.2 94.3 0;1 1001.975 124.635 85.73 32.17 270.1;1 1416.825 529.945 91.79 34.83 0;1 1441.525 473.24 93.19 34.5 0;1 1726.24 548.855 104.94 38.99 359.6;1 1909.18 488.99 21.56 37.7 0.2;8 385.715 472.71 64.99 25.92 0;8 1052.685 461.64 68.01 30.3 0;9 476.965 552.33 52.49 15.1 0
v_i2bd4vwde7_0000,1 782.14 488.925 95.78 39.03 0;1 819.005 547.275 91.35 34.89 359.54;9 299.96 539.315 49.38 17.39 356.9
v_i41wbsiepr_0000,1 159.88 551.81 101.44 34.48 0.7;1 435.84 539.41 30.1 83.08 90.5706;1 561.74 496.97 35.6 88.62 89.4;1 588.835 556.4 31.73 80.1 86.5667;1 804.28 549.38 77.48 30.2 354.8222;1 931.575 1030.735 30.79 83.29 27.4;1 940.54 437.71 33.2 85.18 13.4667;1 953.25 305.065 30.4 82.03 0.5111;1 982.14 569.18 84.8 31.16 353;1 959.3 159.145 30.2 86.23 0;1 1005.48 222.56 31.6 76.66 0;1 1014.08 470.745 33.46 80.05 0;9 967.43 822.655 9.14 32.29 359.3
v_i50aelmzhe_0000,1 122.94 118.165 76.24 35.33 0.5;1 842.37 815.13 71.88 29.36 158.0931;1 912.03 862.205 79.94 32.93 91.8;1 934.47 643.385 68.02 31.21 79.9667;1 945.07 812.95 81.34 32.38 87.6;1 982.04 443.08 90.86 37.1 3.9;1 1016.495 1026.615 31.45 86.25 0;1 1016.9 912.515 26.8 75.87 0;1 1063.21 1007.435 32.6 83.49 0;1 1062.505 906.85 29.85 87.18 0;1 1156.91 428.435 80.3 34.83 359.19;1 1391.525 422.795 83.11 34.43 359;1 1544.235 780.675 82.15 33.83 4.2;1 1631.67 468.01 75.88 33.18 0;1 1638.085 522.445 82.07 32.25 358.38;1 1677.025 252.565 81.55 34.29 0;1 1872.9 418.38 87.54 36.82 0;1 1890.475 471.08 59.05 34.78 0;7 750.965 469.875 149.49 41.05 1.56
v_i6j2p8a7mw_0000,1 99.66 490.595 89.98 39.33 0;1 908.03 518.34 37.7 88.56 57.1333;1 935.53 383.31 37.5 101.7 2.26;1 938.04 791.615 37.3 88.69 0;1 939.78 159.14 35 92.28 0;1 1002.075 884.9 89.77 39.28 269.3;1 987.405 313.46 35.37 84.5 0;1 991.82 1045.66 34.22 68.68 0;1 992.82 65.51 33.14 83.14 0;1 1064.755 580.12 87.13 35.36 333.58;1 1215.165 494.98 84.51 34.76 0;1 1339.7 504.33 92.52 35.24 0;1 1341.815 547.36 90.37 37.98 358.2;1 1574.08 511.12 82.56 40.44 0;1 1758.03 502.85 89.12 34.3 0;1 1774.015 562.98 98.15 37.56 15.12;7 1000.51 634.02 42.18 103.16 355.86;9 900.305 308.16 13.89 39.38 0;9 915.165 101.7 13.19 46.36 3.5
v_i6nl9zk5xk_0000,1 676.1 529.985 35.7 76.11 86.7;1 963.57 47.035 40.46 91.87 0;1 983.34 579.81 35.7 91 2.8;1 989.84 268.89 32.38 85.56 4.6;1 1010.27 100.495 40.2 113.15 3.57;1 1331.745 535.565 103.45 37.81 0;1 1351.01 478.09 94.8 37.5 0;4 39.885 480.775 79.77 35.01 1.1
v_i7ytmdmi6y_0000,1 565.82 516.87 94.44 36.08 0;1 588.155 453.51 101.19 40.14 0;1 701.3 518.845 92.1 38.99 0;1 712.745 465.87 98.27 37.54 0;1 817.09 466.875 91.56 40.13 0;1 904.425 371.88 38.23 90.44 0;1 906.69 162.835 37.14 87.79 0;1 908.815 928.37 41.09 93.4 0;1 908.975 568.89 37.21 81.7 0;1 958.51 1062.015 33.56 35.97 0;1 964.825 354.225 42.93 88.71 0;1 964.93 689.125 37.98 88.51 0;1 966.68 503.015 38.86 86.21 0;1 969.235 975.655 42.31 96.05 0;1 982.255 862.82 40.21 89.1 0;1 1398.755 456.255 92.53 36.79 0;1 1784.85 540.475 93 35.53 0;1 1881.2 468.52 77.6 39 0;1 1904.875 534.985 30.25 38.27 0;3 1580.34 473.355 137.34 46.93 0
v_i8yooudjzo_0000,1 170.42 524.91 107.74 43.34 0;1 1182.1 490.745 99.86 38.11 0
v_ib0w7zpo61_0000,1 437.13 498.26 105.5 41.98 0;1 662.595 492.45 101.41 41.06 0;1 669.27 542.365 94.72 37.35 1.7;1 920.555 894.57 40.61 96.2 0;1 925.8 234.89 37.1 92.88 0;1 987.265 867.41 37.47 95.62 0;1 990.995 206.43 36.47 93.38 0;1 995.395 520.55 38.15 91.76 0;1 1144.94 540.105 88.52 35.39 359.7;1 1133.61 493.935 36.84 87.81 76.23;1 1237.895 492.295 84.63 37.65 2;1 1260.545 564.07 87.81 37.8 0.9;1 1356.22 499.505 91.08 38.09 357.9;1 1364.425 448.605 95.15 41.45 358.1;1 1369.325 546.25 40.25 87.68 90.9;1 1459.97 495.82 91.68 38.98 358.5;1 1564.925 485.45 103.79 42.34 359.8;1 1621.145 531.225 89.95 37.17 356.3;1 1723.805 493.1 90.19 40 0;1 1829.205 491.11 94.45 37.2 359.5;1 1852.78 561.635 39.08 96.11 86.9;4 926.68 645.35 41.1 111.1 0;4 1501.385 545.95 97.95 36.12 359;7 822.165 492.82 106.47 39.4 0;9 918.135 992.57 15.85 52.4 0;9 961.25 297.97 14.5 45.3 0.7
v_ibmrlotglh_0000,1 94.67 113.44 28.5 67.16 268.7;1 481.715 80.78 28.29 78.52 271.5;1 633.885 120.08 33.11 80.2 276.3;1 701.14 271.025 26.64 72.19 281.5;1 874.38 285.5 28.7 78.7 310.9667;1 904.63 510.3 32.3 82.26 352.5;1 922.01 903.07 27.2 72.1 0;1 927.62 1061.45 33.4 37.1 0;1 927.63 711.61 30.66 87 0;1 952.54 423.435 29.4 78.45 354.5;1 1318.22 299.63 83.4 32.9 0;1 1861.06 237.64 90.3 35.46 0;7 1181.16 249.615 113.3 42.61 0;7 1268.94 193.775 111.02 40.67 0;7 1858.735 361.55 29.39 97.6 92.4;9 897.505 367.26 8.13 37.5 355.1
v_ibqi9h7dtq_0000,1 188.425 503.11 29.45 69.8 90.5;1 273.105 552.62 28.85 66.28 89.2;1 638.49 552.63 92.72 32.94 357.8;1 694.87 502.765 82.34 28.07 357.4;1 898.13 478.54 30.26 80.78 56.1;1 981.86 340.76 31.9 81.78 9.7;1 1030.415 209.145 30.55 82.45 0;1 1284.14 510.6 86.32 29.74 358.85
v_icb6pqzzd8_0000,1 73.78 516.375 33.82 86.07 89.8;1 251.69 577.3 90.54 40.56 32.15;1 569.125 516.965 36.41 92.93 89.5;1 887.865 510.515 82.23 38.33 0.3;1 963.57 48.535 40.46 94.87 0;1 986.68 323.64 36.04 89.8 7;1 1020.375 641.925 79.99 36.91 301.5;1 1005.995 854.435 38.85 86.83 0.7;1 1008.22 187.54 38.34 88.22 4.8;1 1013.66 72.37 37.9 89.3 1.19;1 1681.37 480.07 94.8 37.5 0;1 1741.07 528.28 100.48 38.22 0;4 1284.285 529.2 88.47 34.42 3.9
v_id6qvskulr_0000,1 579.535 110.22 28.69 73.3 274.8846;1 631.94 240.57 30.4 76.6 280.8308;1 888.61 353.78 28.5 77.42 347.7154;1 912.635 644 28.29 78.52 0;1 921.425 841.69 33.11 80.2 0;1 922.65 1023.375 26.64 71.39 0;1 966.43 1069.3 29.4 21.4 0;1 966.77 943.1 28.7 78.7 0;1 1201.89 466.045 29.1 79.09 83.2;1 1622.325 421.63 31.07 70.2 88.4;7 970.435 758.56 29.05 94.1 0;7 994.475 585.79 29.39 97.6 17.4;7 1181.16 247.38 113.3 42.62 0;9 116.55 102.58 11.3 32 266.2;9 873.16 451.71 8.6 31.7 347.8923
v_ieo9n9k1s2_0000,1 128.195 498.23 89.05 36.18 0;1 276.32 484.13 96.74 38.6 0;1 360.4 549.055 96.3 32.63 0;1 463.84 492.475 101.1 36.25 359.1;1 618.06 491.505 96.96 36.25 0;1 692.08 551.01 95.7 37.64 0;1 805.03 487.265 100.84 37.61 349.1077;1 988.165 632.485 95.63 34.47 284.4;1 970.91 739.14 33.1 89.3 3.1731;1 1037.055 551.43 99.71 40.56 0;1 1082.8 495.135 98.14 37.79 0;1 1282.965 499.695 102.01 40.55 0;1 1353.735 558.435 102.01 37.15 0;1 1496.935 499.775 93.65 37.87 359.3;1 1707.325 573.17 89.17 30.66 0.3;3 1764.915 508.205 54.51 190.61 89.3;9 641.78 577.375 48.2 11.59 0;9 912.21 613.73 16.78 44.3 4.0833
v_if64gkr487_0000,1 710.425 1063.08 73.63 33.84 4.38;1 909.515 885.74 35.85 86.44 0.8791;1 909.71 999.98 32.92 81.16 0;1 954.105 988.39 30.39 82.42 0;1 964.575 872.66 33.57 75.38 0;9 1656.07 222.005 44.7 14.81 0
v_ifn0mds0ry_0000,1 491.08 479.27 108.26 41.08 0;1 656.66 536.6 102.7 38.4 0
v_iiy142u5qe_0000,1 566.91 508.95 88.06 37.86 359;7 1017.8 1019.47 38.86 116.16 0
v_ij6h5dqys9_0000,1 310.68 494.245 102.7 40.79 0;1 935.105 16.9 38.11 33.8 0;1 982.33 987.4 35.1 88.2 0;1 1083.08 549.6 98.5 36.5 354.8;1 1097.79 488.77 96.7 38.36 0;1 1212.275 494.51 96.41 42.92 0;1 1269.405 544.43 37.99 103.5 89.9404;1 1319.69 491.005 96.24 38.79 0;1 1394.215 555.875 101.99 39.07 3.6;1 1422.52 500.8 98.88 38 1.2;1 1526.69 550.61 94.2 38.1 0;1 1559.295 510.875 93.21 37.35 358.2;1 1631.98 556.76 105.08 39.3 0;1 1662.175 503.13 89.05 36.18 0;1 1758.775 557.1 101.91 37.74 0.1;1 1798.57 501.04 101.1 36.24 359.1;1 1864.43 566.825 91.82 32.63 0;1 1892.97 498.765 54.06 36.25 0;2 917.91 526.84 34.78 98.2 0;2 986.66 697.95 35.64 115.64 0;7 910.71 985.01 35.8 116.7 0;7 986.095 363.745 36.55 121.69 0;9 855.81 585.95 33.34 14.18 7.2;9 944.115 816.945 14.51 34.39 0
v_ijgefhd2zh_0000,8 1497.335 458.21 60.59 27.1 0
v_ijmprmyjjc_0000,1 958.35 514.58 95.92 36.2 0;1 1406.14 556.265 92.56 37.95 359.8;1 1518.81 511.105 101.5 39.43 0;2 725.48 518.315 129.36 43.05 358.88;7 898.62 438.595 101.64 42.47 350.87;9 1164.485 509.15 48.29 14.7 0
v_initl5umjd_0000,1 569.355 1011.775 87.23 38.65 359.3;1 675.23 271.42 31.42 74.54 278.68;1 889.91 311.515 33.74 78.65 338.98;1 900.13 490.165 35.66 81.67 351.25;1 913.295 1043.97 32.53 72.06 0;1 915.22 774.065 35.84 90.51 359.9;1 964.905 754.925 31.29 78.07 0;1 970.48 954.64 31.3 78.3 0;1 1022.25 557.205 31.5 76.81 37.18;7 36.225 387.5 72.45 40.36 0;7 730.62 468.595 80.46 29.73 0;9 311.465 105.24 10.75 33 276.84;9 840.29 371.4 11.6 36.3 322.76;9 934.545 541.565 11.47 36.05 353.54
v_ip05pwx481_0000,1 810.96 497.74 77 32.2 357.5;1 962.62 723.56 29.72 79.42 355.4;1 983.9 314.72 29.6 87.1 12.2063;1 1016.655 464.48 32.23 79.4 1.575;1 1142.805 541.29 72.99 30.86 352.8273;1 1304.13 518.625 83.3 31.91 355.5;1 1418.795 485.3 91.37 29.7 6.4;1 1708.345 493.69 83.15 27.78 0;9 966.765 237.19 9.91 42.68 6.9;9 993.83 56.72 10.4 34.22 0;9 1262.55 473.92 34.54 12.14 356.15
v_iquqo5q82r_0000,1 56.98 371.45 78.6 33.8 0;1 117.27 428.17 75.9 29.24 0;1 227.805 470.255 79.79 31.59 0;1 361.94 373.545 97.16 33.63 0;1 401.88 417.15 77.62 28.62 0;1 458.6 472.295 86.1 30.89 0;1 504.43 419.13 79.5 30 0;1 534.08 374.85 78.9 31.8 0;1 559.36 1000.44 91.8 34.3 0;1 612.23 423.34 78.8 30.8 0;1 611.21 477.63 71.2 27.5 0;1 646.47 380.15 74.5 29 0;1 665.19 242.18 29.7 79.5 278.8909;1 680.005 126.98 28.67 75.54 288.6091;1 776.525 104.525 29.91 82.37 298.4455;1 1118.89 304.97 83.4 32.9 0;1 1176.07 67.82 70 32.98 0;1 1212.115 119.81 81.19 33.78 0;1 1226.71 296.875 72.42 27.19 0;1 1269.93 201.47 90.1 32.7 0;1 1318.07 252.87 90.3 35.46 0;1 1386.51 291.03 88.3 33.9 0;1 1381.42 204.05 77.9 32.5 0;1 1426.57 245.64 89.3 29.4 0;1 1486.97 197.03 82 31.6 0;1 1565.53 290.06 85.1 33.5 0;1 1596.985 198.215 84.73 30.31 0;1 1665.97 242.02 81.2 34.2 0;1 1674.85 94.08 89.38 35.9 0;1 1905.85 195.2 28.3 29.72 0;2 1566.1 240.8 89.5 30.7 0;7 1151.04 194.905 111.02 40.67 0;7 1175.24 250.33 113.3 42.62 0;9 363.44 486.31 39.7 6.9 0;9 507.36 447.77 39.5 9 0;9 700.56 438.39 45.58 9.8 351.2557
v_iug0iq1t6z_0000,1 21.28 457.625 42.56 33.11 0;1 30.57 503.73 61.14 34.7 0;1 87.84 455.39 79.2 31.28 0;1 157.16 502.055 89.9 34.15 0;1 178.02 453.215 84.4 34.01 0;1 286.24 453.595 79.54 31.01 0;1 324.855 504.225 83.49 34.77 0;1 368.79 457.83 79.12 32.22 0;1 383.98 407.475 91.4 36.29 0;1 416.365 510.91 83.85 30.98 0;1 468.435 464.305 80.01 30.31 0;1 504.905 409.155 79.91 32.87 0;1 521.185 513.25 82.11 31.06 0;1 594.485 466.115 82.07 32.45 0;1 613.78 411.145 95.66 33.61 0;1 637.155 511.02 90.01 31.72 0;1 709.46 467.255 80.24 34.77 0;1 736.635 415.35 78.57 33.16 0;1 771.28 503.72 71.88 29.36 353.1;1 1217.985 295.625 72.43 33.11 359.2;1 1255.48 341.69 80.1 34.16 0;1 1305.675 297.285 78.99 31.73 0;1 1395.08 338.495 84.38 32.41 0;1 1393.51 294.375 79.9 32.23 0;1 1511.62 293.005 108.78 37.79 0;1 1504.1 340.205 86 35.21 359.2;1 1503.63 245.16 84.92 34.98 0;1 1610.555 341.645 88.67 35.53 0;1 1645.775 236.47 103.05 39.02 0;1 1717.49 343.635 91.98 31.79 0;4 44.075 411.28 88.15 39.78 0;4 156.235 405.055 84.13 30.83 0;4 262.185 408.735 89.35 32.53 0;5 1361.01 241.965 175.02 54.13 0;5 1820.94 234.1 198.12 50.88 0;7 656.445 149.54 31.67 88.74 273.29;7 1764.815 289.62 303.85 51.28 0;7 1853.355 340 133.29 41.42 0;9 249.89 509.195 40.8 12.55 359.6;9 365.005 530.125 44.27 14.31 0;9 579.855 523.985 37.71 13.33 46.6022;9 777.33 445.99 38.18 12.24 13.4896;9 780.58 475 35.52 14.8 359.3;9 803.865 392.26 44.29 16.04 0.5;9 807.105 440.18 39.27 11.24 353.3;9 1209.49 246.925 47.92 19.85 359.6;9 1424.26 316.83 46 16.28 0
v_iuwpdh52y8_0000,1 363.14 520.13 102.38 44.48 0.4
v_iy6ir9y1cc_0000,1 852.005 483.165 31.99 78.17 69.8444;1 1005.96 778.99 32.3 83.24 0;1 1006.7 199.085 33.06 92.33 4.2;1 1010.61 364.985 29.9 81.23 0;1 1023.505 25.55 29.45 51.1 0
v_izt6xacsae_0000,1 559.135 501.955 35.61 88.63 89.4;1 975.62 303.24 30.1 85 0;1 983.39 185.86 31.32 68.8 2.6;1 991 49.14 29.3 78.2 0;1 1024.855 724.155 88.93 33.61 277.7;1 1007.455 976.635 34.01 87.55 2.1;1 1256.925 513.34 89.41 29.32 0;1 1883 527.085 74 31.19 0;9 934.94 432.05 10.6 39.86 11.7;9 954.58 445.985 10.58 39.97 17.7
v_j0s23hfxce_0000,1 440.895 448.455 98.57 35.59 0;1 521.945 519.38 98.57 35.6 0;1 709.215 524.565 160.97 47.07 0;1 968.705 668.55 89.43 35.6 268.5;1 1041.9 555.27 82.44 35.6 308.4
v_j1ufhzbjn3_0000,none
v_j1uognqqlf_0000,1 11.74 488.04 22.92 36.24 0;1 123.81 551.01 88.72 39.8 0;1 870.345 505.46 94.25 36.4 0;1 983.215 269.215 92.55 35.73 276.2;1 1043.735 561.91 99.61 41 0;1 1464.16 542.1 33.6 92.2 87.9
v_j3zkrt6psn_0000,1 756.92 490.855 95.38 42.73 0;1 969.755 728.94 38.53 96.66 0;1 996.65 602.48 38.22 86.16 2.2846;1 1075.05 568.235 40.02 87.25 55.8846
v_j4ipunq273_0000,1 1893.4 514 53.2 39.42 348
v_j50haddllf_0000,1 969.13 47.8 42.52 95.6 0;1 974.425 374.94 33.51 86.4 20.2;1 1021.99 611.07 88.48 36.18 308.76;1 1036.725 131.32 37.09 92.82 0;1 1288.91 482.945 95.18 36.39 1.56;1 1361.29 524.83 90.34 36.52 350.86;1 1596.605 507.04 96.07 37.64 0;9 1180.62 676.06 12.8 37.96 329.3
v_j62htc5d5i_0000,1 1446.185 496 105.11 53.86 0
v_j63s9yvulo_0000,none
v_j7gyspt5cw_0000,1 360.88 536.64 77.78 36.06 359.7;1 969.075 536.455 91.63 38.87 359.8
v_j9eiew0wil_0000,1 298.01 424.5 78.8 30.8 0;1 397.65 229.07 29.4 78.46 271;1 543.98 378.94 74.5 29 0;1 569.805 258.96 30.65 87 271.7;1 584.75 109.145 33.4 81.61 282.6;1 772.92 296.84 27.2 72.1 299.3;1 923.39 700.965 33.6 79.89 0;1 934.7 521.24 29 81.04 348.8462;1 963.85 841.9 29.9 82.36 0;1 1129.16 305.26 83.4 32.9 0;1 1287.41 205 90.1 32.7 0;1 1320.095 252.94 90.29 35.46 0;1 1502.96 297.935 88.34 27.19 0;1 1567.6 244.95 89.3 29.4 0;1 1595.21 202.37 77.9 32.5 0;1 1747.5 285.19 88.3 33.9 0;1 1865.4 193.81 82 31.6 0;2 1823.73 239.26 89.5 30.7 0;7 1157.635 195.645 111.01 40.67 0;7 1179.15 250.195 113.3 42.61 0;9 199.135 73.83 8.13 37.5 268.4;9 739.87 481.155 40.9 10.57 17.9;9 928.96 602.225 8.6 38.29 8.3273
v_j9rmdxsnd6_0000,1 310.615 491.92 98.93 44.3 0;1 568.53 494.66 90.82 36.46 0;1 698.435 545.615 104.71 42.83 0;1 706.25 488.28 93.78 37.28 0;1 838.665 498.985 102.69 40.79 0;1 910.64 891.55 33.5 84.8 0;1 913.38 1049.025 34.14 61.65 0;1 979.84 466.96 34.6 88.8 0;1 980.89 954.945 34.7 85.89 0;1 988.065 824.665 34.49 72.29 3.1;1 1083.09 549.27 98.5 36.5 354.8;1 1106.16 489.215 96.7 38.35 0;1 1213.65 495.69 96.4 42.92 0;1 1268.515 545.41 37.99 103.5 90.5;1 1320.55 493.305 96.24 38.79 0;1 1388.515 558.135 101.99 39.07 3.6;1 1420.51 501.41 98.88 38 1.2;1 1516.86 552.74 94.2 38.1 0;1 1562.455 511.565 93.21 37.35 358.2;1 1629.465 557.52 105.09 39.3 0;1 1665.11 505.87 89.04 36.18 0;1 1749.26 558.53 101.9 37.74 0.1;1 1788.19 503.365 101.1 36.25 359.1;1 1852.825 568.64 91.81 32.62 0;1 1888.465 501.255 63.07 36.25 0;9 98.39 529.77 57.88 19.7 0;9 1269.53 585.415 33.34 14.17 359.8
v_jan9vil7e9_0000,1 901.68 795.44 42.1 101 0;1 907.045 946.85 42.63 95.9 0;1 968.575 456.335 42.63 95.97 0;1 971.445 1008.96 36.73 84.6 0;1 975.45 837.92 40.16 98.2 0;1 1616.13 470.53 37.34 91.44 89.3;1 1789.615 533.915 92.99 35.53 0;4 897.255 431.77 38.97 106.48 0;7 943.725 20.56 53.39 38 0
v_jcwrohjewu_0000,1 1309.49 539.24 100.46 43.28 0
v_je2ivx3fm4_0000,1 836 522.325 103.88 46.59 355.6;1 1353.485 535.67 103.35 42.52 0.6;1 1590.42 499.27 89.08 38.1 0.8
v_jedkzia1gx_0000,1 205.35 369.63 79.5 32.4 0;1 316.645 412.41 98.69 32.5 0;1 401.845 253.6 68.79 30.1 0;1 465.615 423.56 72.47 29.4 354.8;1 491.36 368.75 78.6 33.9 0;1 520.31 465.53 78.8 30.9 0;1 536.87 1001.36 94.1 34.4 0;1 631.37 416.015 71.6 27.79 0;1 705.235 475.18 69.69 31.5 0;1 729.485 1021.165 83.97 35.21 15.8545;1 836.37 488.99 85.4 30.4 34.7714;1 842.135 797.785 96.01 32.53 90;1 841.19 601.445 66 26.17 86.6;1 842.4 1067.79 14.5 24.42 87.3;1 903.575 402.09 66.99 26.2 0;1 924.17 1018.64 30.4 76.6 0;1 925.1 923.37 28.7 73.3 0;1 969.395 867.915 31.07 70.19 0;1 977.23 976.15 29.1 79.1 0;1 1218.63 411.55 83.5 31.2 0;1 1526 199.37 84.58 33.2 0;1 1654.105 384.08 80.75 30.8 353.1;1 1778.245 417.005 79.93 28.85 0;1 1839.975 355.82 77.15 34.5 0;9 999.11 794.465 9.64 36.99 359.1
v_jgax6nabuw_0000,1 939.28 450.78 89.72 35.48 0.6;1 1205.605 475.775 120.63 43.55 3.5;3 860.83 528.835 213.44 57.89 5.6
v_jic85cuptx_0000,1 535.705 509.03 76.25 29.36 0;1 811.09 505.28 78 31.04 0.6;1 1007.34 991.695 31.32 76.95 0;1 1009.375 1072.755 33.63 14.49 0;1 1059.33 1000.73 31.32 80.3 0;1 1061.53 897.49 27.44 66.84 0;1 1494.535 285.78 83.11 31.4 359.1;1 1623.095 150.61 104.15 37.76 0;7 874.37 458.32 92.58 32.1 0;7 1059.565 1069.34 36.81 21.32 0;8 1016.525 893.64 27.79 72.82 0
v_jjnsr5u9r0_0000,1 146.845 483.51 91.69 37.64 0;1 928.035 489.46 96.69 36.3 0;8 510.255 492.26 65.55 25.56 0;9 702.68 535.41 49.5 12.4 0
v_jk3ajckoy1_0000,1 1002.51 730.415 48.84 111.63 0;1 1152.515 544.14 97.67 43.26 0;1 1835.54 502.28 96.28 48.84 0
v_jl82ite2ww_0000,1 443.34 505.145 27.56 67.13 86.7;1 938.945 506.19 77.11 29.32 0.9235;1 972.74 1070.26 31 19.34 3.1;1 978.04 319.065 32.4 87.33 10.2;1 986.64 836.07 31.3 79.7 357.8;1 991.29 188.275 29.4 78.13 0;1 1305.915 525.67 77.41 31.58 354.7444;1 1500.305 488.9 91.81 30.9 358.2;1 1774.29 500.175 90.8 28.47 0;7 24.625 502.93 49.25 52.24 0.1
v_jlm4the7d8_0000,1 15.8 215.8 31.6 28.5 0;1 60.57 368.57 87.9 28.72 0;1 69.17 417.02 79.9 28.9 0;1 70.39 471.225 80.3 31.87 0;1 184.53 372.3 80.3 30.6 0;1 203.46 296.96 74.14 28.08 0;1 250.63 428.21 79.74 30.4 0;1 257.43 469.615 84.6 31.45 0;1 272.4 125.37 71.34 31.92 359.2;1 297.44 241.56 82.66 30.32 1.2;1 338.96 370.91 80.9 30.7 0;1 390.855 419.035 83.05 31.03 0;1 433.89 466.19 79.5 28.4 0;1 514.525 363.95 77.45 32.6 0;1 615.735 416.06 76.39 27.8 0;1 637.14 296.28 79 29.18 0;1 674.65 364.22 85.94 35.18 0;1 698.62 470.825 81.22 33.61 0;1 717.86 411.07 65.86 26.18 0;1 916.44 846.575 28.46 75.49 0;1 952.33 297.77 89.76 36.24 0;1 948.66 371.485 75.82 28.03 0;1 1115.46 247.06 79.92 34.7 0;1 1218.35 248.575 83.04 31.39 0;1 1256.755 289.965 86.55 35.05 0;1 1291.05 192.395 82.62 36.65 0;1 1323.06 241.075 79.76 31.05 0;1 1401.325 289.415 88.53 32.55 0;1 1426.55 242.525 79.36 32.91 0;1 1541.55 241.26 80.82 31.68 0;1 1746.3 287.795 85.84 31.45 0;1 1811.535 192.03 71.39 23.64 0;1 1908.55 234.175 22.9 29.19 0;2 844.555 697.195 120.47 30.43 92.5;2 1077.68 202.1 100.7 36.64 356.7;2 1583.44 283.36 129.4 41.04 0;2 1663.3 188.14 100.4 39.4 0;7 494.12 415.25 110.4 32.74 0;7 529.085 203.485 119.95 39.97 0;7 873.835 136.185 170.57 46.45 344.14;7 1770.97 233.12 153.28 40.38 355.8;9 601.61 452.61 40.46 11.3 0;9 799.215 212.085 42.83 12.37 353.7;9 863.465 393.67 43.45 9.2 8.4;9 915.9 461.59 42.32 11.9 4;9 1228.68 436.83 36.8 11.2 0.4;9 1419.95 190.73 42.84 12.36 352.3571;9 1459.33 440.36 34.8 10 0
v_jnixee5qd2_0000,1 504.855 470.1 103.45 38.98 0;1 649.955 463.95 80.95 35.22 0;1 796.5 467.23 87.62 38.96 0;1 902.515 675.83 34.59 90.82 0;1 907.55 563.87 37.48 90.18 0;1 914.78 814.29 38.78 89.6 0;1 967.47 1039.275 39 81.45 0;1 970.58 599.605 36.9 98.39 0;1 1072.425 457.04 97.51 38.46 0;1 1115.865 508.3 95.37 41.72 354.8;1 1512.595 452.075 89.77 38.21 0;1 1719.54 457.375 94.42 35.77 0;1 1799.295 533.405 91.29 35.53 354.7612;1 1903.56 454.72 32.88 38.4 0;9 1002.055 509.295 38.81 13.21 0.3;9 1268.86 393.03 13.46 33.04 84.2
v_jqyqscgn3u_0000,1 84.14 455.46 98 37.02 0;1 621.385 523.32 94.93 36.56 0;1 898.17 1054.575 39.4 50.85 0;1 902.03 326.17 40.8 98.32 0;1 902.615 749.44 40.29 93.74 0;1 902.35 894.76 37.2 88.5 0;1 904.875 91.87 40.79 86.2 0;1 906.22 205.255 39.48 93.13 0;1 909.89 9.905 38.58 17.99 1;1 942.775 373.725 42.23 89.63 0;1 949.06 1044.9 37.58 70.2 0;1 972.23 911.62 39.82 92.2 0;1 1014.035 562.45 36.71 89.8 27.25;1 1525.97 462.22 79.74 36.08 0;1 1540.815 513.84 101.39 44.14 0;1 1659.99 450.755 42.32 92.91 89;1 1778.065 450.565 95.73 39.65 0;1 1783.155 540.045 92.99 35.53 0;1 1884.935 453.37 40.21 70.06 89.6;1 1908.905 534.985 22.19 38.27 0;2 966.48 708.475 39.86 91.29 0
v_jryyut66bt_0000,1 32.72 557.71 27.6 66.6 88.2088;1 117.77 507.27 29.7 81.7 95.9;1 977.29 388.925 32.26 79.61 13.3667;1 989.01 240.575 30.1 72.13 0;1 997.395 107.01 33.15 86.94 1.28;1 1038.695 36.24 35.49 72.48 352.2;1 1481.77 498.29 87.4 29.74 0
v_js8ndwx5mg_0000,1 395.02 559.3 78.84 31.14 0.2;1 697.695 526.48 31.13 80.7 84.9889;1 1008.22 251.6 33.8 91.58 0;1 1007.465 1013.98 30.43 82.7 0;1 1068.42 513.47 82.54 30.9 357.4;1 1278.085 498.07 75.71 27.82 0;1 1429.74 501 92.36 32.7 0;1 1667.39 501.425 96.42 30.47 358;1 1880.95 494.56 78.1 33.3 0
v_jsn7m5mvui_0000,1 269.39 499.59 99.8 43.72 0;1 314.62 579.84 102.16 39.4 352.9;1 1464.705 488.895 101.49 39.11 0;1 1751.44 483.4 105.42 41.2 2.5667;3 1674.41 559.365 213.44 57.89 1.9;7 44.675 483.82 88.65 40.14 0;8 646.57 484.08 63.16 29.2 0
v_jsv4gx9cu8_0000,1 911.665 1029.89 38.11 92.26 0;1 911.95 708.81 35.1 82.9 0;1 914.85 892.8 34.6 88.56 0;1 976.63 635.145 34.38 94.87 0;1 979.345 811.6 34.81 90.8 0;1 988 324.33 40.16 94.14 0;1 1081.98 549.46 98.5 36.5 354.8;1 1087.73 484.455 96.7 38.35 0;1 1195.525 493.18 96.41 42.92 0;1 1270.4 542.31 38 103.5 89.1632;1 1314.43 491.055 96.24 38.79 0;1 1395.475 554.215 101.99 39.07 3.6;1 1424.525 500.19 98.89 38 1.2;1 1528.19 550.47 94.2 38.1 0;1 1556.135 510.185 93.21 37.35 358.2;1 1634.49 556.01 105.08 39.3 0;1 1659.48 503.39 89.04 36.18 0;1 1768.285 555.67 101.91 37.74 0.1;1 1806.16 499.19 101.1 36.24 359.1;1 1871.47 565.375 96.3 32.63 0;1 1897.475 496.265 45.05 36.25 0;7 907.995 544.815 42.75 162.49 0;9 837.13 579.53 33.34 14.18 13.6167;9 1015.4 909.85 13.8 38.8 0;9 1148.29 583.72 32.38 15.24 354.3
v_jubd7zkr5d_0000,1 57.24 531.02 34.56 88.78 267.3;1 565.52 530.895 94.44 39.35 359.3
v_jv0vemnih4_0000,1 27.5 462.67 55 30.4 0;1 919.57 828.495 28.46 75.49 0;1 972.57 836.76 30.66 71.64 0;1 973.105 937.36 30.63 77.46 0;2 1470.08 433.675 102.82 34.19 0;7 920.445 970.01 35.31 131.6 0;7 974.71 1060.735 34.9 38.19 0;9 715.775 130.905 44.49 10.51 13.4429;9 1885.925 291.805 32.99 10.23 352.7
v_jvsiy316ux_0000,9 591.215 493.285 47.61 19.25 358.4
v_jwv6aqex43_0000,1 134.5 523.105 100.42 39.53 1.2;1 427.79 482.1 103.72 42.72 0;1 554.31 487.665 86.02 38.87 0;1 708.015 482.005 94.69 40.33 0;1 816.475 488.04 84.19 40 0;1 899.87 395.035 37.06 87.19 0;1 914.04 692.06 38.98 85.5 0;1 941.78 946.565 36.7 90.05 0;1 952.365 102.075 38.39 91.15 359.8;1 956.645 375.545 36.49 87.79 1.61;1 1021.405 601.73 39.07 93.1 31.66;1 1659.66 482.965 93.5 37.21 359.5;1 1765.215 492.69 91.45 38.92 358.8;1 1863.86 482.85 93.64 39.18 358.9;2 266.525 481.695 114.83 41.99 0
v_jxtvkmlxlg_0000,1 121.81 530.815 113 44.67 0
v_jyf2wrmys4_0000,1 905.655 927.04 38.17 86.5 0;1 914.555 1038.14 32.35 77.3 0;1 959.97 988.665 33.82 76.87 0;1 961.055 884.52 35.25 85.9 0;7 161.665 426.065 199.65 49.81 0
v_jznh6ammij_0000,1 110.085 515.04 85.85 32.06 0;1 120.97 411.29 83.6 33.42 0;1 217.14 412.575 89.46 34.35 0;1 336.545 417.54 79.47 32.78 0;1 337.135 468.12 79.43 30.1 0;1 462.04 415.165 87.3 32.71 0;1 483.01 465.25 78.7 33.56 0;1 461.245 149.09 34.95 83.2 265.36;1 564.565 513.96 82.43 33.16 0;1 577.03 463.735 81.98 34.59 0;1 577.255 414.28 81.99 31.8 0;1 686.47 473.355 87.8 33.83 0;1 674.125 305.195 34.17 83.39 270.9;1 697.405 515.995 79.95 32.93 0;1 700.96 421.285 79.16 32.69 0;1 838.47 813.93 71.88 29.36 161.2;1 934.46 285.74 32.08 71.8 332.77;1 949.55 416.925 31.94 81.03 337.35;1 990.27 542.645 33.16 85.57 349.8;1 1001.385 916.88 30.23 80.6 0;1 1013.585 707.735 37.53 82.15 359;1 1058.465 998.375 34.07 83.07 0;1 1060.86 798.39 37.42 77.18 0;1 1115.765 594.86 32.15 84.36 34.48;1 1271.765 528.1 30.07 80.1 88.59;1 1318.835 247.3 79.31 35.34 359.3;1 1350.15 295.935 75.96 34.29 0;1 1421.215 246.275 84.81 34.35 0;1 1615.53 292.16 87.02 35.6 0;1 1643.165 343.63 106.51 37.32 0;1 1717.09 296.545 91.76 36.91 0;2 1222.29 295.915 87.76 38.71 0;2 1566.695 247.425 105.13 36.11 0;4 148.315 466.34 82.79 30.2 0;4 779.66 169.62 31.94 75.76 281.46;4 1243.71 164.945 88.04 39.07 0;4 1487.33 294.945 100.7 39.29 0;7 28 462.86 56 34.36 0;7 402.15 515.04 136 41.26 0;7 1395.16 344.075 121.6 34.97 0;7 1866.68 288.67 106.64 39.52 0;9 728.865 448.965 50.27 11.59 359.2;9 805.48 447.97 44.12 15.9 0;9 1191.06 231.395 40.12 16.63 0
v_k0507pril4_0000,1 303.12 508.485 94.6 44.67 0
v_k10iuc2ten_0000,1 66.72 572.525 77.06 29.65 44.4;1 584.395 561.115 85.51 30.47 1.7714;1 945.49 184.295 30.2 86.41 4;1 981.685 846.58 79.21 30.9 277.1895;1 989.49 126.34 29.54 71.24 343.2;1 991.79 300.62 30.5 88.58 11.3;1 1019.04 34.845 31 69.17 358.2;1 1074.475 604.235 78.31 31.55 318.7111;7 1006.44 1037.4 37.3 85.2 0;7 1297.585 493.17 195.23 52.24 0
v_k27cij6khm_0000,1 70.75 495.745 109.34 37.39 0;1 233.89 487.265 91.74 35.15 0;1 370.44 490.62 94.46 39.56 0;1 389.19 545.76 91.96 36.6 0;1 486.1 483.33 98.8 37.76 359.7;1 513.29 542.315 85.1 34.37 0;1 615.405 536.39 88.59 36.82 359.6;1 629.96 480.65 94.94 38.04 0;1 744.295 540.255 107.71 37.47 359.3;1 754.435 484.03 84.67 39.42 358.6;1 878.07 430.32 87.62 35.58 318.74;1 923.26 546.66 92.34 39.38 358;1 919.67 841.52 39 96.7 0;1 919.77 1006.51 39.2 111.52 0;1 921.395 31.025 37.01 62.05 0;1 932.925 651.73 38.59 90.28 0;1 976.805 344.005 39.03 97.99 0;1 984.44 910.41 35.74 91.64 0;1 986.87 666.55 36.66 87.56 0;1 1308.495 543.995 34.19 89.05 95.06;1 1370.99 495.035 86.94 38.05 358.8;1 1488.63 486.17 42.36 91.14 86.9277;1 1616.86 487.38 36.56 93.4 89.1;1 1743.185 478.665 96.79 39.93 359.8;1 1888.165 486.185 44.43 87.75 88.7;4 254.71 544.93 140.54 41.46 0.6;9 459.04 559.11 44.28 11.06 57.8333
v_k3pqsortkz_0000,1 236.57 557.17 38.2 86 91.9;1 470.74 566.54 35.94 87.9 90.6;1 560.045 508.965 35.61 88.63 89.4;1 623.96 567.81 32.1 84.1 89.7947;1 969.135 946.475 31.29 79.23 5.4;1 1014.72 506.12 30.12 78.48 357.5
v_k4mbw0dedd_0000,1 1021.375 437.41 97.57 42.12 41.12;9 1539.805 550 45.43 20.74 355.12
v_k9yel41a4n_0000,none
v_ka2mah9fb2_0000,1 23.53 486.675 46.74 38.79 0;1 511.785 496.32 98.89 38 0;1 706.095 502.385 101.99 39.07 0;1 900.905 976.185 33.45 86.87 0;1 909.145 840.33 38.15 89.8 0;1 911.64 501.35 34.94 99.3 0;1 945.865 305.22 103.15 40.58 282.5;1 922.435 65.48 40.59 96.9 0;1 966.63 892.75 38.54 100.9 0;1 972.95 1037.5 29.6 66.8 0;1 975.65 715.02 34.5 89.6 0;1 1516.82 546.78 94.2 38.1 0;1 1551.295 503.085 93.21 37.35 358.2;1 1640.38 549.43 105.08 39.3 0;1 1654.015 500.65 89.05 36.18 0;1 1760.965 551.35 101.91 37.74 0.1;1 1799.92 495.305 101.1 36.25 359.1;1 1867.2 561.165 96.3 32.63 0;1 1893.415 491.115 53.17 36.25 0;9 1289.19 522.84 11.4 45.6 77.4
v_kb75zilx4a_0000,1 217.94 479.115 96.7 37.25 0;1 670.01 484.32 94.46 35.16 0;1 717.78 542.2 93.44 37.18 1;1 918.475 500.72 97.83 36.4 0;1 984.25 935.895 32.44 84.67 0;1 1239.97 498.52 93.04 36.2 4;1 1422.065 544.45 97.63 35.5 0;1 1651.575 553.27 92.43 35.9 0.4;1 1767.765 497.33 105.59 38.36 0;1 1851.44 549.95 37.82 87.6 89.1
v_kbate8w30c_0000,1 186.03 487.28 97.4 37.7 0;1 689.6 524.97 96.38 35.74 349.3;1 977.225 540.11 40.49 101.1 0;1 1144.31 494.75 100.6 37.72 1.6875;1 1273.55 467.565 90.8 33.61 3.6875;1 1508.325 530.285 96.37 35.75 2.2;1 1731.795 504.33 94.09 39.1 0.0333;1 1917.485 516.48 4.99 35.62 2;7 1001.93 729.215 57.34 202.65 10.7583;8 593.76 476.83 62.56 25.5 356.3
v_kcttnq3eit_0000,1 49.13 1012.075 89.94 36.55 0;1 368.37 124.16 34.78 76.32 269.5;1 569.79 1009.595 87.22 38.65 359.3;1 554.055 268.42 35.65 81.68 272.74;1 827.28 311.45 35.84 84.84 327.69;1 904.955 567.215 32.53 81.59 353.84;1 935.385 1025.725 32.33 75.73 0;1 1006.91 569.58 31.3 78.3 27.86;1 1154.73 461.65 31.22 74.88 68.15;1 1318.08 486.73 31.5 79.64 85.72;1 1539.73 312.27 86.72 39.06 0;7 256.845 1014.225 155.25 55.71 0;7 501.175 380.54 123.75 42.28 0;7 730.315 467.945 80.47 29.73 0;7 927.08 741.7 46.56 137.84 357.96;9 261.24 224.56 11.6 36.3 272.58;9 710.585 169.615 11.47 34.83 290.82
v_kdmdd1d3bi_0000,1 86.81 485.585 103.56 38.03 0;1 275.33 488.115 95.6 39.97 0;1 429.06 483.105 95.12 36.95 0;1 655.11 490.51 95.32 39.84 0;1 669.01 550.9 101.02 39.26 0;1 796.435 487.335 95.37 39.93 0;1 905.5 489.655 38.5 90.21 359.4;1 914.25 260.46 36.4 91.94 0;1 917.01 776.505 40.26 95.05 0;1 923.95 990.395 42.2 95.69 0;1 980.055 208.385 37.53 91.75 0;1 982.735 431.21 37.13 94.42 0;1 989.465 737.33 44.51 100.7 0;1 1468.795 470.415 39.37 98.21 88.3;4 990.58 961.475 41.3 102.29 0;9 559.065 546.745 49.87 13.53 0
v_ke1pth6jke_0000,1 527.47 525.94 80.86 28.46 0;1 948.63 507.235 80.82 33.57 1.4;1 991.25 891.17 81.76 30.9 278;1 1000.5 733.855 30.2 75.81 355.54;1 1263.105 474.16 80.25 32.2 0;1 1363.79 497.995 76.52 30.87 0;1 1529.7 497.265 83.3 31.91 0;1 1689.045 502.1 91.37 29.7 0;1 1868.66 495.33 89.4 27.78 0;9 1199.77 526.7 35.7 13.62 0
v_kf1dimgfp6_0000,1 203.935 550.765 78.75 32.33 358.5;1 548.17 540.47 37.88 85.38 89.2;1 634.955 487.39 86.83 30.34 359.7;1 927.335 462.42 30.21 86.8 32.4467;1 1008.49 710.74 30.22 78.38 3.1765;1 1012.4 77.67 32.52 83.6 0;1 1021.2 359.63 31.62 83.72 2.0133;1 1078.5 589.085 78.92 31.07 327.6667;1 1378.63 502.555 88.44 31.89 0;3 983.6 969.63 147.62 45.6 269;9 951.475 357.525 10.43 36.13 8.0733
v_kgp4uv8vzv_0000,1 124.995 546.78 30.11 85.76 90.6;1 747.505 551.745 77.41 33.55 358.5957;1 862.88 498.02 79.6 30.6 358.2;1 1011.91 364.6 29.74 83.5 0;1 1016.805 236.93 25.45 70.1 0;1 1089.68 529.955 82.3 31.45 356.4;1 1301.09 522.26 90.44 31.46 357.3;1 1476.83 493.5 93.42 31.2 0;1 1650.4 517.265 91.74 31.13 0;9 635.58 512.37 38.9 15.34 356.9
v_khizc5a770_0000,1 18.8 409.875 37.6 30.65 0;1 324.165 247.99 76.23 33.4 0;1 336.24 298.43 83.8 28.7 0;1 429.085 457.035 84.09 30.79 0;1 840.845 877.49 74.41 28.6 87.6;1 917.765 844.59 28.47 75.5 0;1 970.495 864.485 30.65 71.63 0;1 970.885 961.63 30.63 77.46 0;1 1061.14 415.55 87.6 31.18 0;1 1154.34 363.21 79.24 31.92 0;1 1342.24 387.01 80 32.9 0;1 1352.17 238.45 75.66 23.5 0;1 1350 458.04 69 28.4 0;1 1540.79 402.72 81.4 32.6 0;1 1690.51 277.585 64.02 28.03 0;1 1802.36 400.39 79.38 31.5 0;7 211.33 242.67 79.4 41.2 0;7 433.045 89.86 148.71 48.62 358.7;7 586.83 451.85 126.38 34.6 0;7 595.3 199.425 92.7 33.77 0;7 919.32 983.78 35.3 131.6 0;7 1413.46 92.265 103.92 36.15 0;7 1720.165 68.8 93.69 34.38 4.2;7 1880.5 445.58 79 31.4 0;9 1514.27 118.81 41.1 11.54 0
v_kj3sqhrkny_0000,1 1136.115 541.33 105.11 47.3 0;1 1398.23 497.31 106.42 51.24 0
v_kjpk4f5oj6_0000,1 931.295 494.995 83.61 45.61 0;1 1306.015 498.035 103.37 42.57 0
v_kl82trymp8_0000,1 27.12 375.75 54.16 34 0;1 104.02 424.38 79.92 28.86 0;1 201.5 460.82 85.4 30.4 0;1 258.37 367.78 81.3 31.6 0;1 270.4 107.12 77.6 29 0.4;1 284.735 415.27 86.07 30.66 0;1 314.14 469.75 66 26.18 0;1 470.34 466.775 96 32.53 0;1 640.6 463.59 112.2 35.3 357.8;1 628.13 376.9 76.18 28.7 0;1 655.23 417.38 73.56 28.3 0;1 663.515 1026.24 76.27 34.6 5.9;1 753.295 480.69 63.81 28.1 8.9;1 779.485 1070.3 40.37 19.4 32.1;1 815.27 365.135 79.54 28.85 0;1 847.48 628.01 77.76 30 90.125;1 925.06 1018.18 30.4 76.6 0;1 925.25 925.75 28.7 73.3 0;1 968.085 866.165 31.07 70.19 0;1 976.855 998.26 29.11 79.1 0;1 1207.55 361.58 84.48 33.2 0;1 1393.7 450.09 81.34 31.6 0;1 1563.875 362.905 81.77 34.85 0;1 1832.35 415.01 92.74 36.3 0;1 1843.6 355.53 74.12 28.66 0;7 1152.525 411.56 378.67 49.2 0;9 848.44 980.68 32.56 10.7 91.8154;9 926.71 381.83 39 10 359.7
v_kltit1l47h_0000,1 125.72 490.09 89.98 39.34 0;1 176.92 552.65 32.34 70.76 89.7;1 944.44 1007.815 82.24 34.97 269.2;1 934.78 37.33 37.68 74.66 0;1 941.53 899.83 33.98 89.66 0;1 991.115 949.55 86.43 38.9 270.4;1 989.505 812.215 34.21 87.51 0;1 1017.735 637.39 89.77 39.28 306.8;1 1091.75 509.68 89.72 39.4 359.1;1 1374.98 534.405 83.56 33.11 0;1 1439.335 493.955 93.23 33.59 0;1 1839.66 518.325 93.12 36.09 0;4 624.815 530.865 37.49 92.83 84.9;7 987.3 390.49 42.18 109.82 359.2;7 1261.435 514.4 108.51 36.22 0
v_kobcrm4tc6_0000,1 206.425 536.805 38.89 98.75 269.8
v_kq269jyo7m_0000,1 977.3 477.36 90.56 40.1 0;1 1827.47 501.255 103.4 42.15 0
v_krcbxf1mgh_0000,1 1000.86 732.31 37.9 96.02 7.9;1 1089.155 550.185 34.13 92.25 53.6625;1 1638.68 518.405 36.56 102.03 86.4;1 1896.65 575.59 46.7 34.6 0
v_kse1f16zqz_0000,1 177.69 498.12 96.9 39.56 0;1 347.975 494.22 101.03 37.76 0;1 448.515 545.595 92.83 37.53 359.6;1 495.495 489.53 96.87 38.04 0;1 606.58 497.825 88.08 39.97 0;1 634.21 547.07 112.76 41.64 359.3;1 715.595 491.89 91.01 36.94 0;1 771.545 554.5 92.33 39.38 0;1 822.235 497.37 90.41 39.84 0;1 918.105 245.18 38.99 80 0;1 918.7 1021.55 39.02 89.42 0;1 929.435 486.385 37.95 87.59 0;1 929.445 760.6 35.47 90.54 0;1 984.64 930.84 40.84 99.5 0;1 994.45 511.14 37.22 87.8 0;1 994.58 702 36.34 87.6 0;1 1309.555 495.625 36.57 93.41 87.12;1 1710.995 479.845 96.79 39.93 359.8;1 1849.88 488.34 44.44 100.88 88.7;9 987.765 63.72 10.93 38.68 0;9 1015.34 1053.99 13 38.3 0;9 1021.43 764.76 12.86 46.48 0;9 1882.19 542.975 43.02 13.79 0
v_ktl59nnvxf_0000,1 10.375 538.415 20.75 9.79 89.9;1 570.675 528.345 79.61 30.89 357.9667;1 1010.22 662.065 33.8 86.01 0;1 1071.805 504.15 75.71 27.82 0;1 1232.775 504.65 92.35 32.7 0;1 1389.58 515.635 96.42 30.47 358;1 1679.005 502.37 97.13 33.3 357.5;1 1805.89 517.38 67.74 26.84 359.9111
v_kyc1clybql_0000,1 616.315 491.17 95.57 38.74 0;1 625.41 544.4 93.2 35.9 0;1 772.48 490.595 88.48 38.53 0;1 823.98 547.29 91.08 38.1 0;1 919.07 155.195 37.02 86.75 0;1 923.175 391.975 40.15 95.63 0;1 927.175 557.86 40.45 95.06 0;1 929.39 901.91 35.3 96.1 0;1 973.795 219.495 90.61 37.63 277.92;1 983.16 969.37 39.4 94.6 0;1 1217.84 561.94 87.82 37.8 1;1 1364.385 446.8 95.15 41.46 358.1;1 1365.295 544.665 40.25 87.67 90.9;1 1398.77 497.155 91.68 36.89 357.54;1 1566.5 484.52 103.8 42.34 359.8;1 1623.925 529.15 89.95 37.18 356.3;1 1727.585 490.5 90.19 40 0;1 1832.965 488.245 94.45 37.21 359.5;1 1857.015 558.725 39.07 96.11 86.9;4 1502.62 543.355 97.94 36.13 359;7 31.29 498.605 62.58 45.19 0;9 985.445 367.185 14.51 45.37 0;9 1917.17 523.585 5.66 39.79 92.2
v_kz8k32qnxe_0000,1 490.24 468.465 90.42 35.63 0;1 927.83 525.675 99.98 39.59 0;1 1284.675 459.515 89.21 37.81 0;1 1316.2 524.175 37.48 91.77 87.48
v_kzkgwsi6bd_0000,1 181.59 513.74 103.8 47.3 0
v_l2k20habzo_0000,1 890.125 490.985 90.37 36.39 358.5;1 940.135 548.92 87.17 33.86 358.1;1 965.78 46.255 40.84 92.51 0;1 1021.22 184.63 35.36 90.54 0;1 1146.77 546.135 86.96 37.61 355.8875;1 1298.76 532.66 87.08 34.46 354.0875;1 1441.13 514.455 83.12 36.83 0;1 1531.805 482.825 90.85 35.35 7.4;1 1711.27 478.17 93.1 39.18 0.7;1 1870.85 514.18 92.54 36.5 0;9 1000.92 46.585 14.66 46.11 0
v_l3rubwusjo_0000,1 90.06 428.29 88.3 34.22 0;1 206.225 385.055 83.13 33.43 0;1 226.905 430.4 84.53 33.72 0;1 291.45 480.665 83.52 33.41 0;1 294.065 1009.605 86.75 36.55 0;1 345.2 382.04 80.9 32.76 0;1 351.1 432.545 88.7 35.03 0;1 458.055 430.855 86.39 30.71 0;1 470.45 384.035 89.8 31.31 0;1 501.165 478.545 83.21 33.87 0;1 584.38 1012.395 87.22 38.65 359.3;1 606.775 477.045 81.23 33.35 1.68;1 815.21 433.885 78.74 29.41 0;1 1030.37 316.335 78.6 39.07 0;1 1130.255 216.53 81.51 34.04 0;1 1188.22 314.28 73.1 33.82 0;1 1205.22 266.31 104.32 42.7 0;1 1236.095 217.04 82.61 34.74 0.2;1 1295.125 312.63 87.45 36.56 0;1 1326 214.96 84.3 37.26 0;1 1321.22 264.34 68.56 32.62 0;1 1393.155 312.855 84.63 32.97 0;1 1458.38 212.765 92.16 41.03 0;1 1507.53 316.28 91.72 34.22 0;1 1571.42 263.185 91.94 37.97 0;1 1579.265 214.62 90.91 35.46 0;1 1690.23 263.865 86.9 33.99 0;1 1808.32 208.145 88.7 32.93 0;4 394.625 476.63 80.77 32.26 0;4 646.93 432.335 101.62 34.55 0;4 1809.76 261.655 95.8 35.63 0;7 115.655 482 142.73 43.24 0;7 413.305 1018.81 150.29 55.08 0;7 716.11 383.89 122.6 42.28 0;7 762.945 467.215 80.47 29.73 0;7 1090.625 264.22 90.95 42.4 0;7 1457.525 261.08 112.09 46.2 0;7 1695.705 205.66 118.75 47.42 0;9 114.99 452.925 41.28 11.77 0;9 804.24 231.54 34.84 11.1 0.3;9 863.28 634.31 38.68 11.2 93.5
v_l5s9jvl1jc_0000,1 228.52 458.005 95.7 37.81 0;1 284.09 523.34 105.8 39.58 0;1 983.3 706.57 37.48 91.26 10.98
v_l6bxvtn603_0000,1 342.25 540.005 40.68 86.85 89;1 810.7 517.4 34.22 82.32 61.4667;1 934.88 1048.925 61.78 33.63 269.3;1 945.405 694.705 36.59 74.85 0;1 984.875 995.155 81.83 35.25 270.4;1 978.885 245.19 35.71 88.9 0;1 1003.385 857.835 36.03 85.35 0;1 1250.265 499.475 93.97 31.79 0;1 1380.29 517.785 87.58 36.73 0;1 1608.01 532.685 94 38.31 359.5;4 937.03 245.105 36.84 86.75 0;7 941.98 845.375 52.6 168.59 0;7 1031.75 522.085 101.42 42.93 0;9 909.115 248.905 12.29 40.91 0;9 954.795 59.87 12.75 39 0
v_l7x0ahucbv_0000,1 950.83 549.87 43.48 91.28 321.4
v_l80snfk4hi_0000,1 128.72 470.765 82.86 33.69 0;1 172.385 244.085 36.43 87.41 270.5;1 271.635 285.225 32.09 76.53 267.46;1 392.89 475.415 86.58 35.65 0;1 510.98 379.545 86.6 33.17 0;1 530.58 1018.975 77.74 35.87 0;1 518.2 307.4 34.22 80 270.1;1 521.62 226.305 35.54 78.29 270.8;1 578.695 479.255 82.81 34.71 0.5;1 623.815 430.27 83.61 34.94 0.7;1 784.115 313.1 34.79 80 296.4;1 837.34 613.86 76.48 32.06 81.3;1 867.055 403.235 31.37 75.33 342.3;1 912.77 505.08 33.1 81.6 357.9;1 1087.305 278.035 81.43 37.35 0;1 1195.955 230.145 89.31 39.45 0;1 1205.72 282.74 82.2 36.9 0;1 1390.21 277.18 80.92 37.9 0;1 1626.515 143.025 90.07 39.83 0;1 1631.605 328.75 90.73 37.12 0;1 1867.77 131.06 101.1 42.32 3.4;2 1089.005 229.57 93.27 37.2 0;4 1336.565 327.84 89.67 37.36 0;7 1109.655 320.575 102.23 42.39 0;9 828.515 1056.225 35.33 11.75 93.4;9 1170.23 202.435 40.4 12.31 0
v_l87qohjefj_0000,1 48.335 479.215 96.53 39.81 0;1 42.345 531.455 80.31 38.07 0;1 258.47 497.795 92.56 32.51 3.5;1 495.22 478.74 97.3 36.9 0;1 680.655 490.765 96.53 35.67 0;1 897.81 1036.825 35.4 86.25 0;1 909.175 738.25 35.47 89.2 0;1 917.19 487.64 31.7 91.7 0;1 934.36 889.715 36.68 94.65 359.8;1 946.755 1041.9 35.61 76.2 0;1 977.71 516.595 36 93.23 4.9;1 985.8 937.805 32.44 84.67 0;1 1157.79 492.33 113.18 33.7 0;1 1364.19 490.52 96.7 37.26 0;1 1640.58 555.285 98.1 39.63 1.7;1 1844.77 500 94.46 35.16 0;9 573.595 540.94 42.35 13.2 0;9 1839.895 532.47 46.99 16.08 3.7
v_l8vofatkq8_0000,1 577.025 487.69 35.61 88.62 89.4;1 686.845 536.205 32.39 76.85 80.5667;1 970.03 98.44 30.3 82.6 6.4;9 809.96 528.375 9.7 38.37 66.7333
v_l98kjdhlf5_0000,1 635.045 488.74 86.83 30.34 359.7;1 848.42 488.25 29.2 78.3 59.4923;1 947.565 346.04 30.71 81.82 353.2;1 966.54 642.84 29.98 80.38 1.4;1 973.945 210.68 28.21 79.98 357;1 1042.585 531.645 77.07 31.89 357.2;1 1188.9 561.69 83.54 30.3 346.7;1 1222.55 480.64 83.2 30.6 0.4;1 1662.52 500.44 87.1 31 0;1 1911.665 498.465 16.67 33.31 0;2 350.415 557.01 104.05 32.68 358.1;7 1422.365 497.31 105.31 36.38 357.9
v_lap54o1udb_0000,1 372.205 477.735 91.55 35.01 0;1 484.58 477.23 92.84 37 0;1 602.125 481.05 110.81 35.12 0;1 692.14 537.735 88.98 34.55 0;1 726.275 481.61 95.19 38.3 0;1 843.56 487.59 84.08 33.8 0;1 904.76 818.565 33.68 104.99 0.1333;1 905.995 1017.05 35.29 86.5 0;1 932.59 486.835 37.5 96.77 2.4242;1 932.9 13.5 35.62 27 0;1 965.07 1034.45 35.8 91.1 0;1 985.53 890.62 32.44 88 0;1 1121.405 557.51 101.17 38.18 1.3;1 1118.68 505.075 33.4 91.73 67.9;1 1228.895 487.625 102.15 37.91 0;1 1240.185 545.715 32.63 87.99 88.2348;1 1345.65 494.075 89.7 34.85 0;1 1346.595 546.445 39.11 89.45 93.4;1 1441.345 495.935 91.91 36.91 0;1 1569.83 497.245 113.24 39.81 0;1 1636.02 556.74 33.5 91.52 89;1 1684.76 506.97 96.52 35.66 0;1 1750.07 552.2 98.24 38.06 0;1 1799.26 511.18 90.46 33.7 0;1 1861.055 572.41 92.55 32.52 1.2;1 1896.065 504.31 47.87 35.16 0;3 1492.015 548.21 163.13 41.68 0.2;9 629.26 563.25 29.4 10.84 15.9429;9 1790.005 593.21 43.13 12.9 359.5
v_lb0rzorrvw_0000,1 590.015 496.61 98.93 44.3 0;1 722.92 494.525 90.82 36.47 0;1 822.7 545.995 104.72 42.83 0;1 821.79 487.28 93.78 37.28 0;1 914.09 641.43 33.5 84.8 0;1 916.17 810.65 34.14 87.88 0;1 988.5 498.085 102.7 40.79 0;1 980.8 783.51 34.7 85.88 0;1 981.685 915.89 33.59 85.5 0;1 993.86 657.235 34.48 72.29 4.8143;1 1081.69 548.5 98.5 36.5 354.8;1 1105.38 488.03 96.7 38.36 0;1 1214.21 496.25 96.4 42.92 0;1 1268.21 544.45 38 103.5 90.5;1 1320.97 494.455 96.24 38.79 0;1 1387.295 557.295 101.99 39.07 3.6;1 1420.225 500.88 98.89 38 1.2;1 1521.92 552.84 94.2 38.1 0;1 1564.035 511.905 93.21 37.35 358.2;1 1632.685 558.47 105.09 39.3 0;1 1666.575 507.24 89.05 36.18 0;1 1751.09 559.24 101.9 37.74 0.1;1 1791.59 503.49 101.1 36.24 359.1;1 1856.14 569.285 91.82 32.63 0;1 1889.255 502.505 61.49 36.25 0;9 726.07 572.51 45.4 19.7 0;9 903.495 908.09 15.27 36.64 356.5143;9 1018.35 764.48 12.24 41 9;9 1701.92 597.305 33.34 14.17 359.8
v_lbwq14v3yi_0000,1 29.745 550.45 36.97 59.36 89.7;1 218.625 546.015 78.91 32.39 359.9;1 449.955 541.405 85.31 36.69 0.9824;1 950.455 842.505 84.11 34.69 276.5429;1 945.02 1060.39 40.92 35.92 270;1 947.23 544.87 37.22 84.8 0;1 953.135 957.06 40.57 95.52 0;1 999.58 1067.19 36.54 25.54 359.4;1 1002.05 950.715 35.04 86.77 0.9;1 1252.58 544.03 90.84 36.7 0;1 1426.065 530.25 95.11 36.5 0;1 1663.29 535.765 87.42 33.11 0;1 1783.95 487.785 92.18 36.61 0;4 982.63 758.34 82.4 38.2 278.1;9 906.31 546.395 13.9 44.61 0;9 930.88 770.065 12.76 41.03 9.0412;9 982.09 493.94 13.7 43.12 0
v_ldjrn66cfs_0000,1 34.025 559.63 32.87 68.42 88.5;1 175.24 549.06 32.7 81.38 88;1 385.935 511.64 86.83 30.34 359;1 409.875 561.975 29.03 75.59 88.7;1 580.065 537.765 27.83 67.11 88.1;1 951.435 179.265 29.05 82.91 3.88;1 967.47 671.48 30.5 78.88 355.6;1 998.515 203.59 31.93 84.68 0;1 1008.41 367.865 31.24 85.55 0;1 1226.69 532.7 82.1 31.46 351.9;1 1227.925 476.83 83.21 30.6 358.2;1 1347.215 518.17 86.29 32.66 352.6;1 1741.54 501.155 83.28 33.55 0;1 1888.8 496.745 62.4 36.25 0;7 1567.99 486.185 168.34 46.23 0
v_levngb8722_0000,1 1256.57 545.2 102.7 38.4 0;1 1644.145 504.325 107.65 41.07 1.5
v_lfij16lwno_0000,1 141.735 494.62 93.97 37.36 0;1 273.42 496.805 96.9 39.57 0;1 341.67 550.86 94.02 36.6 0;1 389.645 490.635 101.03 37.75 358.4;1 459.685 546.46 88.03 36.06 0;1 518.99 487.255 96.86 38.03 0;1 554.91 542.575 92.58 37.39 359.6;1 644.88 495.995 88.08 39.97 0;1 664.52 545.34 112.76 41.64 359.3;1 763.85 487.56 87.62 35.58 0;1 781.385 553.23 92.33 39.38 0;1 888.29 496.26 90.42 39.84 0;1 924.66 953.3 40.66 100.84 0;1 927.875 768.98 40.53 99.08 0;1 985.615 1013.56 39.65 94.4 0;1 986.6 187.975 40.44 106.89 0;1 989.65 676.78 35.62 90.28 0;1 1077.51 544.26 42.36 91.14 58.26;1 1619.92 489.45 36.56 93.4 89.1;1 1748.205 480.57 96.79 39.94 359.8;1 1888.055 487.935 44.43 87.75 88.7;7 986.19 862.08 42.74 129.8 0;9 1020.93 1022.9 11.66 37.98 0
v_lgfb0446yf_0000,1 260.185 514.14 100.47 48.84 0;1 632.05 496.7 96.28 53.02 0;1 909.025 547.61 94.91 43.18 40.5;1 1010.185 807.165 48.83 99.07 0;1 1562.05 506.465 103.26 53.03 0
v_lj9l830ql9_0000,1 51.9 1013.845 80 31.11 0;1 130.245 270.24 79.99 28.7 358.2;1 168.77 471.07 77.28 26.9 0;1 215.05 421.75 76.7 31 0;1 290.11 70.89 87.5 30.5 359.5;1 298.99 221.13 83.1 32.84 0;1 317.13 374.23 71.86 28.4 0;1 403.515 440.125 73.39 29.05 348;1 533.11 397.205 77.3 31.59 0;1 850.61 653.89 87.6 33.2 95.8048;1 854.805 414.76 79.95 30.2 0;1 913.7 858.405 28.6 78.97 0;1 966.2 806.02 28.4 75.7 358.4;1 1019.96 438.62 82.4 31.14 0;1 1136.91 371.36 76.5 26.96 0;1 1607.76 368.25 95.8 34.8 359.2;1 1747.655 422.35 73.85 26.1 357.6;1 1887.6 397.46 64.8 29.8 0;2 28.9 431.43 57.8 34.36 0;2 486.46 470.58 99.9 30 0;2 1051.49 207.22 106.8 34.94 0;7 238.045 120.51 201.09 53.96 0.5;7 945.055 125.215 104.67 32.39 358.6;7 1871.65 454.69 96.7 30.52 359.1;9 1030.045 393.57 42.63 9.9 0;9 1282.305 441.23 48.11 12.8 0.1;9 1537.73 456.265 41.68 7.61 0
v_ljzgjdyt8f_0000,1 588.33 554.35 96.76 34.6 0;1 989.365 961.815 34.13 92.25 0;1 990.7 822.225 36.56 102.03 0;1 1027.105 669.95 33.33 84.8 21.6824;1 1122.7 485.235 90.5 33.09 0;1 1166.94 575 32.4 105.26 72.7235;1 1618.48 541.795 90.7 33.59 0;1 1905.5 577.18 29 36.5 0;9 10.525 500.33 21.05 12.6 0
v_lk67j0ha5d_0000,1 97.23 493.3 89.98 39.34 0;1 943.235 717.365 86.05 36.09 287.46;1 944.625 1006.075 82.23 34.97 269.2;1 929.405 245.91 38.95 80.2 0;1 941.97 898.08 33.98 89.66 0;1 991.375 948.765 86.43 38.91 270.4;1 999.825 726.71 89.77 39.28 275;1 990.385 843.975 34.21 87.51 0;1 1126.225 513.445 89.55 36.21 0;1 1245.435 508.115 90.71 34.97 0;1 1357.98 532.635 90.88 35.35 354.4;1 1518.52 518.825 95.26 38.33 0;1 1718.885 566.13 98.15 37.56 355.4177;7 992.695 611.245 42.17 103.15 355.3
v_lnz5vuvhh3_0000,1 40.275 544.66 80.55 40.24 0;1 173.62 535.67 106.2 44.2 3.3;1 432.18 545.605 98.3 37.77 359.96;1 452.595 487.43 102.73 42.16 0;1 574.79 487.78 96.44 38.86 0;1 647.28 549.92 93.34 35.46 1.44;1 704.535 494.285 97.71 40.51 0;1 804.67 491.02 95.22 41.06 0;1 848.655 550.48 91.51 36.24 0.8;1 914.67 806.91 39.74 95.7 0;1 920.69 973.5 41.7 96.64 0;1 956.025 544.875 92.07 37.35 359.8;1 1048.98 532.04 36.54 82.96 34.2;1 1147.19 539.545 88.52 35.39 359.7;1 1142.85 493.725 36.84 87.81 81.6;1 1242.91 491.825 86.1 37.65 2;1 1264.025 562.65 87.81 37.8 0.9;1 1360.82 498.315 91.08 38.09 357.9;1 1368.745 446.89 95.15 41.46 358.1;1 1373.38 546.775 40.26 87.67 90.9;1 1464.305 494.64 91.67 38.98 358.5;1 1571.98 486.415 103.8 42.33 359.8;1 1731.845 491.89 90.19 40 0;1 1761.005 537.4 92.29 37.18 2.14;1 1879.365 489.105 81.27 37.21 359.5;4 268.07 482.645 122.08 40.43 0;4 1545.885 546.16 97.95 36.12 359.6;5 990.9 868.3 65.68 324.7 0;7 955.53 491.67 102.34 39.4 0;9 1493.175 580.16 39.53 10.4 0.6
v_lokbebedv7_0000,1 400.055 470.32 93.07 35.3 0;1 792.525 457.05 86.85 34.68 0;1 909.625 522.835 88.11 34.95 0;1 967.07 603.995 39.84 86.57 0;1 1274.33 446.63 95.68 39.46 0;1 1759.7 477.48 89.82 32.5 0
v_lpqla9nimx_0000,1 555.375 509 93.25 37.2 0;1 564.805 451.425 89.89 38.41 0;1 893.975 531.755 36.27 89.41 0;1 899.295 789.56 35.37 89 0;1 902.43 1062.815 41.04 34.37 0;1 923.27 150.27 76.28 37.36 269.9;1 937.55 449.325 95.9 42.25 0;1 918.675 934.77 38.83 90.7 0;1 965.66 1054.4 37 51.2 0;1 969.04 704.38 36.14 95.1 0;1 1765.53 473.575 100.74 42.01 0;1 1786.775 529.62 92.45 35.54 0;4 976.88 874.72 38.28 108.8 0;7 965.395 571.97 42.73 109.46 0;9 1006.74 989.08 12.14 41.98 0;9 1458.815 472.06 44.77 13.72 0
v_lps71ppy5y_0000,1 382.93 497.42 92.32 35.62 0;1 672.425 522.27 89.53 36.7 0;1 977.025 737.395 36.85 87.73 7.34;8 416.42 444.955 65.68 26.85 0
v_lt5a6jthkm_0000,1 228.245 543.99 35.15 91 89.8;1 564.29 543.98 33.32 78.64 89.86;1 860.755 489.99 37.33 85.9 46.18;1 930.81 335.63 38.16 88.36 0;1 947.295 1055.9 49.49 35.92 270;1 956.01 93.89 36.96 90 0;1 970.36 750.7 39.42 95.24 0;1 1017.72 619.145 84.1 34.69 319.7;1 999.41 1051.17 36.54 57.58 359.4;1 1002.505 930.325 35.05 86.77 0.9;1 1049.8 506.385 80.24 35.09 353.66;1 1109.09 545.715 84.94 34.91 353.4;1 1255.29 540.635 78 32.39 358.7;4 1527.625 526.24 94.09 35.3 0;9 143.675 503.075 12.77 41.67 88.3
v_lti3l4x95s_0000,1 73.6 474.865 73.4 29.05 0;1 284.005 416.9 79.95 30.2 0;1 436.07 375.02 76.5 26.96 0;1 474.75 428.335 82.4 31.13 0;1 488.005 70.67 87.49 30.5 5.7;1 646.19 470.95 87.6 33.2 0;1 832.07 377.28 95.8 34.8 359.2;1 934.535 267.25 82.61 28.7 356.7;1 913.7 858.405 28.6 78.97 0;1 966.29 209.835 83.1 32.83 0;1 966.2 806.02 28.4 75.7 358.4;1 1036.155 460.61 73.85 26.1 0;1 1087.765 400.09 83.99 29.8 0;1 1224.825 366.73 82.41 28.6 358.3;1 1222.315 420.37 75.89 29.24 0;1 1657.14 411.6 77.62 28.62 0;2 293.37 469.86 99.9 30 0;2 1181.77 206.03 106.8 34.94 0;7 761.885 160.88 201.09 53.96 20;7 1229.29 469.355 115.82 30.51 359.1;7 1450.56 117.35 104.66 32.4 358.6;9 292.955 382.14 42.63 9.9 0;9 517.515 466.75 48.11 12.8 0;9 861.13 476.415 41.68 7.61 0;9 1482.455 451.35 44.41 7.3 359.1;9 1643.19 453.32 39.9 9.3 0
v_lucv0fydej_0000,1 991.33 626.05 46.9 93.24 339.2
v_ly006b7syj_0000,1 134.52 477.96 86.8 39 0;1 696.465 506.115 92.63 37.25 0;1 787.055 447.105 89.55 38.17 0;1 1087.72 567.455 34.56 85.67 63.1;1 1241.415 456.01 91.73 37.68 0;1 1911.59 524.03 16.82 41.74 0
v_lyruee6zx3_0000,1 90.47 492.83 107.62 41.72 0;1 272.295 455.16 100.61 38.9 0;1 521.545 457.075 97.07 35.77 0;1 880.99 585.41 39.82 89.8 351.4;1 903.22 1053.71 36.74 52.58 0;1 945.585 512.25 86.51 34.7 358;1 956.27 449.39 82.8 38.4 0;1 959.835 608.73 37.07 88.48 0;1 964.67 1005.75 36.08 87.52 0;1 976.345 746.645 34.23 83.79 0;1 1114.98 482.075 38.82 85.37 76.65;1 1781.64 532.315 91.28 35.53 0;4 905.6 713.31 37.1 88.8 0;4 1639.475 451.65 40.13 104.34 89.7;9 687.43 499.57 43.38 10.96 0;9 1305.75 498.59 12.14 40.76 88.65
v_lywy2c8edt_0000,1 317.45 495.945 95.52 41.87 0;1 443.79 491.15 95.2 37.2 359.4;1 546.22 547.47 96.76 39.18 0;1 552.325 500.47 92.25 37.7 359;1 652.345 489.6 103.51 38.62 0;1 661.72 542.25 95.24 41.6 0;1 910.335 316.23 81.15 35.16 281.65;1 913.535 507.48 41.03 90.84 358.5;1 921.675 836.34 39.91 91.1 0;1 1048.11 479.265 83.76 39.57 0;1 1149.125 473.465 91.49 37.75 2.1;1 1268.37 477.37 91 38.04 359.9;1 1372.685 493.745 88.01 38.05 358.8;1 1382.185 547.64 89.53 36.6 0;1 1511.355 540.115 84.67 34.37 0;1 1508.99 485.195 42.36 91.15 88.3;1 1778.83 535.235 89.34 36.11 359.4;4 795.59 540.625 127.1 47.15 0.6;4 930.55 990.565 36.68 93.35 0;4 976.57 819.25 37.82 91.1 357.7;7 980.035 605.835 42.09 110.35 356.48;9 1013.465 721.11 10.41 34.98 357.68
v_m0apv0bhp4_0000,1 737.545 509.8 71.89 29.36 357.8081;1 1007.015 976.31 31.31 76.96 0;1 1009.375 1073.065 33.63 13.87 0;1 1060.37 993.285 31.32 80.29 0;1 1060.75 891.46 27.44 66.84 0;1 1907 491.785 26 31.05 0;7 1059.565 1065.895 36.81 28.21 0;8 1016.655 888.16 27.79 72.82 0
v_m3cj8gi92l_0000,1 550.93 479.99 96.7 37.26 0;1 895 987.76 34.7 88.8 0;1 983.4 935.585 32.44 84.67 0;1 1060.89 484.42 94.46 35.16 0;1 1234.035 550.775 93.45 37.17 1;1 1411.68 511.03 97.82 36.4 0;1 1868.73 528.24 83.6 36.2 0.6;9 957.125 1025.47 14.35 37.5 0
v_m3rab2kn06_0000,1 387.52 515.76 98.5 36.5 6.7;1 658.955 497.545 96.25 38.79 0;1 821.965 508.51 98.89 38 0;1 906.35 952.16 34.2 94.16 0;1 908.785 109.73 38.15 89.8 0;1 907.215 342.49 33.45 86.86 0;1 912.97 526.64 38.1 92.76 0;1 914.075 760.075 35.63 92.69 0;1 925.55 1060.75 33.5 38.5 0;1 969.13 1044.335 33.1 71.33 0;1 973.82 906.05 31.46 86.34 0;1 983.91 680.82 34.98 93.3 0;1 986.1 442.87 29.6 66.8 0;1 1340.02 549.245 102 39.07 4.9;1 1519.65 548.33 94.2 38.1 0;1 1551.36 505.095 93.2 37.35 358.2;1 1641.02 552.17 105.08 39.3 0;1 1654.555 502.28 89.05 36.18 0;1 1760.645 553.06 101.91 37.74 0.1;1 1799.92 496.75 101.1 36.24 359.1;1 1867.32 562.65 96.3 32.62 0;1 1896.035 491.185 47.93 36.25 0
v_m5g2y8vh0d_0000,1 57.05 414.805 87.3 32.71 0;1 212.46 508.87 94.4 31.8 0;1 240.295 274.98 63.63 32.2 0;1 347.715 413.705 84.71 31.79 0;1 399.25 462.755 85.32 34.59 0;1 443.645 345.67 83.05 36.5 0;1 458.695 260.795 77.93 33.55 0.7;1 596.31 472.185 87.8 33.83 0;1 657.83 421.44 81.24 32.68 0;1 759.74 509.815 81.6 30.71 1.65;1 838.61 813.18 71.88 29.36 161.2;1 911.21 574.145 66.38 30.95 51.3;1 1008.515 1028.35 32.07 71.8 0;1 1019.28 934.485 34.18 83.39 0;1 1060.375 909.65 34.95 83.2 0;1 1559.435 292.475 82.61 34.29 0;1 1788.89 483.945 82.9 33.59 0;2 1250.86 296.845 88.78 38.71 0;4 1064.275 1021.27 31.93 75.76 0;4 1907.78 291.285 24.38 39.29 0;7 114.69 333.03 150.46 50.68 0;9 1338.815 234.15 38.91 18.04 0
v_m5jibd4jgv_0000,1 155.535 541.895 30.29 79.55 89.5;1 560.905 495.405 35.61 88.63 89.4;1 657.85 545.315 30.26 83.25 84.7857;1 960.98 241.58 31.7 86.54 0;1 996.77 529.005 83.1 32.83 357.8;1 1014.2 285.43 32.9 81.32 359.16;1 1154.295 505.82 87.93 32 358.1;1 1369.545 521.2 87.07 35 0;7 1013.66 774.435 29 95.19 0
v_m67dsiqymq_0000,1 1079.275 468.56 36.63 88.6 121.84;1 1373.82 492.71 102.36 42.66 0.4;1 1655.465 511.445 95.59 41.15 359.4
v_m7ptcvlpcd_0000,1 1009.59 958.95 45 104.12 0;9 1021.035 551.875 45.43 20.75 358
v_m7wtyvq3te_0000,1 32.13 513.525 64.26 32.91 0;1 248.535 424.03 85.89 32.7 0;1 274.725 346.735 94.45 38.17 0;1 432.78 259.145 79.52 34.35 0;1 446.84 421.07 83.6 33.42 0;1 451.725 469.135 77.67 29.33 0;1 466.54 521.35 84.4 32.72 0;1 462.79 128.17 76.24 35.34 2.56;1 574.465 311.405 81.01 35.59 359.8;1 596.28 421.945 89.46 34.35 0;1 713.74 352.675 95.42 38.61 359.3;1 715.81 522.175 91.62 34.15 0.72;1 724.615 424.23 79.47 32.78 0;1 837.635 815.37 71.89 29.36 161.2;1 875.41 308.125 84.14 36.91 0;1 912.175 571.3 81.41 32.06 38.84;1 911.685 864.135 79.95 32.93 91.8;1 969.38 262.255 82.36 35.43 359.1;1 1016.495 1026.615 31.45 86.25 0;1 1016.9 912.515 26.8 75.87 0;1 1064.49 479.56 76.26 30.1 0.4;1 1062.2 1041.9 32.6 76.2 0;1 1062.505 906.85 29.85 87.18 0;1 1214.22 420.87 87.3 32.7 359.76;1 1336.575 554.805 82.15 33.83 18.36;1 1337.86 479.81 78.7 33.56 0;1 1487.685 265.64 83.07 36.34 3.66;1 1491.285 422.65 81.99 31.8 359.3;1 1489.05 495.72 77.26 33.16 359;1 1889.89 416.645 60.22 32.69 0;2 679.715 266.795 94.25 36.11 359;4 89.35 416.485 82.18 30.03 0;4 147.32 300.155 91.5 39.29 359.5;4 183.17 514.805 91 30.71 0;4 194.675 464.905 82.75 31.05 0;4 903.85 471.62 76.3 30.2 359.1;7 671.5 468.93 110.9 34.36 0;7 1182.22 520.92 114.92 41.26 357.1;7 1331.085 302.465 108.47 39.53 0;9 394.86 494.155 43.9 14.37 0
v_mbp49m4pdk_0000,1 41.845 444.575 83.69 36.49 0;1 241.01 443.865 103.9 37.67 0;1 737.375 440.26 110.21 39.1 0;1 755.225 500.315 95.17 35.87 0;1 916.86 317.335 89.54 34.27 289.5375;1 947.84 82.98 39.58 88.18 0;1 991.08 477.51 86.56 35.06 353.2;1 970.22 687.4 37 92.96 0;1 1192.895 486.975 86.49 39.65 0;1 1690.945 486.205 91.69 39.65 0;1 1780.395 536.735 92.99 35.53 0;1 1912.245 470.95 15.51 38.82 0;2 498.645 445.24 75.79 32.06 0
v_mcrx7yyvx8_0000,1 110.03 467.54 97.3 36.9 0;1 286.005 491.09 96.53 35.66 0;1 715.855 488.62 112.09 33.7 0;1 901.265 1017.33 35.47 89.2 0;1 934.67 485.175 96.7 37.25 0;1 908.37 795.22 31.7 91.7 0;1 916.83 131.23 34.2 95.7 0;1 962.105 543.64 98.09 39.62 1.7;1 946.93 857.89 36 93.22 1;1 951.13 1053.97 36.68 52.06 345.7;1 984.63 937.855 32.44 84.67 0;1 986.51 11.265 30.2 22.47 1.4;1 1828.97 499.67 94.46 35.16 0;9 1007.155 448.485 46.99 16.09 0
v_mfodp4jabi_0000,1 1050.06 486.15 98.54 47.3 0
v_mh1w1c2mir_0000,1 463.45 478.18 131.6 39.56 0;1 1873.6 570.33 92.8 38.4 0;9 34.13 498.18 46.74 16.9 0
v_mh5rq9z6do_0000,1 963.815 562.11 35.49 90.9 315.92;1 1016.965 22.73 39.51 41.74 0;8 983.27 684.725 66.12 22.55 251.8
v_miea28mrzi_0000,9 448.535 454.975 50.13 16.87 0;9 987.605 1026.81 15.93 41.94 0
v_mixd98kl95_0000,1 743.575 444.395 75.41 32.39 0;1 1014.805 147.545 85.87 37.77 275.1;1 1099.45 509.37 92.18 38.68 0;1 1277.355 448.865 85.61 35.55 0;1 1278.88 533.17 36.84 88.12 87.04;1 1809.825 543.445 92.11 38.29 0
v_mkee1jfqcv_0000,none
v_mq9espapy1_0000,1 1027.745 108.17 91.95 37.64 272.3;1 1114.005 489.91 96.63 37.32 0;1 1629.845 506.625 99.03 36.55 0;1 1791.915 551.385 82.83 39.03 0
v_mqxbbyj37q_0000,1 99.635 525.395 96.23 34.95 0;1 193.91 453.685 101.4 39.45 0;1 775.76 466.66 86.92 32.5 0;1 967.595 651.75 39.83 86.58 0;1 1473.53 466.165 88.12 35.63 0;1 1569.875 529.495 100.73 39.59 0
v_msro59tnrz_0000,1 838.36 809.51 71.88 29.36 161.2;1 1006.29 1022.62 32.08 71.8 0;1 1019.28 930.025 34.18 83.39 0;1 1058.78 911.125 34.94 83.19 0;1 1404.46 340.845 83.2 32.63 0;1 1712.165 417.19 80.49 33.84 0;4 1063.315 1015.86 31.93 75.76 0;9 1313.495 238.315 40.55 20.39 0
v_mtab2n1p50_0000,1 963.57 47.785 40.46 93.37 0;1 965.77 829.41 36.04 87.32 1.1;1 997.25 644.375 37.72 81.01 0;1 1011.055 137.06 35.71 76.12 0;1 1011.85 45.5 35.7 91 0;1 1012.96 234.45 37.34 88.2 0;1 1022.2 897.335 37.9 87.51 358.9;1 1139.34 489.32 89.58 38.74 0.3;1 1271.22 535.035 96.94 38.23 0;1 1683.7 480.53 94.8 37.5 0;4 1036.15 531.095 88.48 34.41 359.6
v_mtcqmvika3_0000,1 87.875 513.375 101.17 38.17 1.3;1 295.555 481.77 107.91 38.3 0;1 644.77 486.71 98.58 33.8 0;1 899.565 1062.255 35.63 35.49 0;1 910.81 456.725 37.2 90.77 0;1 911.87 853.99 33.3 89.1 0;1 942.15 988.7 34.1 89.28 351.4;1 968.31 676.945 33.4 91.73 13.3;1 985.81 938.615 32.44 86.55 0;1 1067.04 483.315 102.14 37.91 0;1 1237.835 544.99 32.63 88 87.4;1 1333.76 491.615 89.7 34.85 0;1 1343.075 546.36 39.11 89.44 93.4;1 1440.335 494.165 91.91 36.91 0;1 1567.875 496.825 113.25 39.81 0;1 1636.93 555.83 33.5 91.52 89;1 1683.485 506.515 96.53 35.67 0;1 1755.01 550.14 98.24 38.06 0;1 1798.28 511.54 90.46 33.7 0;1 1862.215 566.395 92.55 32.51 1.2;1 1893.7 504.31 52.6 35.16 0;3 1489.485 545.85 163.13 41.68 0.2;9 1211.14 473.38 32.48 14.74 346.9;9 1746.66 585.365 43.14 12.91 359.5
v_mvy5ar09ro_0000,1 62.005 474.915 100.19 37.75 0;1 984.46 851.495 38.6 96.47 0;1 988.085 656.54 36.25 109.1 0;1 1723.69 537.085 97.68 38.11 0;9 1010.41 925 10.1 46.4 5.7
v_n05s566w3d_0000,1 44.365 553.17 87.31 34.06 0;1 788.295 498.275 83.93 30.35 0;1 887.225 518.385 78.75 32.33 345.7;1 947.07 429.875 37.88 85.39 23.9;1 985.45 211 30.22 86.8 0;1 989.445 88.17 31.63 83.72 351.3;1 1010.84 1028.26 33.98 90.44 0;1 1028.225 286.49 30.21 78.38 0;1 1307.165 520.715 83.83 31.07 351.8;1 1887.005 496.605 65.99 31.89 0;3 1105.915 575.135 150.43 45.59 335.4;9 961.765 150.09 10.43 36.12 0
v_n0u2nnf1uy_0000,1 171.51 490.57 105.3 37.76 0;1 186.64 549.68 104.1 39.82 358.5;1 327.66 485.38 103.56 38.04 0;1 449.15 491.115 95.6 39.97 0;1 568.32 484.385 91 36.95 0;1 695.62 492.545 90.42 39.85 0;1 905.965 485.635 94.59 39.93 0;1 922.74 734.385 42.2 95.69 0;1 927.45 1047.69 38.98 64.62 0;1 935.435 101.445 40.27 94.35 0;1 938.54 897.815 35.16 77.03 0;1 972.44 546.37 94.06 39.26 0;1 991.52 926.685 36.56 93.41 0;1 1236.12 507.405 39.58 95.49 85.46;1 1857.375 475.84 39.37 102.8 89.5;4 988.81 719.765 41.3 102.29 0;9 849.44 535.775 43.02 13.79 0
v_n0uigtr3zg_0000,1 14.6 407.48 29.2 33 0;1 174.46 407.265 70.9 29.57 0;1 199.5 342.085 83.04 31.79 0;1 246.105 470.695 83.63 30.11 353.26;1 340.33 505.61 87.2 32.06 0;1 475.99 249.69 92.42 39.02 359.6;1 522.3 455.425 81 33.11 0;1 573.65 498.58 88.22 34.7 358.92;1 680.72 457.985 75.14 31.29 0;1 835.47 503.655 80.62 30.97 2.14;1 888.56 460.2 83.8 34.14 359.3;1 918.79 745.93 71.88 29.36 93.5;1 923.725 550.68 79.19 31.06 48.2;1 933.24 645.69 87.5 31.72 87.7;1 1018.065 924.45 34.17 83.4 0;1 1057.045 906.48 34.95 83.2 0;1 1078.82 455.715 78.14 34.01 0;1 1218.2 340.805 73.72 32.93 0;1 1311.975 485.555 78.71 34.77 2;1 1314.065 238.98 82.39 33.16 0;1 1536.065 456.795 76.47 31.01 0;1 1806.775 235.35 78.35 34.74 0;1 1811.32 289.155 70.18 31.87 0;1 1865.83 456.46 76.32 32.22 0.6;1 1888.15 404.71 63.7 36.28 0;4 397.645 412.585 123.65 39.79 0;4 710.61 408.205 75.8 30.83 0;4 1330.49 412.915 79.76 32.53 0;4 1482.14 233.405 89.8 39.83 359.2;5 12.29 247.345 24.58 54.13 0;5 1095.3 241.41 194 50.88 0;7 25 457.975 50 47.47 0;7 817.03 291.915 283.42 51.29 359.5;7 1039.94 339.41 116.6 41.42 0;7 1314.005 289.405 151.57 44.95 0;7 1448.26 340.9 100.4 37.66 0;7 1640.235 255.62 106.73 48.02 5.2;7 1742.14 333.865 104.9 32.47 0;9 758.415 509.73 39.41 12.54 1.82;9 870.91 538.195 44.28 14.31 13.1;9 904.1 695.14 37.72 13.32 90.3
v_n1q2cs6cu3_0000,1 101.89 513.865 93.12 34.63 0;1 781.285 514.93 98.17 39.2 0;1 864.94 428.595 92.94 33.15 346.725
v_n1syss296d_0000,1 294.375 505.07 99.07 58.6 0;1 1008.79 707.395 48.84 94.89 0;9 1093.21 519.72 39.06 29.3 0;9 1168.555 484.84 44.65 23.72 0
v_n27nh7bsdb_0000,1 327.93 553.125 33.3 84.15 90.1;1 561.905 501.835 35.61 88.63 89.4;1 973.575 639.97 33.09 85.18 0;1 979.915 101.2 30.11 85 0;1 990.98 1054.275 30.7 51.45 6.4;1 1020.605 530.23 34.01 85.04 359.2;1 1160.675 559.84 91.47 33.6 348.65;1 1587.64 513.55 91 29.32 0;9 953.54 225.3 10.6 45.6 0;9 986.38 243.115 10.58 39.97 3.1
v_n2pd1bhie3_0000,1 724.22 509.135 93.28 48.61 0;9 195.39 507.17 47.3 21.02 0
v_n2wkb0122u_0000,1 848.765 927.01 78.19 29.58 88.8;1 922.7 1019.41 30.4 76.6 0;1 924.31 928.34 28.7 73.3 0;1 967.395 870.755 31.07 70.19 0;1 977.08 965.745 29.1 79.09 0;9 995.82 758.865 9.64 36.99 359.1;9 997.335 850.33 10.69 37.38 354.6147;9 1026.72 215.2 38.32 15.76 0
v_n3c9i6q2j2_0000,1 31.98 521.035 63.84 43.15 359.9;1 1003.365 115.515 48.75 104.85 0;8 506.14 487.37 27.18 84.68 270.7
v_n3tzq8pnwn_0000,1 270.015 532.88 87.97 35.84 0;1 956.34 882.585 83.86 36.51 269.4;1 938.765 985.03 35.87 86.1 0;1 959.27 498.33 36.54 87.56 6.4;1 980.235 1057.765 37.79 44.47 344.2;1 996.82 769.605 36.9 87.41 0;1 1043.815 235.925 76.85 36.05 19.23;1 1081.61 545.34 82.6 34.6 349;7 779.42 522.085 51.38 150.79 69.5
v_n3wxjglg5m_0000,1 820.815 499.12 36.57 80.4 63.78;1 942.525 856.12 87.55 36.12 271.1;1 935.255 418.29 36.69 84.8 0;1 982.72 1065.435 33.86 29.13 0;1 995.64 714.165 37.12 85.97 0;1 1060.445 1048.245 42.35 63.51 0;1 1297.19 504.955 101.1 36.37 0;9 20.38 568.585 13.96 40.23 269.3;9 1554.345 519.835 46.73 11.31 0
v_n4yxetanzq_0000,1 919.17 878.15 30.4 76.6 0;1 918.5 746.77 28.7 73.3 0;1 918.41 1067.8 28.5 24.4 0;1 966.285 835.53 31.07 70.2 0;1 976.845 946.13 29.11 79.1 0;7 969.335 1052.79 29.39 54.42 0;7 1195.15 243.495 113.3 42.61 0;9 958.25 652.9 11.3 32 347.8;9 973.915 728.16 10.69 37.38 352.5143;9 994.5 744.625 9.64 36.99 359.1
v_n5ls4wz3qs_0000,1 217.755 486.94 105.43 41.78 0;1 351.55 495.425 93.24 40.19 0;1 658.31 490.46 95.2 37.2 359.4;1 825.835 488.765 92.25 37.71 359;1 905.625 540.9 91.77 39.18 356.4;1 901.755 654.125 37.89 87.99 0;1 913.6 1021.84 36.5 90.16 0.18;1 928.015 790.405 38.39 94.57 3.88;1 985.58 639.33 35.88 87.44 4.02;1 1157.96 544.22 89.34 41.6 0;1 1265.03 488.35 92.06 38.62 0;1 1838.67 493.49 89.32 39.56 0;1 1908.38 546.025 23.24 93.91 90.1;4 1556.525 523.23 122.61 45.22 357.1;9 1326.51 574.55 42.26 13.12 0
v_n6l7s4hft6_0000,1 237.84 521.375 103.46 49.45 358.7;1 1218.17 487.705 97.84 44.67 359.4
v_n7f0v4scts_0000,none
v_n7frhu3odv_0000,1 1340.42 498.625 98.54 45.99 0;1 1900.55 511.13 38.9 47.34 0
v_n7htxw20g2_0000,1 538.12 514.455 96.3 41.65 0;1 981.21 847.34 33.4 96.4 0;1 990.05 235.37 36.24 109.1 359.5;1 995.13 1046.7 39.1 66.6 0;1 1210.465 531.615 93.91 34.79 0
v_n897cnclxy_0000,1 954.145 485.49 106.43 45.98 0
v_napxlnh1tp_0000,1 192.71 524.88 100.6 37.12 0;1 986.18 745.18 35 96.94 0;2 1450.655 577.93 129.37 43.04 2;7 1032.25 175.725 101.64 42.47 270.4
v_nasozwjaax_0000,1 1006.185 872.13 38.89 100.76 0;1 1049.815 531.975 87.77 38.57 359.9
v_nezsuyd0pz_0000,3 1055.29 509.13 158.34 48.98 0
v_ng1l0tmo8q_0000,none
v_ngt2uav5ar_0000,1 29.85 418.765 59.7 37.09 0;1 122.94 120.89 76.24 35.34 0.5;1 205.245 427.29 84.35 34.82 0;1 397.875 419.98 87.37 34.44 0;1 456.685 466.745 80.15 33.17 0;1 464.6 514.725 71.9 31.21 0;1 606.33 421.185 87.68 36.81 0;1 663.75 467.19 80.32 34.78 0;1 688.285 519.635 86.51 32.25 0.48;1 833.145 422.83 75.67 32.98 0;1 838.965 815.42 71.89 29.36 161.2;1 870.445 522.95 83.17 32.06 0.7;1 912.165 862.865 79.95 32.93 91.8;1 939.53 667.185 81.34 32.39 89.54;1 981.96 472.92 86.12 32.32 2.76;1 1016.495 1026.615 31.45 86.25 0;1 1016.9 912.515 26.8 75.87 0;1 1068.44 418.665 80.7 29.47 0.5;1 1063.21 1007.435 32.6 83.49 0;1 1062.505 906.85 29.85 87.18 0;1 1168.75 464.45 83.6 33.62 0;1 1341.48 468.54 69.84 30.2 0;1 1368.17 419.83 84.24 32.48 0;1 1447.13 514.225 82.58 32.91 0;1 1516.44 779.765 82.14 33.83 18.4;1 1868.145 468.01 77.67 29.32 0;4 1586.61 471.65 79.74 31.04 359.7;4 1678.21 414.19 77.66 30.04 0.4;4 1915.95 514.88 8.1 30.7 0
v_nh9zu506re_0000,1 120.16 490.725 89.98 39.33 0;1 487.13 541.905 79.08 33.11 0;1 728.215 527.245 83.97 36.41 0;1 888.77 463.315 37.68 94.41 30.4;1 943.795 1007.735 82.23 34.97 269.2;1 941.75 898.95 33.98 89.66 0;1 991.245 949.155 86.43 38.91 270.4;1 998.635 723.53 89.77 39.28 275;1 989.72 843.975 34.22 87.51 0;1 1017.065 602.965 86.05 36.09 326.1;1 1287.92 510.615 95.2 36.21 0;1 1526.645 501.585 90.71 34.97 0;1 1791.875 556.47 98.15 37.56 345.9;7 182.84 542.41 107.52 37.72 0;7 985.235 415.635 42.17 109.81 359.2
v_njdxvi6q31_0000,1 583.615 449.98 94.41 34.02 356.6;1 635.19 559.01 105.3 35.9 0
v_nnkie3gs8k_0000,1 845.98 495.525 96.24 38.79 0;1 858.21 553.33 98.5 36.5 1.6;1 921.21 366.755 37.62 93.43 0;1 980.7 182.955 35.4 88.09 359.7;1 1004.19 628.06 38 103.5 19.075;1 1387.365 496.14 98.89 38 1.2;1 1390.415 553.455 101.99 39.07 3.6;1 1523.89 550.65 94.2 38.1 0;1 1551.455 508.115 93.21 37.35 358.2;1 1639.095 554.28 105.09 39.3 0;1 1655.37 504.71 89.04 36.18 0;1 1761.18 554.99 101.9 37.74 0.1;1 1799.92 498.92 101.1 36.24 359.1;1 1867.49 564.875 96.3 32.63 0;1 1895.275 494.615 49.45 36.25 0;9 907.575 1037.535 10.63 40.79 0;9 989.91 985.24 11.3 40.9 0
v_no5kpay4p2_0000,none
v_nolmtad7q3_0000,1 233.415 289.445 26.87 68.61 268.6;1 401.195 114.05 30.25 76.72 268.7;1 671.59 367.97 75.82 28.04 0;1 675.63 411.26 65.86 26.18 0;1 695.035 286.45 26.87 76.72 270.1;1 705.135 124.96 26.87 76.72 293.7304;1 905.945 435.65 28.15 71.48 350.88;1 912.615 895.18 27.07 80.6 0;1 919.95 718.13 30.7 84.8 0;1 920.89 1059.95 29.62 39.9 0;1 965.865 939.495 29.95 75.83 0;1 972.41 755.34 32.9 74.44 0;1 986.405 575.86 29.21 79.7 11.04;1 1211.88 441.45 33.36 79.4 78.1333;1 1770.835 412.2 26.87 76.72 88.4;9 846.79 677.03 37.14 10.3 88.4;9 961.12 1051.705 11.1 25.85 0
v_nos5a59nd1_0000,1 556.375 503.405 35.61 88.63 89.4;1 909.28 453.61 31.32 68.8 34.8;1 972.685 103.43 30.61 71.5 0;1 974.815 685.385 30.11 81.31 0;1 983.49 224.05 29.3 78.2 0;1 1012.495 525.59 83.05 29.32 355.7;1 1498.445 517.875 96.59 31.19 0;1 1717.05 535.44 99.8 35.16 0;9 594.99 540.755 10.58 39.97 88.5333;9 928.63 681.88 10.6 39.86 357.1375
v_np1bkr5e9h_0000,1 1247.995 510.655 36.63 88.59 82.3;1 1798.65 503.935 102.36 42.65 357.6
v_nrsuxe1wsf_0000,1 659.17 547.63 95.46 40.3 0;1 873.075 525.335 72.25 39.47 0;1 1206.165 535.5 95.45 40.3 0;1 1840.03 502.62 95.46 40.3 350.3;9 1002.125 349.285 17.53 43.81 337.7
v_nshmna89zd_0000,1 176.41 266.19 30.56 76.82 272.3;1 287.22 1008.46 86.76 36.54 0;1 359.175 469.955 83.85 33.35 0;1 569.19 1010.985 87.22 38.65 359.3;1 662.665 432.49 78.75 29.42 0;1 823.22 325.82 35.04 81 316.15;1 869.875 287.095 33.03 77.71 317.27;1 899.635 434.585 34.95 83.01 346.04;1 1093.29 316.35 78.6 39.06 0;1 1135.825 215.475 81.51 34.05 0;1 1192.15 314.36 73.1 33.82 0;1 1231.64 265.05 104.32 41.34 0;1 1240.535 217.46 82.61 34.74 0.2;1 1335.525 214.25 84.29 37.26 0;1 1483.715 310.1 87.45 36.56 0;1 1531.44 261.9 76.22 32.62 0;7 410.485 1018.975 150.29 55.09 0;7 536.255 106.645 58.83 125.05 273.12;7 637.235 381.655 122.59 42.27 0;7 730.865 468.095 80.47 29.73 0;7 1100.045 263.5 90.95 42.4 0;9 767.86 432.96 38.68 11.2 0.5;9 1215.445 77.575 33.49 12.39 0;9 1750.36 206.635 40.04 13.17 0
v_ntfaiyvo5c_0000,1 900.66 532.28 100.48 43.26 0
v_nu9b9y1600_0000,1 417.44 534.43 94.46 38.5 0;1 978.175 1001.5 37.99 93.2 0;7 954.785 505.73 177.27 46.4 1.2;8 1015.27 354.46 67.94 27.12 294.3
v_nv3egmlxyz_0000,1 310.065 448 119.97 44.8 0;1 472.57 451.98 97.04 40.6 0;1 596.24 445.78 87.3 34.2 0;1 702.7 469.61 78.1 37.54 0;1 759.58 517.16 89.42 36.68 0;1 810.29 468.145 91.5 38.85 0;1 974.8 591.805 37.68 88.43 9.73;1 1098.11 453.925 89.54 38.15 0;1 1198.39 454.195 89.62 37.97 0;1 1307.87 458.83 87.52 37.02 0;1 1418.985 525.71 93.47 36.56 0;1 1413.19 464.39 36.7 84.78 90.1;1 1539.775 460.36 79.75 36.08 0;1 1556.89 513.75 101.4 44.14 0;1 1732.155 447.97 42.31 94.1 89;1 1780.9 539.485 93 35.53 0;1 1872.37 446.34 95.26 39.64 0;1 1914.275 534.985 11.45 38.27 0
v_nxo50y3em6_0000,1 325.07 491.965 95.72 40.23 0;1 501.75 539.3 95.24 41.6 0;1 555.88 489.88 103.52 38.62 0;1 685.42 480.53 86.04 35.16 0;1 940.115 483.65 92.09 39.56 0;1 917.67 739.71 39 96.7 0;1 919.73 907.73 39.2 111.52 0;1 963.555 543.09 89.53 36.6 0;1 970.845 1049.4 38.87 61.2 0;1 985.63 662.75 35.74 91.64 0;1 991.815 947.5 37.81 79.4 0;1 1138.98 540.075 83.2 34.37 0;1 1152.2 474.65 91.48 37.76 2.1;1 1257.89 478.75 91 38.04 359.9;1 1369.48 536.785 87.64 36.11 0.8;1 1371.54 494.695 87.32 38.05 358.8;1 1490.3 486.52 42.36 91.14 87.9673;1 1568.685 542.655 110.89 40.75 359.1;1 1617.42 487.435 36.56 93.41 89.1;1 1747.775 480.415 97.69 39.93 359.8;1 1859.485 546.975 91.47 39.25 359.1;1 1894.91 487.78 44.44 87.74 88.7;4 723.61 541.64 127.1 47.16 0.6;4 982.85 826.99 36.38 96.52 0;7 901.655 1021.515 45.53 116.97 0;9 1911.75 578.85 16.5 11.06 0.7
v_nyq55ihebt_0000,1 475.86 518.555 32 78.17 86.2818;1 869.945 493.69 33.07 85.96 54.8545;1 982.24 748.33 29.9 81.24 3.2727;1 1002.575 222.16 29.45 69.8 8.3;1 1018.14 113.675 28.86 71.81 1.4182;1 1449.67 491.155 88.7 28.07 0;1 1696.475 508.64 100.95 32.94 0
v_o081kolynu_0000,1 982.59 890.64 39.1 92.36 0;1 980.53 640.36 33.4 96.4 0;1 985.61 1012.84 37.4 95.1 0;1 990.7 780 39.1 89.8 0;1 1214.455 527.005 106.19 36.95 0;1 1667.88 520.79 100.06 39.5 0;8 718.38 492.04 67.44 28.92 0
v_o2fog423rx_0000,1 315.63 471.15 103.6 43.96 0;1 446.505 462.295 97.31 37.37 0;1 551.745 468.62 97.69 41.48 0;1 742.975 459.61 99.83 42.72 0;1 886.335 452.375 92.69 36.21 0;1 893.09 888.055 37.16 100.57 0;1 894.86 654.2 36.3 93.1 0;1 905.57 1004.175 37.94 91.21 0;1 943.93 279.565 43.04 89.71 0;1 967.535 517.11 79.73 34.68 0;1 955.31 823.91 40.3 98.1 0;1 966.6 1061.86 39.26 36.28 0;1 981.02 963.26 37.26 94.7 0
v_o30p1gmvq5_0000,1 32.29 474.77 64.58 41.9 0;1 50.855 530.65 94.99 37.8 0;1 148.79 472.4 117.4 40.9 0;1 271.42 475.33 88.9 36.7 0;1 383.265 480.845 91.55 35.01 0;1 385.42 529.465 88.3 42.11 2.2;1 490.28 476.31 92.84 37 0;1 524.245 538.22 101.45 35.44 2.4;1 606.645 484.095 110.81 35.13 0;1 677.645 549.885 95.91 34.27 4.3;1 730.29 482.2 95.2 38.3 0;1 817.13 545.66 88.98 34.54 0;1 846.9 489.81 84.08 33.8 0;1 904.64 990.66 31.2 94.3 0;1 919.4 597.335 36 97.13 0;1 917.81 798.675 30.3 86.69 0;1 971.035 814.75 35.61 97.7 0;1 975.15 661.555 33.9 85.25 0;1 979.31 503.01 31.6 87.88 4;1 982.13 971.93 31.1 90.4 0;1 999.2 4.445 32.9 7.31 1.7;1 1062.62 560.89 35.8 91.1 58.8;1 1241.975 562.365 101.17 38.17 1.3;1 1254.84 492.595 33.4 91.73 88.7;1 1374.46 491.51 102.14 37.9 357.2;1 1499.17 554.865 32.62 87.99 92.2;1 1536.61 497.155 89.7 34.85 0;1 1684.265 500.225 91.91 36.91 0;1 1748.885 576.965 39.11 89.45 93.4;1 1830.435 507.415 109.39 39.81 0;3 1902.05 559.11 35.9 41.68 0.2;9 1031.82 285.85 9.9 25.4 353.3
v_o518sq8n50_0000,1 1192.93 509.655 103.88 46.59 0.7;1 1903.69 514.59 32.62 42.52 344.4
v_o58s34n4v4_0000,1 282.45 617.325 35.7 77.81 89.6;1 342.71 546.385 88.04 35.15 0;1 611.46 546.31 37.9 85.72 87.97;1 800.71 510.41 38.36 87.84 69.42;1 983.71 514.045 90.14 37.45 359.5;1 964.35 49.79 40.46 96.5 0;1 970.495 368.94 34.59 87.3 2.6;1 994.495 205.585 37.75 87.37 7.7;1 1007.925 76.54 33.35 86.12 0.61;1 1021.75 420.55 37.2 84.18 0.8;1 1082.535 545.13 89.85 34.38 350.12;1 1280.04 525.535 85.7 35.65 357.2;1 1344.575 474.1 90.21 37.5 0;9 893.87 573.295 39.42 10.73 0.3;9 1038.515 687.145 38.41 12.71 303.3
v_o6ptfu1jzu_0000,1 1259.62 474.975 115.62 48.61 0
v_oavjsmzdgx_0000,1 921.29 653.905 28.46 75.49 0;1 967.465 667.765 30.65 71.63 0;1 971.835 888.6 30.63 77.46 0;1 1322.02 447.78 77.9 30.4 0;7 922.265 925.03 35.31 131.6 0;7 974.71 1055.8 34.9 48.06 0;9 146.105 307.25 39.03 10.22 356.7
v_oelokwlsns_0000,1 10.49 490.065 20.88 31.89 359.2;1 196.46 543.21 77.08 31 0;1 498.66 551.91 31 82.38 88;1 639.385 488.27 86.83 30.34 359.7;1 691.53 542.95 28.68 66.04 84.7375;1 844.8 555.095 77.38 33.31 356.6;1 880.97 466.32 30.34 76.5 52.8;1 966.35 261.845 30.7 77.47 3;1 982.945 97.795 32.87 87.21 3.5;1 983.02 413.44 31.36 85.46 20.525;1 1026.185 236.69 31.13 89.5 358.2;1 1056.16 952.115 31.14 80.25 354.3;1 1226.675 479.15 83.21 30.6 358.2;7 44.56 563.815 87.88 36.39 358.7
v_ofarsuq8vl_0000,1 484.52 459.88 102.6 39.2 0;1 912.095 945.01 36.71 99.7 0;1 1121.49 507.82 40.68 93.1 79.12;1 1430.98 576.85 88.18 35.76 1.8;1 1481.225 464.315 95.25 39.59 0;1 1599.5 520.44 91.3 34.56 0;1 1744.67 452.94 94.26 38 0;4 708.76 461.1 102.14 40.74 0;7 1894.225 453.3 51.55 45.56 0;9 1006.07 646.385 12.4 40.39 0.3
v_ofvu7esz8j_0000,1 957.87 209.7 39.06 96.8 0;1 955.755 587.36 32.89 83.82 359;1 1099.035 479.47 87.81 36.76 0;4 1010.825 549.895 35.55 89.01 0;7 1255.91 534.295 123.78 41.49 353.1
v_ogseyflsei_0000,1 45.945 418.845 91.71 42.75 0;9 1104.995 510.2 55.79 18.7 0
v_oiye6mz0h7_0000,1 28.835 477.845 37.23 57.63 90.5;1 819.85 504.465 35.48 85.29 72.12;1 946.575 271.385 34.45 86.79 2.4;1 970.63 129.175 41.04 100.49 351.84;1 1482.435 494.47 102.57 37.82 359.1;1 1485.78 563.38 93.9 38 349.66
v_ojxljjfi6a_0000,1 893.45 437.845 40.68 85.23 28.78;1 934.695 903.845 83.39 33.63 269.3;1 930.49 1043.76 72.84 32.46 269.8;1 926.3 249.975 34.22 88.21 0;1 944.555 516.235 36.59 74.85 0;1 986.945 811.835 78.11 35.25 273.64;1 996.495 969.64 37.35 90.26 0.8;1 1005.545 650.025 36.03 85.35 0;1 1421.585 503.43 93.97 31.8 0;1 1636.39 519.605 93.48 36.73 0;7 946.49 658.31 52.6 168.58 0;7 1219.3 517.425 103.8 42.93 0
v_ol0i0552e6_0000,1 1186.015 428.68 87.27 36.44 359.1;4 543.53 462.68 99.1 37.9 0;6 974.155 994.1 49.89 171.8 0
v_ombin10joq_0000,1 36.715 528.895 73.17 35.75 0;1 316.515 484.4 94.09 39.1 358.9;1 516.115 490.66 95.31 35.62 358.5;1 799.655 468.86 106.67 39.8 357.9;1 935.675 443.355 103.13 41.27 329.55;1 975.61 579.73 40.5 101.1 0;1 1003.565 261.17 96.01 41.26 274.3;8 820.85 522.19 66.68 24.9 0
v_omyp1xkhzi_0000,1 249.45 416.37 81.8 31 0;1 350.74 255.94 27.6 74.26 270.6;1 435.96 464.55 85.6 29.1 0;1 429.64 98.165 27.6 73.83 262.6;1 571.18 283.59 28.1 79.3 267.9;1 603.205 465.58 77.53 30.12 0;1 786.75 289.695 32.2 80.63 293.8846;1 864.84 374.255 30.92 81.93 338.1692;1 898.05 499.09 28.9 80.2 352.8;1 922.765 852.41 31.19 66.64 0;1 924.68 683.14 30.8 80 0;1 1100.155 198 74.09 27.9 0;1 1158.52 292.4 79.1 29.1 0;1 1211.32 502.645 26.9 76.97 88.7;1 1287.17 291.335 84.4 30.43 0;1 1404.88 292.64 85.7 33.52 0;1 1509.42 240.77 84.8 32.8 0;2 1073.975 104.305 85.07 26.81 359.6052;2 1287.41 190.33 106.5 40.5 0;2 1681.13 286.76 81.62 32.14 0;7 223.74 102.35 43.6 180.5 269.8;7 920.57 341.67 30.8 127.9 343.3154;7 1172.64 237.245 123.5 35.59 0;7 1334.745 237.175 114.43 33.07 0;9 158.65 458.68 39.1 9.5 0
v_onj8w2w89n_0000,1 1044.33 521.36 84.54 35.5 0;9 157.28 462.06 48.7 15.22 0;9 949.055 559.33 56.49 17.9 0;9 957.63 447.725 55.36 16.59 0
v_onwdxdo1bs_0000,1 1113.1 499.375 99.86 44.67 0
v_opa4udnhwj_0000,1 746.425 530.425 109.05 45.99 0;1 1630.26 484.17 132.7 47.3 0;9 1026.935 492.975 52.55 23.65 0
v_opv1ww967s_0000,none
v_orw9zvkgmm_0000,1 123.94 490.41 89.98 39.34 0;1 577.25 541.81 89.72 39.4 359.1;1 944.115 1007.775 82.23 34.97 269.2;1 927.23 334.2 37.68 94.42 0;1 941.64 899.39 33.98 89.66 0;1 991.175 949.355 86.43 38.91 270.4;1 998.035 721.94 89.77 39.28 275;1 989.39 843.975 34.22 87.51 0;1 1105.505 538.685 76.87 33.11 0;1 1214.43 495.435 89.2 33.59 0;1 1321.55 532.7 89.56 36.1 0;1 1743 513.675 95.2 36.21 0;7 855.61 524.655 98.1 37.75 0;7 985.94 395.83 42.18 109.82 359.2
v_orxdogwhrp_0000,1 1001.445 681.91 51.25 97.22 0;9 1528.305 500.6 53.87 26.28 0
v_ottj4hz78a_0000,1 88.35 544.41 102.1 36.22 0;1 347.44 487.44 94.8 36.56 0;1 606.79 464.675 95.44 36.69 0;1 673.08 562.58 88.72 39.8 0;1 894.42 502.735 98.2 36.25 0;1 1448.67 530.78 94.24 36.4 0
v_ovul7e0w8r_0000,1 203.365 489.79 100.67 38.4 0;1 572.215 467.015 123.89 38.29 0;1 765.13 502.925 87.28 37.53 358.3867;1 1029.795 511.255 96.59 41.37 358;1 1025.84 34.82 36.2 68.96 0.6;1 1218.52 544.46 91.4 34.8 1.5;8 1132.225 464.04 64.99 25.92 0.8;8 1773.735 483.43 68.01 30.3 0;9 904.495 534.54 52.49 15.1 0
v_ow21xl0j8b_0000,1 345.39 465.18 99.4 37.6 0;1 792.94 393.64 87.36 40.74 7.2;1 1465.045 517.43 39.35 109.14 95.4;8 885.04 513.65 62.3 26.2 0
v_ow9mk4cegm_0000,1 962.9 681.405 38.58 94.29 359;7 1012.735 754.47 40.79 106.3 0.7
v_ox8c8upqpj_0000,1 381.545 496.175 37.23 95.25 89.8;1 718.605 542.375 85.99 37.01 0
v_oxn1ezy3cr_0000,8 1588.735 495.16 66.13 22.56 0
v_p2fz0yzjbc_0000,1 221.955 553.005 81.45 34.17 359.7;1 230.165 493.61 87.25 38.88 0.41;1 491.93 524.07 34.34 81.68 86.2;1 930.165 439.83 37.07 86.54 30.5;1 960.665 47.85 36.41 94.68 0;1 1002.55 200.575 36.9 87.37 6.66;1 1011.065 45.005 33.83 83.39 0;1 1021.915 379.48 38.11 89.6 0.4;1 1136.765 557.32 90.95 35.5 343.63;1 1325.545 514.635 77.31 33.53 358.9;1 1500.88 518.23 92.34 38 0.3;1 1677.21 476.85 93.2 37.5 0;1 1684.52 527.19 88.76 39.46 356.27;1 1861.545 514.355 91.99 38.37 0;4 800.1 505.495 116.84 43.41 359.2
v_p3goz5vvrj_0000,1 971.115 532.605 39.95 87.55 0;1 1220.8 492.2 88.22 37.18 0;1 1250.34 440.675 87.6 35.61 0;1 1449.785 530.83 34.55 90.54 88.8857;1 1844.355 510.35 103.69 45.5 0
v_p95655ode0_0000,1 1312.745 501.915 36.63 88.59 67
v_patj5eslks_0000,1 772.14 267.88 28.46 75.5 300.75;1 896.19 323.01 30.66 71.64 327.95;1 946.825 446.35 30.63 77.46 348.35;1 1889.8 448.66 60.4 30.4 0;7 907.235 546.73 35.31 131.6 354.0773;7 924.76 1043.8 43.6 72.4 0;7 977.58 962.69 34.9 133.4 0;7 1811.65 228.045 123.5 35.59 0
v_pbu8a4tco7_0000,1 204.63 469.775 125.34 42.75 10.54
v_pcna9gras7_0000,1 735.69 490.45 34.56 88.78 280.26;1 1156.465 529.645 94.43 39.35 359.3
v_pcszczxqnd_0000,1 770.48 504.77 71.88 29.36 353.1;1 955.475 414.705 31.31 76.95 334.72;1 1002.53 658.64 33.64 79 356.49;1 1006.72 899.695 30.22 79.17 0;1 1035.73 442.55 27.44 66.84 345.57;1 1049.755 1063.73 31.13 32.54 0;1 1074.68 635.76 31.32 80.3 14.6;7 1055.15 851.575 36.82 137.03 0;8 1573.745 454.11 27.79 72.82 86.9;9 187.825 477.7 40.85 14.8 0
v_pd7r683evj_0000,1 1442.905 487.46 111.67 47.3 0
v_pdb5up0n67_0000,1 28.835 477.845 37.23 57.63 90.5;1 565.905 532.22 94.63 37.82 357.4;1 960.065 559.425 34.45 86.79 357.55;1 967.545 40.465 41.09 80.93 0;1 977.175 157.92 37.09 89.7 2.2615;1 1097.91 227.44 41.04 92.44 289.6;1 1477.17 561.23 93.9 38 356.3;4 1420.935 507.575 105.13 37.25 0
v_pgycvy9w1s_0000,1 1035.03 503.59 108.12 38.3 0.4;7 548.615 501.255 40.79 106.29 267.7
v_phhw0nu2ho_0000,1 180.56 549.24 32.4 83.9 89.9;1 634.475 486.23 86.83 30.34 359.7;1 979.645 509.55 84.61 30.46 356.3;1 966.865 111.17 29.99 83.7 3.1;1 1004.845 199.14 34.37 77.84 1.6286;1 1006.76 743.635 31.5 83.29 0.2;1 1006.795 60.62 29.99 81.1 358.3;1 1305.01 478.79 86.8 30.6 4.6895;1 1912.48 493.03 15.04 32.62 0;2 1696.105 501.12 114.57 32.68 0
v_phrlhacv20_0000,1 127.475 489.77 89.97 39.34 0;1 233.66 565.615 84.88 37.87 0;1 475.77 541.03 37 80.6 89.6;1 741.375 526.205 32.33 66.63 79.8;1 944.765 1007.855 82.23 34.97 269.2;1 941.42 900.27 33.98 89.66 0;1 991.045 949.745 86.43 38.91 270.4;1 982.975 517.695 34.21 87.51 0;1 1181.65 545.71 98.84 39.28 355.7;1 1320.24 509.4 89.72 39.4 0;1 1679.46 528.265 87.14 33.11 0;1 1871.4 503.475 85.6 33.59 0;4 922.845 391.48 37.49 100.5 11.9;7 55.82 547.37 104.1 40.1 358.7;7 987.22 273.74 42.18 115.8 0;7 1545.17 515.715 120.24 36.21 0
v_pi9kgx1vrf_0000,1 180.57 453.065 106.74 42.71 0;1 532.215 448.3 95.35 36.22 0;1 815.695 464.845 95.79 40.27 0;1 907 989.35 42.72 102.7 0;1 907.515 386.87 35.33 84.5 0;1 917.59 34.14 38.86 68.28 0;1 971.07 835.42 39.2 88.1 0;1 976.655 637.7 41.01 100.2 0;1 1119.72 478.775 37.96 84.31 74.8667;1 1602.475 455.2 91.33 33.32 0;1 1738.375 509.69 93.31 36.36 0;4 901.015 842.4 39.07 110.2 0;9 919.865 521.61 15.55 41.06 0;9 975.95 441 15.5 47.6 0
v_pj5m5n2y5u_0000,1 119.73 384.93 80.9 32.76 0;1 174.875 429.465 84.53 33.73 0;1 273.455 481.305 83.53 33.41 0;1 257.77 258.62 32.7 77.16 269.6;1 287.655 1011.745 86.75 36.55 0;1 347.66 433.415 88.7 35.03 0;1 413.28 385.64 89.8 31.32 0;1 456.9 431.065 86.38 30.71 0;1 496.455 479.655 83.21 33.87 0;1 569.81 1013.685 87.22 38.65 359.3;1 584.85 474.955 81.24 33.35 0;1 667.82 434.755 78.74 29.41 0;1 1092.45 317.35 78.6 39.06 0;1 1134.615 216.51 81.51 34.04 0;1 1190.91 314.36 73.1 33.82 0;1 1206.81 266.31 104.32 42.7 0;1 1239.72 216.44 82.62 34.74 0.2;1 1295.565 313.35 87.45 36.56 0;1 1321.715 264.34 68.55 32.62 0;1 1333.255 215.01 84.29 37.26 0;1 1395.575 312.99 84.63 32.98 0;1 1459.98 212.65 92.16 41.02 0;1 1509.27 317.055 91.72 34.21 0;1 1572.915 264 91.93 37.96 0;1 1579.41 214.825 90.92 35.47 0;1 1704.34 265.505 86.9 33.99 0;1 1878.495 208.48 83.01 32.82 0;4 394.62 478.05 80.78 32.26 0;4 569.845 434.275 101.63 34.55 0;4 1889.435 264.29 61.13 35.62 0;7 410.145 1019.99 150.29 55.08 0;7 637.225 382.57 122.59 42.28 0;7 730.915 469.52 80.47 29.74 0;7 1101.635 265.2 90.95 42.4 0;7 1458.605 261.42 112.09 46.2 0;7 1698.4 206.695 118.74 47.43 0;9 779.51 437.195 38.68 11.19 4.7667;9 1054.585 240.61 34.83 11.1 355.0063;9 1477.88 486.285 38.26 10.99 354.8
v_pjm5k0bonl_0000,1 238.58 569.975 35.7 80.39 115.9769;1 961.35 49.84 40.46 96.3 0;1 1011.82 196.32 82.06 39.02 51.16;1 1094.415 534.325 85.57 34.65 358.51;1 1318.095 524.555 89.59 35.51 359.1;1 1340.155 475.83 90.21 37.5 0;1 1527.35 521.46 93.74 36.72 0;4 1012.035 78.485 36.67 93.31 4.5519
v_plbw8b98b4_0000,1 968.565 456.985 87.43 37.19 0;1 982.645 522.65 95.29 38.86 0;1 967.355 802.005 38.31 99.43 0;1 976.085 992.32 44.97 102.3 0;1 1302.65 463.725 107.84 41.11 0;3 1583.77 525.245 152.66 48.51 0;8 733.695 493.025 61.75 25.19 0;8 1498.28 439.355 54.9 25.35 0
v_pnlf64rf68_0000,1 1363.22 522.32 37.9 96.02 87.98;1 1682.71 519.435 34.14 92.25 90.3
v_pnst3nrhe2_0000,1 1001.995 1021.18 39.51 82.78 0;1 1106.515 512.17 93.27 42.12 358.8;8 1027.955 574.615 66.13 22.55 337.3
v_pnwb3tdxn2_0000,none
v_ppitvq6as5_0000,1 215.405 569.335 86.51 31.19 0.9;1 502.24 569.945 30.5 83.51 87;1 556.715 517.815 35.61 88.63 89.4;1 739.27 548.7 81.4 35.84 358.5;1 833.38 589.92 84.44 30.3 355.6;1 860.46 510.68 28.66 78.66 68.9;1 968.3 576.495 87.8 30.55 353.1077;1 954.32 378.13 38.2 86 4.9846;1 963.84 205.86 29.7 86.74 0;1 1457.21 541.97 83.4 28.66 0
v_ppw1yrxujo_0000,9 1183.745 481.865 47.61 19.25 2.7
v_pq1sbhvyhr_0000,1 28.945 476.32 37.23 58.02 90.5;1 362.245 532.615 37.89 93.15 89.58;1 572.335 542.91 83.97 35.62 0;1 761.775 514.03 34.79 87.72 77.62;1 943.685 267.36 34.45 86.8 2.4;1 1011.31 709.89 36.66 80.36 0.4;1 1012.655 169.66 36.11 89.88 0
v_pqzvda4stz_0000,1 173.98 547.125 79.42 31.91 2.9;1 366.25 515.595 80.38 27.79 0;1 996.64 238.075 27.3 84.77 0;1 1029.08 75.2 35.6 88.46 0;1 1121.22 495.65 82.4 26.46 0;1 1538.71 490.3 94.7 31.1 0;1 1675.465 514.335 91.77 31.33 0;9 984.385 153.9 11.15 40.58 0;9 987.12 78.675 14.16 42.23 0
v_pr5u45y450_0000,none
v_prbs5j0pjg_0000,none
v_pw9jtle8lo_0000,1 288.695 1006.865 88.67 36.55 0;1 301.45 440.35 81.8 29.42 0;1 569.51 1010.045 87.22 38.65 359.3;1 775.53 310.72 30.56 74.84 287.34;1 921.115 794.85 35.05 81 0;1 942.82 1049.18 34.94 61.64 0;1 966.195 730.165 32.75 78.25 0;1 1093.56 316.02 78.6 39.06 0;1 1208.815 213.38 81.51 34.04 0;1 1250.925 312.1 76.77 33.82 0;1 1358.465 218.54 82.61 34.74 0.2;1 1628.09 261.375 109.12 39.97 0;1 1884 207.24 72 37.26 0;7 411.14 1015.465 150.28 55.09 0;7 637.12 381.42 122.6 42.28 0;7 730.395 467.625 80.47 29.73 0;7 742.01 210 46.56 125.56 328;7 1141.245 262.49 93.41 42.4 0;9 558.155 439.99 40.79 12 0
v_pxbeekjz1j_0000,1 205.24 518.99 93.28 42.04 0;1 902.905 497.97 103.79 49.92 0
v_pybagppb4s_0000,1 76.775 518.86 79.61 30.9 1;1 581.605 515.02 75.71 27.82 0;1 812.215 516.55 88.83 32.7 0;1 1110.855 537.615 91.19 30.47 353.1;1 1438.68 509.3 97.12 33.3 357.5;1 1593.78 519.62 67.74 26.84 0.1;1 1876.45 499.455 87.1 32.21 0
v_q0kpcilcn5_0000,1 421.37 515.05 102.48 47.3 0
v_q0m77me4kf_0000,1 559.805 502.815 35.61 88.63 89.4;1 726.415 567.57 81.05 28.38 357.9;1 955.785 1012.88 30.79 83.3 2.1;1 960.7 403.665 30.1 83.09 9.2818;1 995.3 527.59 86.78 34.3 355.1;1 969.625 135.96 31.73 80.1 2.3;1 988.57 278.9 32.9 82.28 359;1 1017.785 764.99 31.77 80.72 356.7692;1 1210.465 547.055 105.87 34.47 351.8;1 1394.285 525.74 88.95 30.2 0;1 1474.45 574.115 84.8 31.15 356.8789;9 772.765 533.89 32.79 15.06 357.3;9 1038.015 280.15 9.15 32.28 357.6455
v_q0xa96jrat_0000,1 555.255 516.46 35.61 88.62 89.4;1 961.34 274.72 31.4 86.7 0;1 961.59 486.9 29.4 75.2 0;1 963.95 740.915 31.7 85.33 355.1;1 965.4 984.625 32.64 79.53 0;1 967.58 133.185 32.8 88.59 0;1 1012.005 538.945 31.59 83.15 0;1 1014.32 1047.805 29 64.01 359.2;1 1169.68 506.435 86.52 31.19 1.5;1 1307.595 518.215 90.11 34.01 0;1 1563.275 529.755 91.33 30.89 359.54;9 1247.06 558.425 40.36 14.11 0
v_q26jh92rlw_0000,1 161.805 515.56 140.65 52.08 357.9;1 574.835 532.98 104.65 47.44 0;1 930.655 493.21 93.49 40.46 0;1 985.435 630.725 45.85 94.27 340.1;1 1010.185 816.93 37.67 101.86 0
v_q2wru9u253_0000,1 1000.275 864.445 34.15 90.79 0;7 1012.92 729.64 38.86 122.56 357.7
v_q2xw9bmkzp_0000,1 532.445 1016.635 77.75 35.87 0;1 909.935 739.98 38.17 86.5 0;1 913.395 905.55 32.35 77.3 0;1 917.075 1048.55 38.47 62.9 0;1 961.66 809.365 33.82 76.87 0;1 964.835 1050.025 35.01 59.95 0;1 967.22 950.125 38 82.25 0;7 845.89 139.21 96.5 47.06 0.86
v_q4drgeylry_0000,1 64.77 530.435 94.26 38.87 0.2;1 1369.29 517.51 96.76 40.66 1.4
v_q4luc2bv79_0000,1 1227.935 502.08 93.67 38.7 359.6;1 1741.44 509.14 98.92 39.46 357.83
v_q4o9vv6itw_0000,1 223.54 535.485 103.88 46.59 0.175;1 1058.215 538.71 103.35 42.52 0.6;1 1140.685 490.83 89.07 38.1 0.8
v_qakzfoi9kb_0000,1 847.565 522.06 92.01 58.6 10.4;9 379.49 525.3 48.84 23.72 0;9 1406.465 530.88 40.47 23.72 0
v_qcgzg9w8js_0000,1 450.17 435.865 72.4 27.93 355.1;1 807.37 364.67 79.3 30.1 358.4;1 918.82 843 28.46 75.5 0;1 971.86 859.505 30.66 71.63 0;1 972.31 959.28 30.62 77.46 0;1 1577.91 357.1 95.12 35.66 0;1 1657.09 414.65 71.9 31.9 0;1 1819.845 95.725 78.19 27.59 0;2 627.965 461.415 102.81 34.19 0;7 403.725 225.62 93.69 34.38 358.7;7 920.59 979.75 35.3 131.6 0;7 1056.575 404.6 106.37 32.4 0
v_qd17ryl7gb_0000,none
v_qdwbssk6iw_0000,1 33.81 528.18 36.9 66.34 88.8;1 332.54 529.975 73.6 34.41 359.7;1 567.06 513.44 33.82 81.12 89.8;1 953.215 390.17 36.41 92.94 18.69;1 963.44 48.795 40.2 95.39 0;1 989.865 695.67 85.67 38 288.15;1 1013.89 105.31 36.04 89.8 2.7;1 1016.68 539.055 38.86 86.83 1.7;1 1127.685 549.235 79.99 36.91 334.51;1 1262.09 500.24 88.54 39.02 0.3;1 1684 479.19 94.8 37.5 0;4 1386.145 545.365 92.83 34.41 15.6
v_qe86wrxwtz_0000,1 46.925 434.25 93.85 37.3 0;1 229.34 482.84 81.06 32.38 0;1 244.805 437.125 89.71 34.71 0;1 403.92 481.25 103.94 35.46 0;1 415.28 437.12 87.9 33.04 0;1 537.38 389.315 88.9 36.49 0;1 561.67 434.47 80.12 32.3 0;1 588.175 1057.035 73.63 36.41 17.79;1 628.04 484.835 79.36 32.29 359;1 720.235 437.06 82.67 35.46 0;1 753.375 483.24 78.15 32.72 8.3;1 836.85 737.725 87.8 33.03 95.2;1 853.785 583.515 76.37 31.01 87;1 862.705 394.165 78.25 31.51 0;1 926.71 437.99 76.92 34.26 0;1 909.555 891.98 35.85 86.44 0.4333;1 908.385 1007.3 32.91 81.16 0;1 963.475 880.51 33.57 75.38 0;1 1494.525 388.195 84.57 32.05 358.9;1 1749.25 393.18 87.1 34.54 358.6;1 1828.595 445.645 101.89 37.79 0;4 1112.925 400.145 84.57 34.07 0.5;5 687.47 270.61 167.52 53.02 1;7 210.26 386.335 187.92 48.71 0;9 526.63 499.485 39.02 13.17 0;9 850.65 492.825 36.38 11.75 2.4
v_qfj24z0tod_0000,1 8.715 490.095 17.33 31.89 359.2;1 124.57 555.615 28.68 67.61 90;1 331.81 556.855 86.8 33.31 359.5;1 565.13 537.245 30.34 76.51 85;1 637.935 487.55 86.83 30.34 359.7;1 722.61 547.175 31.36 80.37 84.3789;1 874.72 504.42 30.7 77.48 53.5;1 962.175 378.42 32.87 87.2 9.35;1 978.665 216.9 32.71 83.8 3.5;1 992.295 37.425 29.03 74.55 0;1 1030.265 662.795 31.13 85.61 358.2;1 1060.105 1047.125 31.13 65.53 359.5387;1 1227.805 479.23 83.21 30.6 358.2;9 1036.435 39.015 8.07 39.85 0
v_qfr4z12xqy_0000,1 30.545 471.85 60.83 38.36 0;1 121.53 477.59 91.82 41.04 0;1 251.55 479.055 116.44 38.57 0.2;1 381.72 474.61 87.08 37.06 0;1 487.035 478.36 99.35 38.98 0;1 616.735 487.16 98.93 44.3 0;1 720.19 483.575 90.82 36.47 0;1 817.235 537.305 104.71 42.83 0;1 831.51 477.12 93.78 37.28 0;1 914.655 626.085 33.69 90.05 359.2;1 997.59 487.685 102.7 40.79 0;1 972.085 769.905 37.35 91.81 0;1 1002.17 603.095 34.48 72.29 20.0828;1 1087.59 541.24 98.5 36.5 354.8;1 1110.55 481.505 96.7 38.35 0;1 1252.935 490.525 96.41 42.93 0;1 1277.51 539.69 38 103.5 90.5;1 1407.45 487.665 96.24 38.79 0;1 1573.99 552.695 102 39.07 0.2;1 1604.22 494.84 98.88 38 1.2;1 1848.135 551.66 105.07 39.3 0;1 1875.38 496.91 88.66 38.1 357.8;3 961.195 978.13 40.61 147.2 359.0229;9 993.17 555.81 40.1 11.5 350;9 1178.05 576.23 37 12.36 357.4;9 1388.135 577.555 41.63 15.93 2.2
v_qh610yk9yf_0000,1 969.015 848.65 38.53 99.7 0;1 990.8 684.31 38.22 90.2 12.88;1 1050.71 583.06 40.02 89.84 37.3
v_qhoua2184j_0000,1 14.305 419.575 28.61 32.71 0;1 77.24 512.99 84.4 32.72 0;1 50.56 311.34 25.8 81.26 270.6;1 124.85 414.96 83.6 33.42 0;1 177.025 520.08 91.63 34.16 0;1 219.92 414.085 89.46 34.35 0;1 303.755 517.625 89.79 32.07 0;1 337.69 421.56 79.46 32.78 0;1 370.935 469.95 79.43 30.1 0;1 462.57 416.9 87.3 32.7 0;1 483.01 467.935 78.7 33.57 0;1 494.31 293.295 34.28 96.53 270.7;1 575.445 516.21 82.43 33.16 0;1 577.75 464.945 81.98 34.59 0;1 577.865 415.8 81.99 31.8 0;1 687.26 475.725 87.8 33.83 0;1 702.2 422 79.16 32.68 0;1 703.345 518.045 79.95 32.93 0;1 837.98 814.77 71.88 29.36 161.2;1 1319.765 248.125 79.31 35.33 359.3;1 1349.775 298.875 75.97 34.29 0;1 1422.085 246.935 84.81 34.35 0;1 1440.715 341.435 103.03 37.33 0;1 1581.15 342.745 99.74 38.17 0;1 1614.86 292.64 87.02 35.6 0;1 1688.07 243.815 87.54 35.43 0;1 1717.83 297.72 91.76 36.9 0;2 1222.15 297.345 87.76 38.71 0;2 1548.995 246.725 105.13 36.11 0;4 217.845 467.67 82.79 30.2 0;4 1239.485 163.52 88.05 39.06 0;4 1488.18 295.465 100.7 39.29 0;7 67.51 467.3 126.3 34.36 0;7 108.44 255.145 34.4 98.11 271.2;7 437.06 517.47 136 41.26 0;7 1261.865 344.53 114.59 35.4 0;7 1833.4 293.34 123.2 39.52 0;9 767.415 454.5 41.91 11.58 359.2;9 807.18 449.885 44.12 15.89 0;9 1193.445 231.435 42.69 13.63 0
v_qhtdy6ja6d_0000,1 802.21 517.76 88.3 37.64 0.2;1 966.565 47.145 42.41 94.29 0;1 1007.7 1041.2 37.64 77.6 0;1 1020.365 45.875 36.41 86.05 0;1 1074.1 522.8 84.64 38.84 0;1 1214.72 533.995 86.52 32.99 351.3;1 1223.17 478.465 95.18 36.39 0.3
v_qhwdeycz4k_0000,1 158.54 546.925 81.86 31.15 0.3;1 559.495 495.925 35.61 88.63 89.4;1 958.655 331.95 32.79 88.04 0;1 1013.71 70.39 35.9 92.7 0;1 1022.82 311.42 33.7 85.6 0
v_qi3iselwzh_0000,1 905.9 534.8 77.78 36.06 359.7;1 1287.065 540.585 91.63 38.87 359.8
v_qii1uxp63g_0000,none
v_qjnmogw2ym_0000,1 19.12 512.425 38.24 37.79 89.9;1 207.035 544.165 34.77 84.53 89.9;1 802.815 524.86 35.15 86.7 69.2;1 928.115 384.515 33.31 79.41 5.68;1 939.355 232.96 37.33 91.04 0;1 947.295 1054.39 52.49 35.92 270;1 945.405 36.785 38.15 73.57 0;1 986.34 404.11 39.42 97.74 0;1 1000.18 986.23 36.54 87.56 359.4;1 1000.72 823.995 35.04 84.23 358.2;1 1102.8 563.735 84.1 34.69 340.24;1 1103.615 499.13 81.33 34.62 4.8;1 1377.21 516.435 87.9 34.53 0;1 1507.78 539.125 83.2 32.39 0;9 241.16 498.4 37.68 11.88 0;9 814.56 475.535 13.8 41.67 65.02
v_ql3fxinb9c_0000,1 908.53 573.16 36.7 93.52 0;1 1353.205 457.21 98.25 39.2 0;4 1648.935 463.42 102.13 40.74 0;9 631.995 431.325 46.31 17.05 0
v_ql3p1khdu1_0000,1 144.5 486.645 110.18 41.05 0;1 819.04 474.605 89.38 37.17 347.71;1 930.65 542.205 89.88 35.39 359.1;1 922.945 831.08 42.47 96.2 0;1 927.065 179.5 40.45 95.06 0;1 927.285 968.025 40.65 97.11 0;1 928.31 678.36 35.3 89.22 0;1 985.54 739.88 39.4 94.6 0;1 991.05 915.92 36.46 97.62 0;1 1028.55 487.235 86.14 38.53 0.4;1 1156.725 513.22 91.07 38.1 353;1 1262.2 562.655 87.82 37.81 0.9;1 1366.78 446.58 95.16 41.46 358.1;1 1371.58 543.895 40.26 87.67 90.9;1 1461.02 493.525 91.68 38.97 358.5;1 1569.52 484.87 103.8 42.34 359.8;1 1626.245 530.19 89.95 37.18 356.3;1 1728.635 490.45 90.19 40 0;1 1836.555 489.39 94.45 37.2 359.5;1 1859.3 559.275 39.08 96.11 86.9;4 1504.485 544.81 97.95 36.12 359;7 578.155 493.25 116.39 41.8 0;9 982.15 1051.645 14.5 47.59 0
v_qnqoa748uc_0000,1 106.285 560.39 81.05 28.38 359.4;1 448.665 559.485 86.77 34.31 1.5;1 560.735 498.815 35.61 88.63 89.4;1 762.29 564.815 101.44 34.47 0.7;1 806.49 511.9 30.1 83.08 81.2;1 936.125 459.22 31.73 80.1 22.925;1 955.205 989.025 30.79 83.29 6.7727;1 958.28 247.9 33.2 88.7 0;1 960.11 71.775 30.4 82.03 0;1 1003.945 172.91 33.47 83.4 0;1 1011.18 629.155 32.9 82.29 358;1 1198.155 520.34 84.17 30.2 0;1 1320.58 540.68 84.8 31.16 5.225;9 289.72 540.81 32.8 15.06 357.3;9 1013.68 521.35 9.14 32.28 9.525
v_qnz9ljiztb_0000,none
v_qophc60wi2_0000,1 34.27 533.73 40.54 68 269.5
v_qpk6shm347_0000,1 135.84 480.905 32.8 88.05 93.3;1 556.135 498.08 35.61 88.62 89.4;1 630.19 563.145 86.38 34.27 358.7;1 895.68 464.22 29.7 82.48 40.88;1 960.07 221.545 33.3 84.15 0;1 959.505 382.92 31.47 83.5 2.66;1 975.38 4.805 33.1 9.49 0;1 1012.23 744.17 78.8 30.2 286.62;1 1017.99 557.96 35.8 90.68 0;1 1019.645 418.21 31.91 78.4 0;1 1021.69 241.975 30.7 86.61 0;1 1840.935 526.34 101.99 33.6 0;2 1046.445 40.375 31.15 80.75 347.1;7 235.87 546.915 30.3 102.51 91.2
v_qvyqosu3fi_0000,1 606.36 526.725 101.82 49.93 359.8;1 1600.04 538.955 87.98 43.15 357.58
v_qxwgg5f9u7_0000,1 338.165 466.045 86.19 34.77 0;1 534.35 256.355 31.32 76.95 272.5;1 711.23 159.9 27.44 66.84 278.19;1 770.645 504.78 71.89 29.36 353.1;1 926.345 282.41 33.63 79 333.56;1 982.55 527.7 30.22 79.18 350.96;1 1002.15 782.02 31.34 78.4 359.1;1 1007.495 977.78 31.27 81.3 0;1 1037.71 633.45 31.14 76.1 355.6;1 1055.595 867.245 32.93 86.57 0;1 1056.765 1055.375 29.75 49.25 0;1 1127.745 914.145 71.49 34.31 2.6;1 1366.985 295.375 72.43 33.11 359.2;1 1653.545 423.765 31.31 80.29 88.52;7 1018.52 441.82 36.82 126.28 344.49;9 785.095 474.52 35.53 14.8 359.3;9 1796.91 238.255 47.92 19.85 358.74
v_qyqmroaohi_0000,1 524.38 461.98 83.62 36.08 0;1 675.31 449.57 93.5 39.64 0;1 823.425 517.98 92.37 36.08 0;1 860.995 461.17 90.49 36.88 0;1 906.025 752.955 41.09 93.13 0;1 958.275 957.88 35.19 90.2 0;1 962.965 765.895 42.31 92.91 0;1 965.63 198.205 37.98 88.51 0;1 987.05 596.12 40.2 89.1 7.52;1 1025.805 458.63 89.47 40.14 0;1 1088.35 509.595 88.34 38.99 0;1 1784.565 540.405 92.99 35.53 0;1 1790.105 453.24 90.03 36.8 0;1 1905.545 534.985 28.91 38.27 0
v_qzk918g6sp_0000,1 263.995 1007.355 89.93 36.55 0;1 409.925 112.27 37.37 84.16 268.95;1 569.82 1009.1 87.22 38.64 359.3;1 566.185 232.825 32.53 81.13 274.1;1 905.115 468.455 32.33 75.73 347.07;1 1100.04 315.47 78.6 39.06 0;1 1558.105 421.82 32.11 78.3 86.9;1 1681.965 308.38 78.35 33.82 0;1 1708.81 469.145 31.76 80.39 89.8;1 1851.43 210.115 88.3 34.05 0;1 1827.46 388.12 31.22 81.1 89.1;7 404.01 1014.37 150.92 55.08 0;7 637.005 381.19 122.59 42.28 0;7 730.015 467.285 80.47 29.73 0;7 843.68 331.285 46.56 125.55 324.38;7 1732.45 255.955 112.62 40.51 0
v_qzknl5ks80_0000,1 178.835 441.045 81.99 32.91 0;1 272.275 1013.155 90.87 37.93 0;1 605.895 426.085 89.45 37.61 0;1 637.35 1061.005 73.62 36.41 5;1 832.855 883.98 85.17 37.02 92.55;1 907.755 1000 32.91 81.16 0;1 909.505 886.69 35.85 86.44 0.6828;1 952.675 985.815 30.39 82.41 0;1 963.495 874.39 33.57 75.38 0;1 1301.295 466.465 77.31 31.59 359.6;1 1439.14 386.52 79.4 34.7 358.7;1 1550.06 427.7 80.32 31.44 0;1 1827.425 430.825 83.41 32.77 359.8;4 875.48 439.235 97.62 38.55 0.8;7 1262.265 257.985 103.63 47.95 0;8 388.895 371.73 60.41 26.5 0
v_qzyxrmn7gg_0000,1 959.365 504.285 95.03 40.87 0;1 1133.07 542.92 97.9 41.12 0.2
v_r0bgvj4nuz_0000,1 85.38 415.73 95.8 34.8 0;1 137.54 371.945 68.24 27.85 0;1 204.155 425.9 83.99 29.8 0;1 239.5 474.03 70.28 29.2 0;1 293.87 101.425 70 32.97 0;1 325.255 426.59 75.89 29.24 0;1 356.53 469.255 79.78 31.59 0;1 359.91 370.27 78.6 33.8 0;1 418.6 416.83 77.62 28.62 0;1 441.36 301.62 83.4 32.9 0;1 506.85 420.56 79.5 30 0;1 545.005 122.955 81.19 33.79 0;1 587.44 373.935 97.16 33.63 0;1 609.47 424.09 78.8 30.8 0;1 616.51 469.015 86.1 30.89 0;1 669.6 1011.55 91.8 34.3 5.5385;1 747.64 97.78 89.38 35.9 0;1 780.61 496.1 71.2 27.5 17.1;1 925.3 375.53 78.9 31.8 0;1 975.98 205.65 90.1 32.7 0.9;1 966.36 804.81 28.4 75.7 358.4;1 997.99 302.925 72.42 27.19 0;1 1044.17 256.19 90.3 35.46 0;1 1141.64 289.58 88.3 33.9 0;1 1154.59 372.66 74.5 29 0;1 1221.28 249.3 89.3 29.4 0;1 1312.47 205.03 77.9 32.5 0;1 1471.65 196.47 82 31.6 0;1 1503.27 292.17 85.1 33.5 0;1 1588.23 197.4 84.72 30.32 0;1 1651.13 241.19 81.2 34.2 0;1 1767.95 193.68 90.3 29.72 0;1 1824.575 243.88 94.59 34.2 0;1 1884.34 191.35 71.32 30.5 0;2 1506.48 242.59 89.5 30.7 357.3;7 696.425 206.135 111.01 40.67 0;7 702.64 257.835 113.3 42.61 0;9 142.9 476.55 48.1 11.68 0;9 302.05 450.05 37.1 8.6 0;9 457.81 484.96 39.7 6.9 0;9 1424.86 431.375 45.58 9.79 358.6;9 1711.28 443.22 39.5 9 344.5
v_r0nqu64v3j_0000,1 737.535 509.115 71.89 29.37 357.1359;1 1009.375 1051 33.63 58 0;1 1011.18 814.42 31.32 76.96 1.5;1 1058.205 969.205 31.31 80.29 0;1 1061.32 831.61 27.44 66.84 0;7 1059.565 1059 36.81 42 0;8 1088.515 607.96 27.79 72.82 40.66
v_r1fjqfzkm8_0000,1 15.02 421.45 30.04 32.7 0;1 79.71 513.865 84.4 32.71 0;1 126.45 417.19 83.6 33.42 0;1 177.525 522.905 91.63 34.15 0;1 227.28 417.135 89.46 34.35 0;1 303.565 519.01 89.79 32.06 0;1 346.235 423.51 79.47 32.78 0;1 382.635 471.48 79.43 30.1 0;1 358.69 297.91 26.26 59.02 272;1 462.8 417.645 87.3 32.71 0;1 501.55 468.91 78.7 33.56 0;1 578.125 416.45 81.99 31.8 0;1 670.13 466.865 81.98 34.59 0;1 691.495 517.135 82.43 33.15 0;1 742.22 422.79 79.16 32.68 0;1 797.5 481.505 87.8 33.83 1.46;1 837.77 815.13 71.88 29.36 161.2;1 891.935 552.235 79.95 32.93 35.34;1 1015.64 1035.555 31.44 84.27 0;1 1016.9 912.515 26.8 75.87 0;1 1062.59 908.84 29.86 87.18 0;1 1177.6 302.5 72.3 34.3 0;1 1227.36 250.88 79.3 35.34 359.3;1 1284.34 344.51 103.04 37.32 0;1 1350.125 250.835 84.81 34.35 0;1 1534.15 343.685 99.74 38.17 0;1 1607.32 294.43 87.02 35.6 0;1 1680.805 245.255 87.55 35.43 0;1 1712.19 346.875 102.26 38.61 0;1 1710.98 298.61 91.76 36.9 0;2 1024.365 299.635 83.55 38.71 0;2 1546.465 249.335 105.13 36.11 0;4 227.505 469.77 82.79 30.2 0;4 1181.905 165.91 88.05 39.06 0;4 1405.01 298.755 100.7 39.29 0;7 74.51 468.99 126.3 34.36 0;7 442.37 522.295 136 41.25 0;7 1065.195 348.735 109.07 34.97 0;7 1831.465 294.63 123.19 39.52 0;9 995.28 225.6 38.92 18.04 7.38;9 1144.605 471.54 41.91 11.58 1;9 1273.76 454.54 44.12 15.9 359.6
v_r1nrqpv36y_0000,1 260.63 465.21 92.3 33.66 0;1 990.34 501.76 100.8 39.24 0;1 1273.905 459.52 96.37 39.74 0;1 1647.75 478.045 89.06 35.51 0;3 57 528.24 114 45.38 0;9 1013.71 552.025 41.42 14.19 0
v_r2m4vh7hnl_0000,1 80.67 489.345 90.1 33.39 0;1 450.57 465.115 94.7 35.67 0;1 610.085 511.725 86.47 32.57 0;1 813.78 475.53 92.7 37.1 0;9 677.11 432.63 41.28 14.82 0
v_r6tuihtpwu_0000,1 1524.365 550.525 116.93 49.93 0
v_r76sg0ch1d_0000,1 217.57 428.93 90.76 35.5 0;1 295.155 373.15 77.45 31.24 0;1 302.66 216.285 84.58 33.21 0;1 639.1 1003.945 94.1 34.41 4.5;1 749.875 1027.415 83.97 35.21 16.6;1 839.84 951.32 85.4 30.4 93.2143;1 841.05 713.98 69.68 31.5 90.4429;1 844.145 1064.62 30.19 26.18 88.2;1 892.58 419.88 98.68 32.5 0;1 920.85 371.64 79.5 32.4 0;1 923.88 1018.8 30.4 76.6 0;1 926.01 923.49 28.7 73.3 0;1 960.12 469.33 78.8 30.9 0;1 969.505 867.595 31.07 70.19 0;1 977.73 973.99 29.1 79.1 0;1 1184.15 365.26 78.6 33.9 0;1 1297.005 460.43 72.47 29.4 359.1;1 1365.99 413.735 71.6 27.79 0;1 1695.115 396.16 66.99 26.2 0;9 998.45 787.345 9.64 36.99 359.1
v_r78ruifguo_0000,1 1314.775 502.77 102.09 42.08 0.4
v_r797h2rdtv_0000,1 1335.165 481.545 101.17 40.73 0
v_r8dac4cu6f_0000,1 1514.475 520.675 95.93 40.85 359.8
v_r8j0we04o9_0000,1 751.41 521.83 32.08 83.16 74.2;1 1015.48 750.51 82.1 31.46 277.7;1 1019.745 38.22 30.11 75.36 0;1 1051.275 619.005 86.29 32.67 313.06;1 1226.92 478.7 83.2 30.6 358.2;1 1403.23 515.655 83.28 33.55 358.5273;1 1536.66 506.955 87.54 33.63 0;1 1731.29 507.33 92.8 31.46 0;1 1892.95 506.11 54.1 31.2 0;7 1236.3 529.125 153.9 45.67 351.9;9 944.91 646.07 7 28.9 352.5;9 1327.135 485.365 40.03 14.19 346.6;9 1737.945 471.035 51.11 15.33 0
v_ra8sg41vpt_0000,1 426.625 521.62 112.99 44.68 0;1 1417.285 494.69 105.11 51.24 0
v_rapiflf8pk_0000,1 375.555 555.56 30.21 86.8 90.1714;1 633.235 487.675 86.83 30.35 359.7;1 966.955 906.69 31.63 83.72 5.1;1 1008.455 977.205 78.91 31.07 272.9;1 1008.08 368.34 32.52 83.6 0;1 1008.66 208.78 33.4 85.4 0;1 1195.41 518.755 85.6 31.89 349.7357;1 1911.315 496.51 17.37 35.3 0;9 533.905 540.67 10.43 36.12 90.9929
v_rbpb03jmmz_0000,1 844.795 855.095 84.09 30.79 90.1;1 918.29 843.795 28.46 75.49 0;1 970.89 861.6 30.66 71.64 0;1 971.625 960.265 30.63 77.47 0;1 1212.035 392.82 94.69 33.8 0;1 1605.99 401.355 85.38 30.65 0;2 233.56 462.63 102.82 34.18 0;7 305.41 109.365 103.92 36.15 0;7 918.99 981.49 35.3 131.6 0;7 1073.315 63.99 93.69 34.38 356.6511;7 1735.61 450.59 126.38 34.6 0;9 379.82 62.36 41.1 11.54 358.4
v_rcwswmbb9b_0000,1 890.61 204.695 27.6 73.83 340.4;1 896.07 419.195 30.5 76.07 350.2;1 915.05 867.33 28.1 79.3 0;1 922.02 1055.8 32.2 48.4 0;1 948.25 472.8 27.6 74.26 351.7;1 967.01 757.495 26.9 76.97 2.9;1 996.475 575.36 29.05 77.32 19.1;1 1110.72 194.51 74.1 27.9 0;1 1316.12 290.1 79.1 29.1 0;1 1645.16 283.115 84.4 30.43 0;2 1297.905 98.6 85.07 26.8 0;7 395.99 86.14 34.9 133.4 270.1;7 824.48 256.17 43.6 180.5 335;7 973.84 979.7 30.8 127.9 0;7 1176.575 237.555 123.49 35.59 0;7 1552.99 228.945 114.42 33.07 0
v_rd80vwe49j_0000,1 703.88 501.815 78 31.05 0;1 984.645 147.975 61.75 30.95 0;1 1006.055 985.7 31.31 76.96 0;1 1009.375 1072.55 33.63 14.9 0;1 1058.045 993.45 31.31 80.3 0;1 1059.39 890.64 27.44 66.84 0;2 964.165 498.36 94.21 35.94 2.9;7 1059.565 1071.64 36.81 16.72 0;8 1015.245 887.65 27.79 72.82 0;9 795.555 453.3 55.65 19.84 0
v_rdkvw3xdhb_0000,1 677.795 502.73 33.51 82.16 86.32;1 972.735 889.7 88.49 36.18 270.4;1 968.245 47.62 42.51 95.24 0;1 985.035 279.63 38.33 86 10.34;1 1038.26 246.395 37.08 92.83 0;1 1106.685 589.18 86.05 36.52 330.7;1 1229.685 481.945 95.19 36.39 0.3;1 1309.18 521.25 90.94 37.64 351.42;1 1561.57 499.69 90.04 38.84 0;1 1713.14 517.49 93.8 33 0;9 1309.69 684.89 12.8 37.96 264.1
v_rdl3k590t8_0000,1 238.615 480.405 110.81 35.13 0;1 684.04 484.64 107.9 38.3 0;1 725.79 543.43 101.16 38.18 1.3;1 821.04 488.22 98.58 33.8 0;1 903.865 916.95 35.63 92.2 0;1 906.47 1067.325 37.5 25.25 0;1 940.95 283.84 33.3 84.4 0;1 953.42 711.835 34.1 89.27 1.8;1 965.07 1059.13 35.8 41.74 0;1 985.765 937.885 32.43 87.99 0;1 1113.61 507.855 33.4 91.73 67.9;1 1219.1 488.295 102.14 37.91 0;1 1239.395 546.58 32.63 88 87.5152;1 1335.31 493.895 89.7 34.85 0;1 1344.245 546.39 39.11 89.44 93.4;1 1440.675 494.755 91.91 36.91 0;1 1568.53 496.965 113.24 39.81 0;1 1638.32 555.43 33.5 91.52 89;1 1683.905 506.665 96.53 35.67 0;1 1752.12 550.605 98.24 38.07 0;1 1799.59 510.68 90.46 33.7 0;1 1862.785 567.56 92.55 32.52 1.2;1 1894.49 504.31 51.02 35.16 0;3 1490.335 546.63 163.13 41.68 0.2;9 1632.77 468.595 32.48 14.73 358.8;9 1778 589.165 43.14 12.91 359.5
v_rfpmi29233_0000,1 618.11 486.485 95.42 38.15 0;9 1139.885 562.31 14.25 39.08 64.64;9 1296.28 443.17 45.06 13.6 0
v_rgfangy0gm_0000,1 1277.5 509.83 125.34 42.76 2;9 1896.64 558.78 46.72 19.16 0
v_rhzuui7xg4_0000,1 38.265 545.035 76.53 33.55 359.9;1 203.12 520.75 79.6 30.6 358.2;1 518.2 531.715 82.3 31.45 359.6;1 1001.665 571.25 25.45 70.1 0;1 1010.84 703.71 29.74 83.5 0;1 1094.88 529.41 90.44 31.46 357.3;1 1298.025 488.1 88.75 31.2 0;1 1431.055 513.46 83.63 31.14 0;1 1762.98 504.475 90.62 30.89 0;1 1896.7 496.995 46.6 27.81 0
v_ridp89v7cz_0000,1 250.885 515.79 36.57 87.78 89.25;1 934.32 846.02 36.68 84.8 0;1 932.755 1064.845 23.61 30.31 271.1;1 939.22 53.59 34.3 84.74 0;1 1005.025 511.795 92.95 36.61 0;1 1058.095 1050.615 42.35 58.77 0;1 1419.555 512.31 89.25 36.62 0;9 1188.435 526.46 46.73 11.3 0
v_rkx6t5hfzf_0000,1 313.55 531.59 35.48 90.9 267.6;8 992.76 798.13 66.12 22.56 263.7
v_rp40tg8chw_0000,1 712.395 517.675 103.79 49.93 0;1 932.81 548.89 97.22 49.78 44.4
v_rp66vqm8t0_0000,1 281.185 528.185 122.19 57.81 0;1 1890.55 487.46 58.9 52.56 0
v_rp6duayuvc_0000,1 320.24 441.545 97.1 36.91 0;1 641.06 458.23 88.18 39.02 0;6 230.58 497.2 243.5 56.12 0
v_rpywb1td9g_0000,none
v_rrpcqktcpy_0000,1 255.37 500.195 27.3 81.75 91.4;1 416.975 548.87 29.85 77.6 89.9;1 802.665 515.39 33.15 72.26 65.01;1 940.25 559.895 86.12 31.33 355.92;1 1004.34 488.68 85.72 31.1 356.75;1 983.71 328.695 32.1 81.63 3.66;1 995.7 51.2 29.7 86.3 359.75;1 1006.17 964.79 35.6 88.26 0;1 1099.145 555.56 80.81 30.1 335.7;9 943.94 874.7 12.4 40.5 1.9
v_rs7wl251t2_0000,1 35.83 388.84 71.66 35.14 0;1 161.715 431.115 85.83 32.55 0;1 291.54 1016.825 85.36 35.13 0;1 346.395 230.76 80.87 34.3 0;1 396.95 431.035 79.3 33.61 0;1 533.5 482.935 87.84 32.67 0;1 610.575 1017.76 69.57 34.94 2.32;1 649.21 389.665 88.22 37.45 0;1 667.03 478.055 80.8 32.75 354.1;1 770.805 1060.885 77.69 36.63 39.03;1 789.77 514.32 78.9 31.68 31.37;1 810.62 435.42 75.48 31.72 0.88;1 914.23 924.89 38.18 86.5 0;1 925.245 1033.88 32.35 77.3 0;1 968.245 881.15 35.25 85.9 0;1 1091.275 474.36 79.11 31.28 0.31;1 1724.845 381.42 82.35 30.88 0;2 41.59 484.915 83.18 40.85 0;4 844.75 737.195 80.54 34.05 93.6;4 844.95 927.025 74.14 31.87 89.9;4 985.36 424.865 90.92 36.03 0.3;7 324.885 489.08 175.83 49.62 0;7 1180.335 384.37 172.03 50.4 0;7 1893.8 428.52 52.4 39.8 0;9 275.8 456.18 49.26 12.9 0;9 840.37 620.885 35.06 11.45 76.44
v_rtb3r0rk90_0000,none
v_rtdqdcdeju_0000,1 571.87 447.97 87.3 34.2 0;1 652.65 518.375 88.5 39.59 0;1 668.6 472.535 77.8 37.53 0;1 771.08 468.965 91.5 38.85 0;1 891.84 178.525 37 90.69 0;1 893.44 469.99 40.06 92.5 0;1 901.685 1019.04 42.43 91.94 0;1 899.665 800.44 37.77 85.6 0;1 959.13 1023.565 37.68 91.13 0;1 961.835 434.935 37.05 96.73 0;1 963.475 166.785 34.75 85.65 0;1 968.54 6.6 34.84 13.2 0;1 1098.54 453.795 92.4 38.15 0;1 1197.865 455.945 89.61 37.97 0;1 1307.325 460.22 87.51 37.02 0;1 1415.125 527.92 93.47 36.56 0;1 1411.105 464.955 36.71 87.27 90.1;1 1529.205 463.02 79.75 36.08 0;1 1554.935 513.98 101.39 44.14 0;1 1673.91 450.67 42.32 94.1 89;1 1781.455 450.98 95.73 39.64 0;1 1781.465 539.625 92.99 35.53 0;1 1887.665 453.49 40.21 65.98 89.6;1 1912.93 534.985 14.14 38.27 0;4 965.53 823.58 40.3 108.4 0;9 1911.63 497.665 13.68 16.33 89.5
v_rtjr9nfl2l_0000,1 49.61 411.3 83.6 33.42 0;1 208.2 412.575 89.46 34.35 0;1 214.425 467.56 79.43 30.1 0;1 275.49 511.71 82.44 33.16 0;1 338.005 418.2 79.47 32.78 0;1 461.96 414.915 87.3 32.71 0;1 483.01 464.865 78.7 33.57 0;1 576.92 463.565 81.98 34.59 0;1 577.17 414.06 81.98 31.8 0;1 686.46 474.105 87.8 33.83 0;1 686.845 515.15 79.95 32.94 0;1 700.78 421.185 79.16 32.69 0;1 838.54 813.81 71.88 29.36 161.2;1 936.57 719.65 91.08 31.8 91.36;1 962.385 260.37 34.95 83.2 331.74;1 969.735 469.27 34.17 83.4 346.78;1 1003.27 613.97 32.08 71.8 357.27;1 1007.385 723.795 31.93 81.03 359.1;1 1012.61 898.845 33.16 85.57 1.2;1 1056.71 773.86 30.06 80.1 0.72;1 1064.995 996.665 32.15 84.37 0;1 1323.345 247.04 83.07 35.34 359.3;1 1349.68 296.42 75.96 34.3 0;1 1621.735 246.995 91.01 34.35 0;1 1711.335 289.935 89.53 35.59 0;1 1882.965 293.79 74.07 36.9 0;2 1222.31 296.485 87.76 38.71 0;2 1880.8 245.535 78.4 36.11 0;4 1033.295 492.99 31.93 75.76 353.88;4 1245.13 165.15 88.42 39.06 0;4 1485.605 295.125 101.21 39.29 0;7 8.03 513.65 16.06 41.26 0;7 1690.2 338.175 133.4 34.97 0;9 607.185 490.675 50.27 11.59 352;9 714.96 447.64 44.12 15.9 0;9 1190.58 231.555 39.46 17.39 0
v_rtswqmqtv8_0000,1 67.935 543.87 36.39 90.78 90;1 127.84 493.06 89.98 39.34 0;1 524.02 525.95 80.56 36.36 0;1 941.01 891.525 84.36 37.21 270.9;1 955.165 511.99 85.33 35.6 0;1 999.075 1051.83 56.99 35.76 268.9;1 1199.895 524.075 92.87 38.09 0;1 1359.23 515.155 83.68 36.45 0;4 993.115 870.45 32.69 80.46 0;9 974.71 151.13 12.44 42.18 0
v_ruccqn4bj4_0000,1 208.78 489.995 97.94 40.55 0;1 330.255 544.245 94.71 38.09 0;1 424.775 491.615 98.59 38.17 359.7;1 584.49 484.325 109.44 40.79 0;1 641.445 547.055 92.71 39.25 2.1;1 820.885 542.24 89.51 40.5 358.1;1 923.72 481.89 98.5 43 358.25;1 915.635 108.72 38.15 92.5 0;1 921.21 21.25 38.88 42.5 0;1 922.61 290.34 35.9 84.6 0;1 979.175 207.495 37.91 93.99 0;1 1024.575 607.82 40.25 88.5 21.09;1 1571.49 483.425 103.8 42.33 359.8;1 1623.84 528.9 89.96 37.18 356.42;1 1732.315 488.98 90.19 40 0;1 1839.905 487.55 94.45 37.2 359.5;1 1863.545 558.29 39.07 96.1 86.9;4 1505.835 543.25 97.95 36.12 358.4;7 761.73 490.7 115.98 44.86 354.71;9 1747.49 541.83 14.66 44.84 78.45
v_rw91i4tfyy_0000,1 1003.21 540.66 98.38 40.3 357.6;9 864.395 505.58 55.37 15.84 348
v_rwkobi1oh0_0000,none
v_ry7797kbee_0000,none
v_rz7jl1o76i_0000,1 17.77 457.625 35.54 33.11 0;1 30.815 503.73 61.63 34.7 0;1 88.6 455.39 79.2 31.28 0;1 156.51 502.415 89.9 34.15 0;1 178.4 452.24 84.4 34 0;1 286.795 452.985 79.53 31.01 0;1 325.86 503.765 83.5 34.77 0;1 369.03 457.605 79.12 32.21 0;1 384.16 407.135 91.4 36.29 0;1 416.845 510.525 83.85 30.97 0;1 469.005 464.005 80.01 30.31 0;1 505.55 408.665 79.9 32.87 0;1 521.81 513.25 82.1 31.06 0;1 594.94 466.115 82.08 32.45 0;1 611.145 410.645 95.67 33.61 0;1 630.735 510.28 90.01 31.72 0;1 709.165 467.28 80.25 34.76 0;1 736.62 414.925 78.56 33.17 0;1 771.14 503.96 71.88 29.36 353.1;1 1218.94 295.525 72.42 33.11 359.2;1 1264.99 340.96 80.1 34.16 0;1 1305.185 295.37 78.99 31.72 0;1 1392.79 292.695 79.9 32.23 0;1 1398.345 339.05 84.37 32.4 0;1 1513.34 291.215 108.78 37.79 0;1 1504.935 243.77 84.91 34.98 0;1 1505.475 338.87 85.99 35.22 359.2;1 1610.73 339.905 88.68 35.53 0;1 1645.855 235.125 103.05 39.01 0;1 1717.49 341.48 91.98 31.8 0;4 41.895 411.28 83.79 39.78 0;4 157.445 405.16 84.13 30.82 0;4 263.145 408.415 89.35 32.53 0;5 1361.22 241.815 175.02 54.13 0;5 1821.71 234.1 196.58 50.88 0;7 1020.825 901.44 31.67 105.18 0;7 1766.1 289.62 306.26 51.28 0;7 1853.02 338.81 133.96 41.42 0;9 251.91 508.505 40.8 12.55 359.6;9 364.01 529.585 44.28 14.31 0;9 580.4 523.495 37.72 13.33 50.9;9 603.81 231.015 14.72 42.25 270.2;9 777.565 445.045 38.19 12.23 11.059;9 781.605 475.26 35.53 14.8 359.3;9 805.075 391.57 44.29 16.04 0.5;9 805.715 440.32 39.27 11.24 353.3;9 1212.745 246.03 47.93 19.84 359.6;9 1426.39 315.98 46 16.28 0
v_s4pu77g6f4_0000,1 122.94 119.53 76.24 35.34 0.5;1 412.87 420.11 90.86 37.1 0;1 644.195 423.74 84.35 34.82 359.62;1 779.67 510.355 68.02 31.21 357.18;1 808.015 424.785 83.11 34.43 0.7;1 840.35 815.25 71.88 29.36 161.2;1 912.275 862.71 79.95 32.94 91.8;1 944.42 799.11 81.34 32.38 87.6;1 973.11 527.295 82.08 32.25 1.5;1 979.9 470.655 75.88 33.17 0;1 1016.495 1026.615 31.45 86.25 0;1 1016.9 912.515 26.8 75.87 0;1 1063.21 1007.435 32.6 83.49 0;1 1062.505 906.85 29.85 87.18 0;1 1109.835 422.09 84.37 36.82 0;1 1205.07 471.1 80.32 34.78 0;1 1377.855 519.155 83.17 32.07 359.7;1 1479.215 423.705 75.67 32.97 0;1 1544.235 780.675 82.15 33.83 4.2;1 1718.08 508.09 86.12 32.32 0.3;1 1777.42 412.025 80.7 29.47 359.8;1 1843.1 459.515 83.6 33.61 0;7 172.37 469.575 166.9 41.05 0
v_s692nbo66u_0000,1 1202.98 533.045 77.78 36.05 359.7;1 1818.465 527.105 91.63 38.87 350.44
v_s72lvhj6f7_0000,1 241.99 547.67 34.36 77.84 89.1;1 634.965 486.98 86.83 30.34 359.7;1 871.745 483.71 29.99 81.1 47.2421;1 969.66 27.74 30.32 55.48 7.2;1 970.55 171.72 29.98 83.7 358.3789;1 1021.155 448.37 31.51 71.3 0.6;1 1025.41 15.4 29.2 30.8 0;1 1222.46 479.9 83.2 30.6 0.4;1 1344.3 512.95 84.5 34.58 352.3158;1 1470.82 507.64 88.6 30.3 0;2 1204.78 526.1 104.04 32.68 355.1579;7 1695.085 496.265 114.85 33.87 0
v_s7crh5bdy2_0000,1 1191.3 545.925 97.22 40.73 0
v_s7o4fyc844_0000,1 296.415 534.895 95.93 40.85 359.8
v_sbauhcgu50_0000,1 669.13 109.81 28.5 77.42 276;1 838.855 246.635 28.29 78.53 336.1286;1 908.225 417.26 33.11 80.2 352.6143;1 914.97 643.825 26.64 72.19 357.2571;1 921.65 907.49 32.3 82.26 0;1 964.71 536.08 28.7 78.7 356.7429;1 965.48 706.105 29.4 78.45 0;1 1642.045 489.41 29.11 79.1 113.8125;7 1181.16 248.495 113.3 42.61 0;7 1223.785 451.205 29.05 94.09 80.8286;7 1349.765 376.93 29.39 97.6 81.9625;9 381.06 225.59 8.6 31.7 272.5;9 928.505 748.39 8.13 37.5 0
v_sbms9wp2ax_0000,1 82.29 530.14 100.52 39.4 0;1 166.075 476.44 98.99 41.9 0;1 294.02 524.465 101.68 35.21 0;1 402.47 472.98 117.4 40.9 0;1 553.915 530.73 94.99 37.8 0;1 587.75 477.65 88.9 36.7 0;1 711.22 532.67 88.3 42.12 2.2;1 740.855 486.925 91.55 35.01 0;1 927.655 365.12 92.83 37 301.5;1 983.86 940.33 37.1 92.8 0;1 1039.245 540.005 101.45 35.45 357.7;1 1554.265 495.315 110.81 35.13 0;1 1590.785 556.43 95.91 34.28 1.5;1 1898.8 551.12 42.4 34.54 0;9 1016.83 1032.285 15.24 43.55 346.1
v_sbx1fdmgyi_0000,1 1800.27 500.405 103.46 43.41 358.7
v_sd11b3qtmn_0000,1 100.15 602.255 77.06 29.65 26.8;1 131.955 527.12 33.03 79.16 88.7;1 510.29 506.595 81.74 34.41 0;1 610.095 563.48 85.51 30.46 0.6;1 947 183.4 30.2 86.4 4;1 980.32 850.305 80.74 30.79 271.8923;1 983.36 1050.73 58.02 32.34 270.4;1 973.79 81.39 29.54 76.04 4.8;1 1009.7 29.28 30.5 58.56 348.9;1 1108.22 561.56 80.7 30.9 334.7308;1 1318.28 510.605 86.9 31.55 357.3231;7 1016.17 644.29 37.3 100.06 0;7 1646.085 495.73 213.13 52.24 0
v_sf4vh490up_0000,1 989.44 176.78 98.98 44.42 92.4
v_sfdsgthzec_0000,1 37.35 465.495 74.7 35.75 0;1 134.535 335.755 74.87 32.63 0;1 838.425 810.43 71.89 29.36 161.2;1 1006.84 1024.05 32.08 71.8 0;1 1019.28 931.14 34.18 83.4 0;1 1059.175 912.1 34.95 83.2 0;4 1063.555 1017.21 31.93 75.76 0;9 212.84 237.085 40.56 20.39 0;9 346.225 505.305 43.15 11.51 0;9 683.355 513.61 51.65 15.14 0
v_slduobww75_0000,1 116.615 471.145 91.91 36.91 0;1 614.18 544.19 98.24 38.06 0;1 627.985 482.095 113.25 39.81 0;1 758.895 540.27 92.55 32.52 4.5;1 788.41 455.515 97.3 36.91 342.3;1 876.625 495.035 96.53 35.67 0;1 894.135 988.1 34.29 89.8 0;1 899.44 849.315 35.4 92.89 0;1 929.88 258.85 35.48 89.2 0;1 941.73 981.71 34.6 83.5 0;1 948.765 849.075 35.61 87.53 0;1 979.58 413.495 36.68 94.65 3.7;1 985.67 938.425 32.44 84.67 0;1 1541.55 502.75 113.18 33.7 0;1 1678.99 494.92 96.7 37.26 0;1 1873.715 502.44 92.57 35.16 0;9 301.72 535.57 43.14 12.9 0;9 940.92 550.2 42.34 13.2 0
v_sn87m0muvo_0000,none
v_snkfiomqma_0000,1 374.22 1008.73 78.1 31.9 0;1 794.895 515.17 78.19 29.58 43.2607;1 922.99 1019.26 30.4 76.6 0;1 925.05 926.38 28.7 73.3 0;1 968.145 868.735 31.07 70.19 0;1 977.305 967.795 29.11 79.09 0;2 1817.84 420.11 107.82 35.8 354.8375;9 996.47 765.985 9.64 36.99 359.1;9 998.275 850.53 10.69 37.38 356.8853
v_sofr0v9nlx_0000,1 196.02 478.68 93.04 36.2 0;1 278.125 532.5 92.43 35.9 0.4;1 410.025 477.78 105.59 38.36 0;1 506.11 535.355 99.48 37.67 0;1 585.94 483.2 91.82 41.04 0;1 765.96 479 116.44 38.58 358.36;1 917.6 1036.1 37.82 87.6 0;1 986.25 937.595 32.44 84.67 0;1 1200.66 542.22 115.7 41.7 358.7;1 1490.625 538.025 99.35 38.99 2.3;1 1808.09 555.72 103.16 42.84 0;1 1827.57 495.61 97.96 44.3 0;3 978.465 560.19 40.61 147.2 1.8
v_sov86wyox7_0000,1 187.86 563.455 81.4 35.85 358.9125;1 385.275 583.505 84.43 30.29 359.1;1 525.52 590.59 87.8 30.54 359.2333;1 557.645 517.485 35.61 88.63 89.4;1 641.215 551.865 28.65 78.67 78.4;1 836.97 520.39 38.2 86 74.9;1 948.025 1021.4 32.41 79.24 18.1444;1 952.16 396.24 29.7 86.74 11.4;1 1200.09 542.795 78.88 28.65 0;1 1517.96 545.98 90.32 34.4 0
v_sr4yvyb4w0_0000,1 13.015 78.67 26.03 24.2 270.2;1 239.08 221.445 28.7 78.69 270.3;1 663.51 257.61 32.3 82.26 280.3571;1 868.125 372.48 30.65 87 334.8571;1 872.13 277.32 29.4 78.46 312.1857;1 897.73 491.96 27.2 72.1 353;1 940.09 569.175 33.4 81.61 4.1;1 961.96 1019.05 29 81.04 0;1 1130.5 304.34 83.4 32.9 0;1 1343.41 200.04 90.1 32.7 0;1 1416.2 250.54 90.3 35.46 0;7 1159.835 195.885 111.01 40.67 0;7 1180.45 250.15 113.3 42.62 0;9 24.37 469.345 40.9 10.57 0;9 690.055 82.07 8.13 37.5 286.0455;9 919.33 1065.4 8.6 28.8 0
v_swspir6x01_0000,1 258.605 467.96 100.29 39.58 0;1 498.52 507.785 90.86 35.53 0;1 580.895 459.87 99.55 43.22 0;1 804.595 528.34 95.31 39.56 0;1 977.75 858.59 32.08 85.68 0;1 1096.58 458.015 102 41.41 0;1 1227.535 469.53 91.59 38.98 0;1 1332.09 464.46 76.98 33.9 0;1 1324.81 526.47 38.54 88.38 90.4;1 1451.73 460.905 87.7 37.89 0;1 1444.485 524.88 39.05 87.26 88.9;1 1574.565 460.88 99.63 42.02 0;1 1577.88 518.605 89.44 39.11 0;1 1718.62 517.31 40.42 94.08 88.9;1 1772.6 462.015 92.62 38.21 0;1 1899.4 515.52 40.4 41.72 359.6;4 49.175 486.76 98.35 39.94 0;4 845.815 460.105 112.89 38.87 0;7 708.705 454.195 126.85 45.93 0;9 689.755 537.26 48.85 16.38 0;9 1042.15 543.19 39.36 13.68 0;9 1192.915 533.675 14.31 46.11 102.6833
v_sxrumnp73g_0000,1 368.62 462.14 97.32 38.96 0;1 596.465 457.725 105.41 41.43 0;1 776.825 454.135 89.77 38.21 0;1 838.795 522.75 95.37 41.72 0;1 917.86 460.735 94.38 35.77 0;1 897.82 101.28 36.74 87.48 0;1 902.135 882.02 38.31 95.68 0;1 911.15 1039.345 38.78 81.31 0;1 912.245 740.725 37.49 90.19 0;1 967.235 1047.605 38.35 64.79 0;1 968.52 602.4 36.18 86.56 0;1 1418.815 478.255 34.23 81.59 90.3;1 1780.88 534.735 91.28 35.53 0;1 1833.585 454.565 87.15 38.41 0;9 719.315 508.515 39.89 14.41 0;9 1000.345 758.19 15.13 41.7 0;9 1043.335 498.825 43.39 10.95 0
v_t0rcxiuav0_0000,none
v_t0vb5hzvpj_0000,none
v_t25bnu3oko_0000,1 1307.615 525.36 102.39 44.48 359.95
v_t2qtn50g2a_0000,1 1795.35 525.12 77.78 36.06 349.6
v_t33evmw388_0000,none
v_t61sy73x7t_0000,1 176.73 551.28 34.22 90.62 90.2;1 956.7 498.43 89.38 31.8 0;1 932.98 178.765 33.28 84.83 0;1 946.875 857.88 36.59 77.5 0;1 952.83 89.14 36.7 84.48 0;1 983.435 342.75 36.53 86.3 0;1 998.96 1065.39 36.02 29.22 0;1 1258.935 515.855 87.59 36.73 0;1 1433.51 534.255 94 38.31 359.5;1 1604.24 527.925 114.82 35.77 0;4 931.52 286.165 36.84 86.75 0;7 465.625 538.445 101.41 42.93 358.5;7 941.54 1008.21 52.6 142.12 0;9 653.06 513.815 12.3 40.91 88.15;9 903.51 309.855 12.76 35.99 355.0625
v_t6e5p362cw_0000,1 334.39 509.125 92.34 36.37 0;1 1384.695 464.44 83.19 36.52 0
v_t7190xits8_0000,1 435.03 467.03 96.1 35.52 0;1 996.1 474.965 88.5 35.05 0;1 983.91 804.04 34.7 89.7 4.86;1 1366.92 508.085 103.06 39.23 0;1 1457.66 557.92 100.6 37.12 0;1 1680.77 499.33 89.7 34.08 0.7
v_t8vcih7b0c_0000,1 465.5 526.7 95 36.6 0;1 922.78 281.34 35.34 84.52 0;1 939.915 76.485 38.63 82.77 0;1 940.26 1038.225 36.68 83.55 0;1 984.715 202.48 34.23 75.66 0;1 1061.755 1050.66 42.35 58.68 0;1 1249.2 508.215 86.14 35.77 0;9 691.295 541.32 41.27 11.3 0
v_t9re5kb4ou_0000,none
v_tbf39o7or8_0000,1 186.205 529.93 92.51 38.08 0.7;1 721.33 519.52 85.46 39.44 0;1 920.695 388.32 37.45 85.12 5.74;1 936.065 815.74 35.87 86.1 0;1 973.255 1038.255 37.79 77.55 329.9;1 1010.32 616.755 83.86 36.51 321.87;1 987.52 27.24 37.14 54.48 0;1 1409.63 525.475 91.1 34.05 0;7 935.205 166.17 48.37 160.14 0
v_tbk90gflac_0000,none
v_tcgtslg45u_0000,1 427.12 485.695 78.36 33.81 0;1 611.81 438.76 80.2 30.52 0;1 701.77 1042.05 75.62 32.26 17.76;1 835.08 1049.845 60.38 31.55 90.8;1 914.435 925.77 38.17 86.5 0;1 924.49 1034.71 32.34 77.3 0;1 966.995 881.13 35.25 85.9 0;1 967.28 983.995 33.82 76.87 0;1 1058.185 395.46 84.17 34.66 0.65;1 1213.535 387.56 95.37 33.14 359.3;1 1324.72 436.785 77.74 32.55 0;1 1529.55 435.345 79.52 33.61 0;2 99.12 484.725 109.2 33.35 359.16;2 590.015 486.49 106.41 38.74 0;7 349.615 434.58 148.11 48.5 0;7 940.33 435.025 110.34 45.25 0;7 1032.645 488.68 151.29 45.76 359.7;9 1580.765 485.37 36.55 12.9 0.1
v_tg6vviprnt_0000,1 1046.065 495.15 97.29 44.08 0
v_tg8z52heqy_0000,1 167.02 384.325 86.2 34.31 0;1 299.2 477.55 82.6 34.06 0;1 399.38 480.14 82.86 33.7 0;1 433.79 381.135 86.44 34.63 0;1 505.615 481.27 86.01 35.9 1.9;1 513.895 433.035 86.17 35.23 1.82;1 528.29 1023.025 77.74 35.87 0;1 535.735 385.02 78.55 33.38 1.2;1 619.57 479.985 82.06 33.55 0.5;1 639.655 384.185 84.21 33.17 2;1 646.655 432.65 83.61 34.94 0.7;1 1087.755 278.885 81.43 37.35 0;1 1132.835 85.6 93.77 42.32 359.5;1 1143.475 142.905 81.49 37.11 0;1 1181.415 230.365 89.31 39.45 0;1 1206.075 282.74 82.21 36.9 0;1 1313.63 279.975 80.92 37.91 0;1 1397.865 285.15 70.23 33.44 0;1 1436.995 329.485 90.73 37.11 0;1 1494.645 272.355 88.45 36.67 0;1 1565.98 229.405 92.7 35.77 0;1 1810.015 297.075 94.33 39.65 4;1 1842.315 234.8 98.03 38.36 0;2 1080.715 230.28 93.27 37.2 0;2 1325.58 229.19 109.76 42.4 0;4 1277.995 326.795 84.83 37.35 0;4 1644.115 329.56 104.71 39.8 0;7 34.75 475.785 69.5 33.65 0;7 913.715 760.765 34.39 87.25 1.05;7 1111.675 321.595 102.23 42.39 0;7 1608.67 273.53 120.52 47.96 0;9 299.74 439.205 44.4 13.63 0;9 1025.55 203.395 40.4 12.31 0
v_tgr757fi0p_0000,1 261.575 452.825 102.05 41.31 0;1 572.87 448.81 87.3 34.2 0;1 660.33 519.025 88.5 38.45 0;1 695.76 472.455 78.1 37.53 0;1 799.9 469.505 91.5 38.85 0;1 905.54 611.13 42.42 91.94 0;1 908.545 211.36 37.77 85.6 0;1 962.7 786.565 37.68 91.13 0;1 1099.05 453.925 91.42 38.15 0;1 1198.365 455.305 89.61 37.97 0;1 1307.455 460.02 87.51 37.02 0;1 1415.835 527.14 93.47 36.56 0;1 1412.795 464.88 36.71 84.62 90.1;1 1529.24 462.06 79.74 36.08 0;1 1555.915 513.86 101.39 44.14 0;1 1674.855 449.9 42.31 94.1 89;1 1781.18 539.555 93 35.53 0;1 1785.755 450.48 95.73 39.64 0;1 1889.115 452.305 40.21 63.93 89.6;1 1913.605 534.985 12.79 38.27 0;4 963.71 373.675 40.3 105.05 0;9 1911.92 499.17 13.68 16.32 89.5
v_tj6g0xelsn_0000,1 612.44 481.95 90.4 37.2 0;1 980.87 702.97 33.4 96.4 0;1 989.75 908.24 39.1 89.8 0;1 1058.34 510.735 98.54 39.23 0;1 1622.775 529.325 96.29 41.65 0
v_tl1r03aqsa_0000,1 1520.425 515.05 101.17 49.92 0
v_tmtlj3gns9_0000,1 127.87 492.74 89.98 39.34 0;1 211.595 541.715 88.97 37.11 0;1 742.815 537.54 89.97 38.2 0;1 942.06 98.52 38.32 84.16 0;1 969.12 521.11 78.9 34.22 0;4 995.575 1037.035 32.69 78.89 0;4 1316.03 512.145 85.44 31.55 0;9 983.79 439.62 12.44 40.64 0
v_tnr816srce_0000,1 823.18 496.59 36.94 89.32 84.3;1 960.795 46.245 39.13 92.49 0;1 965.12 794.745 34.7 88.21 358.03;1 1001.715 88.4 36.29 86.9 3.2727;1 1006.885 223.78 38.59 92.7 0;1 1026.26 455.075 36.02 89.07 0.21;9 1037.675 61.025 13.09 42.83 0
v_tpa7f4x6rz_0000,1 24.29 537.445 30.26 52.01 90.5;1 405.56 551.095 83.1 32.83 357.8;1 562.165 495.66 35.61 88.62 89.4;1 688.975 543.25 87.93 32 356.3;1 917.68 460.85 31.7 86.54 31.72;1 1024.335 602.155 32.89 79.35 357.2;1 1107.345 527.425 82.61 32.69 0
v_tpm3wmkwl7_0000,1 737.085 509.89 71.89 29.36 357.9;1 1007.47 980.85 31.32 76.96 0;1 1009.375 1072.96 33.63 14.08 0;1 1059.46 996.01 31.32 80.3 0;1 1061.2 893.27 27.44 66.84 0;1 1278.905 502.465 78.11 31.05 0;7 1059.565 1067.045 36.81 25.91 0;8 1016.655 890.43 27.79 72.82 0
v_ts3xvp0nbr_0000,1 83.64 548.13 84.8 31.16 2;1 330.65 510.24 33.2 85.18 99.9;1 460.56 554.925 30.4 82.03 89.5;1 562.035 494.065 35.61 88.63 89.4;1 894.11 464.005 29.8 74.03 44.1308;1 961.26 1024.96 30.2 80.86 0;1 968.8 261.175 32.68 80.87 0;1 1003.35 125.66 31.72 83.04 358.4667;1 1471.38 525.625 90.78 34.27 357.8;9 1032.11 975.245 13.46 36.71 0
v_tss34ysbrd_0000,1 23.155 542.38 46.31 41.82 356.9;1 862.2 541.745 98.88 40.15 359.9;9 1902.11 485.935 35.78 14.67 334.3
v_ttlex0wmoo_0000,1 462.345 483.41 94.39 33.4 0;1 823.985 488.375 91.91 36.91 0;1 906.82 1053.05 34 53.9 0;1 912.91 105.71 35.4 92.9 0;1 912.475 393.02 34.29 89.8 0;1 943.22 961.87 36.02 95.9 355.7;1 975.485 138.745 35.61 87.53 0;1 978.33 375.64 34.6 83.5 0;1 985.43 939.665 32.44 84.67 0;1 1020.43 581.31 33.5 91.52 32.8;1 1422.48 492.135 113.24 39.81 0;1 1558.595 508.715 96.53 35.67 0;1 1602.41 553.785 98.24 38.07 0;1 1749.8 509.46 90.46 33.7 0;1 1772.155 566.375 92.55 32.51 1.2;1 1881.115 555.86 77.77 37.26 20.9;1 1889.98 503.15 60.04 35.16 0;3 638.805 534.735 163.13 41.67 2.8;7 898.055 747.4 32.45 116.08 3.4;7 899.285 930.565 34.39 111.95 0;8 947.5 852.43 28.7 67.1 0;9 912.875 573.505 43.13 12.91 0
v_tuurie10h3_0000,1 13.59 417.705 27.18 32.71 0;1 74.5 511.72 84.4 32.72 0;1 121.3 413.31 83.6 33.42 0;1 175.75 518.985 91.62 34.15 0;1 217.94 413.175 89.46 34.35 0;1 301.525 515.81 89.79 32.06 0;1 335.945 419.62 79.47 32.78 0;1 368.175 468.6 79.43 30.1 0;1 462.34 416.155 87.3 32.71 0;1 483.01 466.785 78.7 33.57 0;1 520.9 282.87 29.2 76.9 272.4;1 575.445 515.08 82.43 33.16 0;1 549.485 148.05 27.71 75.4 273.3;1 577.44 464.43 81.98 34.58 0;1 577.605 415.15 81.99 31.8 0;1 686.92 474.71 87.8 33.82 0;1 700.905 517.235 79.95 32.93 0;1 701.67 421.69 79.16 32.68 0;1 742.95 295.195 31.7 80.25 275.8;1 838.19 814.41 71.88 29.36 161.2;1 889.41 219.435 30.3 80.71 313;1 983.43 478.96 27.98 75.3 348;1 1005.86 866.19 25.8 81.26 0;1 1012.59 372.13 29 81.9 343.4;1 1045.25 508.98 27.88 73.04 352.3;1 1319.37 247.77 79.3 35.34 359.3;1 1350.33 296.925 75.96 34.29 0;1 1423.3 246.415 84.8 34.35 0;1 1441.955 340.195 103.03 37.33 0;1 1583.11 342.525 99.74 38.17 0;1 1616.835 292.305 87.03 35.59 0;1 1622.33 481.155 27.8 76.67 84.3;1 1690.705 243.815 87.55 35.43 0;1 1719.32 297.16 91.76 36.9 0;2 1222.21 296.145 87.76 38.71 0;2 1550.165 246.285 105.13 36.11 0;4 213.895 466.19 82.79 30.2 0;4 943.07 368.19 27.58 78.7 327.4;4 1063.385 645.305 27.01 77.43 1.7;4 1246.455 163.445 88.05 39.07 0;4 1488.69 295.125 100.7 39.29 0;7 66.13 464.905 126.3 34.35 0;7 435.94 516.91 136 41.26 0;7 1009.4 658.85 29.32 100.64 358.5;7 1062.99 867.09 29.9 106.46 0;7 1264.145 342.015 114.59 39.97 0;7 1835.41 291.165 123.2 39.53 0;8 223.24 149.565 64.8 29.85 0.3;9 767.495 453.49 41.91 11.58 359.2;9 807.18 449.04 44.12 15.9 0;9 1193 230.745 42.74 13.57 0
v_tuyb2j2uk6_0000,1 247.44 530.455 39.14 97.99 269.3;1 568.29 544.95 79.3 33.46 359
v_tv9kdhbl8a_0000,1 130.5 513.235 99.66 39.55 0;1 904.05 663.69 37.48 95.9 0;1 970.17 461.94 102 41.42 0;1 979.61 928.48 38.28 94.36 0;1 989.88 705.515 38.54 91.29 0;1 1046.96 537.015 36.22 84.83 48.8;1 1150.225 467.05 98.95 38.98 0;1 1300.105 519.995 89.45 39.11 0;1 1335.23 462.29 76.98 33.9 0;1 1453.17 458.59 87.7 37.9 0;1 1563.865 459.35 99.63 42.02 0;1 1702.7 459.095 92.62 38.21 0;1 1717.63 515.835 40.42 94.09 88.9;1 1829.11 463.51 94.42 35.78 0;1 1838.77 514.985 96.74 41.73 359.6;4 654.415 462.3 121.29 38.86 0;9 495.78 522.11 47.76 16.36 0
v_tvsey2aqde_0000,1 114.8 495.045 101.1 36.25 356.6273;1 284.09 543.44 95.7 37.64 0;1 292 490.775 96.96 36.25 0;1 460.04 494.94 100.84 37.6 0;1 556.405 550.185 99.71 40.55 0;1 674.12 487.93 98.14 37.78 0;1 821.125 548.895 102.01 37.15 0;1 845.755 494.385 102.01 40.55 0;1 926.055 347.965 102.01 40.55 292.6909;1 981.635 646.365 95.63 34.47 282.6;1 980.845 506.465 93.65 37.87 353.6;1 967.21 769.95 33.1 89.3 0;1 1325.495 568.85 89.17 30.66 0.3;1 1525.62 503.495 82.46 40.55 0;3 1139.855 534.86 54.51 190.62 80.9333;9 132.77 566.345 48.2 11.59 0;9 908.03 776.055 16.78 44.31 0;9 1842.795 581.985 12.71 35.53 92.6
v_tvu36scn1f_0000,1 1015.025 746.45 52.77 98.5 0
v_tyav7i5pg5_0000,1 363.99 466.105 101.88 40.27 0;1 730.145 457.885 90.67 34.71 0;1 795.69 517.185 92.28 36.35 0;1 1178.525 466.77 83.51 33.48 0;7 904.785 909.195 44.13 124.09 0;9 884.32 1017.34 13.62 41.58 0;9 886.55 668.02 15.82 46.38 0;9 947.95 542.995 15.9 43.85 0;9 976.51 407.475 13.32 43.57 0;9 980.755 817.8 16.37 49.82 0;9 1632 517.6 40.9 12.8 0
v_u0aw3nym1a_0000,1 64.66 485.98 110.48 43.9 0;1 527.645 523.425 93.21 37.35 0;1 637.935 480.875 104.11 40.15 0;1 673.965 545.3 105.09 39.3 0;1 788.02 478.675 102.9 39.19 355.4;1 925.26 553.18 35.1 92 0;1 1170.035 536.73 101.91 37.74 0.1;1 1329.965 491.82 89.05 36.18 0;1 1532.3 556.77 96.3 32.62 0;1 1700.84 493.26 101.1 36.24 359.1;1 1728.84 548.34 33.1 89.3 91.7;1 1850.9 491.885 96.96 36.25 0
v_u0dd9s6zum_0000,1 909.825 884.97 35.85 86.44 1.693;1 909.775 999.98 32.91 81.16 0;1 954.105 987.205 30.39 82.41 0;1 964.835 864.415 33.57 75.39 0;9 569.775 220.855 38.87 12.83 0
v_u0yrf7knef_0000,1 26.49 470.83 52.98 35.84 2.4;1 852.745 479.2 34.11 85.08 63.68;1 965.78 45.825 40.84 91.65 0;1 975.315 976.215 34.19 87.85 1.3;1 1003.75 366.865 36.04 92.07 0;1 1037.675 543.705 90.65 35.39 356.83;1 1034.505 234.605 37.13 84.53 0;1 1216.335 478.675 95.19 36.39 0.3;1 1248.36 526.09 95.58 37.96 352.5;1 1367.675 520.295 93.03 37.61 355.9;1 1469.13 517.115 93.42 40.21 0;1 1585.5 515.515 83.7 37.01 0;1 1694.89 508.895 96.74 37.53 0;1 1860.1 486.86 91 39.18 0;9 905.335 520.66 12.73 33.56 57.34;9 972.21 294.46 14 43.94 3.96
v_u1nkulogwc_0000,1 70.4 563.47 30.7 76.7 89.4;1 271.605 553.32 32.87 83 88.5;1 443.93 549.12 32.7 81.38 88;1 579.475 493 86.83 30.34 351.6937;1 781.75 534.2 29.04 75.6 70.1118;1 909.395 465.88 27.83 67.12 36.2118;1 960.775 265.38 30.51 83.4 358;1 1009.65 95.605 31.24 85.55 0;1 1021.68 501.925 33.08 87.49 1.6;1 1087.925 983.06 31.13 81.52 17.9;1 1227.89 475.4 83.2 30.6 358.2;1 1360.09 513.36 82.1 31.46 353.6;1 1515.95 502.915 91.72 32.67 0;7 1717.625 487.77 179.37 46.22 0;9 1007.895 1012.435 8.07 34.43 0
v_u45skhnlvm_0000,none
v_u47h4byhne_0000,1 728.53 393.07 86.1 36.22 1.9;1 828.905 1045.495 76.01 32.57 92.3;1 904.925 926.55 38.17 86.5 0;1 915.285 1036.19 32.35 77.3 0;1 959.97 987.185 33.82 76.87 0;1 961.05 882.58 35.26 85.9 0;4 774.76 492.43 82.54 32.44 20;4 850.6 618.19 74.4 33.78 78.44;4 1394.78 395.985 76.96 31.35 0
v_u5suwsfrj4_0000,1 860.04 373.75 28.7 73.3 343.6;1 893.68 509.22 30.4 76.6 351.5;1 917.73 779.445 28.5 77.41 0;1 919.005 1015.065 28.29 78.53 0;1 976.615 708.82 29.11 79.1 0;1 1018.475 521.995 31.07 70.19 29.1;7 972.775 1032.95 29.05 94.1 0;7 975.495 892.235 29.39 97.59 0;7 1181.16 246.265 113.3 42.61 0;9 796.92 157.03 11.3 32 313.4;9 939.84 843.975 8.6 31.71 0;9 1216.29 442.815 9.64 36.99 80.3;9 1443.855 454.99 10.69 37.38 88.8
v_u70md1zbe8_0000,none
v_u7hes5lj0k_0000,none
v_u7jo8klx6l_0000,1 90.03 423.575 71.6 27.79 0;1 196.42 467.63 78.8 30.9 0;1 303.125 409.15 66.99 26.2 0;1 411.15 1001.925 83.96 35.21 0;1 488.915 467.75 69.69 31.5 0;1 504.06 411.27 83.5 31.2 0;1 594.8 454.53 85.4 30.4 0;1 700.115 461.54 65.99 26.18 354.5;1 817.56 507.225 96 32.53 36.4;1 846.47 689.87 112.2 35.3 93.9;1 943.195 366.94 77.15 34.5 0;1 924.47 1018.49 30.4 76.6 0;1 924.65 923.92 28.7 73.3 0;1 969.295 868.235 31.07 70.19 0;1 977.065 978.11 29.11 79.1 0;1 1034.305 417.61 80.75 30.8 0;1 1276.9 417.83 79.92 28.86 0;1 1286.425 366.88 68.53 28.58 0.7;1 1308.12 243.05 68.8 30.1 0;1 1445.795 420.49 86.07 30.66 0;1 1647.525 362.83 87.35 34 0;9 682.915 1043.815 46.05 10.93 17;9 999.67 801.79 9.64 36.98 359.1
v_u842awhaum_0000,1 78.65 490.4 102.34 42.56 0;1 285.895 478.695 105.17 37.53 0;1 428.415 465.505 93.65 40.13 0;1 599.55 460.115 92.54 36.79 0;1 903.285 614.735 41.39 88.43 0;1 902.965 995.155 38.23 91.57 0;1 902.605 857.075 37.13 90.35 0;1 909.255 328.13 36.27 90.86 0;1 913.86 77.06 41.12 94.1 0;1 967.01 664.42 42.92 88.72 0;1 965.165 822.51 38.85 91.4 0;1 965.505 927.455 37.99 88.51 0;1 981.265 1044.185 40.21 71.63 0;1 1062.81 501.935 90.42 38.99 328.1;1 1220.385 479.605 83.57 33.85 349.5;1 1559.175 530.535 84.95 39.33 0;1 1577.59 449.64 94.76 41.62 0;1 1785.415 540.615 92.99 35.53 0;1 1903.535 534.985 32.93 38.27 0;3 738.41 456.27 132.98 46.94 0;9 948.61 510.82 42.08 13.44 0
v_u8d5ssekmk_0000,1 144.51 408.205 99.3 33.61 0;1 340.49 507.45 91.24 31.72 0;1 353.38 328.005 30.22 79.17 269.3;1 465.675 463.445 80.01 30.31 0;1 584.795 465.635 82.07 32.45 0;1 651.04 284.34 31.14 76.1 268.9;1 705.31 466.605 80.24 34.77 0;1 736.2 414.765 78.12 33.17 0;1 770.785 504.54 71.89 29.36 353.1;1 870.66 337.96 31.34 78.4 294.81;1 927.535 201.25 32.93 86.58 316.13;1 956.05 416.35 31.28 81.3 339.85;1 988.57 519.455 32.74 71.75 348.02;1 1069.125 647.695 30.23 77.83 6.9;1 1101.59 907.665 71.5 34.31 19;1 1164.21 524.2 33.96 97 54.31;1 1221.325 295.275 72.43 33.11 359.2;1 1276.985 343.105 80.09 34.15 0;1 1311.63 297.71 79 31.72 0;1 1513.07 247.435 84.92 34.97 0;1 1614.84 336.425 89.9 32.41 0;1 1634.825 291.545 79.89 32.23 0;1 1666.095 498.34 29.75 79.48 90;1 1800.5 290.18 108.78 37.8 0;4 1010.19 755.045 38.9 110.31 358.9;4 1009.605 951.255 31.31 78.41 0;5 1361.77 241.535 175.02 54.13 0;7 110.44 257.095 36.82 126.29 269.9;9 257.89 439.22 44.4 11.24 0;9 677.975 392.225 44.29 16.05 0;9 785.98 476.06 35.52 14.8 359.3;9 1218.195 246.855 47.93 19.85 359.6;9 1712.05 319.195 46 16.27 0
v_u8lyja2jdb_0000,1 123.615 481.685 121.25 42.93 0;1 1369.57 456.365 88.18 36.91 0;1 1658.42 471.67 85.7 39.02 0;6 1000.365 501.61 201.75 56.12 0
v_uc3pcay9x2_0000,1 980.425 511.765 95.91 45.99 0;1 1603.855 500.6 110.37 47.3 0
v_ucsxokl1zi_0000,1 979.305 1032.665 38.57 94.29 350.1;7 1015.96 871.46 40.78 106.3 0.7
v_ue0rmkikjb_0000,1 38.27 461.11 76.54 39.2 0;1 773.4 517.11 93.3 34.56 0;1 844.655 466.64 93.67 39.58 0;1 972.33 694.365 40.68 93.11 0;1 1254.675 453.92 93.11 38 0;1 1410.09 575.03 88.18 35.76 1.8;1 1642.695 510.05 80.91 35.54 0;4 381.58 457.24 115.12 40.74 0;4 1461.07 509.935 92.94 38.75 0;4 1778.345 453.615 116.21 38.87 0;7 1545.24 448.115 112.18 43.83 0;9 962.615 1060.1 14.31 39.8 0
v_ufqvv9gm0j_0000,1 689.9 461.16 92.62 38.54 0;1 847.95 531.52 101.4 44.14 0;1 875.9 459.575 79.74 36.09 0;1 900.39 802.57 38.58 89.98 0;1 906.875 970.96 40.79 86.2 0;1 911.625 270.605 42.45 89.81 0;1 958.1 842.35 35.12 93.78 0;1 965.865 1048.865 36.65 62.27 0;1 969.615 409.89 35.19 90.2 0;1 973.255 674.76 38.31 92.8 0;1 1244.765 460.015 42.31 92.91 83.6333;1 1460.87 508.57 89.74 37.18 0;1 1513.35 451.49 93.5 39.64 0;1 1713.94 458.81 40.2 89.1 88.8;1 1784.005 540.26 92.99 35.54 0;1 1888.585 483.07 62.83 40.46 0;1 1906.89 534.985 26.22 38.27 0
v_ufvgcf60io_0000,1 128.9 493.72 89.98 39.34 0;1 522.345 534.575 36.91 83.11 88.2;1 799.07 508.12 38.04 86.6 65.5333;1 946 1001.175 82.24 34.97 269.2;1 932.23 290.32 35.32 87.56 0;1 942.535 860.265 33.99 83.37 0;1 956.055 465.485 36.95 84.39 22.5588;1 958.08 87.78 40.78 88.6 0;1 1001.715 750.965 85.55 36.49 273.95;1 1261.235 534.43 86.43 38.9 356;1 1478.29 523.805 94.7 36.41 0;7 1730.995 520.03 109.77 35.48 0
v_uhvwsddcxp_0000,1 1003.235 479.955 96.33 47.45 0
v_uhzhygtzwf_0000,1 44.34 542.03 88.28 37.48 0.5;1 450.2 506.585 86.46 36.33 0;1 682.555 535.465 33.93 80.13 77.32;1 861.29 503.2 35.24 85.14 50.62;1 936.42 738.505 81.68 34.59 282.8;1 925.56 360.795 36.7 88.37 4.14;1 935.375 597.88 35.57 79.36 0;1 947.42 1010.595 36.94 85.11 3.44;1 956.96 503.07 34.62 81.34 8.14;1 971.275 868.85 31.63 73.32 8.9;1 982.115 325.945 33.11 83.73 0;1 992.155 610.335 35.51 79.67 358.6;1 1016.15 976.715 42.08 95.07 359.56;1 1040.17 499.99 80.4 30.62 4.4;1 1105.76 564.655 79.5 33.25 351.7;1 1229.515 542.98 86.47 34.34 355.4;1 1900.065 511.29 39.87 32.46 0;7 951.4 48.965 53.36 97.93 0;9 544.82 515 11.76 36.34 89.9
v_ui3kqvjak6_0000,1 72.805 482.76 91.83 41.04 0;1 231.12 488.075 116.44 38.57 357.7;1 374.27 480.945 86.9 37.07 0;1 485.845 485.725 99.35 38.99 0;1 613.205 494.66 98.93 44.3 0;1 728.19 490.245 90.82 36.47 0;1 822.91 542.325 104.72 42.83 0;1 829.755 482.36 93.77 37.28 0;1 1001.71 492.76 102.7 40.78 0;1 977.815 793.585 37.35 91.81 0;1 1008.77 609.6 34.48 72.3 18.4;1 1077.51 546.2 98.5 36.5 354.8;1 1103.03 484.465 96.7 38.35 0;1 1213.63 493.6 96.4 42.92 0;1 1267.29 541.57 38 103.5 90.5;1 1319.35 491.945 96.24 38.79 0;1 1386.695 553.96 101.99 39.06 3.6;1 1419.725 498.86 98.89 38 1.2;1 1522.41 550.29 94.2 38.1 0;1 1570.105 509.065 93.21 37.35 358.2;1 1634.055 556.15 105.09 39.3 0;1 1663.695 506.39 89.05 36.18 0;1 1748.795 557.21 101.91 37.74 0.1;1 1787.83 501.655 101.1 36.25 359.1;1 1853.63 567.855 91.82 32.63 0;1 1888.915 501.755 62.17 36.25 0;9 872.05 765.64 15.26 36.64 1.1784;9 904.84 1013.285 15.76 36.27 0;9 1152.32 587.53 45.4 19.7 2.9
v_uj9809g41u_0000,1 58.95 518.265 92.1 36.69 0;1 864.66 453.905 88.12 37.57 0;1 1333.065 442.415 91.29 36.69 358.1778;1 1367.625 497.165 35.45 85.99 91;1 1890.79 504.365 58.42 41.95 0
v_ukg65bunoc_0000,1 13.115 416.46 26.23 32.7 0;1 72.67 510.875 84.4 32.71 0;1 120.56 411.99 83.6 33.42 0;1 174.895 518.255 91.63 34.15 0;1 216.57 412.785 89.46 34.35 0;1 300.035 514.6 89.79 32.06 0;1 335.44 417.85 79.46 32.78 0;1 366.645 467.75 79.43 30.1 0;1 367.055 280.81 30.31 71.98 272.6;1 462.19 415.66 87.3 32.7 0;1 483.01 466.02 78.7 33.56 0;1 575.445 514.335 82.43 33.15 0;1 577.235 464.085 81.97 34.59 0;1 577.43 414.715 81.98 31.79 0;1 686.7 474.035 87.8 33.83 0;1 699.285 516.695 79.95 32.93 0;1 701.31 421.49 79.16 32.68 0;1 677.905 325.94 30.23 75.06 271.4;1 726.795 261.265 34.07 78.45 277.02;1 838.33 814.17 71.88 29.36 161.2;1 955.185 303.2 30.97 77.54 339.9;1 994.605 523.09 27.71 75.4 354.4;1 1010.1 694.34 31.7 83.5 0;1 1027.295 431.505 29.73 78.03 352.8;1 1053.2 605 29.2 76.9 354.3;1 1056.99 751.925 30.3 83.37 0;1 1065.35 926.53 27.8 76.68 0;1 1319.105 247.535 79.31 35.33 359.3;1 1350.7 295.62 75.96 34.3 0;1 1424.11 246.065 84.8 34.35 0;1 1442.935 339.295 103.03 37.33 0;1 1584.42 342.385 99.74 38.17 0;1 1618.125 292.07 87.03 35.6 0;1 1720.31 296.79 91.76 36.9 0;1 1904.16 464.795 31.68 32.75 88.8;2 1222.25 295.335 87.76 38.71 0;2 1550.945 245.995 105.13 36.11 0;4 213.215 465 82.79 30.2 0;4 1014.68 942.73 27.58 78.7 0;4 1245.445 164.125 88.05 39.07 0;4 1489.03 294.905 100.7 39.29 0;7 65.96 463.21 126.3 34.36 0;7 435.2 516.54 136 41.26 0;7 1265.665 340.34 114.59 43.02 0;7 1836.745 289.715 123.19 39.53 0;8 1270.83 111.78 64.8 29.86 1.11;9 767.545 452.815 41.91 11.59 359.2;9 807.18 448.48 44.12 15.9 0;9 1192.03 231.07 41.42 15.1 0
v_umpz5978de_0000,1 41.1 479.345 82.2 38.87 0;1 185.84 489.08 105.38 42.9 0;1 271.745 541.27 103.33 39.64 0;1 399.075 538.775 104.33 42.95 0;1 451.355 486.785 102.73 42.15 0;1 572.955 544.785 98.29 37.77 359.7;1 573.23 487.3 96.44 38.86 0;1 703.315 494.205 97.71 40.51 0;1 710.065 549.635 93.33 35.47 359.5;1 803.43 491.02 95.22 41.06 0;1 848.545 548.785 91.51 36.23 0.8;1 918.995 625.32 39.73 95.7 0;1 924.24 774.13 41.7 96.64 0;1 922.975 889.89 37.81 95.2 0;1 931.385 1055.62 39.75 48.76 0;1 992.375 540.82 92.07 37.36 356;1 981.305 1052.475 38.01 55.05 0;1 1120.03 490.43 36.54 82.96 70.38;1 1232.915 491.305 36.85 90.35 88.7;1 1451.53 533.015 88.52 35.39 355.05;1 1532.23 487.735 86.22 37.65 359.5;1 1615.77 562.85 90.96 37.8 359.7;1 1702.56 478.56 97.92 41.46 0.4;1 1713.395 546.805 40.25 87.67 89.9;1 1866.34 558.44 91.68 38.98 13;4 314.875 482.255 117.65 40.43 0;5 990.425 736.19 65.67 324.7 359.2;7 995.91 490.14 102.34 39.4 0
v_umwtsufxx0_0000,1 668.34 545.71 84.48 31.46 357.3;1 982.555 1059.3 25.45 41.4 0.8;1 1033.205 493.91 88.75 31.2 0;1 1009.925 26.2 30.43 52.4 0;1 1265 522.355 80.32 31.13 356.88;1 1496.875 498.25 88.03 30.9 0;1 1667.08 493.095 80 27.81 0;1 1874.5 504.44 91 32.7 0
v_umxus4qpys_0000,1 219.48 544.19 92.68 33.86 359.9;1 458.565 496.16 90.37 36.4 359.7;1 520.38 559.385 86.96 37.61 358.39;1 947.005 451.915 36.17 90.53 39.64;1 965.78 46.47 40.84 92.94 0;1 1011.125 734.195 87.09 34.47 291.55;1 1237.37 534.11 79.1 35.56 349.88;1 1249.145 477.245 90.85 35.35 358.57;1 1460.78 481.785 93.1 39.19 0.7;1 1610.545 515.555 104.03 36.49 0;1 1816.605 493.72 96.35 35.16 0;9 944.77 334.385 14.66 44.95 15.72
v_uo0x6ym34a_0000,1 46.45 462.61 83 30.12 0;1 644.78 228.72 30.5 76.06 280.1429;1 737.21 75.445 27.6 73.83 282.3286;1 851.3 271.385 27.6 74.27 308.8714;1 890.74 390.71 28.1 79.3 349.4857;1 908.745 521.635 32.19 80.63 358.6857;1 917.735 692.625 30.93 81.93 353.9;1 925.98 856.895 28.9 80.19 0;1 930.7 1059.55 30.8 40.9 0;1 1036.44 519.485 26.9 76.97 42.8;1 1104.075 197.36 74.09 27.9 0;1 1177.64 291.2 79.1 29.1 0;1 1293.48 290.875 84.4 30.43 0;1 1411.155 453.98 29.05 77.32 85.7;1 1528.49 288.205 85.7 33.51 0;1 1892.65 237.88 54.7 32.8 0;2 1092.17 103.54 85.06 26.8 359.9236;2 1578.2 186.295 106.5 40.51 0;7 607.09 99.61 43.6 180.5 283.6857;7 963.83 632.925 30.8 127.89 359.5143;7 1174.61 237.405 123.5 35.59 0;7 1335.005 234.655 114.43 33.07 0
v_ur9snxybn7_0000,1 260.56 581.95 35.7 77.8 131.6;1 567.92 531.745 82.72 34.65 1.4;1 960.33 50.11 40.46 96.3 0;1 1008.71 292.065 84.78 39.03 95.9;1 1016.655 30.54 33.35 61.08 0;1 1250.26 521.665 89.58 35.51 359.1;1 1338.845 471.57 90.21 37.5 0;1 1369.77 525.73 89.88 35.9 0;4 1001.475 170.415 36.67 93.31 4.5
v_urd5nlroox_0000,1 1008.9 783.45 40.54 99.62 0
v_ut3x1byt8w_0000,1 346.11 497.04 100.6 37.72 0;1 508.92 579.23 96.38 35.74 338.7;1 573.67 465.68 90.8 33.6 0;1 735.2 492.99 96.38 35.74 0;1 917.635 460.8 94.09 39.1 358.9;1 975.82 576.68 40.5 101.1 0;1 1113.31 478.265 95.32 35.63 2;1 1348.855 459.55 106.67 39.8 359.5;7 980.555 1017.67 57.35 123.94 0;8 1402.615 556.42 66.67 24.9 6.2
v_utut3z28ew_0000,1 174.265 518.365 95.91 34.27 6.5;1 234.77 470.45 88.9 36.7 0;1 377.645 475.935 91.55 35.01 0;1 486.32 474.42 92.84 37 0;1 605.315 478.345 110.81 35.13 0;1 725.705 480.35 95.19 38.3 0;1 810.1 543.52 88.98 34.54 0;1 844.67 488.33 84.08 33.8 0;1 898.74 1054.7 35.88 50.6 0;1 917.735 848.93 35.25 90.9 0;1 919.18 623.42 33.4 87.2 0;1 957.325 28.2 35.29 56.4 1.1;1 970.44 892.87 34.6 90.5 0;1 974.11 1008.755 30.5 96.89 0;1 976.79 756.58 35.8 91.1 0;1 999.61 337.195 32.44 87.99 358.5;1 1128.435 558.04 101.17 38.18 1.3;1 1119.69 504.55 33.4 91.72 67.9;1 1228.995 488.185 102.15 37.91 0;1 1240.965 544.85 32.63 88 88.9545;1 1356 494.255 89.7 34.85 0;1 1348.94 546.5 39.1 89.44 93.4;1 1444.76 497.235 91.9 36.91 0;1 1571.13 497.53 113.24 39.82 0;1 1685.615 507.275 96.53 35.67 0;1 1657.22 558.71 33.5 91.52 89;1 1757.61 554.535 98.24 38.07 0;1 1797.84 512.51 90.46 33.7 0;1 1865.415 573.69 92.55 32.52 1.2;1 1897.645 504.31 44.71 35.16 0;3 1496.275 549.46 163.13 41.68 0.2;9 1247.06 578.56 29.4 10.84 2.6;9 1796.125 595.985 43.13 12.91 359.5
v_uvlv5b63tq_0000,1 164.66 516.27 90.4 35.46 359;1 166.66 572.61 87.58 34.12 359.9;1 432.635 552.845 35.13 83.57 88.7;1 935.165 739.23 70.87 32.74 273.6;1 928.415 362.405 37.71 84.25 0;1 937.29 199 36.68 84.8 0;1 972.21 1020.09 74.12 36.76 270.3;1 980.595 887.315 85.53 34.35 270.2;1 979.455 742.075 33.87 84.77 0;1 987.915 358.755 37.11 89.17 0;1 1014.97 595.305 86.96 36.11 332.82;1 1055.94 1054.665 51.82 50.67 0;1 1808.6 510.745 101.1 36.37 0;9 486.18 579.565 13.96 42.51 269.3
v_uwiy7e3jox_0000,1 79.755 471.99 92.81 36.4 3.2;1 229.29 545.285 90.86 35.35 0;1 964.81 46.8 40.84 93.6 0;1 994.59 670.305 35.78 86.87 0.9;1 1004.445 263.845 34.83 93.81 10.88;1 1007.925 134.63 36.93 78.3 4.44;1 1036.405 479.005 86.25 34.39 0.7;1 1118.31 541.05 99.22 36.5 355.2;1 1289.19 488.305 91.22 35.15 0;1 1446.49 512.7 87.82 34.98 0;1 1875.395 518.425 89.21 36.03 0;4 1653.09 503.235 139.06 45.97 0.8;9 67.915 504.53 12.57 37.92 90.06;9 902.975 420.12 10.95 39.04 32.12
v_uwjq66lubl_0000,1 149.63 484.75 108.2 42.16 0;1 409.075 484.63 99.85 38.86 0;1 583.035 495.135 97.71 40.51 0;1 682.075 490.645 96.85 39.89 0;1 704.055 548.26 91.51 36.24 0.8;1 806.285 543.755 92.07 37.35 1.7;1 913.795 97.745 37.25 94.69 359.3;1 918.915 672.33 38.77 85.92 0;1 919.545 898.835 34.77 89.27 0;1 979.98 717.76 36.7 92.16 0;1 985.15 46.655 40.6 93.31 359.7;1 990.145 907.39 38.53 92 0;1 1045.56 529.59 36.54 82.96 34.2;1 1143.27 538.085 88.52 35.39 359.7;1 1140.35 490.84 36.84 87.82 81.6;1 1237.29 489.55 84.64 37.66 2;1 1259.715 560.57 87.81 37.8 0.9;1 1355.86 496.175 91.08 38.09 357.9;1 1364.42 444.86 95.16 41.46 358.1;1 1369.285 543.285 40.25 87.67 90.9;1 1459.59 492.17 91.68 38.98 358.5;1 1564.93 482.905 103.8 42.33 359.8;1 1622.395 527.955 89.95 37.17 356.3;1 1724.155 489.32 90.19 40 0;1 1830.84 487.71 91.6 37.2 359.5;4 1501.135 542.63 97.95 36.12 359;7 820.125 490.81 106.47 39.4 0;9 1011.475 252.935 13.89 43.59 0.1
v_uwoeuu2vjm_0000,1 27.99 470.485 55.98 35.01 2.4;1 133.995 531.25 38.05 92.76 89.4;1 965.78 45.61 40.84 91.22 0;1 976.01 700.775 38.56 88.73 359.7;1 992.365 227.755 34.11 88.45 5.4;1 995.8 462.255 34.2 87.85 4;1 1009.87 91.585 36.04 92.07 0;1 1117.895 537.11 90.65 35.4 357.1;1 1220.06 478.145 95.18 36.39 0.3;1 1269.86 522.025 95.58 37.97 352.5;1 1397.85 514.535 93.02 37.61 355.9;1 1531.91 517.595 93.42 40.21 0;1 1711.92 514.365 83.7 37.01 0;1 1887.345 513.675 65.31 39.95 0;9 1034.045 285.35 13.95 33.56 0
v_uwoyarulwo_0000,1 1189.985 547.24 97.23 45.98 0;1 1554.585 503.225 93.29 49.93 0
v_uyvk53j72t_0000,1 243.485 458.6 102.81 38 0;1 505.39 471.56 100.82 43.96 0;1 647.88 461.3 95.26 35.44 0;1 760.71 465.935 95.36 40.85 0;1 899.695 214.035 37.15 94.83 0;1 910.485 401.875 37.95 91.21 0;1 910.995 705.08 36.97 91.56 0;1 966.29 110.37 40.6 96.6 0;1 969.44 507.69 37.5 89.28 0;1 970.645 842.87 37.07 93.56 0;1 975.98 1018.46 39.34 95.3 0;1 1198.36 475.66 37.28 89.88 88;1 1820.105 447.41 92.03 36.22 0;9 21.73 464.325 43.46 14.43 0;9 880.225 532.58 47.61 12.82 356.9333;9 1008.275 756.055 15.59 48.27 0;9 1051.33 548.755 14.88 43.07 29.4
v_v0z1nsw56d_0000,none
v_v3cvijj3wj_0000,1 556.345 526.61 93.27 42.12 358.8;1 1008.57 803.66 35.48 90.9 0;1 1021.775 625.715 39.51 91.81 0;8 978.42 633.555 66.12 22.55 286.8
v_v5vdyfk95s_0000,1 127.35 492.51 89.98 39.34 0;1 420.45 555.04 34.4 87.56 89.3;1 638.025 538.91 40.77 88.6 88.01;1 945.41 1007.935 82.24 34.97 269.2;1 959.39 725.58 86.44 38.9 284.773;1 936.15 279.81 37 80.6 0;1 939.75 164.195 32.34 72.59 0;1 941.775 901.33 33.99 89.66 0;1 987.995 563.24 87.47 37.02 355.54;1 1241.045 551.375 83.67 37.87 0;7 1156.565 508.97 101.19 38.46 0
v_v7f5m7bml6_0000,1 42.6 504.68 76.4 34.56 0;1 516.165 465.385 93.67 39.59 0;1 676.71 455.61 96.78 38 0;1 1194.475 506.505 80.91 35.53 0;1 1343.985 562.28 86.77 35.76 32.9;1 1570.74 457.57 99.92 41.42 0;1 1725.98 514.76 38.54 88.38 89;1 1869.325 466.17 98.67 38.98 0;4 1059.59 511.68 90.08 38.76 0;4 1185.11 448.27 109.84 38.86 0;7 922.865 450.255 109.07 42.97 0;9 1309.39 515.385 38.1 13.93 339.2
v_v7fxq3hdpk_0000,1 425.97 522.275 109.06 45.99 0;1 1013.27 1000.525 48.62 106.43 0
v_v96limuqcj_0000,1 238.55 487.9 104.26 41 0;1 494.45 484.865 112.82 40.79 0;1 806.895 480.285 99.97 43.99 0;1 909.375 1034.61 38.15 90.78 0;1 916.24 494.465 37.42 82.85 0.22;1 923.845 727.865 39.81 91.37 0;1 930.29 889.94 38.88 94 0;1 982.94 440.23 39.36 107.92 358.83;1 985.34 160.19 37.66 89.7 357.3;1 987.5 1015.58 39.5 97.5 0;1 992.68 812.72 36.86 82.58 0;1 1370.36 491.795 101.16 42.33 350.5;1 1621.09 523.59 89.96 37.18 357.1;1 1728.475 484.2 90.19 40 0;1 1836.705 481.145 94.45 37.21 359.5;1 1859.66 551.605 39.08 96.11 86.9;4 1483.335 538.65 97.95 36.12 358.4;7 661.735 493.41 121.77 44.86 359.4;7 970.31 15.61 17.26 31.22 268.5;9 1022.31 996.41 14.66 41.96 0
v_v9dvzvzk6n_0000,1 1316.795 500.24 101.41 39.42 2.4
v_v9m84pk1vc_0000,1 195.455 516.32 36.95 94.62 88.7;1 957.04 1039.02 34.7 81.96 1.2;1 962.54 60.22 39.06 96.8 0;1 961.605 297.03 36.29 86.9 5.9;1 995.53 555.92 38.58 92.7 0.47;1 1000.16 136.38 37.6 88.18 10.84;1 1005.39 965.465 36.02 88.57 354.98;9 1042.54 371.675 13.08 42.83 0
v_vcn6ydcvfw_0000,1 20.61 558.105 32.1 41.27 91.1;1 561.745 506.71 35.61 88.62 89.4;1 978.08 564.555 85.2 28.39 357.2;1 956.945 1039.225 30.79 81.55 0;1 974.65 191.9 30.1 83.08 0;1 999.775 966.855 31.29 79.23 340.3909;1 1000.87 314.405 31.78 82.93 0;1 1303.13 519.005 93.2 34.31 0;1 1606.475 519.775 105.87 34.47 0;1 1823.88 539.66 91.2 30.2 0;9 1021.23 81.73 9.14 41.12 6.2;9 1093.61 524.255 44.44 15.05 351.7
v_vcxc1bohus_0000,1 1012.61 956.51 39.42 102.48 0
v_vfvr4l26i6_0000,1 1408.085 500.595 99.85 44.67 0;9 436.485 513.08 40.73 19.7 0
v_viheefgdy2_0000,1 596.11 479.485 98.9 35.13 0;1 1222.975 410.72 87.37 40.74 0.7;1 1546.01 467.17 99.4 37.6 0;8 1454.26 519.28 62.3 26.2 0;9 780.665 478.1 47.49 20.32 0
v_vij5ex20du_0000,1 46.81 485.475 84.98 32.75 0;1 144.97 452.415 84.22 32.11 1.98;1 287.685 486.43 88.29 31.32 0;1 289.715 1017.435 87.93 38.15 0;1 360.38 389.92 83.76 33 0;1 373.095 229.18 81.43 37.26 0;1 576.99 1028.32 82.6 34.92 1.7;1 608.575 384.615 77.09 31.39 0;1 713.92 145.485 81.74 37.79 9.51;1 733.715 1061.475 75.03 36.57 14.05;1 769.935 275.74 82.71 38.4 0;1 834.2 553.26 75.92 33 51.7;1 846.07 670.895 71.8 32.73 94.5;1 916.03 1025.19 38.18 86.5 0;1 951.96 440.955 77.36 30.67 1.6;1 991.71 224.795 84.18 35.47 0;1 968.505 959.11 35.25 85.9 0;1 1056.345 266.63 94.29 35.76 359.3;1 1060.985 320.245 79.93 34.81 0;1 1166.995 431.225 80.97 33.71 0;1 1267.865 382.11 85.07 33.18 0;1 1348.31 429.47 67.9 29.52 0;1 1374.585 213.85 85.63 34.3 0;1 1555.18 430.88 88.3 34.22 0;1 1596.675 378.985 80.37 34.37 0;1 1874.805 377.655 86.61 35.03 0;1 1902.625 429.265 34.75 30.11 0;2 1327.33 290.465 103.58 40.85 359.8;4 220.79 274.55 88.08 35.62 0;4 483.33 485.165 86.58 34.05 0;4 678.94 489.825 76.64 30.35 0;4 693.485 433.295 82.17 33.83 0;7 84.015 389.035 168.03 52.47 0;7 433.075 433.33 113.45 41.74 0;7 1186.125 215.8 102.07 47.68 0;7 1498.655 477.145 118.09 41.99 358.8;9 177.235 499.985 38.71 11.45 0
v_vir5c7x4kt_0000,1 366.71 470.57 104.6 32.2 356.4;1 1693.605 502.145 93.09 37.85 0;9 48.15 518.14 54.5 18.2 0
v_vjhjdo0zc8_0000,1 969.155 888.03 42.63 98.5 0;1 1063.97 518.65 35.44 85.64 52.55;1 1275.625 456.315 90.35 39.13 0;1 1529.215 458.965 92.99 39.09 0;1 1793.805 536.805 92.99 35.53 0;4 902.69 832.005 40.94 109.67 0;7 975.77 678.805 46.2 107.85 0
v_vkj5sh4fto_0000,1 142.27 465.555 82.8 34.71 5.31;1 282.675 424.34 86.17 34.94 0;1 516.475 469.3 81.11 32.06 0.96;1 531.57 1019.035 77.74 35.87 0;1 669.555 128.815 32.55 79.17 284.51;1 702.645 261.58 34.83 85.14 284;1 815.39 278.995 28.64 74.49 305.65;1 856.365 393.78 34.21 80 340.4;1 893.93 493.08 34.78 80 348.86;1 907.38 591.76 31.36 77.2 354.49;1 915.885 342.685 35.53 78.29 342.7;1 917.38 738.545 33.1 84.41 0;1 1086.505 277.465 81.43 37.35 0;1 1197.775 229.71 89.31 39.44 0;1 1291.41 279.205 82.2 36.89 0;1 1776.875 275.3 87.57 37.9 0;2 1088.905 229.24 93.27 37.2 0;4 1768.3 325.89 98.9 37.36 0;7 1109.495 319.445 102.23 42.39 0;9 752.21 513.22 38.4 11.76 15;9 1597.5 215.43 51.66 14.12 0
v_vllf2002pa_0000,1 12.175 111.825 24.35 22.07 268.1;1 14.035 273.78 26.87 27.5 270.1;1 276.605 414.64 76.39 27.8 0;1 673.21 366.965 75.82 28.03 0;1 675.66 410.43 65.86 26.18 0;1 698.98 120.095 28.14 71.47 293.9;1 828.715 270.95 30.69 84.8 334.4143;1 904.815 485.73 27.07 80.6 352.3714;1 917.57 704.1 29.62 77.4 0;1 967.055 764.23 30.89 83.9 0;1 1003.875 545.525 29.95 75.83 31.7706;1 1107.55 466.835 32.9 74.43 66.5583;1 1343.455 446.28 29.21 79.7 87.5;2 132.805 465.365 120.47 30.43 0;7 923.19 914.23 31.4 100.56 0;9 946.27 574.315 11.1 25.85 0
v_vo8pj0ndj1_0000,1 90.82 61.345 76.9 34.75 0;1 327.47 469.955 83.46 31.47 0;1 440.87 370.895 85.72 35.53 0;1 583.88 422.07 79.08 32.84 0;1 644.095 1012.49 84.39 35.26 0;1 719.165 454.01 71.73 33.64 12.8;1 912.995 858.44 31.41 79.1 0;1 965.25 804.005 33.74 78.65 0;1 1175.52 372.57 73.32 32.16 0;1 1251.56 419.98 72.44 31.8 0;1 1582.86 411.52 79 32.88 0;1 1802.25 434.66 86.2 33.38 0;1 1887.555 366.895 64.89 33.39 0;2 37.89 452.74 75.78 34.34 0;2 387.775 417.035 118.73 37.99 0;2 522.035 471.355 98.79 32.83 0;2 1052.765 204.83 96.87 37.06 0;7 203.18 422.59 126.7 41.04 0;7 446.755 129.24 87.57 38.04 0
v_vobek3ssog_0000,1 1017.305 529.28 106.27 44.22 359.3;1 1599.325 515.045 107.29 40.87 3.9
v_vpv44922u3_0000,1 1119.4 480.245 83.16 33.39 0;1 1464.28 456.27 94.24 35.66 0;1 1570.55 517.105 82.12 32.57 0;1 1834.075 478.53 98.51 37.1 0;9 45.695 455.925 55.41 17.27 0;9 983.15 808.845 15.1 41.69 0;9 1864.525 434.03 40.51 14.44 0
v_vqd6vsqluf_0000,1 91.125 478.235 83.21 33.87 0;1 287.365 1009.555 86.75 36.55 0;1 315.035 231.725 33.03 77.71 269;1 317.13 287.09 35.04 81 269.7;1 452.215 308.065 34.95 83.01 269.76;1 568.88 1011.935 87.22 38.65 359.3;1 580.685 475.225 83.85 33.35 0;1 667.125 433.175 78.75 29.41 0;1 924.945 678.96 34.91 98.48 357.75;1 963.77 831.82 32.7 79.9 359.8;1 1093.01 316.685 78.6 39.07 0;1 1135.425 215.82 81.51 34.04 0;1 1191.735 314.36 73.11 33.82 0;1 1209.985 266.31 104.31 42.7 0;1 1240.265 217.12 82.61 34.74 0.2;1 1296.425 314.8 87.45 36.56 0;1 1322.695 264.34 68.55 32.62 0;1 1332.51 214.43 84.3 37.26 0;1 1495.5 213.715 96.3 41.03 0;1 1605.72 312.23 87.72 32.98 0;1 1767.9 262.605 91.94 37.97 0;4 358.285 436.385 103.57 34.55 0;7 410.37 1019.315 150.28 55.09 0;7 637.355 381.89 122.59 42.28 0;7 731.335 468.565 80.47 29.73 0;7 1100.575 264.07 90.95 42.4 0;7 1534.365 262.61 112.09 46.2 0;9 546.885 76.085 32.51 12.39 0;9 587.5 502.565 38.26 10.99 0;9 768.74 433.405 38.68 11.19 0.1;9 1314.09 240.13 34.84 11.1 358.26
v_vspb367lxw_0000,1 252.665 530.365 37.07 94.13 89.3;1 645.335 525.005 36.89 87.37 87.16;1 817.515 545.295 69.23 33.53 357.53;1 905.13 461.615 33.82 80.09 43.89;1 962.52 49.12 38.36 96.04 0;1 1000.405 162.78 36.41 95.6 6.5;1 1039.015 601.52 85.67 38 318.73;1 1023.33 316.22 38.86 92.28 0;1 1282.765 495.415 85.25 36.91 350.88;1 1436.14 506.895 93.24 39.03 3.85;1 1681.955 479.19 94.81 37.5 0
v_vuj62hae3z_0000,1 212.47 572.12 35.7 80.22 94.2714;1 494.145 516.52 35.47 86.8 88.44;1 962.38 49.57 40.46 96.3 0;1 1007.48 647.895 86.96 36.59 301.26;1 1044.35 210.91 82.06 39.02 25.5;1 1270.33 531.51 89.78 35.16 358.7;1 1339.925 476.93 90.21 37.5 0;1 1378.15 526.545 94.12 35.51 359.1;4 1012.545 80.505 36.67 93.31 5.416;9 1016.735 1012.465 11.63 35.75 0.95
v_vyo0osh1q5_0000,1 202.84 526.95 90.6 38.2 0;1 497.33 493.03 90.9 37.6 0;1 971.095 464.43 89.43 35.6 271;1 1018.21 571.045 30.12 82.07 2.3111;1 1385.5 496.36 90.7 35.9 359.6;1 1426.795 547.83 86.29 35.6 0.1;1 1521.21 455.3 97.94 38.64 0;1 1644.805 509.31 100.95 36.04 0
v_vyrvlkin3t_0000,1 737.425 509.68 71.89 29.36 357.6961;1 1006.69 974.46 31.32 76.96 0;1 1009.375 1073.165 33.63 13.67 0;1 1059.825 993.755 31.31 80.29 0;1 1060.185 891.21 27.43 66.84 0;7 1059.565 1064.745 36.81 30.51 0;8 1016.495 888.2 27.79 72.82 0
v_vzhmsl0kfn_0000,1 13.35 417.08 26.7 32.7 0;1 73.58 511.3 84.4 32.72 0;1 120.93 412.65 83.6 33.42 0;1 175.32 518.62 91.62 34.16 0;1 217.25 412.975 89.46 34.35 0;1 300.78 515.21 89.78 32.06 0;1 335.695 418.74 79.47 32.78 0;1 367.405 468.18 79.43 30.1 0;1 462.27 415.91 87.3 32.7 0;1 483.01 466.405 78.7 33.57 0;1 547.67 144.66 29.7 74.2 267;1 575.445 514.71 82.43 33.16 0;1 577.34 464.255 81.98 34.59 0;1 577.515 414.93 81.99 31.8 0;1 657.715 269.365 29.73 78.03 269.2;1 686.81 474.375 87.8 33.83 0;1 700.095 516.965 79.95 32.93 0;1 701.49 421.59 79.16 32.68 0;1 838.26 814.29 71.88 29.36 161.2;1 908.165 274.68 27.71 75.4 329.1615;1 982.67 449.22 31.7 83.5 346.0385;1 991.41 345.84 29.2 76.9 331;1 1002.14 741.01 27.98 75.3 0;1 1039.61 478.735 30.3 80.71 350.5;1 1053.17 730.25 29 81.9 0;1 1060.05 894.025 27.88 73.03 0;1 1113 585.155 27.8 76.67 32.7714;1 1319.235 247.65 79.31 35.34 359.3;1 1350.515 296.27 75.97 34.3 0;1 1423.705 246.245 84.81 34.35 0;1 1442.445 339.745 103.03 37.33 0;1 1583.76 342.455 99.74 38.17 0;1 1617.48 292.185 87.02 35.59 0;1 1691.735 243.815 87.55 35.43 0;1 1719.81 296.98 91.76 36.9 0;2 1222.23 295.74 87.76 38.7 0;2 1550.555 246.145 105.13 36.11 0;4 213.555 465.595 82.79 30.19 0;4 1008.05 606.99 27.58 78.7 354.7;4 1246.315 163.72 88.05 39.06 0;4 1488.86 295.015 100.7 39.29 0;7 66.05 464.055 126.3 34.35 0;7 435.57 516.725 136 41.25 0;7 1012.03 990.08 29.32 105.3 0;7 1264.905 341.18 114.59 41.5 0;7 1836.08 290.44 123.2 39.52 0;8 979.82 113.285 64.8 29.85 0.3;9 767.525 453.15 41.91 11.58 359.2;9 807.18 448.76 44.12 15.9 0;9 1192.52 230.905 42.08 14.33 0
v_w1felxwdf3_0000,1 699.16 557.12 96.92 34.54 0;1 993 805.41 35.9 94.74 2.975;1 1132.635 520.63 97.57 35.48 0;8 1509.69 493.605 68.44 28.65 0
v_w2qe0tdx2d_0000,none
v_w34uc6dd9w_0000,1 691.705 520.145 32.93 84.71 88;1 956.57 853.86 83.86 36.5 267.65;1 938.215 980.11 35.87 86.1 0;1 979.715 1055.91 37.79 48.18 344.2;1 992.55 260.71 36.9 92.24 0;1 1196.685 525.765 85.87 34.05 0;1 1367.19 527.27 92 34.6 0;7 932.17 238.705 51.38 157.95 0
v_w37zq4rfsj_0000,1 555.525 516.755 35.61 88.63 89.4;1 810.58 539.135 31.4 83.15 66;1 958.94 1024.11 31.7 85.32 1.7;1 960.38 377.79 32.8 82.66 0;1 966.43 125.91 31.7 85.1 0;1 1005.3 925.25 29.4 71.68 352.7;1 1138.225 560.85 90.11 34.02 353;1 1168.67 504.675 86.52 31.19 1.5;1 1284.775 553.57 91.33 30.9 352.9;9 930.895 564.21 34.61 14.12 0
v_w3x7k7cs3n_0000,1 458.48 484.705 89.7 34.85 0;1 906.36 1012.02 34.9 90.4 0;1 911.67 468.53 33.78 95.2 0.5;1 913.52 752.12 30.9 82.4 0;1 927.68 292.67 34 83 3.5;1 945.77 897.34 32.5 83.86 0;1 955.065 1056.6 32.63 46.8 0;1 985.16 938.355 32.44 84.67 0;1 1074.395 543.585 39.11 89.45 60.225;1 1437.675 497.715 91.91 36.91 0;1 1565.92 496.405 113.24 39.81 0;1 1632.745 557.04 33.49 91.52 89;1 1682.205 506.055 96.53 35.67 0;1 1750.12 552.925 98.24 38.07 0;1 1794.375 514.15 90.45 33.7 0;1 1857.86 571.095 92.56 32.51 1.0818;1 1891.335 504.31 57.33 35.16 0;3 1400.455 548.87 163.13 41.68 0.2;9 865.365 874.355 14.61 35.39 0;9 942.975 563.62 10.87 35.5 9.5;9 1565.48 593.32 43.14 12.9 24.1
v_w5acq1hkwr_0000,1 18.81 533.61 37.62 35.06 269.6;1 235.895 528.81 92.31 37.64 359.9;1 844.28 507.81 96.96 42.48 0;1 1165.325 542.535 91.19 41.05 359.5
v_w5d121wswc_0000,1 416.06 558.07 31.32 68.8 89;1 554.05 507.075 35.6 88.63 89.4;1 698.025 551.69 83.05 29.32 355.7;1 967.995 287.56 30.61 69.78 0;1 969.5 101.415 32.64 84.51 0;1 969.825 1046.3 30.11 67.4 0;1 978.46 546.495 29.3 76.93 0;1 1215.985 504.885 91.11 31.19 4.9;1 1332.455 549.83 91.91 35.16 355.4;1 1660.605 523.885 91.77 30.31 0
v_w5ih4wpfjx_0000,1 1199.185 533.445 105.11 42.05 0
v_w6bltpllbf_0000,1 737.475 526.75 30.11 85.76 77.0636;1 976.56 1041.33 79.78 32.66 276.6;1 1013.5 15.445 29.74 30.71 0;1 1155.52 541.395 82.6 33.55 354.2;1 1207.5 480.26 83.2 30.6 358.2;1 1311.78 517.005 84.94 31.45 356.4;1 1462.2 510.97 90.44 31.46 0;1 1619.305 494.9 93.41 31.2 0;1 1751.46 514.295 91.74 31.13 0;7 459.79 537.835 133.62 45.67 359.5;9 143.295 525.715 40.03 14.19 358.4;9 1097.43 502.525 38.9 15.33 2.2
v_w6jnzltbca_0000,none
v_w84q90lc0d_0000,1 944.715 939.635 84.11 34.69 271.9;1 945.215 608.18 79.83 32.46 318.76;1 956.505 544.705 82.67 35.19 321.34;1 934.425 795.31 33.69 81.72 0;1 936.625 335.72 37.45 89.98 0;1 948.505 1066.455 40.57 27.09 0;1 994.36 639.675 83.38 34.83 308.2079;1 1001.765 991.535 35.05 86.77 0.9;1 1663.8 512.765 91.14 35.25 0;4 986.115 830.15 82.39 38.2 270.1
v_wacqd07wvl_0000,1 730.185 504.7 93.67 38.7 359.6;1 1262.68 489.945 98.92 39.45 0.4
v_wbohgoql5p_0000,1 726.66 503.175 100.2 39.93 0
v_wgbdk5xom9_0000,1 737.075 509.34 71.89 29.36 357.3599;1 1006.14 968.4 31.32 76.96 0;1 1009.375 1073.475 33.63 13.05 0;1 1058.82 994.465 31.32 80.29 0;1 1058.91 890.34 27.44 66.84 0;7 1059.565 1061.3 36.81 37.4 0;8 1015.875 890.04 27.79 72.82 0;9 1119.67 247.505 37.14 15.51 358.3
v_wgwtu9o904_0000,1 308.97 464.08 105.14 41.4 0;1 478.405 531.815 93.05 39.57 0;1 779.55 503.015 85.48 39.13 0;1 973.42 152.34 39.72 90.22 0
v_wib6sljoeg_0000,1 131.59 483.385 86.6 35.01 10.56;1 965.905 45.385 41.09 90.77 0;1 1007.595 773.555 36.41 86.05 0;1 1223.87 476.155 95.18 36.39 0.3;1 1269.075 526.41 90.11 37 352.9;1 1401.825 507.055 95.89 35.39 355.8
v_wj0fmte8s2_0000,1 28.835 477.845 37.23 57.63 90.5;1 956.095 318.38 37.09 89.7 7.625;1 959.965 196.81 41.09 105.44 1.7;1 1004.225 74.96 38.69 97.46 354.3;1 1013.79 222.575 35.9 87.67 1.7;4 1095.02 513.81 98.02 36.98 359.5
v_wj7ufejqry_0000,1 1186.195 511.5 86.17 36.36 0
v_wjwf1w4nct_0000,1 519.01 538.335 33 85.47 93.3889;1 1016.63 1062.715 35.48 31.59 270.1;1 1017.83 357.99 30.2 77.72 0;1 1050.03 620.2 81.76 30.9 306.85;1 1097.75 508.33 83.26 28.46 355.65;1 1283.65 500.67 86.58 33.56 357.6;1 1421.84 477.57 83.8 32.2 0;1 1572.675 495.595 82.05 30.87 0;1 1875.85 499.045 83.3 31.91 0;9 1582.3 533.16 35.7 13.62 0
v_wkmparteov_0000,1 1174.22 496 102.48 45.98 0
v_wmrthoong8_0000,1 34.02 474.77 68.04 41.9 0;1 42.765 529.32 85.53 39.4 0;1 158.04 472.12 117.4 40.9 0;1 164.2 525.22 101.68 35.2 0;1 286.07 474.935 88.9 36.71 0;1 328.475 534.91 94.99 37.8 0;1 471.6 482.615 91.56 35.01 0;1 520.27 531.075 88.3 42.11 2.2;1 640.93 481.98 92.84 37 0;1 651.235 535.3 101.45 35.44 2.4;1 876.575 487.575 110.81 35.13 0;1 947.765 151.66 95.19 38.3 269.4;1 1076.94 553.425 95.9 34.27 1.5;1 1467.29 547.9 88.98 34.54 0;1 1557.64 498.52 86.22 33.8 0;1 1799.66 559.065 35.8 91.09 91.1
v_wpq31witro_0000,1 1120.545 471.41 93.25 38.64 0;1 1716.965 503.945 36.61 94.61 90.6;7 359.12 475.035 129.82 42.71 0;9 26.8 535.805 53.6 16.17 0;9 980.785 740.305 12.61 40.87 359.8;9 1035.135 654.805 11.87 38.29 26.2
v_wqvav4qcxo_0000,none
v_wrm9jhl51p_0000,1 523.58 414.12 79.12 33.84 0;1 838.295 808.595 71.89 29.37 161.2;1 1005.73 1021.185 32.08 71.79 0;1 1019.28 928.91 34.18 83.4 0;1 1058.385 910.15 34.95 83.2 0;3 1479.98 501.155 87.04 34.69 0.2;4 1063.08 1014.505 31.94 75.77 0
v_wt9i5owl3g_0000,1 1134.815 500.11 92.37 41.82 358.8;1 1723.53 525.545 98.88 40.15 353.3
v_ww2zjk1qm0_0000,9 491.66 478.265 51.24 18.39 0
v_x0p4fqfqs6_0000,1 28.835 477.845 37.23 57.63 90.5;1 167.705 532.745 37.91 96.73 89.8;1 945.145 269.92 34.45 86.8 2.4;1 997.99 228.82 35.48 93.5 0;1 1012.45 507.15 34.82 85.14 0;1 1678.46 512.22 98.04 38 356.52
v_x15g13uxl8_0000,1 666.4 458.58 77.9 30.4 0;1 919.7 822.43 28.46 75.5 0;1 972.44 827.47 30.66 71.64 0;1 973.195 928.11 30.63 77.46 0;7 920.815 958.28 35.31 131.6 0;7 974.71 1058.27 34.9 43.12 0;9 1019.025 297.525 39.03 10.23 356.7
v_x1s7wkzszm_0000,none
v_x1sqnaalv9_0000,1 33.075 467.035 66.15 29.33 0;1 27.79 418.64 53.4 32.7 0;1 88.33 514.95 84.4 32.72 0;1 145.23 418.28 83.6 33.42 0;1 242.35 522.64 91.62 34.16 0;1 273.26 417.705 89.46 34.35 0;1 400.035 423.37 79.47 32.78 0;1 504.46 520.36 86.42 32.06 0;1 591.75 291.2 72.3 34.3 0;1 610.015 470.15 79.43 30.1 0.8;1 643.84 418.84 87.3 32.7 0;1 732.54 344.83 97.36 37.32 0;1 829.4 420.22 81.98 31.8 0.9;1 837.705 815.25 71.89 29.36 161.2;1 871.58 473.08 78.7 33.56 0;1 915.05 808.085 79.94 32.93 93.1;1 923.48 212.57 76.24 35.34 16.91;1 1031.2 258.235 79.52 34.35 0;1 1016.495 1026.615 31.45 86.25 0;1 1016.9 912.515 26.8 75.87 0;1 1075.65 517.95 77.26 33.16 356.72;1 1091.77 345.025 94.46 38.17 0;1 1062.505 906.85 29.85 87.18 0;1 1144.58 422.5 79.16 32.68 0;1 1164.94 470.195 81.98 34.59 0;1 1191.805 525.045 82.15 33.83 6.52;1 1285.125 304.655 83.85 35.59 358.7;1 1407.495 347.99 96.11 38.6 0;1 1501.5 250.205 87.54 35.43 0;1 1538.25 302.99 91.76 36.9 0;1 1894.82 302.135 50.36 36.33 0;2 273.305 264.145 83.55 38.71 1.14;2 1249.245 260.925 100.19 36.11 357.71;4 439.695 467.47 82.79 30.2 0;4 701.86 165.5 88.04 39.06 0;4 919.84 300.455 91.5 39.29 359.5;7 251.06 469.625 126.3 34.35 0;7 434.63 344.78 105.58 34.98 0;7 759.685 524.79 122.57 41.26 1.14;7 1749.91 296.95 123.2 39.52 0;9 521.705 131.59 38.91 18.04 359.3
v_x4eksunsl6_0000,1 996.76 362.465 34.14 90.79 356.9;7 379.795 501.02 38.87 122.56 264.56
v_x7vnc140it_0000,1 55.225 472.3 91.55 35 0;1 428.41 531.1 88.98 34.54 0;1 453.255 476.43 92.83 37 0;1 603.715 484.58 110.81 35.12 0;1 726.565 482.24 95.19 38.3 0;1 842.52 487.37 84.08 33.8 0;1 896.61 1046.8 33.68 66.4 0;1 910.09 901.635 37.5 96.77 0;1 913.65 622.07 35.62 92.2 0;1 961.66 155.6 34.1 89.28 1.8;1 965.07 1054.315 35.8 51.37 0;1 983.66 937.475 32.44 87.99 0;1 1031.315 555.54 101.17 38.18 1.3;1 1119.75 504.99 33.4 91.72 67.9;1 1228.84 487.345 102.14 37.91 0;1 1239.785 546.145 32.63 87.99 87.875;1 1340.48 493.985 89.7 34.85 0;1 1345.42 546.415 39.1 89.45 93.4;1 1441.01 495.345 91.9 36.91 0;1 1569.18 497.105 113.24 39.81 0;1 1636.165 555.68 33.49 91.52 89;1 1684.335 506.82 96.53 35.66 0;1 1749.24 551.075 98.24 38.07 0;1 1799.96 510.51 90.46 33.7 0;1 1860.075 570.73 92.55 32.52 1.2;1 1895.28 504.31 49.44 35.16 0;3 1491.175 547.42 163.13 41.68 0.2;9 70.44 519.96 29.4 10.84 0;9 1787.425 592.295 43.13 12.91 359.5
