Id,Target
v_009evckk5b_0000,1 533.545 1016.865 77.75 35.87 0;1 909.665 843.46 38.17 86.5 0;1 915.965 949.2 32.35 77.3 0;1 918.505 1048.55 35.61 62.9 0;1 932.185 399.935 35.25 81.19 346.35;1 962.46 888.865 33.82 76.87 0;1 966.34 1047.37 38 65.26 0;7 1680.19 132.055 118.4 49.67 0
v_009evckk5b_0024,1 532.54 1018.065 77.74 35.87 0;1 840.385 217.185 35.25 81.19 317.62;1 909.175 843.07 38.17 86.5 0;1 914.655 950.35 32.35 77.3 0;1 917.96 1048.55 36.7 62.9 0;1 962.49 844.99 33.82 76.86 0;1 967.19 984.34 38 82.24 0;1 1687.285 271.77 86.85 35.98 0;7 1343.1 130.19 111.62 49.68 0
v_009evckk5b_0049,1 532.78 1018.065 77.74 35.87 0;1 632.075 119.335 35.25 81.19 277.76;1 908.675 842.67 38.17 86.5 0;1 914.975 949.38 32.35 77.3 0;1 917.67 1048.55 37.28 62.9 0;1 962.49 844.675 33.82 76.87 0;1 964.835 1062.155 35.01 35.69 0;1 967.63 952.375 38 82.25 0;1 1044.585 277.085 82.29 35.97 0;7 1105.065 127.88 101.91 49.68 0
v_016is7moli_0000,1 691.945 500.475 99.85 44.67 0
v_016is7moli_0024,1 364.565 518.805 99.85 44.67 356.2;1 1011.165 849.53 44.05 100.2 0
v_016is7moli_0049,1 11.7 538.97 23.4 44.68 0.3;1 1003.72 742.945 44.06 94.09 358
v_01tp2eyell_0000,none
v_01tp2eyell_0024,1 1849.61 514.375 85.6 49.93 347.36
v_01tp2eyell_0049,1 1531.165 517.205 100.49 49.93 359.1
v_03ah598sio_0000,1 1097.695 534.495 103.77 47.49 0
v_03ah598sio_0024,1 824.71 528.165 103.78 47.49 0
v_03ah598sio_0049,1 446.9 520.425 103.78 47.49 0;1 1012.385 1015.57 38.69 98.54 0
v_03rc50t2e6_0000,8 1349.91 492.615 66.12 22.55 0
v_03rc50t2e6_0024,8 1297.27 500.92 66.12 22.56 341.24
v_03rc50t2e6_0049,8 1242.245 524.705 66.13 22.55 340.2
v_0482m44rij_0000,1 931.82 668.8 82.66 33.62 266.7;1 933.655 816.32 82.83 32.46 269.8;1 934.905 969.42 33.69 84.94 0;1 944.485 1058.7 42.25 31.66 270.7;1 954.245 133.62 36.59 80.8 0;1 991.63 899.56 86.14 34.84 269.8;1 998.865 644.685 37.35 86.77 356.1;1 1113.285 571.28 84.39 35.26 343.1;4 991.555 1058.74 41.71 38.2 270.1;7 957.15 284 52.6 187.64 0
v_0482m44rij_0024,1 933.11 861.2 83.1 32.46 269.8;1 933.025 723.415 82.67 33.63 267.5;1 934.775 993.655 33.69 84.93 0;1 950.415 235.64 36.59 80.8 0;1 955.74 114.85 39.4 85.24 0;1 944.26 1070.515 5.92 18.97 270.7;1 992.145 943.15 86.13 34.84 269.8;1 998.395 736.905 37.35 86.77 0.8;1 1001.905 32.7 37.05 65.4 0;1 1048.58 606.065 84.38 35.25 327.04;4 991.53 1067.515 10.94 24.97 270.1;7 955.7 369.76 52.6 173.16 0;7 1676.49 520.065 113.22 42.93 0
v_0482m44rij_0049,1 933.16 900.28 83.1 32.46 269.8;1 933.965 766.815 82.67 33.63 269.12;1 933.36 85.76 34.22 88.22 0;1 934.455 1048.39 33.69 63.16 0;1 947.705 303.11 36.59 80.8 0;1 950.58 196.8 39.4 85.24 0;1 991.86 977.93 86.14 34.84 269.8;1 1008.54 668.845 84.38 35.25 294.8;1 997.645 822.765 37.35 86.77 0.8;1 1001.045 240.825 36.03 85.35 0;7 953.68 457.735 52.6 173.97 0;7 1403.005 517.125 108.61 42.93 0
v_05id2q6r4r_0000,1 637.55 1060.94 73.62 36.42 5;1 696.875 1028.85 82.37 40.22 20.76;1 909.145 885.17 35.85 86.44 0;1 907.805 1000.77 32.91 81.16 0;1 952.86 986.27 30.38 82.42 0;1 963.675 874.1 33.57 75.38 0;1 1063.98 439.555 77.56 32.91 0;1 1400.72 424.73 86.66 37.6 0;4 1666.15 447.355 100.24 39.17 0.3;7 214.835 263.495 96.25 43.97 0;8 946.53 380.37 55.8 26.5 0
v_05id2q6r4r_0024,1 637.645 1060.91 73.63 36.42 5;1 909.005 885.535 35.85 86.45 0;1 908.085 1000.65 32.91 81.16 0;1 952.945 986.49 30.39 82.42 0;1 963.765 873.965 33.57 75.39 0;1 1507.38 436.235 77.88 32.91 0;1 1833.39 405.33 90.46 37.6 357.2;8 1203.335 376.83 53.95 26.5 0
v_05id2q6r4r_0049,1 637.745 1060.875 73.63 36.41 5;1 908.855 885.91 35.85 86.44 0;1 908.375 1000.52 32.91 81.16 0;1 953.04 986.72 30.38 82.42 0;1 963.855 873.82 33.57 75.38 0;7 1763.295 230.645 98.33 37.89 359.44;8 1474.055 374.76 58.75 26.5 0
v_05wejrqj6h_0000,1 168.455 530.16 109.05 53.86 0;1 1201.81 482.205 123.5 57.81 0;9 330.07 493.395 51.26 25.01 0
v_05wejrqj6h_0024,1 1071.74 485.265 123.5 57.81 0;9 8.35 505.22 16.7 25.02 0
v_05wejrqj6h_0049,1 836.555 487.455 123.51 57.81 0
v_06a65kr4uy_0000,1 212.74 387.665 85.4 35.63 0;1 298.53 480.815 82.6 34.05 0;1 327.13 389.905 86.2 34.31 0;1 375.85 441.51 82.36 35.22 0;1 398.21 482.755 82.86 33.69 0;1 436.98 384.46 86.44 34.62 0;1 505.075 482.62 86.01 35.9 1.9;1 521.27 436.02 86.18 35.24 1.1;1 530.55 1025.58 77.74 35.88 0;1 535.21 386.565 78.56 33.39 1.2;1 619.19 482.425 82.8 34.71 0.5;1 639.335 385.195 84.21 33.17 2;1 646.15 433.54 83.6 34.94 0.7;1 874.895 421.625 34.33 76.63 337.95;1 1086.325 278.885 81.43 37.35 0;1 1130.81 84.04 93.78 42.32 359.5;1 1140.96 141.395 81.48 37.11 0;1 1179.485 229.62 89.31 39.44 0;1 1205.23 281.795 82.2 36.89 0;1 1311.83 277.98 80.92 37.9 0;1 1395.965 281.84 70.23 33.44 0;1 1436.735 325.96 90.73 37.12 0;1 1465.425 224.6 92.69 35.76 0;1 1492.225 267.35 88.45 36.68 0;1 1590.47 224.81 91.58 35.24 0;1 1747.53 286.56 94.34 39.64 2.8;2 1074.905 230.95 93.27 37.2 0;2 1323.185 224.93 109.75 42.4 0;2 1891.805 229.155 56.39 45.11 0;4 1277.05 326.5 84.82 37.36 0;4 1565.735 322.1 99.97 39.8 0;7 178.07 482.485 110.98 34.83 0;7 693.09 270.93 35.74 87.24 287;7 1110.215 320.135 102.23 42.39 0;7 1605.155 268.285 120.07 44.67 0;9 568.515 414.615 42.27 13.63 4.2;9 1022.865 203.08 40.41 12.3 0
v_06a65kr4uy_0024,1 46.2 474.375 92.4 34.55 0;1 233.73 387.975 85.4 35.63 0;1 297.91 483.475 82.6 34.05 0;1 329.065 390.225 84.99 34.31 0;1 397.33 484.61 82.86 33.7 0;1 425.405 442.15 82.37 35.22 0;1 435.46 385.215 86.44 34.63 0;1 504.955 483.92 86.01 35.9 1.9;1 520.76 437.75 86.18 35.24 1.1;1 531.79 1027.495 77.74 35.87 0;1 534.575 387.905 78.55 33.39 1.2;1 618.535 484.035 82.81 34.71 359.675;1 638.37 387.095 84.2 33.17 1.94;1 645.58 434.81 83.6 34.94 0.7;1 703.445 295.875 34.33 76.63 281.48;1 1084.325 278.085 81.43 37.35 0;1 1127.005 82.59 93.77 42.32 359.5;1 1139.75 140.675 81.48 37.11 0;1 1168.285 228.9 89.31 39.44 0;1 1202.745 280.595 82.21 36.89 0;1 1309.305 275.64 80.91 37.9 0;1 1394.83 280.065 70.24 33.45 0;1 1435.965 323.38 90.73 37.12 0;1 1464.14 221.39 92.7 35.76 0;1 1491.15 264.265 88.44 36.67 0;1 1586.97 224.67 91.58 37.2 0;1 1738.575 285.2 94.33 39.64 2.8;2 1006.165 236.67 93.27 37.2 355.4;2 1321.295 223.21 109.75 42.4 0;2 1726.585 228.055 112.51 43.17 0;4 1276.42 324.76 84.82 37.36 0;4 1564.485 317.75 99.97 39.8 0;7 176.27 483.9 110.98 34.84 0;7 430.995 256.52 37.07 87.24 272;7 1109.515 319.435 102.23 42.39 0;7 1604.13 267.805 119.8 44.47 0;9 587.955 416.885 38.41 12.29 2.1;9 1021.575 202.93 40.41 12.3 0
v_06a65kr4uy_0049,1 67.04 484.095 92.4 34.55 0;1 116.29 441.435 106.1 37.79 0;1 233.02 395.18 85.4 35.62 0;1 297.13 486.99 82.6 34.06 0;1 327.915 396.335 83.99 34.31 0;1 397.08 487.96 82.86 33.7 0;1 389.69 302.165 34.34 76.63 267.6;1 426.33 446.18 82.36 35.22 0;1 435.2 388.915 86.44 34.63 0;1 504.955 486.9 86.01 35.9 1.9;1 519.86 440.29 86.18 35.24 1.1;1 533.345 390.26 78.55 33.38 1.2;1 534.21 1029.375 77.74 35.87 0;1 618.23 485.23 82.8 34.72 359;1 637.075 388.515 84.21 33.17 1.565;1 644.935 436.26 83.61 34.94 0.7;1 1081.635 276.915 81.43 37.35 0;1 1093.985 227.13 89.31 39.44 0;1 1118.515 80.205 93.77 42.33 359.5;1 1137.845 139.795 81.49 37.11 0;1 1196.185 278.275 82.21 36.89 0;1 1306.43 273 80.92 37.9 0;1 1393.645 278.21 70.23 33.44 0;1 1434.305 321.66 90.73 37.12 0;1 1463.16 219.985 92.7 35.77 0;1 1489.915 262.86 88.45 36.68 0;1 1583.63 217.86 91.54 34.5 0;1 1677.43 124.33 95.62 40.94 0;1 1734.015 276.23 94.33 39.64 2.8;2 798.145 241.77 93.27 37.2 359.26;2 1319.55 222.28 109.76 42.4 0;2 1694.665 219.91 112.03 42.7 0;4 1275.765 322.95 84.83 37.36 0;4 1563.24 315.5 99.98 39.8 0;7 99.69 264.49 38.8 88.76 270.4;7 175.82 491.56 110.98 34.84 0;7 1108.785 318.705 102.23 42.39 0;7 1604.19 261.48 120.52 47.96 0;9 586.16 418.84 38.42 12.28 2.1;9 879.435 202.145 40.41 12.31 0
v_06gsqrb2sb_0000,1 1912.3 538.2 15.4 35.5 0;9 1298.65 461.04 48.7 15.22 0;9 1628.675 552.47 56.49 17.9 0
v_06gsqrb2sb_0024,9 1889.89 466.47 48.7 15.22 0
v_06gsqrb2sb_0049,none
v_06xnbcrtte_0000,1 12.26 490.045 24.42 31.89 359.2;1 637.965 488.115 86.83 30.35 359.7;1 781.415 542.41 76.61 31 1.22;1 901.625 465.52 31.01 82.38 38.26;1 956.215 363.62 28.67 67.72 4.52;1 968.275 217.58 30.35 81.6 2.22;1 980.87 34.49 30.7 68.98 6.7;1 1015.48 196.685 31.36 86.51 0;1 1041.645 552.725 31.13 80.25 359;1 1057.795 1033.945 33.07 77.67 28.72;1 1144.97 534.295 81.46 33.31 356.6;1 1225.54 479.06 83.2 30.6 358.2;7 637.79 564.01 91.34 36.38 358.7
v_06xnbcrtte_0024,1 11.41 490.055 22.72 31.89 359.2;1 490.06 537.67 76.6 31 0;1 638.645 488.19 86.83 30.34 359.7;1 760.31 532.02 31 82.38 76.2;1 893.81 482.07 28.68 66.04 46.2;1 957.9 346.61 30.34 76.5 10;1 970.01 169.09 30.7 77.48 3;1 1011.535 279.525 31.35 85.45 1.6;1 1024.145 80.76 31.13 89.5 356.6;1 1051.07 539.885 81.46 33.31 356.6;1 1044.12 753.425 31.14 80.25 359;1 1226.085 479.1 83.21 30.6 358.2;7 361.89 563.775 91.34 36.39 358.7
v_06xnbcrtte_0049,1 10.525 490.065 20.95 31.89 359.2;1 208.08 542.94 77.56 31 0;1 509.95 552.07 31 82.38 88;1 639.355 488.27 86.83 30.34 359.7;1 701.59 542.25 28.68 66.04 84.4;1 852.2 554.915 77.38 33.31 356.6;1 885.55 463.79 30.34 76.5 51.3;1 966.4 256.525 30.7 77.47 3;1 983.375 91.72 32.87 87.2 3.5;1 986.175 407.495 31.35 85.45 19.2;1 1025.915 231.64 31.13 89.5 358.2;1 1055.76 945.95 31.14 80.26 354.3;1 1226.65 479.14 83.2 30.6 358.2;7 46.285 563.775 91.33 36.39 358.7
v_08j4szqboz_0000,1 637.775 1061.5 73.63 36.42 5;1 909.035 886.425 35.85 86.45 0;1 909.535 1000 32.91 81.16 0;1 953.52 987.325 30.38 82.41 0;1 964.215 873.235 33.57 75.39 0
v_08j4szqboz_0024,1 637.72 1061.77 73.62 36.42 5;1 909.11 886.5 35.84 86.44 0;1 909.615 999.98 32.91 81.16 0;1 953.685 987.325 30.39 82.41 0;1 964.305 873.1 33.57 75.38 0
v_08j4szqboz_0049,1 637.665 1061.925 73.63 36.15 5;1 909.2 886.53 35.84 86.44 0.0488;1 909.645 999.98 32.91 81.16 0;1 953.855 987.325 30.39 82.41 0;1 964.395 872.955 33.57 75.39 0
v_09gpsv2mc8_0000,1 22.75 472.45 45.5 35.3 0;1 26.755 366.835 53.49 28.65 0;1 11.86 305.86 23.08 32.8 0;1 60.27 999.21 74.5 32.18 0;1 167.14 210.745 74.8 34.97 357.4;1 185.845 461.42 63.81 28.1 0;1 342.01 467.69 77.76 30 0;1 347.02 370.67 76.74 31.36 0;1 517.14 409.18 92.74 36.3 0;1 527.915 464.61 81.33 31.6 0;1 740.42 1035.475 79.94 27.11 22.25;1 762.61 464.67 82.28 31.9 8.9333;1 829.28 253.95 73.3 30.3 0;1 836.96 1046.13 67.84 29.8 88.3;1 850.89 366.46 79.08 32 0;1 852.83 783.21 76.5 28.9 86.8;1 955.79 295.17 97.42 36.82 0;1 924.6 1014.69 30.4 76.6 0;1 924.07 921.99 28.7 73.3 0;1 967.255 863.145 31.07 70.19 0;1 1028.49 201.305 97.78 34.79 0;1 1073.22 245.53 79.2 31.6 356;1 1108.985 363.365 84.63 34.59 0;1 1164.45 413.13 97.48 30.9 0;1 1216.01 284.5 73.88 28.92 0;1 1352.86 406.36 74.1 30 0;1 1392.06 197.74 77.6 29 359.2;1 1399.73 291.38 74.2 31 0;1 1530.68 242.335 89.48 32.63 0;1 1565.49 448.055 84.9 30.47 0.9;1 1863.965 395.15 82.19 31.5 0;2 566.24 199.76 103.84 31.4 359.8;2 1667.095 392.745 103.93 31.71 4.3;7 94.215 416.7 188.37 49.2 0;7 399.845 250.635 171.15 48.57 0;7 801.4 413.09 115.34 32.8 0;9 217.62 376.4 32.56 10.7 0;9 350.99 196.26 38.5 11.5 357.1;9 667.96 466.98 39.6 12.7 0;9 844.29 578.94 40 8.2 68.6
v_09gpsv2mc8_0024,1 132.545 367.935 81.77 34.85 0;1 176.26 472.73 112.2 35.3 0;1 354.805 463.41 63.81 28.1 0;1 372.91 998.97 74.5 32.18 0;1 394.5 261.36 73.3 30.3 0;1 404.49 363.73 75.06 28.66 0;1 501.76 467.7 77.76 30 0;1 624.185 295.74 97.43 36.82 0;1 638.54 252.25 79.2 31.6 1.1;1 673.73 460.62 81.34 31.6 0;1 706.54 208.105 97.78 34.79 0;1 762.17 365.83 76.74 31.36 0;1 766.51 1055.185 72.78 27.11 31.9;1 784.245 411.85 92.73 36.3 0;1 849.765 529.04 82.29 31.9 52.7;1 875.01 289.93 73.88 28.92 0;1 846.085 1069.93 12.85 20.14 89.5;1 924.6 1013.98 30.4 76.6 0;1 924.43 923.085 28.7 73.29 0;1 967.325 863.595 31.07 70.19 0;1 1065.635 295.25 74.19 31 0;1 1104.38 203.09 77.6 29 359.2;1 1191.38 247.115 89.48 32.63 0;1 1316.02 365.8 79.08 32 0;1 1539.825 412.2 97.49 30.9 0;1 1600.985 350.715 84.63 34.59 0;1 1744.63 399.32 74.1 30 0;1 1877.05 443.59 84.9 30.46 0.9;2 200.54 205.15 103.84 31.4 359.8;7 45.95 253.165 91.9 48.57 0;7 254.115 414.55 378.67 49.2 0;7 1070.32 412.92 115.34 32.8 0;9 568.59 396.14 32.56 10.7 5.2;9 803.9 542.83 39.6 12.7 49.15;9 855.99 799.23 40 8.2 88.7
v_09gpsv2mc8_0049,1 119.29 467.655 96 32.53 0;1 117.65 426.68 73.56 28.3 0;1 145.7 258.14 79.2 31.6 1.1;1 238.395 369.7 84.49 33.2 0;1 273.24 299.585 97.42 36.81 0;1 317.325 999.64 76.27 34.6 0;1 338.8 471.95 112.2 35.3 0;1 335.45 216.14 97.78 34.78 0;1 499.78 290.985 73.88 28.93 0;1 511.635 462.81 63.81 28.1 0;1 564.495 365.715 81.77 34.85 0;1 587.13 1008.29 74.5 32.18 1.6714;1 663.84 467.62 77.76 30 0;1 689.18 299.82 74.2 31 0;1 820.79 252.105 89.48 32.63 0;1 840.085 680.07 82.29 31.9 97.4;1 873.69 462.94 81.34 31.6 0;1 872.21 367.445 75.06 28.65 0;1 885.47 182.3 77.6 29 14;1 924.6 1013.24 30.4 76.6 0;1 924.8 924.22 28.7 73.3 0;1 967.405 864.065 31.07 70.19 0;1 1097.805 415.32 92.73 36.3 0;1 1209.91 366.04 76.74 31.36 0;1 1858.11 358.22 78.76 32 0;1 1912.2 404.57 15.6 30.9 0;7 525.695 413.45 378.67 49.2 0;7 1383.705 405.42 115.35 32.8 0;9 790.99 442.35 32.56 10.7 12.6375;9 835.59 860.625 39.6 12.71 88.1
v_0cet0jvgh0_0000,1 53.045 562.465 87.79 30.55 2.7;1 249.07 564.03 28.66 78.66 92.5;1 558.575 517.155 35.61 88.63 89.4;1 754.47 517.95 38.2 86 87.5571;1 775.68 571.83 29.7 86.74 74.1714;1 897.74 562.575 71.92 28.65 354.5;1 952.125 1028.8 32.41 79.24 5.3;1 972.545 107.12 31.29 83.62 0;1 1219.835 545.315 83.87 34.41 0
v_0cet0jvgh0_0024,1 16.615 559.985 28.65 34.13 91.6;1 558.915 516.54 35.61 88.62 89.4;1 570.65 578.19 29.7 86.74 88.7;1 729.55 575.78 71.92 28.66 358.1929;1 745.32 517.99 38.2 86 84.7262;1 950.195 1064.075 32.41 31.85 0.6;1 972.145 42.95 35.93 85.9 0;1 969.865 249.08 31.29 83.62 0;1 1045.795 552.845 83.87 34.41 355.2857
v_0cet0jvgh0_0049,1 321.37 573.36 29.7 86.74 88.7;1 509.07 576.315 71.92 28.65 359.2;1 559.225 515.665 35.61 88.63 89.4;1 744.62 516.93 38.2 86 84.7672;1 792.235 572.705 83.87 34.41 354;1 964.915 179.86 35.93 92.8 0;1 967.895 343.805 31.29 83.61 0
v_0csnwwbxbf_0000,1 327.515 519.505 98.57 37.35 2.2;1 555.215 491.07 101.41 41.06 0;1 926.44 494.38 40.56 90.96 0;1 925.54 248.1 35.3 89.22 359;1 927.95 716.13 37.1 90.06 0;1 969.71 40.03 77.34 37 272.73;1 987.15 669.545 36.46 93.09 0;1 996.665 916.93 38.15 95.32 0;1 1039.98 542.955 39.4 91.47 34.23;1 1143.81 540.105 89.2 35.39 359.7;1 1237.29 492.135 84.64 37.65 2;1 1261.345 563.38 87.81 37.8 0.9;1 1357.405 498.575 91.07 38.09 357.9;1 1365.535 447.22 95.15 41.46 358.1;1 1370.665 545.915 40.25 87.67 90.9;1 1460.72 495.32 91.68 38.98 358.5;1 1566.34 486.985 103.8 42.33 359.8;1 1623.925 531.06 89.95 37.18 356.3;1 1725.955 491.8 90.19 40 0;1 1832.555 490.63 94.45 37.2 359.5;1 1855.205 560.66 39.07 96.1 86.9;4 927.72 959.93 41.1 119 0;4 1503.045 545.22 97.95 36.12 359;7 731.73 492.865 108.96 38.89 0;9 964.38 736.085 14.5 47.59 359.3
v_0csnwwbxbf_0024,1 120.1 499.255 105.5 41.99 0;1 544.48 534.725 94.72 37.35 3.6;1 621.225 490.9 101.41 41.06 0;1 918.905 1025.85 40.61 96.2 0;1 924.86 493.02 37.1 92.88 0;1 939.255 235.51 39.75 91.58 3.3;1 987.31 506.475 36.46 93.09 0;1 990.755 1002.65 37.91 98.3 0;1 994.775 753.785 38.15 92.11 0;1 1090.61 504.65 39.4 91.46 56.4;1 1145.29 540.61 88.52 35.38 359.7;1 1238.44 492.66 84.64 37.66 2;1 1260.945 564.13 87.81 37.8 0.9;1 1356.83 500.005 91.08 38.09 357.9;1 1365.035 448.26 95.15 41.46 358.1;1 1369.615 546.775 40.25 87.67 90.9;1 1460.25 495.86 91.68 38.98 358.5;1 1565.55 486.695 103.8 42.33 359.8;1 1622.68 531.725 89.96 37.17 356.3;1 1725.055 493.17 90.19 40 0;1 1830.765 491.49 94.45 37.2 359.5;1 1854.165 561.745 39.07 96.11 86.9;4 925.78 834.34 41.1 119 0;4 1502.295 546.05 97.95 36.12 359;7 805.87 493.735 106.72 39.35 0;9 953.81 560.305 14.5 47.59 359.3
v_0csnwwbxbf_0049,1 427.44 498.335 105.5 41.99 0;1 662.13 492.45 101.4 41.06 0;1 665.245 542.095 94.73 37.35 1.89;1 920.545 899.19 40.61 96.2 0;1 925.91 246.12 37.1 92.88 0;1 987.36 871.855 37.52 95.89 0;1 991.16 218.685 36.46 93.29 0;1 995.53 530.57 38.14 91.76 0;1 1144.95 540.125 88.52 35.39 359.7;1 1133 493.96 36.84 87.82 75.8;1 1237.92 492.315 84.64 37.65 2;1 1260.575 564.1 87.81 37.8 0.9;1 1356.24 499.525 91.08 38.09 357.9;1 1364.425 448.63 95.15 41.46 358.1;1 1369.325 546.275 40.25 87.67 90.9;1 1459.97 495.84 91.68 38.98 358.5;1 1564.95 485.5 103.8 42.34 359.8;1 1621.175 531.26 89.95 37.18 356.3;1 1723.855 493.1 90.19 40 0;1 1829.27 491.08 94.44 37.2 359.5;1 1852.875 561.66 39.07 96.1 86.9;4 926.51 654.2 41.1 111.48 0;4 1501.415 545.95 97.95 36.12 359;7 822.175 492.83 106.47 39.4 0;9 918.225 998.2 15.85 52.4 0;9 960.77 309.13 14.5 45.3 0.88
v_0cx8pn55k6_0000,1 561.535 577.96 80.95 31.4 358.2875;1 554.985 516.17 35.61 88.62 89.4;1 955.61 545.22 32.64 79.54 0;1 955.53 404.515 31.7 85.33 0;1 961.98 213.51 29.4 83.56 0;1 971.89 24.4 31.4 48.8 0;1 1008.58 228.465 31.6 83.15 0;1 1014.06 429.84 29 73.1 357.64;1 1169.785 508.92 86.51 31.2 1.5;1 1364.05 522.07 91.64 34.02 0;9 1790.89 529.01 42.98 14.12 0
v_0cx8pn55k6_0024,1 104.025 571.095 83.37 31.41 359.6;1 555.115 516.31 35.61 88.62 89.4;1 955.65 730.145 32.64 79.53 0;1 955.98 550.775 31.7 85.33 0;1 959.92 308.36 29.4 83.56 0;1 965.22 165.93 31.4 86.7 0;1 1008.105 338.36 31.59 83.14 0;1 1010.97 680.71 29 71.1 359.2;1 1169.735 507.725 86.51 31.19 1.5;1 1316.935 519.675 90.11 34.01 0;1 1900.05 535.225 39.9 30.89 0;9 1409.76 553.085 42.98 14.11 0
v_0cx8pn55k6_0049,1 555.25 516.455 35.6 88.63 89.4;1 961.01 271.32 31.4 86.7 0;1 961.31 479.41 29.4 75.2 0;1 963.37 734.165 31.7 85.33 355.1;1 965.08 974.345 32.64 79.53 0;1 967.71 127.715 32.8 88.59 0;1 1011.34 528.285 31.6 83.15 0;1 1015.23 1038.795 29 71.11 359.2;1 1169.68 506.485 86.52 31.19 1.5;1 1307.855 518.255 90.11 34.01 0;1 1573.935 529.11 91.33 30.9 0;9 1252.79 558.8 40.36 14.12 0
v_0gazlo3h1g_0000,1 233.445 490.27 91.73 35.16 0;1 374.865 493.25 94.45 39.56 0;1 394.45 548.45 91.96 36.6 0;1 492.275 485.43 98.81 37.76 359.7;1 517.34 544.035 85.1 34.37 0;1 611.14 484.035 94.94 38.03 0;1 609.99 539.74 88.6 36.82 359.6;1 714.725 541.78 107.71 37.48 359.3;1 723.2 487.775 83.42 39.41 0;1 829.22 470.49 87.62 35.58 347.0333;1 855.17 551.09 92.34 39.38 0;1 917.16 18.055 40.66 36.11 0;1 919.39 227.895 37.72 87.25 0;1 921.32 447.42 35.98 90 0;1 927.81 909.57 36.42 91.08 0;1 934.86 659.695 38.08 87.85 0;1 972.715 145.73 37.15 89.08 0;1 984.515 822.685 39.03 100.43 0;1 992.1 969.115 36.66 93.57 0;1 1034.295 589.77 37.97 91.3 28.72;1 1369.685 494.89 86.93 38.06 358.8;1 1488.1 486.645 42.36 91.15 86.9;1 1616.68 487.36 36.56 93.4 89.1;1 1741.395 478.475 96.79 39.93 359.8;1 1887.93 486.04 44.44 87.74 88.7;4 234.67 548.5 143.04 41.46 0.6;9 264.3 517.81 44.28 11.06 0
v_0gazlo3h1g_0024,1 239.94 489.1 91.74 35.16 0;1 374.105 491.735 94.45 39.57 0;1 394.64 547.7 91.96 36.6 0;1 490.74 485.43 98.8 37.76 359.7;1 516.245 543.38 85.09 34.36 0;1 608.335 539.74 88.59 36.82 359.6;1 612.32 484.035 94.94 38.03 0;1 718.51 541.5 107.72 37.48 359.3;1 728.31 487.4 83.42 39.42 0;1 835.94 466.83 87.62 35.58 345.0333;1 875.94 549.86 92.34 39.38 0;1 911.975 137.09 35.97 90 0;1 921.83 947.29 39 96.7 0;1 929.35 397.13 37 85.36 0;1 932.415 730.62 38.59 90.28 0;1 981.115 622.45 39.03 98 0;1 985.265 1041.52 36.21 76.96 0;1 988.33 825.305 36.66 93.57 0;1 1145.975 530.2 37.97 91.3 79.9;1 1370.31 494.96 86.94 38.06 358.8;1 1488.35 486.39 42.36 91.14 86.9;1 1616.77 487.37 36.56 93.4 89.1;1 1742.305 478.575 96.79 39.93 359.8;1 1888.04 486.11 44.44 87.74 88.7;4 252.07 547.585 143.04 41.45 0.6;9 380.61 519.61 44.28 11.06 0
v_0gazlo3h1g_0049,1 67.74 495.86 108.94 37.4 0;1 234.05 487.3 91.74 35.16 0;1 370.6 490.66 94.46 39.56 0;1 389.25 545.81 91.96 36.6 0;1 486.25 483.425 98.8 37.75 359.7;1 513.41 542.355 85.1 34.37 0;1 614.79 536.45 88.6 36.82 359.6;1 628.15 480.72 94.94 38.04 0;1 741.245 540.18 107.71 37.48 359.3;1 751.695 484.4 84.67 39.42 358.95;1 875.82 433.21 87.62 35.58 319.98;1 920.43 547.09 92.34 39.38 358.5;1 919.53 845.42 39 96.7 0;1 919.67 1010.54 39.2 111.52 0;1 921.555 39.22 37.01 78.44 0;1 933.005 652.065 38.59 90.29 0;1 976.845 356.91 39.03 98 0;1 984.395 914.45 35.75 91.64 0;1 986.63 670.24 36.66 87.56 0;1 1301.175 543.59 34.19 89.04 95.62;1 1370.965 495.03 86.93 38.06 358.8;1 1488.62 486.17 42.36 91.14 86.9208;1 1616.86 487.38 36.56 93.4 89.1;1 1743.175 478.665 96.79 39.93 359.8;1 1888.16 486.18 44.44 87.74 88.7;4 254.82 544.94 140.54 41.46 0.6;9 456.305 555.56 44.27 11.06 58.55
v_0getcmo42g_0000,1 1408.66 479.01 98.9 35.12 0;1 1720.04 433.29 87.36 40.74 0.7;9 1721.53 495.88 47.48 20.32 0
v_0getcmo42g_0024,1 1870.63 510.06 98.74 35.12 2.5
v_0getcmo42g_0049,none
v_0gq5nphux2_0000,1 1128.37 500.745 91.88 37.87 359
v_0gq5nphux2_0024,1 923.035 500.715 88.05 37.87 359
v_0gq5nphux2_0049,1 580.41 508.705 88.06 37.87 359;7 1017.4 1026.49 38.86 104.22 0
v_0jyl3xgw4x_0000,1 553.37 514.295 35.6 88.63 89.4;1 823.64 570.055 83.7 30.31 358.9;1 957.59 202.285 31.7 87.99 0;1 963.51 315.455 32.64 84.51 0;1 999.77 1008.34 93.96 35.16 269.5;1 969.38 37.865 29.4 73.13 0;1 1008.54 79 29 74.44 3.6;1 1155.745 564.38 84.03 31.4 353.4;1 1170.13 507.855 86.52 31.19 1.5;1 1734.76 524.715 97.6 34.01 0
v_0jyl3xgw4x_0024,1 409.43 570.41 80.48 30.32 358.9;1 554.845 516.015 35.61 88.63 89.4;1 936.75 573.04 80.6 31.4 358.1;1 955.33 282.035 31.7 85.33 0;1 961.26 415.165 32.64 79.53 0;1 965.36 132.945 29.4 83.57 0;1 1008.455 56.04 31.59 85.52 0;1 1010.42 251.55 29 74.44 356.6;1 1169.94 508.69 86.52 31.2 1.5;1 1488.65 521.93 97.6 34.02 0
v_0jyl3xgw4x_0049,1 554.98 516.165 35.6 88.63 89.4;1 579.03 578.1 80.6 31.4 358.1;1 955.81 538.635 32.64 79.53 0;1 955.47 399.845 31.7 85.33 0;1 962.05 210.085 29.4 83.57 0;1 971.89 18.9 31.4 37.8 0;1 1008.52 223.555 31.6 83.15 0;1 1014 421.17 29 73.44 357.38;1 1169.79 508.97 86.52 31.2 1.5;1 1366.815 522.11 91.89 34.02 0;9 1811 528.565 42.98 14.11 0
v_0lkfo9oisd_0000,1 496.55 475.36 102.1 36.1 0;1 589.4 525.23 97.08 37.4 358.9;1 833.85 512.83 94.5 36.82 0;1 1188.37 526.96 92.78 35.94 0;1 1627.385 577.73 34.69 89.7 89.3;1 1717.74 495.205 100.12 35.81 0
v_0lkfo9oisd_0024,1 25.89 528.885 51.42 39.97 0;1 784.97 471.12 102.1 36.1 0;1 883.2 524.71 97.08 37.4 358.9;1 1121.31 531.09 94.5 36.82 0;1 1544.67 536.575 92.78 35.93 0;1 1875.74 588.09 34.7 89.7 93.1
v_0lkfo9oisd_0049,1 393.115 514.27 97.19 39.96 0;1 1100.76 474.16 102.1 36.1 0;1 1177.59 539.36 97.08 37.4 358.9;1 1435.79 553.44 94.5 36.82 0;1 1901.15 545.535 37.7 35.93 0
v_0ln3dvoqc6_0000,1 68.26 538.155 91.64 36.41 0;1 114.65 491 89.98 39.34 0;1 504.75 542.29 37.68 88.86 88;1 943.465 1007.695 82.23 34.97 269.2;1 945.81 704.525 86.04 36.09 292.3525;1 941.86 898.52 33.98 89.66 0;1 991.305 948.965 86.43 38.91 270.4;1 999.23 725.12 89.76 39.28 275;1 990.05 843.975 34.22 87.51 0;1 1236.66 511.805 89.54 36.21 0;1 1360.145 506.105 90.71 34.97 0;1 1495.165 516.48 89.27 37.76 0;1 1721.215 567.14 98.15 37.56 355;1 1817.24 518.75 95.26 38.34 0;7 988.665 574.535 42.17 103.15 355.3
v_0ln3dvoqc6_0024,1 102.46 492.77 89.98 39.34 0;1 177.17 547.475 37.68 99.15 90.2;1 944.81 709.425 86.04 36.09 290.3186;1 944.025 1006.915 82.23 34.97 269.2;1 930.535 124.36 38.95 80.2 0;1 941.91 898.31 33.98 89.66 0;1 991.335 948.865 86.43 38.91 270.4;1 999.515 725.89 89.77 39.28 275;1 990.21 843.975 34.22 87.51 0;1 1187.035 513.205 89.55 36.21 0;1 1316.885 507.075 90.71 34.97 0;1 1414.09 525.045 90.88 35.35 354.76;1 1634.79 517.59 95.26 38.34 0;1 1718.165 566.37 98.15 37.56 355.0557;7 991.615 610.88 42.17 103.16 355.3
v_0ln3dvoqc6_0049,1 97.215 493.31 89.97 39.34 0;1 943.765 714.525 86.05 36.09 288.2;1 944.605 1006.105 82.23 34.97 269.2;1 929.405 242.23 38.95 80.2 0;1 941.965 898.09 33.99 89.66 0;1 991.37 948.77 86.44 38.9 270.4;1 999.815 726.68 89.77 39.28 275;1 990.38 843.975 34.22 87.51 0;1 1129.44 513.475 89.54 36.21 0;1 1248.345 508.095 90.71 34.97 0;1 1360.16 532.35 90.88 35.36 354.4;1 1522.09 518.755 95.26 38.33 0;1 1718.855 566.135 98.15 37.57 355.4038;7 992.655 611.255 42.17 103.15 355.3
v_0m47p9qc2e_0000,1 812.6 495.985 96.24 38.79 0;1 839.35 551.4 98.5 36.5 1.6;1 910.65 791.125 37.62 93.43 0;1 917.65 350.745 34.2 94.17 0;1 933.93 558.68 33.5 90.7 0;1 975.26 435.48 33.1 89.28 0;1 976.77 752.795 35.4 89.37 0;1 982.015 920.29 37.99 103.5 0;1 1232.11 491.08 98.88 38 1.2;1 1390.41 552.465 102 39.07 3.6;1 1522.48 549.87 94.2 38.1 0;1 1551.425 507.105 93.21 37.35 358.2;1 1639.74 553.58 105.08 39.3 0;1 1655.1 503.9 89.04 36.18 0;1 1761 554.35 101.9 37.74 0.1;1 1799.92 498.195 101.1 36.25 359.1;1 1867.43 564.135 96.3 32.63 0;1 1895.525 493.475 48.95 36.25 0
v_0m47p9qc2e_0024,1 839.81 495.485 96.24 38.79 0;1 842.95 552.57 98.5 36.5 1.6;1 919.71 628.815 37.62 93.43 0;1 920.8 67.74 34.2 84.22 0;1 935.52 286.23 33.5 90.7 0;1 980.99 789.81 38 103.5 0;1 980.485 516.535 35.41 89.37 0;1 984.85 113.43 33.1 89.28 0;1 1338.675 493.7 98.89 38 1.2;1 1390.415 552.935 101.99 39.07 3.6;1 1523.16 550.24 94.2 38.1 0;1 1551.44 507.585 93.2 37.35 358.2;1 1639.43 553.92 105.08 39.3 0;1 1655.23 504.29 89.04 36.18 0;1 1761.085 554.65 101.91 37.74 0.1;1 1799.92 498.545 101.1 36.25 359.1;1 1867.46 564.485 96.3 32.63 0;1 1895.405 494.025 49.19 36.25 0
v_0m47p9qc2e_0049,1 844.87 495.395 96.24 38.79 0;1 855.69 553.09 98.5 36.5 1.6;1 920.97 378.765 37.62 93.43 0;1 980.66 198.705 35.4 88.73 359.7;1 1000.39 633.32 38 103.5 17.0375;1 1386.94 496.07 98.88 38 1.2;1 1390.415 553.435 101.99 39.07 3.6;1 1523.86 550.63 94.2 38.1 0;1 1551.455 508.095 93.21 37.35 358.2;1 1639.11 554.27 105.08 39.3 0;1 1655.365 504.7 89.05 36.18 0;1 1761.175 554.98 101.91 37.74 0.1;1 1799.92 498.905 101.1 36.25 359.1;1 1867.49 564.855 96.3 32.63 0;1 1895.28 494.595 49.44 36.25 0;9 907.535 1053.935 10.23 40.79 0;9 988.82 1001.81 11.3 40.9 0
v_0mp55gehz5_0000,1 31.205 295.375 62.41 36.13 0;1 27.78 385.555 55.56 36.49 0;1 36.045 478.305 72.09 37.35 0;1 59.5 434.535 87.9 33.03 0;1 210.21 385.93 80.5 30.1 0;1 226.27 433.28 85.4 32.3 0;1 272.155 1028.335 79.13 35.33 0;1 285.15 486.92 84.1 31.6 0;1 370.5 440.615 86.7 36.29 0;1 509.15 433.495 84.58 34.27 0;1 519.325 483.57 82.31 32.98 0;1 540.78 225.875 81.96 36.65 359.6;1 659.785 450.525 80.81 33.91 2.1;1 735.395 501.205 88.73 33.03 7.45;1 827.29 928.485 79.76 34.05 91.3;1 890.16 392.425 77.6 32.05 0.3;1 908.795 893.32 35.85 86.44 2.6564;1 908.135 1008.57 32.91 81.16 0;1 1023.765 428.795 81.29 34.81 356.9;1 1200.97 447.105 97.74 37.79 0;1 1351.105 395.94 77.57 34.94 0;1 1562.655 418.15 78.73 33.78 2;2 115.18 228.85 99.3 40.84 359.3;4 423.945 388.465 96.11 37.31 0;4 743.555 317.07 85.19 37.42 0;5 1310.555 270.195 175.69 56.63 358.9;7 598.78 266.555 98.92 47.63 0;7 838.26 578.43 89.42 34.98 62.45;9 165.435 490.43 39.01 13.16 0;9 616.735 487.545 36.39 11.75 359.7;9 1319.67 488.915 35.34 10.51 1
v_0mp55gehz5_0024,1 14.4 243.83 28.8 37.26 359.6;1 22.55 434.615 45.1 34.71 0;1 24.245 481.035 48.49 32.37 0;1 211.48 479.495 108.5 37.35 0;1 234.8 387.985 88.9 36.49 0;1 238.93 436.095 87.9 33.03 0;1 387.035 432.305 84.95 32.31 0;1 463.93 487.125 81.38 31.59 0;1 471.255 1030.175 76.25 35.33 2.6;1 487.4 386.89 80.18 30.1 0;1 534.53 440.285 86.7 36.29 0;1 644.93 479.775 80.88 34.29 358.5;1 682.2 434.775 81.52 34.27 0;1 794.99 479.14 77.82 29.56 21.71;1 838.535 561.195 87.81 33.03 53.16;1 909.4 892.73 35.84 86.44 0.9333;1 908.255 1007.96 32.91 81.16 0;1 964.36 938.445 33.56 75.39 0;1 1169.36 391.715 77.6 32.05 0.16;1 1354.88 402.625 83.06 34.11 356.89;1 1491.86 445.385 97.74 37.79 0;1 1806.905 397.33 83.47 34.94 0;4 374.455 315.585 88.07 38.75 0;4 758.965 392.025 88.41 35.07 0.48;5 1017.15 271.255 167.52 53.01 359.8;7 251.67 266.15 98.92 47.64 0;7 841.505 782.07 87.53 35.9 91.5;9 346.64 494.34 39.02 13.16 0;9 733.13 490.315 36.38 11.75 2.4;9 1775.78 479.805 35.34 10.51 0.1
v_0mp55gehz5_0049,1 41.25 434.15 82.5 37.1 0;1 221.81 482.815 81.06 32.37 0;1 236.77 436.975 89.7 34.71 0;1 397.205 481.23 103.93 35.46 0;1 408.81 437.025 87.9 33.03 0;1 525.16 389.23 88.9 36.5 0;1 554.79 434.295 80.12 32.31 0;1 584.735 1055.76 73.63 36.42 17.28;1 622.43 485.095 79.86 32.11 359.25;1 711.87 437.115 83.48 35.63 0;1 749.3 481.66 78.16 32.72 6.55;1 837.93 729.205 87.8 33.03 95.4;1 847.09 393.73 78.24 31.5 0;1 853.49 578.17 76.34 30.8 84.1714;1 916.41 437.74 76.92 34.26 0;1 909.575 892.015 35.85 86.45 0.4;1 908.385 1007.33 32.91 81.16 0;1 963.405 880.375 33.57 75.39 0;1 1482.485 388.325 84.65 32.05 358.9;1 1733.05 393.475 86.84 34.49 358.6;1 1815.35 445.645 101.7 37.79 0;4 1099.945 400.025 84.57 34.07 0.57;5 700.65 270.695 167.52 53.01 0.88;7 200.41 386.185 187.92 48.71 0;7 833.73 1064.52 24.38 30.96 91.5;9 520.01 499.07 39.02 13.16 0;9 843.95 492.71 36.38 11.76 2.4
v_0mpdxs98r6_0000,1 640.695 530.45 41.11 89.04 269.6;1 825.955 517.32 92.31 37.64 359.9;1 1304.78 505.525 96.96 42.49 0;1 1634.445 539.745 91.19 41.05 1
v_0mpdxs98r6_0024,1 329.64 533.23 41.12 89.04 269.6;1 563.145 524.19 92.31 37.64 359.9;1 1113.665 506.71 96.95 42.48 0;1 1331.535 540.27 91.19 41.06 1
v_0mpdxs98r6_0049,1 22.475 533.57 41.11 45.88 269.6;1 248.845 528.5 92.31 37.64 359.9;1 856.81 507.76 96.96 42.48 0;1 1169.925 542.38 91.19 41.06 359.5
v_0ofnytwerz_0000,1 99.05 491.27 89.98 39.34 0;1 707.745 542.4 83.89 35.36 357.08;1 943.205 825.345 86.05 36.09 270.8;1 938.55 408.61 37.3 88.68 0;1 943.575 212.36 41.71 101.7 4.5;1 947.48 1064.17 33.98 31.66 0;1 994.495 1002.61 86.43 38.9 270.4;1 1001.99 747.15 89.76 39.28 275;1 991.715 70.46 35.37 84.5 0;1 994.33 859.27 34.22 87.5 0;1 999.59 352.705 37.7 88.55 0;1 1068.095 576.965 87.13 35.35 336.72;1 1362.245 546.365 90.37 37.99 354.44;1 1397.715 493.71 88.77 34.76 0;1 1583.65 509.95 98 35.24 0;1 1742.91 561.79 98.14 37.56 2.22;7 998.07 615.235 42.18 103.15 355.3;9 362.86 558 13.06 39.9 88.06;9 899.805 308.46 13.89 39.38 0
v_0ofnytwerz_0024,1 99.345 490.945 89.97 39.33 0;1 374.6 552.74 89.9 35.36 359.5667;1 941.035 1008.725 86.05 36.09 270.8;1 936.9 588.25 37.3 88.68 0;1 939.12 272.9 37.5 101.7 3.1;1 938.695 59.335 35.01 92.27 0;1 991.115 1078.45 86.43 3.1 270.4;1 1001.98 794.96 89.76 39.28 271.8;1 990.81 423.585 37.7 88.55 11.56;1 990.815 217 35.37 84.5 0;1 996.245 935.115 34.21 87.51 0;1 1066.885 578.125 87.13 35.35 335.66;1 1288.69 493.93 88.76 34.76 0;1 1342.47 547.41 90.36 37.98 358.2;1 1441.71 505.71 92.52 35.24 0;1 1761.71 560.01 98.14 37.56 12.54;1 1783.755 510.375 82.57 40.45 0;7 998.72 618.37 42.18 103.16 355.3;9 900.045 308.32 13.89 39.38 0
v_0ofnytwerz_0049,1 99.65 490.61 89.98 39.34 0;1 914.42 515.055 37.7 88.55 54.8667;1 935.61 378.985 37.5 101.69 2.47;1 937.945 782.725 37.29 88.69 0;1 939.685 155.875 35.01 92.27 0;1 1002.04 880.43 89.76 39.28 269.3;1 987.705 308.865 35.37 84.49 0;1 992.04 1043.375 34.22 73.25 0;1 992.7 57.37 33.14 83.14 0;1 1064.835 580.045 87.13 35.35 333.66;1 1218.595 494.86 84.51 34.76 0;1 1342.48 504.35 92.52 35.24 0;1 1341.815 547.365 90.37 37.99 358.2;1 1580.665 511.1 82.57 40.44 0;1 1766.08 503.075 89.12 34.31 0;1 1773.325 562.59 98.15 37.56 15.24;7 1000.235 631.065 42.17 103.15 355.72;9 900.295 308.17 13.89 39.38 0;9 915.655 95.82 13.19 46.36 3.5
v_0olp6u47df_0000,1 761.62 508.905 38.58 94.29 269.46;7 995.04 630.545 40.78 106.29 342.81
v_0olp6u47df_0024,1 523.665 530.885 38.57 94.29 265.63;1 1721.83 523.485 108.12 38.31 356.28;7 944.14 556.53 40.78 106.3 316.34
v_0olp6u47df_0049,1 243.425 534.015 38.57 94.29 268.5;1 1368.19 511.005 108.12 38.31 2.8;7 835.915 502.83 40.79 106.3 281.7
v_0psfafjt98_0000,1 1405.46 541.985 107.74 48.61 0
v_0psfafjt98_0024,1 1232.555 541.985 107.73 48.61 0;1 1701.62 510.715 109.86 51.25 0
v_0psfafjt98_0049,1 1134.8 540.67 107.74 48.62 0;1 1410.46 497.31 109.86 51.24 0
v_0qfyp2nwh7_0000,1 150.61 511.6 84.54 35.5 0;1 1560.77 532.18 90.6 38.2 0;9 323.095 548.79 56.49 17.9 0
v_0qfyp2nwh7_0024,1 602.46 509.23 84.54 35.5 0;1 1786.57 536.69 90.6 38.2 0;9 391.645 454.265 55.35 16.59 0;9 625.575 552.78 56.49 17.9 0
v_0qfyp2nwh7_0049,1 1026.62 521.08 84.54 35.5 0;9 133.82 461.89 48.7 15.22 0;9 935.225 447.25 55.35 16.58 0;9 936.95 559.94 56.48 17.9 0
v_0r0ibswn18_0000,1 156.93 529.49 106.04 46.04 0
v_0r0ibswn18_0024,none
v_0r0ibswn18_0049,none
v_0s8cb4es83_0000,1 9.76 240.515 19.52 10.91 268.2;1 29.5 418.1 58.6 34.8 0;1 180.235 425.67 83.99 29.8 0;1 185.14 474.33 70.28 29.2 0;1 301.71 427.06 75.9 29.24 0;1 317.91 369.56 78.6 33.8 0;1 338.1 469.65 79.78 31.58 0;1 347.35 108.58 29.9 82.36 268.4;1 413.22 416.13 77.62 28.62 0;1 425.635 374.03 97.15 33.62 0;1 474.28 473.22 86.1 30.9 0;1 505.64 419.84 79.5 30 0;1 557.25 375.43 78.9 31.8 0;1 565.39 1002.42 91.8 34.3 0;1 609.89 423.29 78.8 30.8 0;1 622.66 477.63 71.2 27.5 0;1 695.6 380.34 74.5 29 0;1 965.27 913.33 28.4 75.7 0.4064;1 1017.075 120.4 81.19 33.78 0;1 1015.415 69.535 70.01 32.97 0;1 1042.03 302.39 83.4 32.9 0;1 1210.39 101.02 89.38 35.9 0;1 1207.875 295.105 72.41 27.19 0;1 1238.72 201.47 90.1 32.7 0;1 1312.97 251.97 90.3 35.46 0;1 1363.92 290.77 88.3 33.9 0;1 1378.14 202.56 77.9 32.5 0;1 1423.76 244.38 89.3 29.4 0;1 1487.98 196.3 82 31.6 0;1 1567 289.28 85.1 33.5 0;1 1599.365 197.91 84.73 30.32 0;1 1667.22 240.96 81.2 34.2 0;1 1781.45 194.38 90.3 29.72 0;1 1886.77 191.35 66.44 30.5 0;2 1566.57 239.27 89.5 30.7 0;7 1129.54 249.935 113.3 42.61 0;7 1148.84 194.665 111.02 40.67 0;9 120.29 452.48 37.1 8.6 0;9 403.45 486.68 39.7 6.9 0;9 798.435 434.4 45.57 9.8 358.1571;9 899.68 471.755 39.5 9.01 359.2
v_0s8cb4es83_0024,1 81.39 415.92 95.8 34.8 0;1 50.03 117.185 29.9 76.27 268.4;1 193.495 425.21 83.99 29.8 0;1 232.11 473.07 70.28 29.2 0;1 309.32 426.58 75.9 29.24 0;1 323.05 369.51 78.6 33.8 0;1 346.95 469.46 79.78 31.58 0;1 417.13 415.59 77.62 28.62 0;1 431.13 373.635 97.16 33.63 0;1 506.22 420.19 79.5 30 0;1 513.25 471.455 86.1 30.89 0;1 571 1003.54 91.8 34.3 0;1 608.84 423.3 78.8 30.8 0;1 658.99 376.97 78.9 31.8 0;1 692.35 478.92 71.2 27.5 0.2867;1 728.215 79.72 70.01 32.98 0;1 804.65 303.82 83.4 32.9 0;1 810.58 122.395 81.2 33.79 0;1 874.925 376.16 74.51 29 0;1 966.4 803.58 28.4 75.7 358.4;1 1034.01 103.77 89.38 35.9 0;1 1193.52 294.955 72.42 27.19 0;1 1215.34 201.63 90.1 32.7 0;1 1248.37 251.37 90.3 35.46 0;1 1348.74 290.51 88.3 33.9 0;1 1375.1 202.1 77.9 32.5 0;1 1417.75 243.97 89.3 29.4 0;1 1488.47 195.95 82 31.6 0;1 1567.71 288.9 85.1 33.5 0;1 1594.63 197.675 84.72 30.31 0;1 1669.27 240.25 81.2 34.2 0;1 1781.45 192.95 90.3 29.72 0;1 1885.22 191.35 69.56 30.5 0;2 1566.8 238.54 89.5 30.7 0;7 979.13 254.015 113.3 42.61 0;7 994.29 200.595 111.02 40.67 0;9 16.65 482.845 33.1 11.69 0;9 279.6 450.45 37.1 8.6 0;9 407.83 486.61 39.7 6.9 0;9 1051.72 433.17 45.58 9.8 358.6;9 1228.55 463.51 39.5 9 359.2
v_0s8cb4es83_0049,1 85.23 415.74 95.8 34.8 0;1 129.745 371.74 68.23 27.84 0;1 203.225 425.67 83.99 29.8 0;1 239.22 473.99 70.28 29.2 0;1 314.005 100.885 70.01 32.97 0;1 324.97 426.57 75.9 29.24 0;1 356.165 469.265 79.79 31.59 0;1 355.66 370.07 78.6 33.8 0;1 418.55 416.78 77.62 28.62 0;1 457.18 301.9 83.4 32.9 0;1 506.83 420.54 79.5 30 0;1 557.105 122.805 81.19 33.79 0;1 577.59 374.005 97.16 33.63 0;1 612.56 469.05 86.1 30.9 0;1 609.45 424.06 78.8 30.8 0;1 664.69 1011.12 91.8 34.3 5.0769;1 759.15 97.51 89.38 35.9 0;1 776.93 494.44 71.2 27.5 17.1;1 912.665 375.62 78.91 31.8 0;1 984.37 205.67 90.1 32.7 0.6;1 966.36 804.76 28.4 75.7 358.4;1 1006.69 302.875 72.42 27.19 0;1 1053.77 256.08 90.3 35.46 0;1 1142.36 372.82 74.5 29 0;1 1150.42 289.45 88.3 33.9 0;1 1231.15 249.28 89.3 29.4 0;1 1316.34 204.84 77.9 32.5 0;1 1474.46 196.41 82 31.6 0;1 1510.13 292.07 85.1 33.5 0;1 1588.475 197.41 84.73 30.32 0;1 1654.4 240.9 81.2 34.2 0;1 1769.46 193.73 90.3 29.72 0;1 1828.07 243.73 94.6 34.2 0;1 1884.375 191.35 71.25 30.5 0;2 1513 242.37 89.5 30.7 357.3;7 709.54 206.065 111.02 40.67 0;7 715.14 257.695 113.3 42.61 0;9 140.35 476.5 48.1 11.68 0;9 301.68 450.03 37.1 8.6 0;9 453.86 485.1 39.7 6.9 0;9 1409.95 431.43 45.58 9.8 358.6;9 1691.71 443.89 39.5 9 344.5
v_0sv121zlkj_0000,1 436.73 534.935 32.8 88.05 101.7;1 557.31 496.585 35.6 88.63 89.4;1 765.375 519.335 31.37 82.97 71.4111;1 911.61 453.455 32.9 85.31 35.6667;1 1010.55 992.46 35.9 87.46 0;1 1017.65 86.45 35.8 97.32 0;1 1017.67 329.07 29.9 85.8 0;1 1312.675 537.285 90.55 34.27 356.8;1 1819.55 515.23 93.36 30.2 0;7 960.59 191.965 30.3 107.07 0
v_0sv121zlkj_0024,1 262.16 495.365 32.8 88.05 104.3;1 553.42 556.085 31.36 82.97 86.1;1 557.025 496.945 35.61 88.63 89.4;1 713.03 533.085 32.9 85.31 78.9;1 969.27 55.39 29.7 83.4 0;1 1014.74 541.43 29.9 85.8 0;1 1020.69 219.625 35.8 97.31 0;1 1023.71 25.5 31.92 51 0;1 1159.885 550.48 86.39 34.28 356.54;1 1458.205 509.19 93.35 30.2 0;7 954.9 331.285 30.3 107.07 4.25
v_0sv121zlkj_0049,1 157.1 480.645 32.8 88.05 94.1;1 330.72 560.365 31.36 82.97 91.9;1 510.71 548.97 32.9 85.3 89;1 556.735 497.32 35.61 88.62 89.4;1 959.88 238.26 29.7 83.4 0;1 967.085 129.43 31.47 83.5 0;1 1041.975 550.365 86.39 34.27 358.7;1 1015.24 852.68 29.9 85.8 0;1 1020.28 314.845 35.8 97.31 0;1 1022.89 158.06 31.92 78.4 0;1 1025.97 12.17 30.7 24.06 0;1 1281.455 530.38 86.05 30.2 351.725;7 873.44 489.255 30.3 102.51 55.2133
v_0swh37qinu_0000,1 24.92 535.03 48.24 34.76 358.9;1 99.89 490.34 89.98 39.34 0;1 114.87 573.235 34.98 88.61 89.4;1 427.015 540.355 33.15 82.15 88.5;1 941.395 27.955 38.83 55.91 0;1 941.91 1064.32 35 31.36 0.2;1 981.62 774.23 76 34.1 270.65;1 975.97 958.85 35.48 78.26 359.3;1 1003.59 613.795 81.9 35.19 308.67;1 983.9 393.77 35.16 85.82 0;1 1339.325 550.945 90.37 37.99 358.2;1 1398.125 500.74 73.31 35.42 0;1 1552.23 514.17 83.56 35.82 0;1 1756.165 577.94 98.15 37.56 0.2;9 914.125 1045.34 12.33 39.38 0
v_0swh37qinu_0024,1 99.89 490.34 89.98 39.34 0;1 175.915 543.6 33.15 86.56 89.7;1 951.735 767.46 81.89 35.18 276.82;1 939.695 210.35 38.83 86.3 0;1 984.34 918.24 76 34.1 270.5;1 975.51 563.415 34.32 81.21 0;1 988.89 1060.14 36.3 39.72 354.5;1 990.08 58.54 34.84 87.8 0;1 1285.305 501.54 73.31 35.42 359.47;1 1331.195 549.72 90.37 37.98 358.25;1 1474.765 509.435 82.91 35.71 0;1 1756.165 577.94 98.15 37.56 0.2;7 938.71 58.14 48.44 116.28 0
v_0swh37qinu_0049,1 99.89 490.34 89.98 39.34 0;1 939.68 887.525 83.22 35.19 272.7;1 935.405 312.1 38.83 86.3 0;1 983.4 992.41 76 34.1 270.5;1 977.73 719.605 34.32 81.21 352.2667;1 980.685 62.07 36.39 89.2 0;1 991.59 204.59 34.84 87.8 0;1 1183.115 515.56 73.31 35.42 350.8;1 1299.645 549.265 90.37 37.99 358.7;1 1362.41 504.64 76.98 34.7 0;1 1870.445 522.15 92.49 39.26 0;7 936.2 164.845 48.44 139.45 0
v_0v8irqqbdx_0000,1 918.05 434.37 104.6 32.2 339.7667;1 990.77 821.705 32.9 89.97 0;8 198.925 481.66 66.43 31.5 0;9 756.715 469.54 52.25 17.7 0;9 842.94 475.22 54.5 18.2 0
v_0v8irqqbdx_0024,1 1000.46 321.74 104.6 32.2 288.2;1 974.515 952.04 40.49 101.1 0;1 992.46 767.29 32.9 89.98 0;3 791.03 522.37 184.88 60.24 0;8 557.965 457.69 66.43 31.5 0;9 1145.38 466.23 54.5 18.2 0;9 1178.67 496.85 52.24 17.7 0
v_0v8irqqbdx_0049,1 987.91 127.08 104.6 32.2 263.4;1 975.61 841.48 40.5 101.1 0;1 1002 707.14 32.9 89.98 9.35;3 881.32 523.86 184.88 60.24 0;8 839.765 445.82 66.43 31.5 352.3826;9 1598.835 522.59 52.25 17.7 0;9 1672.37 486.39 54.5 18.2 0
v_0ycwubdt0t_0000,1 441.095 526.875 115.59 42.05 0;1 1293.12 540.015 111.68 49.93 0
v_0ycwubdt0t_0024,1 90.095 537.12 89.17 42.04 0;1 1209.305 548.16 110.65 49.92 0
v_0ycwubdt0t_0049,1 1190.66 549.21 109.08 49.92 0
v_0yvee8dwvp_0000,1 254.395 572.48 84.25 34.02 0.1;1 556.065 517.34 35.61 88.62 89.4;1 937.6 429.15 34.94 89.74 17.8333;1 957.06 275.705 30.5 86.61 0;1 958.65 736.155 31.68 77.19 0;1 959.605 150.385 28.65 78.67 2.2;1 984.615 946.47 78.25 30.9 269.8444;1 1059.25 511.345 86.52 31.19 358.6381;1 1295.095 521.29 87.45 35.84 0;1 1394.43 548.62 93.28 33.6 355.7222;1 1528.58 522.92 100.98 30.54 0
v_0yvee8dwvp_0024,1 556.19 517.485 35.6 88.63 89.4;1 801.46 532.89 34.94 89.74 64.55;1 975.84 518.475 86.52 31.19 355.2;1 949.85 366.985 30.5 86.61 3.6;1 956.925 255.58 28.65 78.66 2.2;1 973.405 979.935 31.67 77.19 356.3;1 1206.075 524.415 87.45 35.85 0;1 1324.48 551.02 93.28 33.6 359.3;1 1441.72 521.62 100.98 30.54 0
v_0yvee8dwvp_0049,1 508.77 583.24 34.94 89.74 86.52;1 556.325 517.63 35.61 88.62 89.4;1 803.295 541.825 86.51 31.19 355.2;1 910.05 469.575 30.5 83.51 32.6571;1 952.605 354.535 28.65 78.67 3.7429;1 967.74 127.785 38.2 92.23 0;1 1082.81 527.34 81.4 35.84 0;1 1224.605 552.57 89.39 33.6 359.3;1 1355.225 524.555 94.03 30.55 0
v_11tse3ozm8_0000,1 135.815 508.055 87.23 30.97 0;1 229.81 456.53 80.24 32.22 0;1 231.495 138.615 32.93 86.57 268;1 269.775 337.64 31.35 78.4 269.4;1 420.895 513.35 82.83 31.06 0.26;1 470.155 463.405 80.01 30.31 0;1 552.05 410.125 99.3 33.61 0;1 595.85 466.115 82.08 32.45 0;1 616.735 511.25 90.01 31.72 0;1 605.53 290.6 31.28 81.3 270.1;1 708.57 467.325 80.24 34.77 0;1 736.58 414.07 78.56 33.16 0;1 770.855 504.425 71.89 29.37 353.1;1 823.24 314.735 32.74 71.75 288.16;1 1054.04 773.985 71.5 34.31 84.4;1 1220.845 295.325 72.43 33.11 359.2;1 1269.54 342.47 80.1 34.16 0;1 1307.17 297.57 79 31.72 0;1 1406.175 340.515 84.37 32.41 0;1 1414.06 296.565 79.9 32.23 0;1 1510.46 246.475 84.92 34.97 0;1 1489.34 436.125 30.22 77.83 85.2;1 1553.785 293.95 108.77 37.8 0;1 1548.795 340.855 85.99 35.21 359.2;1 1820.17 237.73 103.06 39.02 0;1 1875.875 471.685 33.95 88.15 89.1;4 965.525 440.155 38.89 101.99 344.9;4 1007.915 618.8 31.31 75.04 356.2;5 1361.66 241.525 175.02 54.13 0;9 673.525 437.48 39.27 11.24 4.26;9 783.76 475.89 35.52 14.8 359.3;9 791.81 392.325 44.3 16.05 11.8;9 1217.105 246.695 47.93 19.85 359.6;9 1445.99 318.65 46 16.28 0
v_11tse3ozm8_0024,1 101.465 452.14 79.53 31 0;1 219.505 408.215 84.01 32.87 0;1 250.74 290.86 31.28 81.3 270.1;1 316.285 510.19 86.95 30.98 0;1 341.81 458.725 79.84 32.21 0;1 470.015 463.475 80.01 30.31 0;1 505.755 514.32 82.11 31.06 0;1 535.27 294.955 32.74 71.75 268.9;1 595.745 466.115 82.07 32.45 0;1 603.485 411.545 96.17 33.61 0;1 632.255 511.63 90.01 31.72 0;1 708.64 467.325 80.24 34.77 0;1 736.59 414.17 78.56 33.16 0;1 770.89 504.37 71.88 29.36 353.1;1 1001.13 706.14 71.5 34.3 30.36;1 1220.62 295.355 72.42 33.11 359.2;1 1269.015 341.975 80.09 34.15 0;1 1307.03 297.235 79 31.73 0;1 1397.13 297 79.9 32.24 0;1 1399.945 340.81 84.37 32.4 0;1 1517.775 295.28 108.77 37.8 0;1 1509.995 342.475 85.99 35.21 359.2;1 1509.82 245.93 84.92 34.98 0;1 1686.375 237.57 103.05 39.02 0;1 1770.8 340.025 88.68 35.53 0;1 1842.22 419.645 30.22 77.83 87.3;4 880.19 324.425 38.9 101.99 308.82;4 974.375 461.165 31.31 70.05 340.08;5 1361.61 241.555 175.02 54.13 0;9 5.375 511.34 10.75 13.32 0;9 732.185 443.575 39.27 11.25 359.3;9 783.505 475.81 35.53 14.8 359.3;9 791.735 392.035 44.29 16.05 11.8;9 1216.58 246.615 47.92 19.85 359.6;9 1427.1 317.835 46 16.27 0
v_11tse3ozm8_0049,1 134.23 296.215 32.74 71.75 268.1;1 194.28 407.585 91.4 36.29 0;1 259.245 452.225 79.53 31.01 0;1 369.385 457.26 79.11 32.22 0;1 403.065 510.42 83.85 30.98 0;1 438.335 407.185 80.07 32.87 0;1 469.875 463.55 80.01 30.32 0;1 522.755 513.25 82.11 31.06 0;1 595.625 466.115 82.07 32.45 0;1 604.005 410.875 95.67 33.61 0;1 632.005 511.43 90.01 31.72 0;1 708.715 467.315 80.25 34.77 0;1 736.59 414.28 78.56 33.16 0;1 770.925 504.31 71.89 29.36 353.1;1 921.96 740.315 71.5 34.31 312.38;1 1220.38 295.375 72.42 33.11 359.2;1 1268.47 341.46 80.1 34.16 0;1 1306.89 296.88 79 31.72 0;1 1397.04 296.105 79.9 32.23 0;1 1399.625 340.21 84.37 32.4 0;1 1516.845 293.26 108.77 37.8 0;1 1509.16 245.365 84.92 34.97 0;1 1509.815 341.495 85.99 35.21 359.2;1 1632.47 340.645 88.68 35.53 0;1 1649.725 237.125 103.05 39.01 0;1 1803.825 342 91.97 31.8 0;4 719.135 277.045 38.89 101.99 277.98;4 867.035 337.775 31.31 70.05 300.18;5 1361.555 241.595 175.03 54.13 0;7 1870.75 289.62 98.5 51.28 0;9 133.73 478.895 42.26 12.23 0;9 245.93 509.84 46.2 13.32 359.64;9 757.695 443.49 39.27 11.24 359.3;9 783.235 475.73 35.53 14.8 359.3;9 791.66 391.73 44.3 16.04 11.8;9 1216.04 246.53 47.92 19.84 359.6;9 1427.42 317.18 46 16.28 0
v_12togp1s1x_0000,1 14.555 543.305 29.11 26.51 90;1 301.05 550.08 77.48 30.2 2.2;1 539.045 567.65 84.79 31.16 2;1 562.185 495.985 35.61 88.63 89.4;1 716.14 547.07 33.2 85.18 86.65;1 864.15 507.305 30.4 82.03 54.025;1 911.375 1066.955 30.79 26.09 27.4;1 961.77 415.945 30.2 82.29 0;1 966.28 186.165 29.8 74.03 2.7;1 974.81 8.085 32.68 16.11 0;1 1006.055 928.995 33.47 80.05 0;1 1009.88 592.22 31.6 76.66 0;9 1007.44 379.01 13.46 36.72 0
v_12togp1s1x_0024,1 32.205 544.47 64.41 30.2 2.2;1 333.16 559.05 84.8 31.16 2;1 521.69 542.86 33.2 85.18 93.4182;1 562.4 495.51 35.6 88.62 89.4;1 690.545 552.855 30.41 82.03 82.3636;1 959.23 322.455 29.8 74.03 3.86;1 961.75 655.34 30.2 82.28 0;1 969.79 142.505 32.68 80.87 0;1 1008.465 874.445 31.59 76.67 0;1 1847.1 514 90.78 34.28 0;9 1021.3 632.485 13.46 36.71 0
v_12togp1s1x_0049,1 94.1 548.63 84.8 31.16 2;1 335.85 511.705 33.2 85.17 99.9;1 470.86 554.745 30.4 82.03 89.5;1 562.115 494.22 35.61 88.62 89.4;1 901.04 460.465 29.8 74.03 42.3154;1 960.54 1010.25 30.2 81.58 0;1 968.67 256.975 32.68 80.87 0;1 1001.855 115.655 31.73 83.03 359.2333;1 1482.26 525.145 90.78 34.27 357.8;9 1031.72 960.87 13.46 36.72 0
v_13eo01xla7_0000,1 255.81 507.33 92.36 37.04 0;1 349.805 462.05 99.03 41.48 0;1 554.89 451.25 99.82 42.72 0;1 723.805 448.36 94.49 36.22 0;1 891.265 1047.505 37.91 64.99 0;1 906.2 727.01 41.44 99.94 0;1 908.83 881.805 39.16 95.51 0;1 950.44 1048.565 40.3 62.87 0;1 967.1 12.6 41 25.2 0;1 972.05 775.02 39.2 88.1 0;1 984.085 945.42 37.75 92.9 0;1 1072.605 459.355 93.17 40.27 0;1 1769.9 458.78 37.96 86.88 89.5;4 898.595 539.71 39.07 100.9 0
v_13eo01xla7_0024,1 96.655 466.065 97.31 37.37 0;1 478.03 464.83 99.02 41.48 0;1 555.49 514.205 88.08 34.67 0;1 622.665 456.555 99.83 42.71 0;1 785.245 449.25 92.69 36.22 0;1 890.805 927.095 36.29 93.09 0;1 905.18 534.54 42.72 100.86 0;1 905.655 760.885 39.17 95.51 0;1 948.235 1027.6 40.29 98.1 0;1 968.505 594.86 39.21 88.1 0;1 979.05 883.81 37.76 92.9 0;1 1415.455 468.485 93.17 40.27 0;4 895.585 305.66 39.07 100.9 0
v_13eo01xla7_0049,1 103.5 467.1 103.6 43.96 0;1 370.525 461.325 97.31 37.37 0;1 548.28 466.78 99.02 41.48 0;1 663.845 457.68 99.83 42.72 0;1 697.735 513.9 86.91 34.68 0;1 797.415 449.21 92.69 36.22 0;1 889.445 873.505 36.29 93.09 0;1 892.55 1011.95 37.16 96.3 0;1 909.865 402.825 39.17 95.51 0;1 911.815 85.21 42.71 100.86 0;1 949.905 977.81 40.29 98.1 0;1 964.165 297.29 39.21 88.1 0;1 976.67 765.8 37.76 92.9 0;1 1793.39 491.81 92.86 41.1 0
v_13rzcztzn2_0000,1 745.9 513.735 94.6 44.67 0
v_13rzcztzn2_0024,1 391.42 520.57 94.6 44.68 0
v_13rzcztzn2_0049,1 20.2 517.675 40.4 44.67 0
v_14gzpabiil_0000,1 97.705 482.76 107.23 42.72 0;1 271 491.745 91.66 38.87 0;1 673.075 483.735 94.69 40.33 0;1 782.23 487.805 84.2 40.01 0;1 901.545 590.51 37.07 87.18 0;1 914.32 891.81 38.98 85.5 0;1 931.72 713.235 36.5 87.79 4.79;1 951.445 583.255 38.39 89.31 6.4;1 967.86 832.66 39.08 95.22 1.2;1 1606.635 485.76 92.21 37.2 1;1 1647.455 549.65 35.87 88.22 89.8;1 1713.77 497.265 88.14 37.71 358.8;1 1851.59 485.1 93.64 39.18 358.9
v_14gzpabiil_0024,1 305.91 483.265 107.24 42.71 0;1 459.12 489.445 87.02 38.87 0;1 708.825 482.725 94.69 40.33 0;1 814.31 487.57 84.2 40 0;1 900.615 536.61 37.07 87.18 0;1 914.71 859.62 38.98 85.5 0;1 942.67 628.755 36.5 87.79 6.6;1 958.875 414.935 38.39 89.31 359.8;1 972.52 750.19 39.08 95.22 3.44;1 1644.33 484.55 93.5 37.2 359.95;1 1755.045 494.985 91.45 37.83 358.8;1 1861.85 483.5 93.64 39.18 358.9;1 1893.345 544.815 35.87 88.57 89.8;2 99.25 483.565 117.4 41.99 0
v_14gzpabiil_0049,1 122.7 522.555 100.7 39.79 1;1 425.82 482.045 103.72 42.71 0;1 552.15 487.735 86.02 38.87 0;1 708.085 482.005 94.69 40.33 0;1 816.335 488.04 84.19 40 0;1 900.035 401.17 37.07 87.18 0;1 914 700.23 38.98 85.5 0;1 941.49 954.575 36.7 90.05 0;1 952.695 116.355 38.39 90.91 359.8;1 956.45 388.755 36.5 87.79 1.8;1 1017.655 607.225 39.07 93.11 29.79;1 1659.585 483.04 93.49 37.2 359.5;1 1765.175 492.79 91.45 38.92 358.8;1 1863.76 482.85 93.64 39.18 358.9;2 263.225 481.61 115.43 41.98 0
v_16r2k1urc3_0000,1 21.65 492.8 43.3 37.64 0;8 1272.23 454.6 66.8 31.1 0
v_16r2k1urc3_0024,1 27.985 493.585 55.63 36.55 0;1 250.32 545.005 93.92 39.03 0;1 429.33 492.04 93.52 37.64 0;8 1618.5 467.56 66.8 31.1 0
v_16r2k1urc3_0049,1 113.425 483.825 96.63 37.33 0;1 541.985 506.57 99.03 36.56 0;1 764.56 549.365 93.92 39.03 0;1 800.57 477.365 93.52 37.63 356.4
v_1ax824k2y8_0000,1 1105.55 532.89 90.6 38.2 0;1 1517.205 498.77 95.09 33.9 4.6
v_1ax824k2y8_0024,1 1315.57 533.03 90.6 38.2 0
v_1ax824k2y8_0049,1 130.49 511.71 84.54 35.5 0;1 1551.36 531.99 90.6 38.2 0;9 310.245 548.91 56.49 17.9 0
v_1bi07v6spb_0000,1 303.03 529.49 106.26 44.22 359.3;1 1273.93 503.495 101.74 40.87 2.1;1 1583.535 533.995 100.33 41.13 356.25
v_1bi07v6spb_0024,1 1140.135 502.935 95.03 40.87 0;1 1281.02 545.105 97.9 41.13 356.9
v_1bi07v6spb_0049,1 968.945 504.2 95.03 40.86 0;1 1139.9 542.67 97.9 41.12 0.2
v_1c93se7f7c_0000,1 453.46 491.7 96.1 40.56 0;9 1749.12 589.68 13.8 48.7 89.7
v_1c93se7f7c_0024,1 768.07 483.93 96.1 40.56 0
v_1c93se7f7c_0049,1 112.85 519.63 97.58 35.48 0;1 955.5 417.1 96.1 40.56 321.3;8 450.76 480.28 68.44 28.66 0
v_1frst4tk1u_0000,1 57.43 516.365 102.48 42.05 0;1 424.655 504.54 106.43 47.3 0;1 1006.045 782.42 42.05 98.54 0
v_1frst4tk1u_0024,1 158.6 516.365 106.42 47.29 354.6;1 992.9 656.95 42.04 98.54 345.05
v_1frst4tk1u_0049,1 851.005 520.96 42.05 98.54 294.3
v_1ho22fu1t4_0000,1 224.575 500.345 101.99 39.07 0;1 775.19 481.395 103.16 40.59 0;1 921.61 397.695 110.48 43.91 307.9;1 913.015 1035.1 38.15 89.8 0;1 917.07 881.07 34.94 99.3 0;1 924.275 579.76 40.59 96.9 0;1 973.29 1045.625 34.5 68.75 0;1 1134.29 542.41 94.2 38.1 0;1 1407.595 507.775 93.21 37.35 358.2;1 1607.14 550.1 105.08 39.3 0;1 1653.745 499.84 89.05 36.18 0;1 1761.135 550.48 101.91 37.74 0.1;1 1799.92 494.58 101.1 36.24 359.1;1 1867.15 560.425 96.3 32.63 0;1 1892.055 491.115 55.89 36.25 0;9 1001.27 778.07 11.4 45.6 0
v_1ho22fu1t4_0024,1 234.215 491.74 98.89 38 0;1 540.345 500.15 101.99 39.06 0;1 853.475 468.52 103.15 40.58 347.5333;1 901.325 1059.445 33.45 41.01 0;1 940.515 184.715 110.47 43.91 272.6;1 910.19 943.72 38.14 89.8 0;1 915.79 715.33 34.94 99.3 0;1 924.005 347.52 40.59 96.9 0;1 965 1035.14 38.54 89.68 0;1 977.84 892.07 34.5 89.6 0;1 1410.59 542.51 94.2 38.1 0;1 1542.095 502.745 93.21 37.35 358.2;1 1640.2 548.71 105.08 39.3 0;1 1653.875 500.23 89.05 36.18 0;1 1761.055 550.9 101.91 37.74 0.1;1 1799.92 494.93 101.1 36.24 359.1;1 1867.17 560.785 96.3 32.63 0;1 1892.71 491.115 54.58 36.25 0;9 1064.42 595.4 11.4 45.6 39.4
v_1ho22fu1t4_0049,1 16.33 486.675 32.34 38.79 0;1 504.01 496.26 98.88 38 0;1 700.965 502.415 101.99 39.07 0;1 900.605 979.83 33.45 86.86 0;1 908.425 846.25 38.15 89.8 0;1 944.23 317.34 103.16 40.58 282.5;1 911.69 510.78 34.94 99.3 0;1 921.695 78.48 40.59 96.9 0;1 966.505 898.945 38.55 100.91 0;1 972.22 1042.87 29.6 66.8 0;1 975.51 723.11 34.5 89.6 0;1 1516.79 546.76 94.2 38.1 0;1 1551.295 503.065 93.21 37.35 358.2;1 1640.38 549.4 105.08 39.3 0;1 1654.015 500.64 89.05 36.18 0;1 1760.97 551.33 101.9 37.74 0.1;1 1799.92 495.29 101.1 36.24 359.1;1 1867.2 561.155 96.3 32.63 0;1 1893.39 491.115 53.22 36.25 0;9 1279.29 525.31 11.4 45.6 77.4
v_1if784vbeo_0000,1 948.045 567.41 38.89 77.6 320.75;1 1318.155 498.375 95.79 39.03 0;1 1613.77 516.735 91.34 34.89 358.3;9 1604.4 557.025 49.38 17.39 351.2
v_1if784vbeo_0024,1 738.645 518.66 38.89 77.6 272.99;1 1208.47 495.285 95.78 39.03 0;1 1405.185 534.315 91.35 34.89 354.9;9 1266.24 552.865 49.38 17.39 356.9
v_1if784vbeo_0049,1 403.035 519.96 38.89 77.6 269.8;1 1138.645 494.565 95.79 39.03 0;1 1221.505 547.185 91.35 34.89 358.5;9 1102.645 557.69 49.39 17.38 356.9
v_1k7v9hjrrc_0000,1 70.545 471.415 92.81 36.39 3.2;1 474.54 549.48 99.22 36.5 359.9;1 804.215 472.775 85.43 36.05 0;1 920.155 462.865 34.83 88.69 44.92;1 962.71 46.8 40.84 93.6 0;1 983.405 299.44 36.93 78.3 6.6;1 997.2 1059.645 35.78 40.71 358.3;1 1050.58 503.615 91.22 35.15 355.7;1 1026.72 21.66 32.5 43.32 0;1 1221.5 508.66 83.8 34.58 0;1 1574.005 511.525 96.71 36.03 0;1 1785.98 508.275 80.38 33.53 0;4 1421.655 501.205 131.11 43.41 0.2;9 215.165 526.24 10.95 39.04 89.4
v_1k7v9hjrrc_0024,1 64.835 470.975 92.81 36.39 1.825;1 115.8 540.435 103.6 37.13 359.9;1 698.44 467.465 85.24 37.27 0;1 751.065 528.08 34.83 88.7 80.4;1 932.1 515.54 86.82 35.16 354.7;1 948.28 407.79 36.92 78.3 25.4;1 962.12 46.415 40.84 92.83 0;1 1028.08 207.76 32.5 83.4 0;1 1113 508.73 83.8 34.58 0;1 1475.99 510.165 96.72 36.03 0;1 1668.05 506.49 80.38 33.54 0;1 1776.86 475.87 93.2 37.5 0;4 1334.86 500.665 129.96 43.41 0.2
v_1k7v9hjrrc_0049,1 33.37 469.92 66.74 36.86 0.1;1 470.295 535.065 35.91 90.37 89.6;1 621.405 470.19 86.19 38.88 357.4;1 700.7 531.83 86.82 35.16 357.5;1 861.88 482.55 36.92 75.86 57;1 962.12 45.46 40.84 90.92 0;1 1007.905 511.94 75.77 33.62 0;1 1022.415 317.49 34.33 78.08 5.05;1 1432.555 510.64 96.71 36.02 0;1 1591.54 505.7 77.32 33.54 0;1 1686.98 474.49 93.2 37.5 0;1 1829.86 513.835 97 35.89 0;4 1310.905 500.02 122.57 43.4 0.2
v_1kkn624m4y_0000,1 409.59 490.435 96.2 42.29 0;1 977.215 224.395 38.25 94.15 0;1 1000.13 668.215 36.62 92.19 16.2429;8 1746.365 455.495 59.45 27.79 0;9 1409.805 479.38 17.03 41.98 87.0857
v_1kkn624m4y_0024,1 784.775 485.885 94.31 42.29 0;1 1041.64 594.08 36.62 92.2 32.9143;9 546.3 452.62 54.8 17.48 0;9 1817.145 484.79 13.73 42.46 89.7
v_1kkn624m4y_0049,1 163.03 503.67 97.1 38.64 0;1 1109.895 547.185 36.61 92.19 59;1 1174.775 471.425 87.35 42.29 0;9 1120.575 420.935 44.33 17.49 0
v_1lcno2kcok_0000,1 12.265 242.445 24.53 17.75 269.1;1 121.38 465.64 76.5 28.9 0;1 218.085 411.56 82.19 31.5 0;1 304.54 467.93 79.1 29.8 0;1 420.89 465.96 84.9 30.46 0;1 490.08 367.085 79.8 28.79 0;1 558.18 466.97 85.6 29.1 0;1 580.23 226.34 28 74.62 272.4889;1 631.36 364.81 77.06 29.7 0;1 684.425 469.805 77.53 30.13 2.8923;1 696.61 412.875 81.8 31.01 0;1 1082.01 297.21 79.1 29.1 0;1 1085.45 197.89 74.1 27.9 0;1 1261.06 63.71 83 35 0;1 1261.92 293.145 84.4 30.43 0;1 1354.26 194.24 82.3 33.2 0;1 1385.55 292.64 85.7 33.52 0;1 1482.42 239.51 84.8 32.8 0;1 1490.82 192.79 79.4 30.6 0;1 1603.77 236.81 83.1 33.8 0;1 1610.62 184.42 74.8 34.98 0;1 1644.66 288.44 85.9 32.8 0;1 1709.135 232.765 80.09 32.53 0;1 1798.365 279.73 97.43 36.82 0;1 1901.78 275.575 36.44 28.93 0;2 388.57 418.64 98.7 30.3 358.5846;2 1001.19 107.36 85.06 26.8 358.3318;2 1211.45 190.775 106.5 40.51 0;2 1538.97 285.825 81.62 32.15 0;2 1831.34 181.35 103.84 31.4 0;7 545.87 413 122.74 43.22 0;7 1164.765 236.635 123.49 35.59 0;7 1320.08 234.56 114.42 33.06 0;7 1447.595 89.945 97.07 35.17 357.4;9 193.61 440.68 35.5 9.2 0;9 761.02 376.3 40.8 11.7 0;9 779.53 448.14 39.1 9.5 3.7923;9 780.9 58.25 31.4 7.5 357;9 898.38 291.875 44.04 12.49 351.4;9 1694.34 182.5 38.5 11.5 349.8
v_1lcno2kcok_0024,1 71.34 411.48 74.1 30 0;1 201.94 466.36 76.5 28.9 0;1 262.325 412.24 82.19 31.5 0;1 259.29 222.905 28 74.63 271.4;1 318.6 467.57 79.1 29.8 0;1 426.95 466.615 84.9 30.47 0;1 588.03 366.62 79.8 28.78 0;1 682.68 464.84 85.6 29.1 0;1 745.925 367.06 77.05 29.7 0;1 785.335 492.925 77.53 30.13 23.46;1 868.51 412.075 81.8 31.01 0;1 911.53 297.8 79.1 29.1 0;1 967.12 199.15 74.1 27.9 0;1 971.265 1049.395 31.07 60.79 0;1 1036.18 69.62 83 35 0;1 1117.745 294.745 84.39 30.43 0;1 1351.97 292.825 85.7 33.51 0;1 1352.63 194.85 82.3 33.2 0;1 1474.9 239.07 84.8 32.8 0;1 1483.67 192.66 79.4 30.6 0;1 1602.72 237.09 83.1 33.8 0;1 1602.77 184.805 74.8 34.97 0;1 1643.89 288.47 85.9 32.8 0;1 1705.61 232.265 80.1 32.53 0;1 1798.19 279.79 97.42 36.82 0;1 1901.245 275.575 37.51 28.93 0;2 417.095 418.13 98.71 30.3 359.7;2 836.295 112.15 85.07 26.8 358.3;2 1209.83 190.61 106.5 40.5 0;2 1537.075 285.72 81.63 32.14 0;2 1809.15 181.57 103.84 31.4 0;7 606.63 414.86 122.74 43.22 0;7 1103.085 237.185 123.49 35.59 0;7 1149.455 102.1 97.07 35.18 359.1;7 1273.465 236.27 114.43 33.06 0;9 79.74 476.19 40 8.2 0;9 270.97 362.75 45 10.5 0;9 402.84 443.66 35.5 9.2 0;9 582.95 293.16 44.04 12.5 357.3;9 628.23 60.42 31.4 7.5 357;9 1032.34 447.42 39.1 9.5 1.6;9 1068.36 375.815 40.8 11.71 0;9 1666.88 183.65 38.5 11.5 350.9189
v_1lcno2kcok_0049,1 26.7 415.2 53.4 30.9 0;1 76.49 452.48 82.28 31.9 0;1 187.35 409.26 74.1 30 0;1 239.58 464.47 76.5 28.9 0;1 317.515 409.93 82.19 31.5 0;1 391.71 466.16 79.1 29.8 0;1 522.35 467.155 84.9 30.47 0;1 607.45 295.62 79.1 29.1 0;1 710.22 201.47 74.1 27.9 359.2;1 731.58 92.64 83 35 356.9;1 789.33 485.03 85.6 29.1 21.18;1 801.35 364.97 79.8 28.78 0;1 812.39 294.895 84.4 30.43 0;1 847.315 610.045 77.53 30.13 80.35;1 923.56 1055.2 28.7 49.6 0;1 970.31 367.32 77.06 29.7 0;1 970.365 897.925 31.07 70.19 0;1 1137.92 294.34 85.7 33.52 0;1 1142.56 411.825 81.8 31.01 0;1 1326.9 194.66 82.3 33.2 0;1 1346.53 242.37 84.8 32.8 0;1 1473.74 193.07 79.4 30.6 0;1 1574.75 238.73 83.1 33.8 0;1 1585.52 183.92 74.8 34.98 358.7;1 1622.27 287.36 85.9 32.8 0;1 1694.13 231.505 80.1 32.53 0;1 1797.505 279.67 97.43 36.82 0;1 1900.69 275.575 38.62 28.93 0;1 1903.32 181.615 33.36 34.79 0;2 501.02 413.24 98.7 30.3 359.7;2 510.13 119.58 85.06 26.8 358.3;2 1170.97 192.755 106.5 40.51 0;2 1405.03 288.205 81.62 32.15 0;2 1806.87 181.46 103.84 31.4 0;7 687.88 418.24 122.74 43.22 3.3;7 898.865 102.45 97.07 35.18 359.1;7 929.305 238.615 123.49 35.59 0;7 1124.475 234.635 114.43 33.07 0;9 149.24 289.33 44.04 12.5 357.3;9 152.15 472.2 40 8.2 355.0286;9 457.08 66.6 31.4 7.5 358.3;9 516.08 359.56 45 10.5 0;9 608.42 447.24 42.64 9.2 3.04;9 1420.12 433.26 39.1 9.5 356.1;9 1572.79 363.625 40.8 11.71 0;9 1660.13 183.45 38.5 11.5 354.027
v_1ofto9j5rr_0000,1 416.77 543.3 98.54 45.98 0
v_1ofto9j5rr_0024,1 109.14 547.505 94.18 45.99 0
v_1ofto9j5rr_0049,none
v_1ptmk9o2di_0000,1 176.67 530.76 96.68 34.82 2.4;1 939.85 548.37 102.1 36.22 0;1 1008.215 276.705 95.45 36.69 286.8286;1 988.55 1048.8 33.34 62.4 0;1 990.47 810.29 32.4 105.26 5.5;1 1134.22 487.855 94.8 36.57 0;1 1241.75 560.5 88.72 39.8 0;1 1803.095 522.035 98.21 36.25 0;8 360.94 469.56 70.42 28.68 0
v_1ptmk9o2di_0024,1 238.96 556.71 97.4 36.5 0;1 627.235 555.675 96.67 34.83 2.4;1 990.925 874.62 33.33 84.8 0;1 1013.36 701.67 32.4 105.26 13.2667;1 1031.07 11.755 9.8 23.51 270.1;1 1283.13 554 102.1 36.22 0;1 1572.31 562.51 88.72 39.8 0;1 1639.755 493.49 94.81 36.56 0;8 908.25 463.41 70.42 28.68 0
v_1ptmk9o2di_0049,1 277.7 486.84 94.22 38.82 0;1 612.7 556.2 97.4 36.5 0;1 963.52 554.64 96.68 34.82 359.6;1 997.215 786.425 33.33 84.79 7.6;1 1021.2 673.82 32.4 105.26 15.7;1 1637.3 560.19 102.1 36.22 0;1 1878.4 569.38 83 39.8 0;8 1484.43 470.69 70.42 28.68 0
v_1q4mazqh90_0000,none
v_1q4mazqh90_0024,none
v_1q4mazqh90_0049,none
v_1rfeli831e_0000,1 189.72 505.685 27.3 81.75 80.8077;1 234.01 561.275 32.1 78.11 89.8;1 433.07 503.595 80.04 31.11 359.7;1 735.61 519.42 29.7 81.7 80.5733;1 999.82 10.425 32.26 20.75 0;1 1008.185 295.035 30.83 82.29 0.28
v_1rfeli831e_0024,1 170.73 514.41 27.3 81.76 69.3444;1 366.72 501.19 80.04 31.1 359.7;1 573.28 529.04 29.7 81.7 84.4;1 994.135 450.525 30.83 82.29 4.2;1 997.42 99.15 32.26 84.86 0
v_1rfeli831e_0049,1 109.81 545.76 27.3 81.76 61.1;1 252.61 496.375 80.04 31.11 359.7;1 437.35 533.49 29.7 81.7 87.3;1 989.095 666.545 30.83 82.29 356.7;1 994.245 192.625 32.27 84.85 0;1 997.89 55.775 30.1 72.13 0
v_1ucfougfdq_0000,1 353.46 535.73 122.4 50.32 359.5;1 1566.65 526.775 112.04 49.93 359.2029;9 958.515 680.475 20.31 51.59 340.96
v_1ucfougfdq_0024,1 59.67 531.71 119.34 50.32 359.5;1 1273.69 524.705 112.04 49.93 359.8;9 748.76 511.36 22.84 51.58 284.5
v_1ucfougfdq_0049,1 1142.24 524.985 112.04 49.93 359.8;9 321.845 517.52 22.83 51.58 269.2
v_1us0n1cwou_0000,1 100.305 503.795 81.61 30.71 0;1 431.89 503.435 69.18 30.95 0;1 474.095 339.535 71.71 32.25 0;1 631.36 256.795 72.38 32.93 0;1 734.245 476.435 82.51 33.59 0;1 763.125 299.115 75.99 34.69 0;1 838.55 812.26 71.88 29.36 161.2;1 1007.96 1026.92 32.08 71.8 0;1 1019.28 933.37 34.18 83.4 0;1 1059.975 912.08 34.95 83.2 0;1 1451.375 282.755 68.33 32.19 0;1 1507.23 244.3 83.86 36.66 0;1 1574.37 347.195 90.5 36.51 0;1 1638.245 290.76 81.23 33.54 0;1 1879.58 417.075 80.84 33.77 0;2 1912.51 282.505 14.98 38.71 0;4 1064.035 1019.92 31.93 75.76 0;7 1218.935 332.73 155.05 50.68 0;9 1911.27 230.25 17.46 18.04 0
v_1us0n1cwou_0024,1 38.6 459.845 77.2 34.59 0;1 254.54 474.625 87.8 33.83 0;1 315.095 299.58 75.99 34.68 0;1 372.49 421.575 83.32 32.69 0;1 507.165 509.055 81.61 30.71 0;1 759.325 257.165 77.55 36.65 0;1 764.375 503.735 66.37 30.95 0.5333;1 838.58 812.7 71.88 29.36 161.2;1 871.945 285.465 63.63 32.19 0;1 1028.72 347.425 85.6 36.51 0;1 1008.23 1027.61 32.08 71.8 0;1 1019.28 933.905 34.18 83.39 0;1 1060.165 910.91 34.95 83.2 0;1 1104.1 284.21 77.92 33.54 0.64;1 1229.79 481.275 80 33.59 0;1 1877.04 287.465 82.72 34.29 0;2 1493.81 291.925 92.32 38.71 0;4 1064.15 1020.57 31.94 75.76 0;7 705.11 333.89 150.46 50.68 0;9 1569.23 233.34 38.92 18.04 0
v_1us0n1cwou_0049,1 43.65 414.35 87.3 32.7 0;1 197.5 508.535 94.4 31.79 0;1 265.11 275.405 63.64 32.19 0;1 333.495 413.855 84.71 31.79 0;1 387.935 462.735 85.31 34.59 0;1 466.33 345.795 83.04 36.51 0;1 484.325 261.64 77.93 33.54 0.79;1 588.19 471.975 87.8 33.83 0;1 652.74 421.44 81.66 32.68 0;1 752.895 509.485 81.61 30.71 1.32;1 838.61 813.16 71.88 29.36 161.2;1 908.935 568.985 66.37 30.95 48.76;1 1008.5 1028.32 32.08 71.8 0;1 1019.28 934.46 34.18 83.4 0;1 1060.365 909.7 34.95 83.2 0;1 1567.94 292.415 82.98 34.29 0;1 1768.375 483.915 82.89 33.59 0;2 1254.87 296.72 88.98 38.7 0;4 1064.27 1021.25 31.94 75.76 0;4 1913.42 291.255 13.16 39.29 0;7 137.79 332.945 150.46 50.67 0;9 1345.45 234.105 38.92 18.03 0
v_1utyf6ckw3_0000,1 65.53 252.38 28.46 68.06 268.6;1 438.36 236.28 30.66 71.64 268.0538;1 695.135 119.47 30.63 77.46 292.5862;1 923.76 1057.1 30.5 45.8 0;1 971.26 946.61 27.6 73.82 0;7 727.725 256.8 35.31 131.6 295.6448;7 924.76 853.66 43.6 180.5 0;7 963.39 584.32 34.9 133.4 354.2667;7 1243.04 235.365 123.5 35.59 0
v_1utyf6ckw3_0024,1 93.43 246.065 30.66 69.63 269.3;1 403.945 95.67 30.63 77.46 271;1 921.8 947.565 30.5 76.07 0;1 970.39 962.96 27.6 74.26 0;1 975.14 763.91 27.6 73.82 0;7 502.615 229.19 35.31 131.6 270.7118;7 917.88 681.82 43.6 180.5 358.0556;7 922.61 406.82 34.9 133.4 344.0333;7 1179.57 237.785 123.5 35.59 0
v_1utyf6ckw3_0049,1 21.905 105.385 30.63 43.59 269.2;1 924.89 730.58 30.5 76.06 0;1 969.58 775.25 27.6 74.26 0;1 972.4 571.61 27.6 73.82 358.28;1 974.035 951.3 29.05 77.32 0;1 1764.12 189.05 74.1 27.9 0;1 1898.8 277.04 42.4 29.1 0;7 178.265 238.105 35.31 131.59 268.5;7 843.61 240.2 34.9 133.4 326.12;7 908.61 517.86 43.6 180.5 353.74;7 1178.585 237.715 123.49 35.59 0
v_1v3nchg0m1_0000,1 48.1 499.85 96.2 36.08 0;1 232.54 456.75 103.1 40.14 0;1 476.535 517.46 99.53 38.98 0;1 530.4 469.045 99.64 37.53 0;1 663.455 467.38 93.65 40.14 0;1 853.655 463.265 92.53 36.79 0;1 902.175 726.38 38.23 91.58 0;1 902.975 899.33 37.21 81.7 0;1 904.365 588.01 37.13 87.78 0;1 966.52 572.295 42.92 88.71 0;1 964.8 682.4 38.86 88.3 0;1 964.405 773.045 37.99 88.51 0;1 968.05 1003.795 42.32 96.05 0;1 983.425 890.65 40.21 89.1 0;1 1482.45 469.09 90.42 39 0;1 1702.13 458.115 84.06 35.63 358.2;1 1785.13 540.545 93 35.53 0;1 1904.205 534.985 31.59 38.27 0;3 1016.05 461.95 132.98 46.94 0;9 1655.3 506.87 42.08 13.44 0
v_1v3nchg0m1_0024,1 352.32 511.4 96.2 36.08 0;1 476.98 453.45 103.1 40.14 0;1 615.715 518.425 99.53 38.99 0;1 646.685 465.81 99.63 37.54 0;1 775.765 466.55 93.65 40.14 0;1 904.795 611.975 38.23 90.43 0;1 904.72 789.825 37.2 81.69 0;1 905.405 473.36 37.13 87.78 0;1 908.3 1018.71 41.08 93.4 0;1 966.03 532.3 42.92 88.72 0;1 965.22 773.675 37.98 88.51 0;1 965.87 646.805 38.86 86.21 0;1 969.235 978.835 42.31 96.05 0;1 982.955 875.42 40.21 89.1 0;1 1097.635 462.55 92.53 36.8 0;1 1722.255 467.385 93.83 38.99 0;1 1784.995 540.505 92.99 35.53 0;1 1904.525 534.985 30.95 38.27 0;1 1910.22 456.86 18.48 35.62 359.3;3 1273.38 471.05 132.98 46.94 0
v_1v3nchg0m1_0049,1 561.755 517 94.79 36.08 0;1 586.03 453.57 101.58 40.14 0;1 697.235 518.9 92.85 38.98 0;1 711.66 465.925 98.54 37.53 0;1 816.88 466.875 91.98 40.13 0;1 904.72 383.16 38.22 90.44 0;1 906.69 176.82 37.14 87.78 0;1 908.815 931.48 41.09 93.4 0;1 908.79 578.595 37.2 81.69 0;1 958.51 1062.15 33.56 35.7 0;1 965.08 362.905 42.92 88.71 0;1 964.745 695.35 37.99 88.52 0;1 966.64 510.785 38.86 86.21 0;1 969.235 975.775 42.31 96.05 0;1 982.295 863.44 40.21 89.1 0;1 1387.905 456.405 92.53 36.79 0;1 1784.855 540.475 92.99 35.53 0;1 1879.85 468.52 80.3 39 0;1 1904.86 534.985 30.28 38.27 0;3 1568.435 473.39 136.47 46.94 0
v_1wmgtwhmba_0000,1 1000.77 627.2 38 93.2 0;1 1287.53 525.3 94.46 38.5 0;7 1640.165 518.95 177.27 46.4 1.2
v_1wmgtwhmba_0024,1 323.345 538.84 97.67 38.1 0;1 977.075 905.665 36.25 109.09 0;1 1007.525 434.54 37.99 93.2 0;1 1489.56 593.375 93.72 34.05 343.5714;1 1661.58 525.46 94.46 38.5 0;7 1905.2 517.82 29.6 46.4 359.9
v_1wmgtwhmba_0049,1 776.555 535.88 97.67 38.1 0;1 983.505 770.695 36.25 109.09 0;1 1010.885 139.17 37.99 93.2 0;1 1731.29 559.75 93.72 34.04 357.4333
v_1zk4d2a7w3_0000,1 736.955 509.23 71.89 29.36 357.2479;1 1006.4 963.015 31.32 76.95 0;1 1009.375 1073.58 33.63 12.84 0;1 1058.875 988.69 31.31 80.3 0;1 1059.13 888.31 27.44 66.84 0;7 1059.565 1060.15 36.81 39.7 0;8 1015.715 880.76 27.79 72.82 0.8
v_1zk4d2a7w3_0024,1 736.895 509.17 71.89 29.36 357.1941;1 1006.925 948.875 31.31 76.95 1;1 1009.375 1073.63 33.63 12.74 0;1 1058.61 981.97 31.32 80.3 0;1 1059.67 882.48 27.44 66.84 0;7 1059.565 1059.6 36.81 40.8 0;8 1022.88 772.81 27.8 72.82 5.54
v_1zk4d2a7w3_0049,1 737.4 509.12 71.88 29.36 357.1381;1 1009.375 1053.5 33.63 53 0;1 1011.015 821.205 31.31 76.95 1.5;1 1058.275 970.425 31.31 80.29 0;1 1061.21 836.08 27.44 66.84 0;7 1059.565 1059.025 36.81 41.95 0;8 1085.565 611.83 27.79 72.82 38.49
v_20b96zot2r_0000,1 461.445 502.57 109.05 43.36 0
v_20b96zot2r_0024,1 143.225 514.13 109.05 43.36 0
v_20b96zot2r_0049,none
v_22f62i1jvu_0000,1 65.71 537.06 32.08 83.16 89.9182;1 998.865 854.075 81.93 32.67 278.6;1 1001.67 1041.77 82.1 31.46 271.1;1 1001.655 327.63 30.11 85.76 2.8;1 1226.72 477.8 83.2 30.6 358.2;1 1271.87 528.665 83.28 33.55 353;1 1413.02 510.285 84.94 31.45 0;1 1590.03 508.02 92.8 31.46 0;1 1774.5 498.82 93.42 31.2 0;1 1891.65 512.42 56.7 31.14 0;7 962.77 535.435 141.7 45.67 359.5;9 944.55 895.19 7 28.9 0.4;9 994.01 482.05 40.04 14.18 4.2;9 1306.805 496.35 45.89 15.34 348.4
v_22f62i1jvu_0024,1 936.895 457.27 30.11 85.76 41.7636;1 988.27 952.58 81.94 32.66 276.6;1 1225.015 478.82 83.21 30.6 358.2;1 1238.83 532.765 83.28 33.55 353;1 1346.935 514.09 84.93 31.44 356.4;1 1510.7 509.25 90.44 31.46 0;1 1702.085 497.15 93.41 31.2 0;1 1831.11 511.235 91.74 31.13 0;7 763.33 534.745 133.62 45.67 359.5;9 634.195 492.665 40.03 14.19 358.4;9 946.47 1034.75 7 28.9 0.4;9 1219.995 506.9 42.07 15.34 348.4
v_22f62i1jvu_0049,1 747.9 525.26 30.1 85.76 76.4091;1 976.685 1040.26 81.93 32.66 276.6;1 1013.5 8.765 29.74 17.35 0;1 1160.26 541.17 82.82 33.56 353.8;1 1210.99 480.03 83.2 30.6 358.2;1 1313.89 516.835 84.94 31.45 356.4;1 1463.605 510.95 90.43 31.46 0;1 1621.135 494.86 93.41 31.2 0;1 1754.265 514.295 91.73 31.13 0;7 472.065 537.645 133.61 45.67 359.5;9 163.745 525.235 40.03 14.19 358.4;9 1104.14 502.655 38.9 15.33 2.2
v_2a14i95fb1_0000,1 956.26 765.145 39.14 97.99 5.44;1 1003.21 506.58 102.1 42.08 0.4;1 1515.965 544.305 79.31 33.45 358.8
v_2a14i95fb1_0024,1 714.19 513.82 102.1 42.08 357.3;1 970.95 679.125 39.14 97.99 7.88;1 1263.155 540.305 79.31 33.45 359
v_2a14i95fb1_0049,1 300.95 529.23 102.1 42.08 357.3;1 904.91 551.355 39.14 97.99 310.63;1 1122.46 540.55 79.3 33.46 359
v_2dg5vpr3ev_0000,1 720.14 498.365 96.24 38.79 0;1 750.17 548.52 98.5 36.5 1.6;1 875.12 506.51 98.88 38 357.5667;1 904.94 1047.415 37.62 64.83 0;1 912.3 632.015 34.2 94.17 0;1 920.54 328.09 35.62 92.7 0;1 925.42 899.68 33.5 90.7 0;1 966.31 34.01 34.98 67.38 0;1 971.505 1012.045 35.41 91.71 0;1 976.21 790.98 33.1 89.28 0;1 976.29 429.07 31.46 86.34 0;1 1390.41 551.475 102 39.07 3.6;1 1521.06 549.1 94.2 38.1 0;1 1551.395 506.105 93.21 37.35 358.2;1 1640.38 552.87 105.08 39.3 0;1 1654.825 503.09 89.05 36.18 0;1 1760.825 553.7 101.91 37.74 0.1;1 1799.92 497.475 101.1 36.25 359.1;1 1867.38 563.39 96.3 32.62 0;1 1895.78 492.325 48.44 36.25 0
v_2dg5vpr3ev_0024,1 765.46 497.465 96.24 38.79 0;1 818.47 551.84 98.5 36.5 1.6;1 908.4 934.315 37.62 93.43 0;1 915.41 546.745 34.2 94.17 0;1 922.165 11.2 35.63 22.4 0;1 927.61 777.35 33.5 90.7 0;1 972.625 896.815 35.41 89.37 0;1 975.74 627.385 33.1 89.27 0;1 979 1040.54 38 78.92 0;1 978.97 86.27 31.46 86.34 0;1 1037.325 484.32 98.89 38 354.4;1 1390.41 551.955 102 39.07 3.6;1 1521.74 549.47 94.2 38.1 0;1 1551.41 506.585 93.2 37.35 358.2;1 1640.07 553.21 105.08 39.3 0;1 1654.955 503.48 89.05 36.18 0;1 1760.905 554.01 101.91 37.74 0.1;1 1799.92 497.82 101.1 36.24 359.1;1 1867.4 563.745 96.3 32.63 0;1 1895.66 492.875 48.68 36.25 0
v_2dg5vpr3ev_0049,1 810.97 496.055 96.24 38.79 0;1 838.825 551.4 98.49 36.5 1.6;1 910.42 797.035 37.62 93.43 0;1 917.43 359.36 34.2 94.16 0;1 933.74 567.78 33.5 90.7 0;1 975.22 444.67 33.1 89.28 0;1 976.62 759.815 35.4 89.37 0;1 981.925 925.15 37.99 103.5 0;1 1224.9 490.91 98.88 38 1.2;1 1390.41 552.445 102 39.07 3.6;1 1522.45 549.86 94.2 38.1 0;1 1551.425 507.085 93.21 37.35 358.2;1 1639.75 553.56 105.08 39.3 0;1 1655.095 503.89 89.05 36.18 0;1 1760.995 554.33 101.91 37.74 0.1;1 1799.92 498.18 101.1 36.24 359.1;1 1867.43 564.115 96.3 32.63 0;1 1895.53 493.445 48.94 36.25 0
v_2dh23o7p5z_0000,1 106.55 421.61 79.5 30 0;1 190.57 376.96 78.9 31.8 0;1 192.42 477.88 71.2 27.5 0;1 234.89 1004.65 91.8 34.3 0;1 260.32 294.65 27.2 72.1 267.8;1 510.23 423.18 78.8 30.8 0;1 647.78 381.2 74.5 29 0;1 627.97 266.42 29 81.04 272.3;1 858.92 374.525 33.6 79.89 335.9;1 925.755 775.285 28.67 75.53 0;1 935.94 400.98 29.9 82.36 349.1;1 956.11 1016.99 29.7 79.5 0;1 1125.73 305.16 83.4 32.9 0;1 1286.66 203.59 90.1 32.7 0;1 1289.8 300.075 72.42 27.19 0;1 1318.27 253.11 90.3 35.46 0;1 1387.99 207.04 77.9 32.5 0;1 1432.19 248.17 89.3 29.4 0;1 1466.94 290.12 88.3 33.9 0;1 1492.76 199.75 82 31.6 0;1 1671.62 288.8 85.1 33.5 0;1 1835.63 240.23 81.2 34.2 0;2 1568.68 245.03 89.5 30.7 0;7 1155.44 195.395 111.02 40.67 0;7 1177.85 250.24 113.3 42.62 0;9 514.9 453.55 45.58 9.8 0;9 836.59 1052.235 40.9 10.57 86.5;9 1306.58 427.96 8.6 38.3 83.8
v_2dh23o7p5z_0024,1 136.35 473.89 86.1 30.9 0;1 249.67 256.76 29 81.04 272.3;1 335.75 418.2 79.5 30 0;1 392.69 1002 91.8 34.3 0;1 393.54 375.5 78.9 31.8 0;1 396.1 479.4 71.2 27.5 0;1 567.67 422.92 78.8 30.8 0;1 647.46 380.95 74.5 29 0;1 781.52 300.225 33.6 79.89 297.3;1 894.16 260.63 29.9 82.36 342.6;1 908.985 495.375 28.67 75.53 353.1667;1 950.95 690.29 29.7 79.5 0;1 1124.09 305.11 83.4 32.9 0;1 1256.69 299.685 72.42 27.19 0;1 1286.3 202.91 90.1 32.7 0;1 1318.22 253.05 90.3 35.46 0;1 1386.41 206.33 77.9 32.5 0;1 1416.29 290.54 88.3 33.9 0;1 1430.84 247.56 89.3 29.4 0;1 1485.43 198.14 82 31.6 0;1 1590.43 289.91 85.1 33.5 0;1 1699.54 241.17 81.2 34.2 0;1 1751.96 197.395 84.72 30.31 0;1 1888.3 104.605 63.4 33.79 0;2 1566.08 243.36 89.5 30.7 0;7 1154.38 195.285 111.02 40.67 0;7 1177.22 250.26 113.3 42.62 0;9 643.485 446.27 45.59 9.8 0;9 1671.92 403.77 8.6 38.3 85.7
v_2dh23o7p5z_0049,1 35.4 415.95 70.8 28.62 0;1 296.02 472.37 86.1 30.9 0;1 470.48 418.81 79.5 30 0;1 503.18 1001.06 91.8 34.3 0;1 514.17 374.15 78.9 31.8 0;1 550.35 476.87 71.2 27.5 0;1 603.68 422.98 78.8 30.8 0;1 591.06 294.945 33.6 79.89 270.1;1 647.14 380.68 74.5 29 0;1 865.035 326.235 28.67 75.53 342.8;1 869.65 196.99 29.9 82.36 335.6594;1 934.59 457.74 29.7 79.5 355.5;1 1122.38 305.07 83.4 32.9 0;1 1245.91 298.665 72.42 27.19 0;1 1285.93 202.21 90.1 32.7 0;1 1318.17 252.99 90.3 35.46 0;1 1384.77 205.58 77.9 32.5 0;1 1407.31 291.14 88.3 33.9 0;1 1429.43 246.93 89.3 29.4 0;1 1485.93 197.78 82 31.6 0;1 1561.965 110.03 81.19 33.78 0;1 1566.59 291.08 85.1 33.5 0;1 1613.775 196.415 84.73 30.31 0;1 1673.13 241.94 81.2 34.2 0;1 1773.375 83.95 70.01 32.98 0;2 1565.61 242.36 89.5 30.7 0;7 1153.28 195.155 111.02 40.67 0;7 1176.57 250.285 113.3 42.61 0;9 85.7 485.21 39.7 6.9 0;9 690.71 439.53 45.58 9.8 349.6784
v_2dxvvipomi_0000,1 580.995 507.64 100.33 36.1 0;1 812.17 483.035 103.6 38.19 0;1 992.645 602.11 36.25 109.1 1.1;1 1106.57 602.435 34.9 99.83 53.3;1 1469.93 567.1 38.6 96.48 87.8;1 1663.56 511.915 103.48 35.93 2.5;8 480.17 462.94 63.54 25.3 0;8 1172.97 523.535 65.68 22.63 0;9 329.975 547.33 48.99 17.8 0
v_2dxvvipomi_0024,1 428.21 514.295 93.9 34.79 0;1 962.425 495.36 100.33 36.1 356.3;1 992.275 590.5 36.25 109.1 1.1;1 1215.39 486.395 103.6 38.19 0;1 1322.31 575.355 34.9 99.83 87.4;1 1842.78 564.91 38.6 90.4 90.48;8 858.28 449.08 63.54 25.3 0;8 1568.28 532.68 65.68 22.62 0;9 811.25 525.79 49 17.8 0
v_2dxvvipomi_0049,1 720.3 525.055 93.9 34.79 0;1 981.53 1051.25 33.4 57.5 0;1 991.89 567.75 36.24 109.1 1.1;1 1410.495 495.3 100.33 36.1 357.6125;1 1648.69 499.355 103.6 38.19 0;1 1666.82 578 34.9 99.84 90.1;8 1267.34 453.64 63.54 25.3 0;9 1317.325 542.57 48.99 17.8 0
v_2fmgjnh78z_0000,1 98.475 494.155 80.01 31.89 1.8182;1 636.495 489.085 86.83 30.35 359.7;1 959.48 260.66 31 85.9 0.1;1 960.74 150.35 28.68 70.26 3.7;1 965.255 628.97 28.21 75.64 1.5333;1 976.68 54.99 30.34 81.6 4.5;1 1021.785 303.37 31.13 83.1 358.4;1 1224.1 480.36 83.2 30.6 358.2;1 1233.245 524.54 82.43 31 354.8;1 1360.615 514.605 84.63 33.31 352.9;7 1072.17 553.87 98.54 36.38 352.9769
v_2fmgjnh78z_0024,1 16.05 493.275 31.7 31.89 359.2;1 637.225 488.03 86.83 30.34 359.7;1 948.93 367.48 31 85.9 9.8438;1 959.115 223.125 28.67 70.25 3.7;1 972.24 124.83 30.34 81.6 4.5;1 972.59 873.71 28.22 75.64 357.8;1 1016.75 85.79 31.36 88.1 0;1 1048.305 539.38 82.43 31 354.8;1 1032.555 399.6 31.13 83.1 354.9;1 1081.745 990.575 33.07 77.67 29.6;1 1224.82 480.25 83.2 30.6 358.2;1 1258.975 526.595 83.15 33.31 352.9;7 896.135 564.43 91.33 36.38 358.7
v_2fmgjnh78z_0049,1 12.3 490.045 24.5 31.89 359.2;1 637.935 488.11 86.83 30.34 359.7;1 793.275 543.03 76.61 31 0.48;1 904.745 462.33 31.01 82.38 35.94;1 956.97 356.775 28.68 68.57 3.28;1 968.71 212.59 30.34 81.6 2.58;1 981.19 31.76 30.7 63.52 6.7;1 1015.675 193.545 31.35 87.05 0;1 1041.55 544.755 31.14 80.25 359;1 1059.29 1031.065 33.08 77.67 28.88;1 1147.82 534.035 81.46 33.31 356.6;1 1225.52 479.06 83.2 30.6 358.2;7 648.345 564.01 91.33 36.38 358.7
v_2m8zbmtca0_0000,1 114.03 1020.015 87.22 38.65 0;1 915.05 867.855 31.42 79.09 0;1 967.59 812.19 33.74 78.64 0;1 972.55 918.485 31.5 82.19 0;4 1765.42 244.015 87.76 36.09 359.56;5 1698.89 436.285 187.18 51.67 358.5;7 229.425 477.475 91.65 32.15 0;9 363.145 1018.74 41.07 12.14 0;9 936.07 802.43 10.76 34.04 353.1627
v_2m8zbmtca0_0024,1 404.43 1017.38 87.22 38.64 0;1 915.345 868.595 31.41 79.09 0;1 967.335 812.575 33.75 78.65 0;1 972.85 918.19 31.5 82.18 0;4 1188.26 261.925 74.84 34.13 358.9;7 523.37 471.655 83.98 32.15 0;9 612.36 1037.45 38.54 12.14 4.49;9 936.42 803.3 10.76 34.04 354.4569
v_2m8zbmtca0_0049,1 558.98 1013.945 87.22 38.65 0;1 915.655 869.365 31.41 79.09 0;1 967.07 812.97 33.74 78.64 0;1 973.16 917.88 31.5 82.18 0;4 604.45 275.155 73.62 33.63 358.9;7 699.005 470.785 80.47 29.73 0;9 936.785 804.21 10.75 34.04 355.8049
v_2ov4eurzcx_0000,1 513.86 565.57 38.2 86 88.9833;1 559.795 510.605 35.61 88.63 89.4;1 728.195 565.005 35.93 87.89 81.5333;1 879.86 516.29 32.1 84.1 52.0833;1 968.455 952.405 31.29 79.23 5.4;1 995.57 135.82 30.12 78.48 0
v_2ov4eurzcx_0024,1 394.24 561.58 38.2 86 91.9;1 559.885 509.625 35.61 88.63 89.4;1 597.565 570.35 35.93 87.9 87.905;1 761.165 557.09 32.09 84.1 77.805;1 968.775 949.56 31.29 79.24 5.4;1 1001.85 307.625 30.12 78.49 358.875
v_2ov4eurzcx_0049,1 243.34 557.24 38.2 86 91.9;1 475.385 566.85 35.93 87.9 90.6;1 560.04 508.99 35.6 88.62 89.4;1 629.34 567.73 32.1 84.1 89.4684;1 969.115 946.595 31.29 79.23 5.4;1 1014.18 497.7 30.12 78.48 357.5
v_2phx07m2il_0000,none
v_2phx07m2il_0024,1 1658.03 536.485 113.7 48.89 0
v_2phx07m2il_0049,1 1318.97 537.88 113.7 48.88 0
v_2qk0318kkn_0000,1 47.55 516.83 95.1 36.56 0;1 900.56 1057.195 40.3 45.61 0;1 903.23 761.49 40.8 98.32 0;1 904.525 358.31 40.79 86.2 0;1 907.22 518.98 40.9 93.12 0;1 909.26 914.68 40.54 93.52 0;1 909.46 143.58 38.58 89.98 1;1 955.675 230.28 35.11 90.42 0;1 969.18 517.62 36.64 94.1 0;1 976.545 847.75 36.71 89.8 0;1 1435.97 515.67 101.4 44.14 0;1 1515.065 463.7 79.75 36.08 0;1 1661.005 451.39 42.31 92.9 89;1 1777.005 451.55 95.73 39.64 0;1 1783.44 540.12 93 35.54 0;1 1886.68 453.36 40.2 66.56 89.6;1 1908.23 534.985 23.54 38.27 0;1 1909.045 497.18 21.91 37.18 0;2 969.38 987.7 39.86 91.3 0
v_2qk0318kkn_0024,1 350.06 514.97 95.1 36.56 0;1 900.38 1060.5 42.94 39 0;1 902.925 916.96 40.29 93.74 0;1 904.195 495.63 40.81 98.32 0;1 906.405 160.29 40.79 86.2 0;1 907.625 285.51 40.89 93.12 0;1 909.45 34.855 38.58 67.91 1;1 910.55 743.875 40.54 93.51 0;1 966.57 218.69 36.64 94.1 0;1 974.85 1044.925 39.82 70.15 0;1 975.825 726.66 36.71 89.8 0;1 1498.47 516.41 101.4 44.14 0;1 1525.615 462.15 79.75 36.08 0;1 1661.035 451.085 42.31 92.91 89;1 1777.955 451.1 95.73 39.64 0;1 1783.305 540.085 92.99 35.53 0;1 1885.96 453.365 40.2 68.01 89.6;1 1908.555 534.985 22.89 38.27 0;2 967.855 870.205 39.85 91.29 0
v_2qk0318kkn_0049,1 68.6 455.3 98 37.02 0;1 616.48 523.39 95.1 36.56 0;1 898.17 1059.03 39.4 41.94 0;1 901.95 328.31 40.8 98.32 0;1 902.715 758.02 40.29 93.74 0;1 902.39 900.24 37.2 88.5 0;1 904.815 93.13 40.79 86.2 0;1 906.275 206.155 39.71 93.13 0;1 909.87 10.845 38.58 19.87 1;1 940.76 391.295 42.22 89.63 0;1 949.06 1048.275 37.58 63.45 0;1 972.265 915.99 39.83 92.14 0;1 1010.125 568 36.71 89.8 25.475;1 1525.955 462.22 79.75 36.08 0;1 1540.43 513.88 101.4 44.14 0;1 1660.03 450.765 42.32 92.91 89;1 1778.06 450.59 95.74 39.64 0;1 1783.16 540.05 93 35.54 0;1 1884.975 453.37 40.21 69.98 89.6;1 1908.89 534.985 22.22 38.27 0;2 966.41 716.13 39.86 91.3 0
v_2qw29fl407_0000,1 31.725 471.85 63.19 38.36 0;1 131.78 478.33 91.82 41.04 0;1 284.86 481.84 116.44 38.58 0.2;1 487.66 478.57 94 37.06 0;1 541.25 535.13 115.7 41.7 358.7;1 605.285 482.39 99.35 38.98 0;1 750.17 493.17 98.92 44.3 0;1 960.59 542.505 104.72 42.83 0;1 968.84 133.615 90.82 36.47 275.8583;1 977.26 1039.885 32.44 80.17 0;1 1147.335 541.24 37.35 91.82 82.0077;1 1298.77 482.785 93.78 37.27 0;1 1439.21 551.575 34.48 72.29 89.3;1 1719.945 494.505 102.69 40.79 0;1 1721.09 549.83 98.5 36.5 359.6;1 1914.7 495.245 10.6 38.35 0;3 966.355 834.135 40.61 147.21 1.8
v_2qw29fl407_0024,1 38.815 471.85 77.37 38.36 0;1 200.72 481.58 91.82 41.04 0;1 360 482.535 116.44 38.57 0.2;1 593.93 481.625 94 37.07 0;1 647.785 539.03 115.69 41.7 358.7;1 713.015 484.465 99.35 38.99 0;1 967.105 487.66 98.93 44.3 0;1 986.14 953.815 32.44 84.67 0;1 1142.99 547.53 104.72 42.84 0;1 1354.825 544.375 37.35 91.81 88.1;1 1563.09 490.62 93.78 37.28 0;1 1642.2 555.025 34.48 72.29 89.3;1 1898.695 553.37 42.39 36.5 359.6;3 971.49 761.79 40.62 147.2 1.8
v_2qw29fl407_0049,1 134.475 475.38 105.59 38.36 0;1 304.18 480.5 91.82 41.04 0;1 464.95 480.78 116.44 38.58 0.2;1 744.76 538.66 115.7 41.7 358.7;1 734.72 482.415 94 37.07 0;1 885.855 482.135 99.35 38.99 0;1 986.84 938.495 32.44 84.67 0;1 1292.37 487.34 98.92 44.3 0;1 1357.43 549.825 104.72 42.83 0;1 1590.455 527.535 37.35 91.81 82.2;1 1844.88 493.855 93.38 37.27 0;1 1845.15 557.12 34.48 72.3 89.3;3 974.14 702.145 40.62 147.21 1.8
v_2sbpa6ukbw_0000,1 25.76 446.765 51.52 38.87 0;1 127.38 447.345 103.9 37.67 0;1 425.3 443.99 117.06 39.7 0;1 565.605 449.67 96.27 38.92 0;1 564.365 505.03 93.61 35.06 0;1 685.62 444.97 87.3 34.2 0;1 691.08 510.415 92.78 37.97 0;1 795.42 463.295 78.1 37.53 0;1 812.965 517.325 89.43 36.67 0;1 916.73 398.075 42.5 89.27 0.9;1 954.325 169.56 39.25 92.58 0;1 977.465 873.805 38.31 92.13 0;1 1355.655 451.855 89.13 38.15 0;1 1569.655 451.225 89.89 37.97 0;1 1664.085 496.785 93.53 38.31 0;1 1780.395 538.365 92.99 35.53 0;1 1794.01 453.56 91.34 37.02 0;2 232.12 452.545 83.64 33.29 0;4 969.54 666.915 34.8 96.35 5.58;5 900.405 34.63 57.65 69.26 358.2
v_2sbpa6ukbw_0024,1 29.925 448.15 59.85 38.88 0;1 87.43 500.66 104.2 38.72 0;1 128.1 447.435 103.9 37.67 0;1 435.96 445.69 117.06 41.3 0;1 570.525 450.27 95.11 38.92 0;1 581.89 506.37 90.18 35.06 0;1 702.67 512.665 91.44 37.97 0;1 715.72 445.005 86.22 35.13 0;1 841.06 462.84 78.1 37.54 0;1 869.405 516.875 89.43 36.67 0;1 911.905 44.37 42.49 87.14 0.9;1 976.855 733.345 38.31 91.65 0;1 1551.285 451.805 97.59 38.15 0;1 1747.33 453.84 92.44 37.96 0;1 1780.395 537.975 92.99 35.53 0;1 1882.52 494.495 74.96 39.77 0;2 233.335 453.36 83.65 33.28 0;4 1097.875 498.295 34.79 93.17 62.8857
v_2sbpa6ukbw_0049,1 32.99 448.27 65.98 36.5 0;1 128.58 447.37 103.9 37.66 0;1 410.14 502 103.5 38.72 0;1 459.21 444.685 117.06 41.29 0;1 612.77 505.435 86.56 35.07 0;1 655.275 449.105 94.91 38.91 0;1 784.115 512.315 91.25 37.97 0;1 832.84 422.505 86.22 35.13 341.69;1 965.405 990.25 36.99 97.16 0;1 967.91 561.885 39.58 86.71 0;1 1061.58 514.92 89.42 36.68 0;1 1071.955 453.465 78.11 37.53 0;1 1751.395 451.085 97.59 38.15 0;1 1780.395 537.565 92.99 35.53 0;2 239.05 452.93 83.64 33.28 0;4 1461.37 471.82 36.06 94.68 89.1
v_2srgg988dm_0000,1 26.19 556.745 30.34 52.11 88.6;1 237.19 534.915 31.36 87.33 88.4;1 495.44 560.615 30.7 76.71 89.4;1 605.545 488.975 86.83 30.35 359.3921;1 721.065 536.79 32.87 83 82.3143;1 875.4 483.76 32.7 81.38 51.4714;1 964.445 333.39 29.03 79.5 5.1;1 975.485 186 27.83 69.4 5.1;1 1028.255 128.895 33.09 91.43 0;1 1063.49 1006.86 31.14 81.52 43.0941;1 1228.055 477.7 83.21 30.6 358.2;1 1684.04 496.06 82.1 31.46 0;1 1883.4 502.435 73.2 32.67 0;9 1044.26 356.765 8.06 34.43 0
v_2srgg988dm_0024,1 30.67 544.835 31.36 61.53 88.4;1 242.93 559.85 30.7 76.7 89.4;1 499.335 549.13 32.87 83 87.9176;1 593.035 490.91 86.83 30.34 355.6968;1 699.265 542.885 32.71 81.39 78.0577;1 913.04 457.205 29.04 75.59 32.35;1 963.935 319.915 27.83 67.11 3.2;1 968.35 78.63 30.5 83.4 8.1;1 1023.19 269.08 33.08 91.42 1.6;1 1075.34 994.42 31.14 81.52 32.6733;1 1227.975 476.6 83.21 30.6 358.2;1 1486.62 502.62 82.1 31.46 357.7786;1 1673.03 499.5 91.72 32.66 0;7 1887.85 495.105 64.3 42.09 0;9 1045.2 615.715 8.06 34.43 0
v_2srgg988dm_0049,1 75.52 563.32 30.7 76.7 89.4;1 279.255 553.19 32.87 83 88.5;1 453.61 549.165 32.7 81.39 88;1 579.995 492.92 86.83 30.34 351.8476;1 788.47 532.515 29.04 75.59 68.8765;1 913.575 461.31 27.83 67.12 34.1765;1 960.6 259.17 30.5 83.4 358;1 1009.65 87.155 31.24 85.55 0;1 1021.495 489.915 33.09 87.49 1.6;1 1087.925 983.06 31.13 81.52 17.9;1 1227.89 475.45 83.2 30.6 358.2;1 1363.5 512.95 82.1 31.46 353.6;1 1521.09 502.715 91.72 32.67 0;7 1724.76 487.9 179.36 46.22 0;9 1009.295 994.275 8.07 34.43 0
v_2tleqfj7nj_0000,1 777.295 501.485 73.21 36.05 167.7;1 915.95 409.385 38.86 81.97 10.38;1 955.82 897.29 83.86 34.04 271.3444;1 931.815 242.655 34.77 84.03 0;1 939.345 989.56 35.87 86.1 0;1 948.69 43.35 37.66 86.7 0;1 981.005 1060.55 37.79 38.9 344.2;1 989.37 410.385 35.04 87.85 0;1 999.53 872.89 36.54 87.56 344.3;1 1000.47 980.11 36.9 90.58 0;1 1289.615 530.15 86.47 38.92 0;1 1438.345 525.075 88.25 34.69 0;9 1086.625 493.1 42.11 12.08 0
v_2tleqfj7nj_0024,1 530.34 523.685 74.6 34.55 177.2;1 812.69 505.16 38.86 81.98 70.4;1 920.26 374.115 34.76 84.03 8.7;1 955.99 900.88 83.86 34.04 271.8111;1 935.33 1038.615 35.88 82.77 0;1 946.55 149.61 37.66 86.7 0;1 991.53 548.985 35.04 84.23 0;1 998.31 1021.81 36.9 90.58 0;1 999.77 872.73 36.54 87.56 344.3;1 1197.935 517.835 86.47 38.91 0;1 1343.625 524.975 88.25 34.69 0;9 918.7 51.025 15.92 41.67 0;9 1020.305 484.76 36.43 12.88 0
v_2tleqfj7nj_0049,1 238.855 526.715 78.77 34.55 179.6;1 579.56 516.395 38.86 83.59 89.9;1 807.38 509.21 34.76 80.92 60.35;1 954.885 924.14 83.85 34.04 272.2;1 936.8 62.26 33.32 82.52 0;1 944.42 277.49 37.66 86.7 0;1 991.795 113.885 39.41 97.75 0;1 996.65 1066.545 36.9 26.91 0;1 996.16 680.525 35.04 84.23 359.1;1 1000.53 874.4 36.54 87.56 344.3;1 1114.455 499.355 81.33 34.61 7.05;1 1294.795 526.98 88.25 34.68 0;9 893.405 476.235 34.91 10.97 0;9 909.7 239.635 13.8 41.67 0
v_2xxuzy5797_0000,1 300.98 413.505 80.52 28.35 0;1 734.635 410.05 66.63 27.58 0;1 839.085 523.895 72.41 27.93 58.7636;1 919.09 842.6 28.46 75.5 0;1 972.44 858.59 30.66 71.64 0;1 972.655 958.79 30.63 77.46 0;1 1122.005 112.295 78.19 27.59 0;1 1785.98 348.39 69.6 30.1 358.4;2 632.71 460.875 102.82 34.19 0;7 921.71 978.975 35.3 131.59 0;7 1857.895 404.175 91.79 32.39 0
v_2xxuzy5797_0024,1 328.65 415.07 85.4 34.4 0;1 732.11 412.045 80.52 28.35 0;1 809.755 107.695 78.19 27.59 0;1 851.5 734.985 72.4 27.93 92.7;1 919.215 842.41 28.47 75.5 0;1 972.72 858.15 30.66 71.64 0;1 972.815 958.56 30.63 77.46 0;1 1199.695 414.17 66.63 27.58 0;2 634.985 460.615 102.81 34.19 0;7 199 363.87 110 34.38 0;7 922.245 978.6 35.31 131.6 0
v_2xxuzy5797_0049,1 493.13 89.875 78.18 27.59 2.4;1 730.25 412.54 85.4 34.4 0;1 845.82 1056.285 48.12 27.93 90.9;1 919.31 840.74 28.46 75.5 0;1 972.83 855.52 30.66 71.64 0;1 972.925 956.04 30.63 77.46 0;1 1193.655 409.785 80.53 28.35 0;1 1710.63 407.14 66.62 27.58 0;2 637.355 460.345 102.81 34.19 0;7 567.85 360.855 110 34.39 0;7 921.95 979.55 35.3 131.6 0;7 974.71 1065.725 34.9 28.21 0
v_2zv813prko_0000,1 140.565 528.94 34.11 91.08 89.3;1 504.685 542.1 91.79 35.4 0.2;1 965.78 46.04 40.84 92.08 0;1 991.05 829.82 36.04 89.02 0;1 1022.785 636.75 37.81 81.6 0;1 1178.78 480.505 93.2 36.39 359.5;1 1209.825 530.86 87.17 33.86 353.5;1 1331.64 525.09 93.02 37.62 354.6;1 1437.01 518.165 93.42 40.21 0;1 1566.64 516.345 83.7 37.01 0;1 1670.25 507.59 96.02 37.88 0;1 1772.625 481.905 91.63 39.19 0.7;1 1892.075 514.285 55.85 36.49 0;9 291.175 557.74 12.73 36.46 91.1;9 697.16 522.385 14 39.39 84.53
v_2zv813prko_0024,1 145.585 536.39 98.11 36.86 0.2;1 965.78 46.145 40.84 92.29 0;1 1007.35 922.305 37.18 82.89 0;1 1078.79 483.855 93.2 36.39 359.5;1 1150.19 536.64 87.16 33.86 353.5;1 1284.45 530.7 93.02 37.62 354.6;1 1387.67 521.55 87.08 34.46 355.3;1 1530.465 515.325 83.69 37.01 0;1 1652.355 505.72 94.33 38.7 0;1 1763.31 480.26 93.1 39.18 0.7;1 1887.33 514.285 65.34 36.49 0;9 375.655 534.385 14.13 41.37 89.92
v_2zv813prko_0049,1 899.135 490.755 90.37 36.39 358.5;1 951.13 548.565 87.16 33.85 358.1;1 965.78 46.25 40.84 92.5 0;1 1021.38 180.29 35.36 90.54 0;1 1155.67 545.545 86.96 37.61 355.7;1 1303.16 532.145 87.08 34.47 354.2;1 1446.03 514.545 83.7 37.01 0;1 1537.36 483.115 90.86 35.35 7.9;1 1715.91 478.14 93.1 39.18 0.7;1 1874.55 514.285 90.9 36.49 0;9 1001.225 39.555 14.65 46.11 0
v_30pmnl0zcr_0000,1 785.085 568.92 82.59 34.6 0;1 955.11 882.33 83.86 34.04 269.4;1 939.135 985.03 35.87 86.1 0;1 984.125 218.015 73.21 36.05 40.21;1 975.04 809.355 36.54 87.57 332.6;1 980.495 1058.695 37.79 42.61 344.2;1 997.78 968.98 36.9 90.58 0;7 254.68 535.375 51.38 151.57 90.2
v_30pmnl0zcr_0024,1 495.375 560.3 84.81 34.62 0;1 955.28 885.92 83.86 34.04 269.8667;1 939.31 985.03 35.88 86.1 0;1 988.085 233.965 73.21 36.05 55.26;1 976.435 87.41 36.93 92 0;1 980.615 1059.14 37.79 41.72 344.2;1 996.21 866.96 36.54 87.56 342.86;1 998.26 971.35 36.9 90.58 0;1 1725.505 531.58 92.19 39.36 0;7 16.11 531 32.22 13.02 90.2;9 1626.965 487.93 49.63 12.08 0
v_30pmnl0zcr_0049,1 140.205 548.96 89.15 34.62 0;1 930.43 154.94 38.86 87.22 0;1 955.455 889.66 83.85 34.04 270.3528;1 939.495 985.03 35.87 86.1 0;1 994 325.365 73.22 36.05 96.0714;1 978.68 172.51 35.04 92 0;1 980.745 1059.605 37.79 40.79 344.2;1 998.54 873.15 36.54 87.56 344.3;1 998.75 973.82 36.9 90.58 0;1 1527.29 524.695 92.2 39.37 0;1 1814.44 527.95 91.9 34.68 0;9 1340.765 495.28 49.63 12.08 0
v_31eifwlrd7_0000,1 968.72 840.31 40.02 89.84 0;1 1205.34 518.9 92.56 37.64 0;1 1510.265 471.185 100.91 40.43 0;1 1800.54 489.505 92.34 35.87 0
v_31eifwlrd7_0024,1 476.235 480.265 83.23 39.83 0;1 972.89 784.645 40.02 89.83 0.77;1 1644.63 526.94 92.62 37.64 0
v_31eifwlrd7_0049,1 968.445 997.775 38.23 90.19 0;1 994.78 693.56 40.02 89.84 16.2;1 1045.765 488.995 80.25 39.83 0
v_32zi3hplu7_0000,1 1586.685 505.695 93.51 37.87 359
v_32zi3hplu7_0024,1 1281.36 499.325 93.52 37.87 359
v_32zi3hplu7_0049,1 1133.9 500.615 93.52 37.87 359
v_34t3979wwl_0000,1 457.99 414.35 87.86 33.76 0;1 838.485 811.34 71.89 29.36 161.2;1 1007.4 1025.49 32.08 71.8 0;1 1019.28 932.255 34.18 83.39 0;1 1082.73 420.85 86.24 34.7 0;1 1059.575 913.08 34.95 83.2 0;1 1204.295 465.175 85.23 35.75 0;1 1509.495 251.605 80.09 34.31 0;1 1693.745 292.655 82.41 34.69 0;1 1878.55 330.53 79.68 32.26 0;4 1063.795 1018.57 31.93 75.76 0;9 914.755 608.065 43.15 11.51 66.5
v_34t3979wwl_0024,1 226.44 476.97 84.18 33.58 0;1 774.555 258.005 76.53 34.31 0;1 838.515 811.78 71.89 29.36 161.2;1 1007.67 1026.17 32.08 71.8 0;1 1019.28 932.79 34.18 83.4 0;1 1059.765 913.34 34.95 83.2 0;1 1132.6 417.56 81.72 33.76 0;1 1206.73 346.075 75.76 32.25 0;1 1231.675 297 79.53 34.68 0;1 1392.565 254.23 73.79 32.94 0;1 1655 417.62 90.52 34.7 0;1 1785.34 464.86 89.96 35.74 0;4 1063.91 1019.22 31.94 75.76 0;7 1773.85 333.155 178.5 50.67 0;9 910.675 854.37 43.15 11.52 91.68
v_34t3979wwl_0049,1 9.7 256.355 19.4 34.31 0;1 81.435 503.585 81.61 30.71 0;1 412.89 503.605 69.62 30.95 0;1 502.795 339.685 71.71 32.25 0;1 661.14 256.485 72.38 32.93 0;1 714.815 476.345 82.93 33.59 0;1 781.12 298.995 76 34.69 0;1 838.55 812.24 71.88 29.36 161.2;1 1007.95 1026.89 32.08 71.8 0;1 1019.28 933.35 34.18 83.4 0;1 1059.965 912.13 34.95 83.2 0;1 1476.045 282.54 68.33 32.2 0;1 1538.1 244.17 83.86 36.66 0;1 1597.93 346.975 90.5 36.51 0;1 1660.615 290.76 81.23 33.54 0;1 1851.42 416.795 81.72 33.77 0;4 1064.03 1019.89 31.94 75.76 0;7 1240.085 332.785 155.71 50.67 0
v_35pz17842k_0000,1 756.725 519.4 89.29 37.9 0;1 1024.975 518.91 83.45 35.82 0;3 401.255 497.765 144.45 44.97 0;4 1375.84 469.045 102.74 38.59 0;9 153.26 471.565 54.7 14.33 0;9 952.655 147.365 12.83 40.61 0.1
v_35pz17842k_0024,1 1108.02 519.69 85.22 37.9 0;1 1408.055 520.87 83.45 35.82 0;3 897.465 487.92 130.31 47.18 0;9 760.19 443.805 48.62 14.33 0
v_35pz17842k_0049,1 1531.18 525.07 87.1 37.9 0;1 1842.395 530.87 87.71 35.82 0;3 1329.57 482.31 123.5 46.4 0;9 1431.305 427.285 41.77 14.33 0
v_35qs647kgf_0000,1 1621.935 482.395 95.43 38.15 0;3 293.98 510.2 176.96 48.98 0;9 1644.245 548.61 14.25 39.08 90.4
v_35qs647kgf_0024,3 653.15 509.51 166.56 48.98 0;9 1907.825 555.235 14.25 23.75 90.4
v_35qs647kgf_0049,3 1038.58 508.93 158.34 48.98 0
v_35ts89kc70_0000,1 532.73 1017.995 77.74 35.87 0;1 620.185 118.675 35.25 81.19 276.3;1 908.655 842.65 38.17 86.5 0;1 914.965 949.31 32.35 77.3 0;1 917.655 1048.55 37.31 62.9 0;1 962.49 844.665 33.82 76.87 0;1 964.835 1061.52 35.01 36.96 0;1 967.625 952.335 37.99 82.25 0;1 1019.995 277.16 81.73 35.98 0;7 1097.555 127.845 101.91 49.67 0
v_35ts89kc70_0024,1 259.205 121.495 35.25 81.19 269;1 434.24 274.585 77.82 35.97 0;1 532.66 1016.75 77.74 35.88 0;1 908.165 842.26 38.17 86.5 0;1 917.38 1048.55 37.86 62.9 0;1 914.805 947.74 32.35 77.3 0;1 961.95 844.125 33.82 76.87 0;1 964.835 1051.06 35.01 57.88 0;1 967.43 951.275 38 82.25 0;7 988.655 135.185 100.77 49.67 357.72
v_35ts89kc70_0049,1 532.46 1016.635 77.74 35.87 0;1 910.04 747.08 38.18 86.5 0;1 913.365 910.12 32.35 77.3 0;1 917.085 1048.55 38.45 62.9 0;1 961.73 814.625 33.82 76.87 0;1 964.835 1050.065 35.01 59.87 0;1 967.23 950.17 38 82.24 0;7 852.97 139.345 96.68 47.35 0.62
v_36ndvbe9fv_0000,1 972.765 200.235 38.31 93.67 0;1 973.21 654.895 38.26 94.15 0;1 972.76 983.81 36.62 97.66 0;1 1306.88 492.99 40.8 98.18 85.3;8 800.815 444.525 61.51 27.79 0;9 1007.85 726.015 17.04 41.99 7.72
v_36ndvbe9fv_0024,1 975.995 500.125 38.25 94.15 0;1 975.375 781.83 36.61 97.66 0;1 1726.21 485.58 40.8 103.38 89.1;8 1240.275 441.63 53.93 27.78 0;9 1091.19 568.725 17.04 41.99 49.375
v_36ndvbe9fv_0049,1 393.47 490.435 96.2 42.29 0;1 977.215 236.31 38.25 94.14 0;1 998.83 671.915 36.62 92.19 15.6571;8 1726.095 455.245 59.03 27.79 0;9 1394.46 480.455 17.04 41.99 86.2143
v_37qg2grbx8_0000,1 1029.62 504 93.34 39.42 0.1
v_37qg2grbx8_0024,1 760.53 521.45 93.34 39.42 359.6;1 1284.345 565.21 36.63 88.6 17.1525
v_37qg2grbx8_0049,1 382.28 537.765 93.34 39.41 359.6;1 1289.315 548.97 36.63 88.6 27.93
v_37t2a4g7bo_0000,1 27.58 490.855 32.26 55.57 90.2;1 116.38 602.96 28.76 76.7 122.9;1 227.74 501.725 30.1 72.13 92.7;1 264.665 553.72 33.15 86.94 89.2;1 533.985 517.5 84.19 29.74 357.5;1 737.265 519.4 28.51 76.76 83;1 993.945 1006.18 28.91 67.6 0;1 1004.745 196.065 31.99 83.45 6.9636;1 1016.86 31.13 32.3 61.94 0;1 1128.415 552.025 76.89 30.05 343.74;9 962.1 474.32 38.28 13.44 0
v_37t2a4g7bo_0024,1 33.245 547.65 33.15 65.44 88.4;1 85.44 494.535 30.1 72.13 92.7;1 301.495 525.59 84.19 29.74 357.5;1 529.04 520.965 28.52 76.77 89.2;1 991.38 285.115 32 83.45 8.8667;1 1015.79 159.04 32.3 83.24 0;1 1072.645 586.005 71.39 30.05 330.6;9 692.315 481.725 35.15 13.43 0
v_37t2a4g7bo_0049,1 48.435 541.96 84.19 29.74 357.5;1 39.76 494.365 30.1 72.13 91.3;1 286.07 526.175 28.52 76.77 89.2;1 960 403.395 32 83.45 20.8;1 1001.425 727.845 71.39 30.05 280.9455;1 1019.55 258.45 32.3 83.24 0;1 1018.835 95.595 29.89 81.23 0;9 427.795 489.98 35.15 13.44 0
v_38e4ejn0c6_0000,1 79.525 545.78 103.53 39.9 0;1 327.485 511.29 93.45 35.86 0;1 534.7 516.595 86.2 42.79 0;1 765.19 520.35 82.64 32.84 350.2;1 998.275 32.24 37.13 64.48 0;1 1006.975 151.59 36.43 85.14 0;1 1017.89 653.095 33.2 80.71 31.1;1 1027.285 454.015 36.39 87.57 0;1 1747.215 523.445 97.81 36.19 0
v_38e4ejn0c6_0024,1 162.365 527.93 93.45 35.86 353.7;1 335.13 541.095 86.2 39.71 354.7;1 558.37 530.995 84.08 32.83 358.2;1 985.955 791.785 33.21 83.19 6.3;1 996.675 132.58 37.13 87.2 0;1 999.57 254.565 37.4 84.47 2;1 1024.75 641.525 36.4 87.57 0;1 1451.585 513.065 97.21 36.19 0;1 1865.695 485.23 86.39 35.2 0;9 1046.02 148.56 12.8 40.78 0
v_38e4ejn0c6_0049,1 11.56 544.2 23.12 35.86 354.7;1 169.915 550.335 89.43 39.71 357.46;1 389.24 534.25 85.98 32.84 356.97;1 976.345 992.68 33.21 86.92 0.8;1 989.255 236.62 37.13 87.2 3.24;1 990.78 400.225 37.4 83.45 0.27;1 1021.375 825.395 36.39 87.57 0;1 1308.04 510.285 93.68 36.19 0;1 1742.38 484.275 90.1 36.39 0;9 1046.94 265.79 12.8 40.78 0
v_39x8woytol_0000,1 922.44 1018.82 30.4 76.6 0;1 924.37 921 28.7 73.3 0;1 967.155 869.08 31.07 70.2 0;1 976.15 962.03 29.1 79.1 0;7 969.335 1054.795 29.39 50.41 0;7 1528.62 230.29 113.3 42.62 0;9 995.16 751.745 9.64 36.99 359.1;9 996.39 850.13 10.68 37.38 352.344
v_39x8woytol_0024,1 923.25 994.69 30.4 76.6 0;1 923.86 876.38 28.7 73.3 0;1 967.075 867.695 31.07 70.19 0;1 976.05 957.66 29.1 79.1 0;7 969.335 1053.835 29.39 52.33 0;7 1292.03 237.445 113.3 42.61 0;9 994.84 748.325 9.64 36.99 359.1;9 996.205 850.7 10.69 37.38 351.2541
v_39x8woytol_0049,1 918.41 1069.95 28.5 20.1 0;1 919.54 884.37 30.4 76.6 0;1 919.04 753.02 28.7 73.3 0;1 966.335 837.74 31.07 70.2 0;1 976.815 946.57 29.11 79.1 0;7 969.335 1052.83 29.39 54.34 0;7 1196.95 243.32 113.3 42.62 0;9 958.99 660.5 11.3 32 347.8;9 974.955 735.735 10.69 37.39 351.5214;9 994.51 744.765 9.64 36.99 359.1
v_39yod0rtmj_0000,none
v_39yod0rtmj_0024,none
v_39yod0rtmj_0049,none
v_3amaoq1g5v_0000,8 973.39 1032.865 66.12 22.55 268
v_3amaoq1g5v_0024,8 975.35 1064.985 29.84 22.55 268
v_3amaoq1g5v_0049,none
v_3cfwxaw23f_0000,1 33.42 487.565 66.76 36.47 0;1 375.42 536.155 104.72 42.83 0;1 476.205 486.04 93.77 37.28 0;1 686.87 501.07 102.7 40.78 0;1 976.91 886.37 34.6 88.8 0;1 985.05 554.17 35.1 88.2 0;1 1083.63 549.67 98.5 36.5 354.8;1 1103.9 489.55 96.7 38.36 0;1 1213.095 495.13 96.41 42.92 0;1 1268.905 545.49 37.99 103.5 90.329;1 1320.12 492.155 96.24 38.79 0;1 1393.185 557.135 101.99 39.07 3.6;1 1421.515 501.1 98.89 38 1.2;1 1521.78 551.68 94.2 38.1 0;1 1560.875 511.215 93.21 37.35 358.2;1 1630.72 557.14 105.08 39.3 0;1 1663.645 504.5 89.05 36.18 0;1 1754.015 557.81 101.91 37.74 0.1;1 1793.38 502.205 101.1 36.25 359.1;1 1858.63 567.735 91.82 32.63 0;1 1890.715 500.005 58.57 36.25 0;2 992.03 13.41 35.64 26.58 0;7 918.03 537.51 35.8 116.7 0;9 864.285 585.655 33.33 14.17 6.8
v_3cfwxaw23f_0024,1 368.62 493.02 90.82 36.46 0;1 592.48 544.565 104.72 42.83 0;1 636.62 487.7 93.78 37.28 0;1 756.615 502.495 102.69 40.79 0;1 909.72 1004.36 33.5 84.8 0;1 978.96 716.87 34.6 88.8 0;1 986.24 948.255 34.48 72.29 3.1;1 988.66 247.38 35.1 88.2 0;1 1083.81 549.67 98.5 36.5 354.8;1 1106.56 489.835 96.7 38.35 0;1 1213.36 495.4 96.4 42.92 0;1 1268.675 545.91 37.99 103.5 90.5;1 1320.33 492.705 96.24 38.79 0;1 1392.435 557.725 101.99 39.07 3.6;1 1421.035 501.25 98.89 38 1.2;1 1519.42 552.19 94.2 38.1 0;1 1561.635 511.385 93.21 37.35 358.2;1 1630.12 557.32 105.08 39.3 0;1 1664.345 505.16 89.05 36.18 0;1 1751.735 558.15 101.91 37.74 0.1;1 1790.89 502.76 101.1 36.24 359.1;1 1855.84 568.165 91.82 32.63 0;1 1889.635 500.605 60.73 36.25 0;7 922.23 183.59 35.8 116.7 0;9 1021.95 584.21 33.34 14.18 359.8
v_3cfwxaw23f_0049,1 297.505 491.95 98.93 44.3 0;1 563.09 494.565 90.82 36.47 0;1 694.63 545.585 104.72 42.83 0;1 703.8 488.295 93.78 37.27 0;1 835.94 499.005 102.7 40.79 0;1 910.71 895.53 33.5 84.8 0;1 913.38 1053.775 34.14 52.15 0;1 979.5 478.52 34.6 88.8 0;1 980.73 960.17 34.7 85.88 0;1 988.18 828.525 34.48 72.29 3.1;1 1083.115 549.29 98.49 36.5 354.8;1 1106.17 489.24 96.7 38.36 0;1 1213.64 495.68 96.4 42.92 0;1 1268.525 545.43 37.99 103.5 90.5;1 1320.54 493.285 96.24 38.79 0;1 1388.665 558.125 101.99 39.07 3.6;1 1420.535 501.4 98.89 38 1.2;1 1516.96 552.72 94.2 38.1 0;1 1562.425 511.555 93.21 37.35 358.2;1 1629.49 557.51 105.08 39.3 0;1 1665.08 505.84 89.04 36.18 0;1 1749.355 558.51 101.91 37.74 0.1;1 1788.29 503.345 101.1 36.25 359.1;1 1852.94 568.625 91.82 32.63 0;1 1888.51 501.23 62.98 36.26 0;9 78.53 529 57.88 19.7 0;9 1259.815 585.12 33.33 14.18 359.8
v_3cmp7nv5ce_0000,1 375.785 477.805 91.55 35.01 0;1 485.245 475.36 92.83 37 0;1 603.825 479.625 110.81 35.13 0;1 725.99 480.98 95.2 38.3 0;1 764.58 541.72 88.98 34.54 0;1 844.11 487.96 84.08 33.8 0;1 911.43 987.39 33.4 87.2 0;1 917.635 770.06 35.29 86.5 0;1 922.62 262.655 33.68 104.99 0;1 966.69 1033.45 34.6 88.58 0;1 971.22 884.37 35.8 91.1 0;1 991.52 700.175 32.44 87.99 0;1 1127.905 557.625 101.17 38.17 1.3;1 1118.3 505.005 33.4 91.73 67.9;1 1228.945 487.905 102.15 37.91 0;1 1240.575 545.28 32.63 88 88.5947;1 1350.83 494.165 89.7 34.85 0;1 1347.765 546.475 39.11 89.45 93.4;1 1441.68 496.525 91.9 36.91 0;1 1570.48 497.385 113.24 39.81 0;1 1639.35 557.825 33.5 91.51 89;1 1685.185 507.12 96.53 35.66 0;1 1752.99 553.695 98.24 38.07 0;1 1798.55 511.85 90.46 33.7 0;1 1863.255 573.465 92.55 32.51 1.2;1 1896.855 504.31 46.29 35.16 0;3 1492.86 548.99 163.14 41.68 0.2;9 987.86 567.355 29.4 10.85 0.1;9 1792.11 594.635 43.14 12.91 359.5
v_3cmp7nv5ce_0024,1 131.525 472.245 88.89 36.71 0;1 377.475 477.855 91.55 35.01 0;1 485.565 474.46 92.83 37 0;1 604.725 478.955 110.81 35.13 0;1 725.855 480.675 95.19 38.29 0;1 793.63 542.1 88.98 34.54 0;1 844.38 488.14 84.08 33.8 0;1 910.545 1029.03 35.25 90.9 0;1 913.6 846.87 33.4 87.2 0;1 927.935 539.91 35.29 86.5 0;1 969.38 942.84 34.6 90.5 0;1 974.95 807.27 35.8 91.1 0;1 974.01 1066.63 30.5 26.66 0;1 997.5 573.385 32.44 87.99 3.1;1 1128.155 557.825 101.17 38.17 1.3;1 1118.97 504.785 33.4 91.73 67.9;1 1228.97 488.035 102.14 37.91 0;1 1240.765 545.075 32.63 87.99 88.7674;1 1353.31 494.215 89.7 34.85 0;1 1348.33 546.49 39.1 89.44 93.4;1 1441.845 496.805 91.91 36.91 0;1 1570.795 497.455 113.25 39.81 0;1 1640.95 558.35 33.5 91.52 89;1 1685.39 507.195 96.52 35.67 0;1 1754.39 554.415 98.24 38.07 0;1 1798.21 512.17 90.46 33.7 0;1 1864.315 573.975 92.55 32.51 1.2;1 1897.235 504.31 45.53 35.16 0;3 1493.265 549.37 163.13 41.68 0.2;9 1107.31 583.49 29.4 10.84 4.325;9 1793.125 595.32 43.13 12.9 359.5
v_3cmp7nv5ce_0049,1 164.46 517.045 95.9 34.27 6.5;1 232.58 470.845 88.9 36.71 0;1 377.655 476.02 91.55 35 0;1 486.285 474.41 92.83 37 0;1 605.375 478.345 110.81 35.13 0;1 725.71 480.36 95.2 38.3 0;1 809.98 543.575 88.98 34.55 0;1 844.66 488.32 84.08 33.8 0;1 898.74 1057.85 35.88 44.3 0;1 917.855 855.29 35.25 90.9 0;1 918.91 634.24 33.4 87.2 0;1 957.035 43.205 35.29 86.41 1.1;1 970.55 893.945 34.6 90.49 0;1 976.69 758.99 35.8 91.1 0;1 974.24 1007.925 30.5 90.41 0;1 999.875 348.165 32.43 87.99 358.5;1 1128.42 558.03 101.16 38.18 1.3;1 1119.66 504.56 33.4 91.72 67.9;1 1228.995 488.175 102.15 37.91 0;1 1240.955 544.86 32.63 88 88.9473;1 1355.9 494.255 89.7 34.85 0;1 1348.915 546.5 39.11 89.44 93.4;1 1444.6 497.215 91.9 36.91 0;1 1571.12 497.525 113.24 39.81 0;1 1685.605 507.27 96.53 35.66 0;1 1656.345 558.7 33.49 91.52 89;1 1757.46 554.54 98.24 38.06 0;1 1797.855 512.5 90.45 33.7 0;1 1865.375 573.715 92.55 32.51 1.2;1 1897.63 504.31 44.74 35.16 0;3 1496.115 549.46 163.13 41.68 0.2;9 1238.615 578.645 29.39 10.85 2.6;9 1795.975 595.96 43.13 12.9 359.5
v_3fpyvs4nkz_0000,1 1592.49 539.83 77.78 36.06 358.6
v_3fpyvs4nkz_0024,1 1385.47 535.31 77.78 36.06 359.7
v_3fpyvs4nkz_0049,1 1206.98 532.97 77.78 36.06 359.7;1 1827.695 525.915 91.63 38.87 349.33
v_3g05g0gp9l_0000,1 248.365 530.475 114.25 45.27 2.5;1 364.835 481.35 99.33 37.06 359.34;1 880.81 428.975 93.5 42.71 321.82;1 933.34 275.465 79.62 38.87 280.58;1 915.265 658.645 38.21 93.05 0;1 952.295 12.655 94.69 25.31 269.5;1 927.925 845.32 42.49 97.1 0;1 988.15 934.47 36.5 91.7 0;1 1001.415 1051.735 38.51 56.53 0;1 1449.205 531.9 89.17 37.18 358.6;1 1528.99 482.06 85.76 40 0;1 1684.33 479.15 93.5 37.2 359.5;1 1806.95 487.69 91.46 38.92 358.8;1 1800.26 552.32 39.08 96.1 90.55;2 644.855 481.165 102.69 41.99 0;4 943.03 542.975 96.86 36.13 0;7 604.35 536.88 138.82 47.16 0.7
v_3g05g0gp9l_0024,1 186.555 486.365 110.73 44.97 0;1 529.62 541.18 105.56 42.34 0.8;1 598.975 478.745 93.25 36.37 0.5;1 915.91 491.085 39.38 92.03 0;1 947.49 28.155 84.06 38.87 271.94;1 927.255 700.56 42.49 97.1 0;1 959.6 209.085 96 42.71 274.18;1 988.45 827.96 36.5 91.7 0;1 1003.805 976.22 37.67 93.4 0;1 1523.155 530.075 89.17 37.17 357.9;1 1594.785 483.21 90.19 40 0;1 1752.335 480.91 94.45 37.2 359.5;1 1873.085 486.92 91.45 38.92 358.8;1 1848.42 551.74 39.08 96.1 87.14;2 751.11 479.055 95.82 41.99 358.45;4 1202.74 541.17 96.86 36.12 0;7 699.255 531.275 132.85 44.81 356.55
v_3g05g0gp9l_0049,1 465.89 480.705 106 44.97 0;1 642.51 543.155 104.46 42.33 0.8;1 715.7 478.385 93.24 36.37 359.9;1 927.73 402.15 42.5 97.1 0;1 937.155 190.83 39.37 92.02 4.8;1 990.25 600.955 36.5 86.65 0;1 993.73 1027.205 42.78 105.59 0;1 1001.635 877.09 37.67 93.4 357.4;1 1564.315 527.07 89.17 37.18 357.9;1 1658.235 483.15 90.19 40 0;1 1798.285 480.755 94.45 37.21 359.5;1 1859.66 550.53 39.08 96.1 86.9;1 1889.94 485.62 60.12 38.92 358.8;2 827.76 471.585 93.22 38.51 351.9;4 1380.305 539.52 96.87 36.12 0;7 86.95 485.865 137.98 46.79 357.96;7 778.165 523.9 127.93 44.82 354.14
v_3hu5i340rr_0000,none
v_3hu5i340rr_0024,none
v_3hu5i340rr_0049,none
v_3hwakpnt2u_0000,1 153.43 493.115 89.98 39.33 0;1 604.265 530.585 83.63 36.73 0;1 803.74 497.065 37.2 78.89 68.54;1 904.91 417.14 33 81.82 21.56;1 931.63 246.9 35.3 85.6 0;1 972.9 807.075 85.72 35.87 275.32;1 991.33 646.24 35.5 87.3 0;1 1179.095 535.25 102.25 35.76 354.82;1 1329.79 524.535 87.86 37.03 0;1 1457.12 516.64 92.22 35.16 0;1 1797.325 514.955 91.21 36.95 0;4 287.14 547.395 36.84 88.95 88.74;4 986.895 177.05 32.69 83.6 0;9 467.445 515.485 12.75 35.99 85.84
v_3hwakpnt2u_0024,1 128.67 492.935 89.98 39.33 0;1 280.625 547.255 87.93 37.09 0;1 561.56 523.93 37.2 80.76 86.2;1 732.135 532.895 33.01 81.81 72.5;1 921.56 377.21 35.3 85.6 4.14;1 936.05 184.185 36.4 83.37 0;1 991.34 1050.525 56.1 35.87 264.7;1 993.98 847.75 35.5 87.3 0;1 1081.585 569.54 102.25 35.76 333.72;1 1261.53 527.855 85.08 36.13 0;1 1367.47 515.5 86.84 35.16 0;1 1541.815 508.195 91.21 36.95 0;4 986.235 312.145 32.69 83.59 0;9 110.76 527.86 12.76 35.98 89.5
v_3hwakpnt2u_0049,1 128.51 492.96 89.98 39.34 0;1 238.19 540.975 37.2 85.97 88.66;1 400.78 561.345 33 83.23 89.3;1 842.5 503.86 35.3 85.6 53.1;1 933.59 330.43 36.4 83.38 0;1 996.13 689.56 102.24 35.76 289.66;1 1000.63 1034.54 35.5 87.3 0;1 1202.935 533.945 84.37 37.21 354.7;1 1317.38 515.365 86.84 35.15 0;1 1419.78 505.125 91.2 36.95 0;1 1819.58 513.855 101.08 38.59 0;4 986.13 487.8 32.7 82.34 0
v_3i2xdnle8a_0000,1 1870.055 511.965 97.51 44.47 344.4;8 16.255 513.06 27.17 32.14 268.5
v_3i2xdnle8a_0024,1 1605.39 529.885 102.38 44.47 356.8
v_3i2xdnle8a_0049,1 1318.04 525.47 102.38 44.48 359.68
v_3klp90psrs_0000,1 1172.96 531.585 80.28 43.15 359.9;8 996.705 847.985 25.15 90.41 0
v_3klp90psrs_0024,1 997.965 978.46 48.75 111.9 0;1 1013.905 528.815 80.29 43.15 359.9;8 992.065 720.415 25.15 84.27 0
v_3klp90psrs_0049,1 748.095 529.38 80.29 43.16 359.9;1 1005.115 726.1 48.75 111.9 0;8 953.185 578.84 25.15 84.26 327.925
v_3mx8i4vo8k_0000,1 484.435 522.935 110.37 52.55 0
v_3mx8i4vo8k_0024,1 99.55 525.56 79.74 52.56 0
v_3mx8i4vo8k_0049,none
v_3qiyfyeqir_0000,1 996.91 783.92 34.56 88.78 357.72;1 1691.64 535.765 94.44 39.35 356.9
v_3qiyfyeqir_0024,1 946.57 608.605 34.56 88.79 331.24;1 1399.175 533.235 94.43 39.35 359.3
v_3qiyfyeqir_0049,1 747.59 491.84 34.56 88.78 281.47;1 1165.375 529.54 94.43 39.34 359.3
v_3rf7kxf79v_0000,1 419.135 491.37 98.23 38.74 0;1 590.24 490.195 88.48 38.53 0;1 804.91 479.135 92.38 37.53 351.34;1 824.955 547.685 91.07 38.09 0;1 915.02 113.02 38.14 92.5 0;1 948.155 330.395 102.85 40.79 291.04;1 921.55 892.605 42.14 99.59 0;1 921.21 15.25 38.88 30.5 0;1 921.95 681.545 40.14 102.23 0;1 921.18 210.235 37.02 86.75 0;1 1038.655 552.64 87.81 37.8 1.72;1 1192.67 517.625 85.62 36.89 351.16;1 1304.175 546.28 40.25 88.5 90.9;1 1361.845 449.285 95.15 41.45 358.1;1 1562.42 488.03 103.8 42.34 359.8;1 1619.075 533.09 89.95 37.18 356.3;1 1719.855 494.755 90.19 40.01 0;1 1826.565 494.06 94.45 37.2 359.5;1 1851.14 563.44 39.08 96.1 86.9;4 1498.505 547.43 97.95 36.12 359;7 984.14 71.91 107.88 44.86 267.5;9 975.75 895.405 14.5 45.37 0;9 1389.27 581.345 14.48 35.91 89.7
v_3rf7kxf79v_0024,1 366.795 532.43 93.97 36.62 1.49;1 504.515 489.3 96.17 38.74 0;1 683.88 491.115 88.48 38.53 0;1 824.49 547.495 91.08 38.09 0;1 911.67 401.82 87.42 37.52 312.15;1 913.685 39.005 38.15 78.01 0;1 920.61 208.51 37.02 86.76 0;1 924.205 722.81 41.97 99.14 0;1 923.34 538 40.14 95.44 0;1 924.38 1045.29 35.3 69.42 0;1 966.865 156 106.01 40.78 272.02;1 1129.685 558.88 87.81 37.8 3.06;1 1298.45 503.705 87.34 36.89 356.06;1 1363.375 449.09 95.15 41.46 358.1;1 1340.245 545.72 40.25 87.68 90.9;1 1564.53 487.315 103.8 42.33 359.8;1 1622.06 531.93 89.96 37.18 356.3;1 1724.015 493.5 90.19 40 0;1 1830.335 493.16 94.45 37.2 359.5;1 1854.25 563.44 39.08 96.1 86.9;4 1500.665 547.1 97.95 36.12 359;9 972.91 678.805 14.5 45.37 0;9 1666.92 559.375 14.48 39.79 85.54
v_3rf7kxf79v_0049,1 611.79 491.21 95.64 38.74 0;1 620.315 544.245 93.29 36.01 0;1 770.38 490.635 88.48 38.53 0;1 824 547.295 91.08 38.09 0;1 919.31 160.715 37.02 86.75 0;1 923.345 399.205 40.15 95.43 0;1 927.125 563.78 40.45 95.06 0;1 929.36 906.7 35.3 96.1 0;1 973.4 227.5 90.48 37.52 278.6;1 983.16 973.2 39.4 94.6 0;1 1215.04 561.92 87.82 37.8 1.05;1 1364.49 446.8 95.16 41.46 358.1;1 1364.625 544.69 40.25 87.68 90.9;1 1395.89 497.305 91.68 36.89 357.38;1 1566.45 484.55 103.8 42.34 359.8;1 1623.975 529.13 89.95 37.18 356.3;1 1727.635 490.5 90.19 40 0;1 1832.895 488.71 94.45 37.2 359.5;1 1856.985 558.725 39.07 96.11 86.9;4 1502.705 543.355 97.95 36.13 359;9 985.21 379.125 14.5 45.37 0;9 1913.06 523.975 13.88 39.79 91.54
v_3sf3g6z4ah_0000,8 1826.63 491.275 66.12 22.55 0;9 615.415 494.84 51.65 16.6 0.5
v_3sf3g6z4ah_0024,8 1769.705 491.445 66.13 22.55 0;9 388.78 478.215 51.64 16.59 0.5
v_3sf3g6z4ah_0049,8 1710.4 491.625 66.12 22.55 0;9 196.495 464.715 51.65 16.59 17.44
v_3stjhlx9aj_0000,none
v_3stjhlx9aj_0024,none
v_3stjhlx9aj_0049,none
v_3t2nhw1itn_0000,1 701.23 1011.335 94.1 34.41 10.3667;1 693.68 421.28 72.6 29.1 0;1 923.58 1018.95 30.4 76.6 0;1 926.52 922.45 28.7 73.3 0;1 969.455 866.055 31.07 70.19 0;1 977.76 971.9 29.1 79.1 0;1 1124.42 421.95 90.76 35.5 0;1 1165.095 367.57 77.45 31.24 0;1 1645.7 452.76 78.8 30.9 0;1 1724.64 355.88 79.5 32.4 0;1 1763.76 415.88 98.68 32.5 0;2 28.29 465.22 56.42 35.8 0;9 988.475 907.19 10.69 37.38 45.1;9 997.79 780.225 9.64 36.99 359.1
v_3t2nhw1itn_0024,1 799.96 1068.37 41.9 23.26 41;1 923.44 1019.02 30.4 76.6 0;1 926.16 923.39 28.7 73.3 0;1 969.285 865.665 31.07 70.19 0;1 977.655 970.91 29.11 79.1 0;1 1143.3 421.69 72.6 29.1 0;1 1566.5 363.29 77.44 31.24 0;1 1585.13 418.795 90.76 35.51 0;2 408.96 462.28 107.82 35.8 0;9 997.47 776.805 9.64 36.99 359.1;9 999.705 850.83 10.69 37.38 0.3367
v_3t2nhw1itn_0049,1 207.735 462.28 78.19 29.58 0;1 923.3 1019.1 30.4 76.6 0;1 925.8 924.37 28.7 73.3 0;1 968.915 866.675 31.07 70.19 0;1 977.54 969.89 29.1 79.1 0;1 1612.77 415.22 72.6 29.1 0;1 1912.55 357.78 14.9 31.24 0;2 851.93 461.99 107.82 35.8 0;9 997.145 773.245 9.63 36.99 359.1;9 999.235 850.73 10.69 37.38 359.2014
v_3tpe0xom25_0000,1 62.73 66.815 76.9 34.75 0;1 828.915 521.07 68.49 30.88 46.32;1 913.945 864.865 31.41 79.09 0;1 966.27 809.565 33.74 78.65 0;1 971.6 915.465 31.5 82.19 0;1 1290.88 408.89 86.48 34.22 0;1 1303.51 470.65 79.54 31.42 358.8;2 427.765 234.285 95.95 37.55 358.6;2 1690.74 439.865 101.76 32.83 356.1;5 568.295 457.215 173.81 48.73 0;9 935.065 800.52 10.75 34.04 352.3;9 1547.39 401.93 38.44 11.08 356.6
v_3tpe0xom25_0024,1 66.265 70.03 76.89 34.76 0;1 846.365 693.95 68.49 30.88 90.7;1 914.205 865.58 31.41 79.1 0;1 966.61 810.205 33.74 78.65 0;1 971.82 916.235 31.5 82.19 0;1 1632.365 455.875 81.87 31.41 357;1 1675.19 396.8 88 36.36 0;2 19.905 253.03 39.81 37.54 358.6;5 813.44 455.795 170.18 48.73 0;9 935.065 800.61 10.75 34.04 352.3
v_3tpe0xom25_0049,1 37.975 76.035 73.41 34.75 0;1 843.48 983.86 69.66 30.88 90.7;1 914.48 866.325 31.42 79.09 0;1 966.97 810.87 33.74 78.64 0;1 972.06 917.035 31.5 82.19 0;5 1083.76 454.425 163.98 49.71 0;9 935.385 801.13 10.75 34.04 352.3
v_3u1ern1dd8_0000,1 542.01 512.09 29.46 69.8 90.5;1 822.535 519.805 28.85 66.29 66.3;1 1031.345 490.345 82.35 28.07 359.1333;1 1007.52 138.845 31.9 81.77 1.1667;1 1014.34 271.75 30.26 80.78 359.1;1 1029.785 22.4 30.55 44.8 0;1 1131.285 533.355 97.47 32.93 354.6;1 1801.015 512.12 86.31 29.74 0
v_3u1ern1dd8_0024,1 370.715 510.96 29.45 69.8 90.5;1 555.175 545.715 28.85 66.29 86.7333;1 881.67 497.945 82.34 28.07 357.4;1 945.005 547.015 95.89 32.93 355.6667;1 995.02 376.255 30.26 80.77 16.3333;1 999.4 219.145 31.9 81.77 4.6333;1 1030.9 86.385 30.54 82.45 0;1 1456.22 507.33 86.32 29.74 0
v_3u1ern1dd8_0049,1 195.755 503.48 29.45 69.8 90.5;1 283.065 552.505 28.85 66.29 89.2;1 651.74 552.755 92.72 32.93 357.8;1 702.175 502.545 82.35 28.07 357.4;1 903.755 475.905 30.25 80.77 54.44;1 982.83 335.425 31.9 81.77 9.14;1 1030.34 205.32 30.54 82.44 0;1 1288.795 510.32 86.31 29.74 359.08
v_3u3i92ctzs_0000,1 19.37 536.34 38.66 36.7 359.2;1 950.885 844.105 84.11 34.69 275.6;1 935.275 729.9 37.21 81.72 0;1 945.02 1061.05 39.58 35.92 270;1 953.605 957.88 40.57 95.52 0;1 999.58 1067.385 36.54 25.15 359.4;1 1002.1 951.215 35.04 86.77 0.9;1 1076.93 574.58 86.1 36.12 341.92;1 1222.905 531.39 85.81 35.82 0;1 1387.29 530.83 81.8 34.9 0;1 1578.83 530.365 91.7 34.59 0;1 1776.765 488.24 93.05 35.18 0;4 982.365 759.665 82.39 38.19 278.1;9 914.79 683.37 13.7 43.12 26.7;9 916.37 977.565 13.9 44.61 0
v_3u3i92ctzs_0024,1 950.755 844.105 84.11 34.69 275.6;1 934.935 750.78 33.69 81.72 0;1 945.02 1061.37 38.94 35.92 270;1 953.605 958.46 40.57 95.52 0;1 1023.805 605.93 86.11 36.12 326.48;1 999.58 1067.48 36.54 24.96 359.4;1 1002.125 951.455 35.05 86.77 0.9;1 1082.11 528.89 85.8 35.82 0;1 1294.5 530.97 81.8 34.9 0;1 1435.51 529.46 91.7 34.58 0;1 1739.985 489.42 93.05 35.18 0;4 982.17 759.665 82.4 38.19 278.1;9 911.34 788.09 13.7 43.12 352.52
v_3u3i92ctzs_0049,1 834.19 533.325 85.8 35.83 0;1 950.615 844.105 84.11 34.69 275.6;1 934.765 752.94 33.69 81.72 0;1 945.02 1061.71 38.28 35.92 270;1 953.605 959.065 40.57 95.51 0;1 1007.375 620.445 86.11 36.11 322.15;1 999.58 1067.575 36.54 24.77 359.4;1 1002.15 951.705 35.04 86.77 0.9;1 1195.32 531.19 81.8 34.9 0;1 1337.825 530.275 86.39 34.59 0;1 1598.545 493.035 93.05 35.19 0;4 981.97 759.665 82.4 38.19 278.1;9 915.25 965.71 13.7 43.12 0.4
v_3vf73dh5d4_0000,1 398.89 490.05 95.2 40.32 357.5;1 746.785 504.325 102.15 39.39 346.96;1 1248.69 510.725 99.8 43.73 0;7 981.49 480.485 138.98 40.15 0;8 1613.78 499.21 63.16 29.2 0
v_3vf73dh5d4_0024,1 288.19 548.56 92.56 37.96 0;1 318.385 494.365 101.51 39.43 0;1 831.58 492.565 95.2 40.33 357.5;1 940.525 430.37 102.15 39.4 322.8;1 1760.495 530.225 99.79 43.73 0;7 66.35 472.845 101.64 42.47 0;7 1481.575 497.355 138.97 40.15 0.7
v_3vf73dh5d4_0049,1 135.17 505.47 95.92 36.2 0;1 595.445 531.975 92.57 37.95 357.2;1 712.225 490.015 101.51 39.43 0;1 1002.91 241.965 102.16 39.39 273.6333;1 1363.88 507.94 95.2 40.32 358.15;2 33.8 549.5 67.6 43.04 0;7 393.36 469.925 101.64 42.47 0;9 359.685 524.29 48.29 14.7 0
v_3w49zw27sc_0000,1 37.56 434.2 75.12 32.4 0;1 62.99 485.005 79.74 33.17 0;1 119.155 381.74 88.59 33.18 0;1 158.295 222.985 81.51 34.05 0.3;1 177.04 314.04 73.1 33.82 0;1 235.31 437.72 68.5 27.16 0;1 243.22 482.67 76.28 32.72 0;1 271.33 271.245 101.66 39.35 0;1 352.31 384.305 85.12 34.37 0;1 351.415 225.525 82.61 34.73 0.2;1 397.45 431.575 88.3 34.21 0;1 504.945 310.64 83.71 36.56 0;1 544.55 384.165 86.4 35.03 0;1 574.205 430.17 83.61 33.72 0;1 637.12 1016.235 83.36 36.55 3;1 713.245 268.91 68.55 32.62 0;1 771.32 500.985 77.94 33.41 16.16;1 790.635 318.415 77.19 32.97 0;1 821.72 437.535 88.7 35.03 2.2;1 846.865 881.785 77.93 33.35 90.4;1 894.905 390.155 83.13 33.43 0;1 986.405 122.325 85.19 38.59 0;1 1030.695 219.395 82.91 37.25 0;1 1041.23 319.295 81.02 34.21 0;1 1050.64 430.785 86.38 30.71 0;1 1124.99 382.78 80.9 32.76 0;1 1137.18 215.65 86.6 41.3 0;1 1210.025 269.085 84.97 37.97 359.4;1 1251.065 217.085 90.91 35.47 0;1 1297.125 314.825 82.85 34.01 0;1 1353.69 377.435 89.8 31.31 0;1 1435.54 263.595 86.9 33.99 0;1 1516.195 422.07 83.21 35.1 0.69;1 1756.78 207.175 88.7 32.93 0;4 859.785 631.05 76.65 32.26 90.1667;4 1627.6 264.38 95.8 35.62 0;7 481.725 480.88 134.01 43.62 0;7 930.47 267.52 94.1 46.2 0;7 1449.165 207.56 112.97 47.06 0;7 1485.355 463.025 80.47 29.73 359.3;7 1755.945 377.455 124.23 42.69 0;9 640.25 492.06 35.94 11.58 5.13;9 675.74 477.69 38.98 10.94 4.3;9 703.985 502.825 37.53 11.27 4.92
v_3w49zw27sc_0024,1 36.2 1015.41 72.4 37.12 0;1 65.95 427.975 82.74 30.33 0;1 71.225 308.21 83.71 36.56 0;1 244.415 435.2 83.69 32.4 0;1 264.99 484.845 81.16 30.29 0;1 325.795 382.48 88.59 33.18 0;1 344.965 269.82 68.55 32.62 0;1 416.79 317.33 77.74 32.98 0;1 437.71 483.505 76.28 32.73 0;1 436.71 438.925 68.5 27.17 0;1 578.745 384.305 85.11 34.37 0;1 597.83 430.885 88.3 34.21 0;1 715.05 127.69 85.18 38.58 0;1 718.45 317.865 81.02 34.21 0;1 765.42 1061.045 80.32 36.55 33.14;1 789.985 384.905 85.23 35.03 0;1 807.49 433.29 78.02 29.38 0;1 843.78 590.555 77.4 33.41 70.3;1 847.045 961.615 77.93 33.35 90.4;1 878.48 272.435 84.98 37.97 359.4;1 992.86 317.48 79.2 33.48 0;1 1027.765 219.59 80.95 37.26 0;1 1135.88 215.98 86.6 41.3 0;1 1136.75 438.835 82.64 35.03 359.5;1 1169.66 269.425 79.68 33.99 0;1 1219.445 387.51 80.01 33.44 0;1 1232.305 218.695 90.91 35.47 0;1 1414.96 426.605 86.38 30.71 0;1 1475.25 379.81 80.9 32.76 0;1 1589.85 209.115 88.7 32.93 0;1 1707.835 374.48 89.79 31.32 0;1 1802.94 211.73 104.2 38.7 0;1 1815.08 267.035 93.72 40.81 0;4 31.705 484.525 63.41 30.83 0;4 845.215 834.1 76.65 32.26 90.76;4 1405.17 267.18 91.2 35.62 0;7 598.155 266.57 94.11 46.2 0;7 644.7 476.775 127.6 44.21 0;7 1362.055 209.875 112.97 47.07 0;7 1767.88 459.68 86.7 29.74 359.3;9 765.32 513.23 31.36 10.66 11.975;9 802.04 536.715 36.2 10.77 44.55;9 814.81 508.125 38.36 10.33 21.34
v_3w49zw27sc_0049,1 62.38 1027.27 84.72 36 0;1 81.24 387.35 81.2 31.4 0;1 320.9 430.63 83.32 30.72 0;1 336.605 316.045 81.01 34.21 0;1 372.49 133.165 85.18 38.59 0;1 390.64 1021.455 80.96 36.47 0;1 474.765 273.515 84.97 37.97 359.4;1 482.205 484.285 81.17 30.29 0;1 501.21 434.17 83.7 32.4 0;1 592.545 384.435 87.63 33.17 0;1 600.86 307.765 78.18 34.93 0;1 641.24 482.115 76.28 32.73 0;1 685.27 435.135 68.5 27.17 0;1 814.11 273.585 79.68 33.99 0;1 844.24 1043.69 72.2 33.56 91.3;1 849.935 738.535 75.25 33.41 88.6;1 863.34 433.075 88.3 34.21 0;1 865.97 384.385 78.88 34.37 0;1 997.845 220.43 79.47 37.26 0;1 1085.7 385.215 83.48 35.03 0;1 1122.59 216.33 86.6 41.3 0;1 1134.69 435.315 77.4 29.39 0;1 1229.705 218.275 90.91 35.47 0;1 1472.97 210.415 88.7 32.93 0;1 1539.785 270.885 91.43 39.19 0;1 1539.965 434.635 85.33 35.03 359.5;1 1623.69 385.445 80 33.43 0;1 1635.92 224.21 104.2 38.7 353.55;1 1816.17 304.8 91.06 37.9 0;1 1843.79 421.01 92.06 33.88 0;1 1862.82 374.65 82.78 32.76 0;4 25.985 484.455 51.97 34.05 0;4 108.34 434.405 84.64 33.83 0;4 249.715 485.935 85.57 30.83 0;4 842.375 928.77 76.65 32.26 90.5;4 1078.515 271.735 88.91 35.63 0;7 177.135 262.335 110.13 47.29 0;7 885.555 478.875 118.09 41.99 0;7 1356.885 211.675 112.97 47.07 0;9 821.06 700.73 36.2 10.78 94.22;9 827.495 612.06 31.37 10.66 88.2667;9 869.355 623.705 35.51 10.33 85.74
v_3w9lvhmxmg_0000,1 164.28 520.805 40.2 109.69 90.46;1 207.75 572.47 35.7 79.16 89.3;1 383.335 513.32 95.83 37.82 1.04;1 936.84 420.96 35.48 89.78 27.98;1 963.41 49.29 40.46 96.3 0;1 1007.1 710.305 38.3 88.87 358.7;1 1060.57 211.26 80.68 37.44 20.3;1 1262.98 534.385 88.04 36.59 357.4;1 1340.245 474.97 90.21 37.5 0;1 1458.985 523.47 93.75 35.16 356.8;1 1777.25 512.105 95.22 35.51 357.9;4 1012.825 79.77 36.67 93.32 5.9;9 1044.86 557.095 11.62 35.75 5.38
v_3w9lvhmxmg_0024,1 137.635 513.95 96.85 37.82 359.8;1 209.34 572.285 35.7 79.65 91.5786;1 772.145 506.04 35.47 84.98 82.9333;1 962.91 49.425 40.46 96.31 0;1 1008.46 961.09 38.3 88.88 358.7;1 1042.105 208.98 82.05 39.02 26.7;1 1123.98 550.385 88.04 36.59 347.8;1 1322.47 530.03 89.78 35.16 358;1 1339.575 475.27 90.21 37.5 0;1 1511.92 522.775 94.12 35.51 358;4 1012.805 81.555 36.67 93.31 5.8654;9 1030.2 776.245 11.62 35.75 1.7
v_3w9lvhmxmg_0049,1 212.35 572.125 35.7 80.19 94.1679;1 505.945 516.44 35.47 86.4 88.22;1 962.4 49.56 40.46 96.3 0;1 1009.455 641.585 87.49 36.59 303.33;1 1044.445 210.91 82.05 39.02 25.5;1 1271.08 531.41 89.78 35.16 358.7;1 1339.905 476.94 90.21 37.5 0;1 1379.11 526.545 94.12 35.51 359.1;4 1012.555 80.545 36.67 93.31 5.4333;9 1016.275 1004.205 11.63 35.75 1.325
v_3x5izidfxi_0000,1 418.78 551.5 82.38 33.32 0;1 595.865 493.11 83.39 35.16 0;1 721.5 537.29 89.6 47.38 0;1 929.195 335.665 33.93 80.13 0;1 936.65 579.24 35.58 79.36 0;1 938.195 142.305 34.29 92.11 0;1 984.035 643.98 79.81 34.6 326.2;1 964.81 848.51 36.94 84.56 0;1 965.68 453.81 34.62 82.54 11.3;1 982.33 287.63 35.24 85.14 0;1 985.65 31.02 33.12 62.04 0;1 987.1 760.45 31.62 73.32 11;1 991.97 554.75 35.52 79.68 0;1 1062.425 500.815 84.01 36.83 0;1 1122.89 561.695 79.5 33.25 351.7;1 1344.23 535.99 86.46 34.34 0;9 886.9 411.95 11.76 36.34 10.4
v_3x5izidfxi_0024,1 58.355 527.015 83.51 36.81 0;1 393.08 552.655 91.64 37.47 0.5;1 562.34 494.095 83.9 35.35 0;1 878.955 459.095 33.93 80.13 37.9333;1 933.955 246.4 34.29 91.84 0;1 935.805 581.88 35.57 79.36 0;1 962.99 662.925 81.68 34.59 319.3167;1 958.395 888.405 36.95 85.11 7.5;1 960.03 481.925 34.62 82.35 10.35;1 965 382.44 35.24 85.14 18.1;1 982.74 789.33 31.62 73.32 8.9;1 984.145 211.34 33.11 85.42 0;1 991.595 558.38 35.51 79.68 0.2667;1 1044.14 498.66 80.4 30.62 4.4;1 1120.9 561.465 79.5 33.25 351.7;1 1267.5 539.31 86.46 34.34 356.4833;9 742.83 499.44 11.76 36.34 80.3
v_3x5izidfxi_0049,1 54.69 541.99 96.4 37.48 0.5;1 455.96 506.24 86.46 36.34 0;1 692.875 533.405 33.93 80.13 76.8;1 867.82 498.385 35.24 85.15 48.55;1 936.965 733.39 81.69 34.6 284.65;1 926.23 355.03 36.7 88.36 3.45;1 935.47 596.74 35.58 79.36 0;1 947.935 1004.33 36.95 85.12 3.65;1 957.12 502.28 34.62 81.34 8.3;1 971.695 865.49 31.63 73.32 8.9;1 982.085 322.05 33.11 83.72 0;1 992.025 606.73 35.51 79.68 358.6;1 1015.99 975.83 42.08 95.08 359.78;1 1040.335 499.925 80.41 30.61 4.4;1 1106.34 564.525 79.5 33.25 351.7;1 1230.335 542.95 86.47 34.34 355.4;7 951.4 44.23 53.36 88.46 0;9 550.52 515.41 11.76 36.34 89.9
v_3yzj8nkhg0_0000,1 1692.54 526.875 111.68 42.05 0
v_3yzj8nkhg0_0024,1 1388.25 534.495 111.68 42.05 0
v_3yzj8nkhg0_0049,1 1203.78 536.07 111.68 42.04 0
v_3zv0hgbmlm_0000,1 56.29 254.775 79.76 31.05 358.3;1 180.1 301.045 81.9 32.41 357.3;1 185.6 367.14 80 32.9 0;1 246.7 421.33 81.4 32.6 0;1 269.69 467.29 69 28.4 0;1 272.53 253 71.4 23.64 357.6;1 385.125 366.435 76.81 29.65 0;1 456.125 417.44 79.39 31.5 0;1 473.17 305.36 86.8 31.9 358.9;1 476.03 258.755 79.36 32.91 357.8;1 501.69 209.145 79.7 33.47 357.8;1 593.45 461.38 74.42 28.6 0;1 768.465 224.34 73.41 30.8 359.8;1 832.98 911.765 84.6 31.45 93.7;1 835.015 532.21 79.73 30.4 54.7;1 847.93 415.24 79.9 28.9 0;1 940.09 380.49 75.4 29.2 3.3;1 917.235 845.385 28.47 75.49 0;1 943.715 241.73 80.81 31.68 0;1 965.075 1045.25 30.65 69.5 0;1 1034.295 298.66 81.61 28.76 358.8;1 1166.15 364.825 87.9 28.71 0;1 1210.78 460.38 80.3 31.86 0;1 1354.43 243.635 71.9 29.19 358.5;1 1388.69 368.37 80.3 30.6 0;1 1490.67 290.61 100.6 34.7 0;1 1701.56 359.3 80.9 30.7 0;1 1742.345 235.47 76.23 33.4 0;1 1851.31 288.43 83.8 28.7 0;2 221.35 213.38 100.4 39.4 0.4;2 1064.665 195.16 102.63 39.96 358.6;7 655.75 409.11 111.32 28.3 0;7 726.83 458.85 103.08 31.4 0;7 940.21 70.25 148.7 48.62 0.2469;7 919.645 986.07 35.31 131.6 0;7 1121.29 241.755 153.28 40.39 358.8;7 1638.09 233.225 79.4 41.21 0;9 717.34 375.78 26.46 9.4 0;9 880.16 617.65 39.7 9 87.1
v_3zv0hgbmlm_0024,1 34.7 304.08 69.4 31.9 358.9;1 124.675 260.68 79.35 32.9 357.8;1 171.23 382.385 79.24 31.93 355.04;1 178.64 215.005 79.7 33.47 357.8;1 400.715 241.96 73.41 30.8 359.1667;1 447.14 363.1 80 32.9 0;1 482.94 417.25 81.4 32.6 0;1 536.17 463.01 69 28.4 0;1 615.395 296.94 81.61 28.76 358.8;1 640.805 243.105 80.81 31.67 0;1 671.42 415.02 79.38 31.5 0;1 685.535 365.92 76.81 29.66 0;1 722.84 463.82 74.42 28.6 4.72;1 848.675 704.01 79.73 30.4 92.78;1 917.36 845.195 28.46 75.49 0;1 970.04 916.375 30.66 71.63 0;1 1102.39 249.55 71.9 29.18 358.5;1 1154.13 415.41 79.9 28.9 0;1 1166.3 296.075 100.6 34.69 0;1 1327.88 394.67 75.4 29.2 2.2667;1 1447.93 239.36 76.22 33.4 0;1 1536.69 360.635 87.9 28.71 0;1 1577.28 454.36 80.3 31.86 0;1 1609.87 290.96 83.8 28.7 0;1 1761.58 359.69 80.3 30.6 0;2 744.64 199.55 102.64 39.96 358.6;7 839.055 245.42 153.29 40.38 358.8;7 858.35 68.73 148.7 48.62 358.7;7 908.25 458.32 103.08 31.4 0;7 918.81 408.27 111.32 28.3 0;7 919.565 985.52 35.31 131.6 0;7 1342.64 237.785 79.4 41.21 0;7 1732.55 202.045 92.7 33.77 0;9 831.6 959.4 35.4 9 93.7;9 1072.53 376.64 26.46 9.4 0
v_3zv0hgbmlm_0049,1 7.04 269.48 13.74 30.8 357.9;1 94.8 302.11 81.6 28.76 358.8;1 271.555 249.045 80.81 31.67 0;1 300.96 415.455 87.6 31.19 0;1 477.67 368.7 79.24 31.92 0;1 708.74 361.28 80 32.9 0;1 739.65 458.55 69 28.4 0;1 768.945 250.12 71.89 29.18 358.5;1 784.53 298.645 100.6 34.69 0;1 775.34 412.27 81.4 32.6 0;1 828.01 529.94 74.42 28.6 49.4;1 839.46 997.69 79.74 30.4 89.5;1 917.495 844.995 28.47 75.49 0;1 984.58 414.26 79.38 31.5 0;1 969.935 983.125 30.63 77.47 0;1 970.3 866.585 30.66 71.63 0;1 1071.315 365.595 76.81 29.65 0;1 1134.425 244.34 76.23 33.4 0;1 1264.54 292.95 83.8 28.7 0;1 1539.8 408.97 79.9 28.9 0;1 1828.145 396.45 75.39 29.2 0.2;2 357.41 204.16 102.64 39.96 358.6;7 45.21 459.92 90.18 34.6 0;7 491.3 245.65 153.28 40.38 358.8;7 766.63 68.19 148.7 48.62 358.7;7 919.485 984.95 35.31 131.6 0;7 1034.24 240.38 79.4 41.2 0;7 1159.78 459.17 103.08 31.4 0;7 1247.745 403.23 111.31 28.3 0;7 1381.475 198.705 92.69 33.77 0;9 1497.63 368.07 26.46 9.4 0
v_40ggi6c60b_0000,1 47.065 537.27 93.07 40.3 1.2;9 113.84 494.38 55.38 15.84 346.84
v_40ggi6c60b_0024,none
v_40ggi6c60b_0049,none
v_414kh4fpyv_0000,1 906.025 927.28 38.17 86.5 0;1 914.19 1039.11 32.34 77.3 0;1 959.975 989.405 33.83 76.87 0;1 961.055 885.5 35.25 85.9 0;1 1660.975 505.37 83.59 33.88 338.98;7 809.6 438.09 176.4 49.8 0
v_414kh4fpyv_0024,1 207.55 1014.07 77.74 35.88 0;1 906.735 926.05 38.17 86.5 0;1 914.615 1037.6 32.35 77.3 0;1 960.405 986.885 33.83 76.87 0;1 961.145 882.97 35.25 85.9 0;1 1811.14 477.28 85.2 33.88 352.6;7 1107.015 442.265 173.91 49.81 0
v_414kh4fpyv_0049,1 429.13 1017.125 77.74 35.87 0;1 907.355 899.49 38.17 86.5 0;1 915.635 1021.82 32.35 77.3 0;1 961.435 849.69 35.25 85.9 0;1 960.83 984.495 33.82 76.87 0;7 1409.505 441.515 173.91 49.81 0
v_41mozo98in_0000,1 87.66 392.24 88.22 37.46 0;1 98.55 1015.01 74.38 34.94 0;1 158.51 269.575 94.42 34.99 359.3;1 205.57 228.435 84.18 35.47 0;1 234.88 314.7 82.82 34.82 0;1 287.215 432.56 80.39 31.72 0;1 292.2 483.71 87.84 32.66 0;1 443.3 486.34 80.8 32.76 0;1 538.48 461.38 84.26 31.68 1.8;1 621.28 1011.775 81.5 39.05 0;1 660.4 478.88 80.26 31.3 0;1 741.235 1049.575 77.81 34.91 13.7;1 847.505 1030.84 78.59 33 89.4;1 914.125 924.44 38.17 86.5 0;1 926.225 1046.7 32.35 66.6 0;1 966.57 389.695 79.26 31.09 0;1 969.965 221.275 80.87 34.31 0;1 969.055 881.27 35.25 85.9 0;1 1282.215 386.46 77.37 33.04 0;1 1788.88 453.46 81.78 30.84 0.2;2 450.59 278.87 96.14 40.68 1.9;4 421.09 422.965 99.2 36.03 358;4 780.26 500.875 84.04 34.05 12.92;4 841.11 576.625 70.94 31.87 69.82;4 1414.295 427.755 76.47 33.83 0;7 599.335 385.865 191.19 52.47 0;7 679.395 225.81 98.87 46.4 0;7 1113.36 434.76 103.34 39.8 0;9 592.255 504.225 38.71 11.45 0
v_41mozo98in_0024,1 120.675 429.535 80.95 34.63 0;1 365.67 389.275 88.22 37.45 0;1 385.83 1013.055 74.38 34.95 0;1 423.285 483.545 87.83 32.67 0;1 515.945 432.725 80.39 31.73 0;1 547.595 485.745 80.79 32.75 0;1 652.865 470.655 81.81 31.69 5.02;1 695.055 1018.345 81.51 39.05 8.81;1 697.285 225.825 80.87 34.31 0;1 812.125 471.205 79.11 31.27 358.87;1 914.175 924.66 38.17 86.5 0;1 925.605 1033.6 32.35 77.3 0;1 968.665 881.21 35.25 85.9 0;1 1315.32 385.21 79.84 30.88 0;1 1668.145 382.295 80.19 33.05 0;4 672.605 419.46 95.35 36.02 0.3;4 848.44 566.675 80.54 34.05 59.1333;4 845.98 705.085 70.94 31.87 89.9;4 1817.88 422.285 81.68 33.83 0;7 126.455 487.17 175.83 49.62 0;7 312.075 230.115 98.87 46.39 0;7 866.385 388.5 172.03 50.4 0;7 1489.075 432.01 103.33 39.8 0;9 734.965 507.15 38.71 11.46 6.1
v_41mozo98in_0049,1 29.15 388.335 58.3 36.15 0;1 150.605 431.435 85.83 32.55 0;1 277.925 1016.985 86.01 35.13 0;1 360.63 230.685 80.88 34.31 0;1 386.75 430.87 79.3 33.6 0;1 529.27 483.025 87.84 32.67 0;1 604.02 1016.93 69.72 34.94 1.74;1 637.825 389.525 88.23 37.45 0;1 661.455 478.555 80.79 32.75 354.51;1 767.825 1058.295 77.69 36.63 37.16;1 784.59 511.56 78.9 31.68 29.74;1 796.81 434.46 75.94 31.72 0.44;1 914.225 924.88 38.17 86.5 0;1 925.255 1033.87 32.35 77.3 0;1 968.265 881.15 35.25 85.9 0;1 1077.2 474.525 79.12 31.27 0.34;1 1708.795 381.61 82.35 30.88 0;2 35.785 484.915 71.57 40.85 0;4 845.23 729.465 80.54 34.05 93.6;4 844.92 917.465 74.14 31.87 89.9;4 972.23 424.705 91.18 36.03 0.3;7 318.915 488.75 175.83 49.62 0;7 1167.935 384.66 172.03 50.4 0;7 1885.7 428.74 68.6 39.8 0;9 262.215 456.965 49.25 12.91 0;9 839.04 613.795 35.06 11.45 73.15
v_41owgessvl_0000,1 312.1 495.375 95.52 41.87 0;1 445.565 492.48 96.81 37.2 359.4;1 547.49 548.11 96.76 39.18 0;1 553.125 502.31 92.25 37.7 359;1 653.52 490.785 98.96 38.63 0;1 661.98 542.425 95.24 41.59 0;1 824.015 465.63 83.17 35.16 346.9;1 909.16 471.96 39.54 89.16 0;1 922.665 886.74 44.65 94.4 0;1 922.24 1055.26 38.16 49.48 0;1 954.265 337.335 35.91 87.19 359.8;1 969.14 23.605 35.66 47.21 356.78;1 1048.34 480.05 83.76 39.56 0;1 1149.715 474.06 91.49 37.76 2.1;1 1265.98 478.82 91 38.04 359.9;1 1370.98 494.1 87.84 38.06 358.8;1 1376.815 548.45 89.53 36.6 0;1 1497.63 541.55 84.68 34.36 0;1 1487.46 487.795 42.36 91.15 88.3;1 1597.56 538.57 87.64 36.1 359.4;1 1633.48 487.785 36.56 93.41 89.1;1 1747.16 540.265 113.3 40.75 359.1;1 1876.015 479.585 87.97 39.93 359.8;1 1898.005 544.81 43.99 39.24 0.1;4 796.28 542.43 127.1 47.16 0.6;4 980.455 1046.455 37.81 67.09 0;7 993.505 914.355 43.33 124.63 359.4;9 1025.77 980.75 10.42 47.16 3.02
v_41owgessvl_0024,1 313.405 495.375 95.51 41.87 0;1 444.975 491.97 95.21 37.2 359.4;1 546.88 547.8 96.76 39.18 0;1 553.285 501.445 92.25 37.71 359;1 653.085 491.195 99.79 38.63 0;1 661.97 542.375 95.24 41.59 0;1 850.01 450.57 81 35.16 333.36;1 908.52 140.54 39.54 89.16 0;1 919.575 718.91 42.47 92.26 0;1 921.675 969.42 39.91 91.1 0;1 942.545 16.88 35.91 33.76 359.8;1 1048.23 479.675 83.76 39.57 0;1 1149.43 473.775 91.48 37.75 2.1;1 1267.45 477.945 91 38.03 359.9;1 1370.89 494.005 87.92 38.05 358.8;1 1380.605 548.34 89.53 36.6 0;1 1499.025 540.715 84.67 34.37 0;1 1487.12 487.265 42.36 91.15 88.3;1 1624.975 537.1 87.63 36.1 359.4;1 1753.03 484 36.56 93.4 89.1;1 1861.995 536.15 95.09 40.74 359.1;4 795.97 541.73 127.1 47.16 0.6;4 980.885 965.16 37.81 91.1 0;7 990.26 799.51 43.34 118.9 357.86;9 1020.78 885.11 10.42 41.54 355.44
v_41owgessvl_0049,1 317.26 495.885 95.52 41.87 0;1 443.95 491.255 95.2 37.21 359.4;1 546.25 547.49 96.76 39.18 0;1 552.465 500.5 92.25 37.7 359;1 652.37 489.685 103.52 38.63 0;1 661.73 542.255 95.24 41.59 0;1 909 324.61 81.08 35.16 282.88;1 913.7 516.335 41.02 90.83 358.5;1 921.815 842.81 39.91 91.1 0;1 1048.11 479.275 83.76 39.57 0;1 1149.135 473.48 91.49 37.76 2.1;1 1268.33 477.39 91 38.04 359.9;1 1371.745 493.825 88.01 38.05 358.8;1 1381.975 547.64 89.53 36.6 0;1 1510.155 540.135 84.67 34.37 0;1 1503.85 485.485 42.36 91.15 88.3;1 1771.125 535.19 89.19 36.1 359.4;4 795.65 540.69 127.1 47.16 0.6;4 930.64 996.635 36.68 93.43 0;4 976.88 825.68 37.82 91.1 357.7;7 980.535 613.35 42.09 110.34 356.41;9 1014.01 728.93 10.42 34.58 358.11
v_41vksn3nl4_0000,none
v_41vksn3nl4_0024,none
v_41vksn3nl4_0049,9 186.355 475.025 42.61 19.21 0
v_435yrh9pf3_0000,1 181.73 502.695 97.1 38.65 0;1 1114.465 545.205 36.61 92.19 60.5;1 1191.67 471.205 87.36 42.29 0;9 1145.66 419.815 44.32 17.49 0
v_435yrh9pf3_0024,1 650.12 477.905 97.1 38.65 0;1 1327.45 510.385 36.62 92.19 85.1857;1 1647.185 485.605 92.47 42.29 0;9 983.565 865.66 16.89 44.5 0;9 1024.925 899.8 12.61 42.28 315.68;9 1825.9 456.8 45.12 17.48 0
v_435yrh9pf3_0049,1 1101.89 471.165 93.24 38.65 0;1 1698.545 503.655 36.61 94.61 90.6;7 337.595 473.245 129.81 42.71 0;9 14.3 535.805 28.6 16.17 0;9 980.115 748.335 12.61 40.87 359.8;9 1032.155 659.715 11.87 38.29 26.2
v_45wu5fl5fj_0000,1 99.89 490.34 89.98 39.34 0;1 939.1 890.75 83.22 35.18 272.7;1 935.3 317.69 38.84 86.3 0;1 982.96 993.72 76 34.1 270.5;1 978.73 726.265 34.32 81.21 350.9;1 980.05 67.88 36.38 89.2 0;1 991.59 206.7 34.84 87.8 0;1 1177.735 516.41 73.31 35.42 350.1;1 1298.335 549.34 90.37 37.98 358.7;1 1357.77 504.745 76.98 34.69 0;1 1858.72 521.78 92.48 39.26 0;7 936.41 167.17 48.44 139.46 0
v_45wu5fl5fj_0024,1 99.89 490.34 89.98 39.34 0;1 907.115 451.78 38.17 83.74 23.82;1 939.7 941.535 83.22 35.19 271.9;1 983.13 1014.84 76 34.1 270.5;1 980.71 140.57 36.38 89.2 0;1 986.58 869.895 34.32 82.27 0;1 991.44 269.8 34.84 85.82 0;1 1059.78 573.2 69.92 35.42 326.68;1 1257.235 552.51 90.37 37.98 357.9;1 1264.395 500.94 75.37 34.96 0;1 1564.665 513.865 92.49 38.41 0;7 934.76 265.625 48.44 136.03 0
v_45wu5fl5fj_0049,1 99.89 490.34 89.98 39.34 0;1 750.215 527.74 38.17 83.74 84.1;1 939.7 946.46 83.22 35.18 271.9;1 943.035 88.905 38.33 86.33 0;1 987.91 682.77 67.6 35.42 293.1;1 978.34 223.73 36.38 89.2 0;1 985.33 1057.42 46.8 34.1 270.5;1 986.37 930.14 34.32 83.86 0;1 990.09 391.49 34.84 82.84 0;1 1147.245 505.71 75.37 34.96 356.4;1 1193.735 557.195 90.37 37.99 358;1 1333.625 512.14 92.49 37.14 0;7 917.645 409.155 48.45 130.91 15.5
v_474w804oor_0000,1 532.53 1017.65 77.74 35.88 0;1 851.615 279.99 38.17 86.5 342.51;1 911.72 807.825 36.7 83.95 0;1 910.67 568.44 32.34 77.3 355.62;1 915.835 1056.985 35.51 46.03 0;1 923.61 412.765 33.82 76.87 349.13;1 958.71 739.225 38 82.25 0;1 963.95 925.79 37.14 86.2 0;7 324.065 125.54 96.33 46.78 0.5
v_474w804oor_0024,1 532.42 1018.795 77.74 35.87 0;1 708.685 144.37 38.17 86.5 292.53;1 848.72 232.935 33.82 76.87 323.88;1 862.21 386.51 32.34 77.3 333.84;1 906.91 631.395 36.7 83.95 356.92;1 915.96 906.9 34.82 89.06 0;1 960.94 773.65 37.14 86.2 0;1 965.26 609.275 38 82.25 7.3;1 1828.52 558.93 87.64 36.92 359.6;2 1783.88 230.27 113.74 37.2 0;7 35.105 121.05 70.21 46.78 0.5
v_474w804oor_0049,1 418.265 128.34 38.17 86.5 269.9;1 533.38 1018.795 77.74 35.87 0;1 662.02 127.375 33.82 74.91 282.5;1 699.07 284.91 32.34 77.3 281.34;1 876.625 433.855 35.19 81.19 346.32;1 907.295 1047.97 34.79 64.06 0;1 913.09 873.155 34.22 84.31 0;1 918.19 722.415 34.82 88.67 359.52;1 952.65 633.86 37.14 86.2 354.04;1 960.32 862.17 31.14 80.7 0;1 1040.065 503.655 37.99 82.25 49.05;1 1683.61 233.925 94.9 39.45 0;1 1697.54 548.925 82.22 37.51 3.01;1 1733.5 281.755 86.96 38.19 0;1 1905.625 545.61 28.75 36.92 349.8;2 1366.805 230.185 103.41 37.21 0;7 1818.94 327.09 122.4 42.42 0
v_47itnytcm8_0000,1 384.98 557.865 35.7 78.21 82.8;1 743.435 516.04 33.45 82.04 82.62;1 963.57 46.785 40.46 91.37 0;1 964.105 329.125 40.21 113.15 11.86;1 1014.41 95.74 38.3 92.92 1.62;1 1142.44 532.055 99.64 37.81 0;1 1338.345 475.19 90.21 37.5 0
v_47itnytcm8_0024,1 307.08 568.055 35.7 79.17 83.52;1 411.215 513.405 33.45 85.17 90.7;1 886.435 464.595 40.21 113.15 45.46;1 963.57 46.665 40.46 91.13 0;1 1021.955 530.34 96.05 37.82 0;1 994.48 208.015 38.3 92.91 7.52;1 1342.365 474.03 90.21 37.5 0;9 1010.66 129.45 13.96 40.72 0
v_47itnytcm8_0049,1 32.355 529.36 37.83 61.84 86.1;1 250.93 571.24 35.7 79.16 86.58;1 679.815 528.315 40.21 105.63 82.1;1 851.85 528.06 93.66 37.82 0;1 963.57 46.67 40.46 91.14 0;1 994.38 312.73 38.3 92.92 358;1 999.58 128.92 35.48 89.78 6.8;1 1341.665 474.34 90.21 37.5 0;1 1608.505 514.155 93.15 36.59 0;9 1026.225 241.425 11.63 38.73 358.1
v_47qiqdd53d_0000,1 109.895 487.465 104.87 41.77 0;1 315.995 493.415 95.51 41.87 0;1 436.99 489.36 95.2 37.2 359.4;1 542.305 546.35 96.75 39.18 0;1 547.815 498.86 92.25 37.7 359;1 648.275 488.1 101.81 38.62 0;1 661.25 542.015 95.24 41.59 0;1 912.005 399.53 39.91 89 358.5;1 930.03 865.41 42.64 95.2 0;1 988.46 794.835 42.2 96.41 0;1 1053.46 479.36 83.76 39.56 0;1 1206 473.2 93.16 37.76 2.1;1 1393.44 476.27 91.42 38.04 359.9;1 1595.125 484.905 90.15 38.05 358.8;1 1627.065 543.41 89.53 36.6 357.57;1 1836.065 533.575 86.15 34.37 359.4;4 802.72 539.76 127.1 47.16 0.6;4 928.545 673.77 36.59 87.6 0;4 969.345 420.83 37.81 86.38 359.96;7 966.755 115.205 42.09 109.79 358.6;9 537.44 574.72 46.54 13.12 8.43;9 994.045 292.31 10.41 38.32 2.3
v_47qiqdd53d_0024,1 171.975 487.37 105.43 41.78 0;1 321.755 494.435 95.51 41.87 0;1 443.14 490.475 95.2 37.21 359.4;1 545.51 547.635 96.76 39.17 0;1 552.325 501.3 92.25 37.7 359;1 662.45 541.955 95.24 41.59 0;1 676.07 489.93 99.84 38.62 0;1 907.305 919.77 38.71 88.8 0;1 916.905 115.3 39.91 89 0.5;1 936.47 605.85 40.36 91.16 2.65;1 987.845 962.645 35.87 88.95 0;1 1022.8 600.51 42.2 94.14 23.95;1 1141.35 480.165 83.76 39.57 0;1 1375.125 477.055 93.17 37.75 0.58;1 1593.03 476.33 92.38 38.04 359.9;1 1779.145 480.295 93.09 38.05 358.8;1 1831.84 537.85 84.9 36.6 358.27;4 823.59 540.05 127.1 47.16 0.6;4 927.945 402.775 36.55 86.67 359.6;4 970.59 185.755 37.82 86.39 358.82;9 706.61 576.175 46.54 13.13 356.56;9 986.795 12.36 10.41 24.72 357.2
v_47qiqdd53d_0049,1 187.115 489.36 105.43 41.78 0;1 322.705 496.14 95.51 41.86 0;1 447.805 492.35 95.21 37.2 359.4;1 553.43 549.07 96.76 39.18 0;1 569.535 501.38 92.25 37.7 359;1 694.48 543.61 95.24 41.6 0;1 762.2 491.66 97.34 38.62 0;1 906.97 839.07 38.72 88.8 0;1 947.325 282.08 38.87 90.3 0;1 983.905 801.325 35.87 88.95 0;1 1199.86 518.48 42.2 88.62 86.2;1 1373.995 486 89.31 39.56 0;1 1612.235 478.045 93.17 37.75 0.04;1 1805.13 477.04 95.4 38.04 359.9;4 935.385 541.94 119.43 47.16 0.6;4 925.57 94.005 36.54 86.67 359.6;9 859.39 583.08 46.54 13.12 2.02
v_47xhz9qtiu_0000,1 132.735 520.045 97.57 35.49 0;1 960.81 409.965 96.1 40.57 318.38;8 471.48 480.495 68.44 28.65 0
v_47xhz9qtiu_0024,1 175.975 544.26 96.93 34.54 0;1 610.505 524.22 97.57 35.48 0;1 1012.75 172.77 96.1 40.56 273.7846;1 983.88 1040.85 35.9 78.3 0;8 964.15 484.83 68.44 28.66 0
v_47xhz9qtiu_0049,1 679.67 556.83 96.92 34.54 0;1 992.42 812.23 35.9 94.74 2.55;1 1112.475 520.6 97.57 35.48 0;8 1488.22 493.21 68.44 28.66 0
v_4811jqqd80_0000,1 173.025 474.36 93.19 34.5 0;1 209.47 523.345 91.8 34.83 0;1 439.99 535.29 104.94 39 0;1 494.04 468.54 85.74 32.16 0;1 775.36 462.3 97.4 37.7 0;1 870.165 529.84 96.37 35.74 1.2;1 977.39 869.82 36.2 94.3 0;7 1194.05 542.605 57.34 202.65 68.45;8 999.54 468.59 62.56 25.5 0
v_4811jqqd80_0024,1 126.96 552.25 91.4 34.8 0;1 452.41 523.34 91.8 34.82 0;1 521.475 473.31 93.19 34.5 0;1 661.03 521.805 104.94 38.99 357.4;1 717.6 465.54 85.74 32.16 0;1 976.56 459.91 97.4 37.7 0;1 977.305 732.94 36.21 94.3 0;1 1104.315 540.665 96.37 35.75 1.2;7 1523.38 526.855 57.34 202.65 91;8 199.065 485.92 68.01 30.3 0;8 1273.15 475.81 62.56 25.5 1.26
v_4811jqqd80_0049,1 26.86 540.035 53.68 41.37 0;1 364.99 546.32 91.4 34.8 359.5;1 676.075 520.765 91.79 34.83 0;1 752.085 472.29 93.19 34.5 0;1 881.62 450.595 85.74 32.17 347.2;1 913.02 520.715 104.94 38.99 357.4;1 976.36 658.37 36.2 94.3 0;1 1251.89 459.86 97.4 37.7 0;1 1426.045 546.54 96.37 35.74 1.2;8 531.075 470.94 68.01 30.3 0;8 1611.61 490.13 62.56 25.5 1.4
v_486wdfj9mo_0000,1 437.835 217.4 70.73 26.8 0;1 666.175 219.005 71.11 27.99 357.9;1 675.57 412.91 65.86 26.18 0;1 689.73 294.065 85.54 31.47 0;1 842.915 337 26.87 76.72 328.3;1 887.405 442.645 26.87 76.71 351.5;1 904.015 534.335 26.87 68.61 352.1;1 912.805 670.21 26.87 76.72 358.7;1 946.255 965.73 26.87 76.72 3.3;1 947.335 797.47 26.87 76.72 359;1 964.16 587.3 30.26 76.72 357.3;7 207.18 248.715 79.84 29.69 0;7 882.345 269.555 49.27 158.31 331.9
v_486wdfj9mo_0024,1 38.29 381.895 75.82 28.03 0;1 205.51 215.675 70.72 26.79 0;1 301.705 235.46 71.11 28 357.9;1 407.685 294.62 85.55 31.48 0;1 675.59 412.51 65.86 26.18 0;1 725.675 284.96 26.87 76.72 283.44;1 861.585 354.19 26.87 76.72 331.04;1 888.915 446.495 26.87 68.61 348.8059;1 908.235 583.19 26.87 76.72 354.7;1 920.73 1062.09 28.14 35.78 0;1 944.685 412.8 30.25 76.72 348.8294;1 945.075 593.525 26.87 76.73 357.5391;1 963.335 736.1 26.87 76.72 1.13;1 969.19 929.08 33.36 79.4 0;7 739.355 138.675 49.27 158.31 298.7222;9 305.395 465.34 37.15 10.3 0
v_486wdfj9mo_0049,1 18.67 301.475 37.26 31.47 0;1 438.515 372.715 75.83 28.03 0;1 480.055 265.45 26.87 76.72 275.3;1 675.6 412.1 65.86 26.18 0;1 706.945 263.39 26.87 76.72 280.2;1 840.905 342.33 26.87 68.62 330;1 888.41 237.75 30.26 76.72 333.5;1 896.355 481.35 26.87 76.72 350;1 920.34 1068.65 30.7 22.7 0;1 924.015 884.92 28.15 71.48 0;1 931.335 427.04 26.87 76.72 354.2;1 967.83 717.57 33.36 79.4 0;1 969.995 986.25 29.21 79.7 0;1 1032.155 521.74 26.87 76.72 39.3;7 496.885 94.19 49.27 158.32 271.4471;9 624.105 467.99 37.15 10.3 1.1083
v_49qj34264h_0000,none
v_49qj34264h_0024,1 1004.86 968.51 51.24 89.5 0;9 1697.09 507.7 60.4 42.1 0
v_49qj34264h_0049,1 998.82 734.37 51.24 89.5 0;9 1237.23 499.29 60.4 42.1 0
v_4ceztjtdk9_0000,1 853.87 486.66 37.32 80.88 43.7636;1 936.195 170.32 35.87 86.1 0;1 941.36 383.985 38.64 82.77 0;1 990.685 495.41 34.93 75.66 0;1 1201.695 513.175 84.01 36.27 0;1 1416.44 532.775 91.26 35.27 0;1 1637.945 519.005 96.97 39.25 0;9 32.785 555.045 46.23 11.31 0
v_4ceztjtdk9_0024,1 714.345 533.71 37.31 80.88 79.6846;1 932.255 284.69 35.87 86.1 0;1 935.38 28.895 39.14 57.79 0;1 938.76 674.735 34.5 77.55 0;1 986.38 694.665 34.94 75.65 0;1 1100.055 514.515 82.79 36.57 0;1 1308.445 536.345 84.67 36.23 0;1 1404.515 496.55 89.93 41.52 0
v_4ceztjtdk9_0049,1 474.95 541.405 37.32 84.79 89.3;1 913.58 540.15 82.78 36.58 351.48;1 930.57 210.34 37.46 85.12 0;1 931.53 422.32 35.88 86.1 0;1 938.61 930.62 34.5 77.54 0;1 992.06 902.66 34.94 78.16 0;1 1226.5 543.565 83.86 36.51 354.9;1 1248.525 488.915 87.27 37.57 0;1 1888.66 524.19 62.68 34.04 0
v_4ch9i89feh_0000,1 367.95 538.155 93.34 39.41 359.6;1 1289.515 548.24 36.63 88.6 28.635
v_4ch9i89feh_0024,1 47.005 541.765 84.55 39.41 359.6;1 1297.635 526.485 36.63 88.59 45.68
v_4ch9i89feh_0049,1 1312.26 502.4 36.62 88.6 67
v_4en52xgn4n_0000,1 31.41 540.035 62.78 41.37 0;1 372.65 545.97 91.4 34.8 359.5;1 685.915 520.735 91.79 34.83 0;1 759.145 471.99 93.19 34.5 0;1 886.3 451.53 85.74 32.16 348.5;1 924.47 521.08 104.94 39 357.95;1 976.32 655.47 36.2 94.3 0;1 1262.74 460.52 97.4 37.7 0;1 1440.17 546.64 96.38 35.74 0.775;8 540.475 470.16 68.01 30.3 0;8 1625.29 490.55 62.56 25.5 1.4
v_4en52xgn4n_0024,1 281.53 526.78 96.58 41.36 0;1 564.57 535.33 91.4 34.8 356.1;1 989.09 353.965 85.74 32.17 297.2;1 993.985 467.17 93.19 34.5 0;1 996.89 526.14 91.8 34.82 0;1 975.36 629.51 36.2 94.3 0;1 1282.53 528.835 104.94 38.99 359.6;1 1579.33 475.41 97.4 37.7 2.3;1 1850.555 553.985 96.37 35.75 359.5;8 771.675 464.48 68.01 30.3 0;9 223.505 566.3 52.49 15.1 0
v_4en52xgn4n_0049,1 204.25 527.18 87.28 37.52 0;1 511.95 515.445 96.58 41.37 358;1 730.3 524.58 91.4 34.8 357.26;1 976.47 576.19 36.2 94.3 0;1 1001.7 134.545 85.74 32.17 270.1;1 1399.29 529.665 91.8 34.83 0;1 1421.455 472.92 93.19 34.5 0;1 1708.625 548.645 104.93 38.99 359.6;1 1902.18 488.96 35.56 37.7 0.2;8 370.335 473.675 64.99 25.91 0;8 1040.745 461.91 68.01 30.3 0;9 469.025 552.43 52.49 15.1 0
v_4fr8ue0th4_0000,1 29.98 382.545 59.96 34.37 0;1 129.18 428.695 88.3 34.21 0;1 180.2 381.165 86.4 35.03 0;1 206.63 308.655 78.6 39.07 0;1 274.875 430.09 84.53 33.72 0;1 389.095 385.01 83.13 33.44 0;1 394.385 1008.925 86.75 36.55 0;1 412.59 480.305 83.52 33.41 0;1 443.05 430.215 88.7 35.03 0;1 570.56 382.82 80.9 32.76 0;1 575.49 429.325 86.38 30.71 0;1 777.67 384.945 89.8 31.31 0;1 777.815 461.195 83.21 33.87 356.21;1 770.505 1067.73 48.05 24.54 45.3;1 824.385 532.735 77.93 33.35 39.34;1 846.88 229.335 81.52 34.05 359.18;1 882.27 315.14 73.1 33.82 0;1 986.975 269.77 100.71 42.7 0;1 1006.785 224.66 82.61 34.74 0.2;1 1140.895 314.5 87.45 36.56 0;1 1145.92 216.33 84.3 37.26 0;1 1220.405 263.92 68.55 32.62 0;1 1318.17 310.835 84.64 32.97 0;1 1351.44 212.98 92.16 41.02 0;1 1478.28 314.84 91.72 34.22 0;1 1486.815 121.385 90.01 38.59 0;1 1561.245 213.105 90.91 35.47 0;1 1569.92 262.365 91.94 37.97 0;1 1681.99 262.135 86.9 33.99 0;1 1706.215 431.66 79.89 29.42 0;1 1773.175 310.495 86.35 34.01 0;1 1806.67 206.735 88.7 32.93 0;4 599.515 475.53 80.77 32.26 0;4 1276.84 432.265 95.12 34.55 0;4 1805.75 261.38 95.8 35.62 0;7 176.875 481.08 142.73 43.24 0;7 565.38 1021.99 141.62 55.08 1.9714;7 688.615 264.52 90.05 42.46 0;7 1043.51 468.665 80.46 29.73 359.3;7 1112.81 384.455 112.62 42.27 0;7 1380.51 260.39 111.4 46.2 0;7 1693.015 204.625 118.75 47.43 0;9 225.96 451.62 37.3 12.14 359.7;9 312.235 465.495 44.67 12.67 6.8;9 400.405 456.3 40.81 11.6 0.28
v_4fr8ue0th4_0024,1 35.475 479.475 70.95 32.41 0;1 54.39 436.435 68.5 27.17 0;1 151.31 381.645 85.12 34.37 0;1 233.21 429.655 88.3 34.21 0;1 331.28 382.775 86.4 35.03 0;1 386.455 430.69 83.71 33.72 0;1 508.055 1012.745 86.75 36.55 0;1 558.775 224.575 81.51 34.05 0.9;1 588.99 431.785 88.7 35.03 0;1 584.74 315.46 73.1 33.82 0;1 595.605 384.575 83.13 33.43 0;1 599.715 481.555 83.53 33.41 0;1 699.43 271.595 97.22 39.35 0;1 739.415 229.4 82.61 34.74 0.2;1 746.4 429.705 86.38 30.71 0;1 797.1 384.04 80.9 32.76 0;1 847.905 678.265 77.93 33.35 92.4333;1 894.115 313.15 87.45 36.56 0;1 1022.215 268.81 68.55 32.62 0;1 1036.55 384.175 89.8 31.31 0;1 1034.935 219.47 84.29 37.26 0;1 1070.735 443.49 83.21 33.88 356.07;1 1108.245 311.325 77.19 32.97 0;1 1184.135 214.795 86.61 39.07 0;1 1238.11 120.275 85.66 38.59 0;1 1308.95 317.38 89.54 34.22 0;1 1418.015 214.835 90.91 35.47 0;1 1462.985 263.135 91.93 37.97 0;1 1557.205 310.715 86.35 34.01 0;1 1623.22 260.995 86.9 33.99 0;1 1802.84 206.885 88.7 32.93 0;4 786.255 491.22 76.65 32.26 18.1;4 1781.01 260.56 95.8 35.62 0;4 1803.705 428.175 100.59 34.55 0;7 312.255 480.35 138.05 43.24 0;7 337.935 263.96 86.41 42.68 0;7 675.05 1033.635 137.26 56.13 10.1857;7 1207.49 262.59 105.26 46.2 0;7 1226.845 467.065 80.47 29.73 359.3;7 1388.28 380.49 112.62 42.28 0;7 1615.24 205.995 118.74 47.43 0;9 460.38 472.04 37.28 11.58 3.58;9 502.44 493.015 41.12 11.99 2.1;9 518.15 461.29 38.98 10.94 2.66
v_4fr8ue0th4_0049,1 34.02 434.2 68.04 32.4 0;1 55.67 485.025 79.54 33.57 0;1 111.975 381.78 88.59 33.18 0;1 175.795 222.985 81.51 34.05 0.4;1 193.985 314.04 73.11 33.82 0;1 227.61 437.645 68.5 27.17 0;1 234.725 482.67 76.29 32.72 0;1 288.58 271.345 101.46 39.35 0;1 343.745 384.22 85.11 34.36 0;1 368.085 225.685 82.61 34.73 0.2;1 390.12 431.625 88.3 34.21 0;1 522.545 310.72 83.71 36.56 0;1 535.7 384.135 86.4 35.03 0;1 565.735 430.12 83.61 33.72 0;1 631.745 1015.815 84.05 36.55 2.4;1 726.205 269.05 68.55 32.62 0;1 766.47 499.615 77.94 33.41 14.89;1 804.285 318.22 77.19 32.98 0;1 810.65 437.255 88.7 35.03 2.15;1 846.715 874.795 77.93 33.35 90.4;1 882.585 389.875 83.13 33.43 0;1 996.67 122.205 85.18 38.59 0;1 1030.82 219.39 82.98 37.26 0;1 1037.35 430.835 86.38 30.71 0;1 1052.16 319.235 81.02 34.21 0;1 1110.87 383.04 80.9 32.76 0;1 1137.23 215.63 86.6 41.3 0;1 1221.355 268.67 84.97 37.96 359.4;1 1255.75 217.115 90.92 35.47 0;1 1308.255 314.635 83.19 34.01 0;1 1340.04 377.66 89.8 31.32 0;1 1443.785 263.455 86.89 33.99 0;1 1497.025 422.365 83.21 34.97 0.38;1 1760.8 207.175 88.7 32.93 0;4 860.61 623.38 76.66 32.26 88.6333;4 1635.88 264.28 95.8 35.62 0;7 475.505 480.99 134.73 43.52 0;7 943.185 267.59 94.11 46.2 0;7 1455.425 207.305 112.97 47.07 0;7 1474.335 463.105 80.47 29.73 359.3;7 1741.265 377.8 124.23 42.7 0;9 634.385 491.59 36.09 11.58 5.16;9 668.985 476.94 38.99 10.94 4.05;9 697.83 502.185 37.86 11.39 4.45
v_4h3l1jzpsj_0000,none
v_4h3l1jzpsj_0024,none
v_4h3l1jzpsj_0049,none
v_4htxrthq0e_0000,1 540.625 510.965 75.47 26.47 0;1 909.64 463.825 27.3 84.77 44.3545;1 997.325 156.98 29.85 77.6 0;1 1015.64 19.55 34.2 39.1 0;1 1025.62 293.8 35.6 88.46 0;1 1275.875 486.045 86.35 31.11 0;1 1378.26 525.185 91.76 31.33 356.2364;1 1901.31 509.82 37.22 30.1 0;9 923.295 400.53 11.15 40.58 17.1364;9 974.42 266.86 12.4 40.5 5.6273
v_4htxrthq0e_0024,1 180.755 514.37 75.47 26.46 0;1 768.46 507.06 27.3 81.76 83.2895;1 989.195 252.98 29.85 77.6 4.2;1 998.4 18.78 32.1 37.44 0;1 1007.07 125.65 34.2 75.42 0;1 1021.28 390.87 35.6 88.46 0;1 1196.545 484.795 86.35 31.11 0;1 1277.175 532.685 86.11 31.33 355.4;1 1576.28 507.8 86.94 30.1 0;9 843.88 483.655 11.16 40.59 54.0091;9 970.005 386.66 12.39 40.5 1.9
v_4htxrthq0e_0049,1 580.87 505.86 27.3 81.76 91.4;1 939.055 407.66 29.85 77.6 22.04;1 992.45 237.655 33.88 74.47 6.84;1 994.59 98.77 32.1 81.64 0;1 1016.23 543.38 35.6 88.46 0;1 1142.825 486.685 86.35 31.11 0;1 1165.765 542.26 86.11 31.32 355.4;1 1352.89 516.25 86.94 30.1 358.8;9 603.57 543.81 11.16 36.16 83.2;9 959.08 588.285 12.4 40.49 1.9
v_4iz9685may_0000,1 104.075 527.53 114.31 43.36 0;1 1445.535 505.2 109.05 43.36 0
v_4iz9685may_0024,1 1213.765 496.525 109.05 43.35 0
v_4iz9685may_0049,1 1105.24 497.31 109.06 43.36 0
v_4j4yizs3uu_0000,1 108.08 546.94 27.3 81.76 63.325;1 248.755 496.375 80.03 31.11 359.7;1 432.17 533.49 29.7 81.7 87.3;1 990.09 677.485 30.82 82.29 356.7;1 993.885 195.925 32.27 84.85 0;1 997.69 58.835 30.1 72.13 0
v_4j4yizs3uu_0024,1 46.2 557.775 27.3 81.75 85.8;1 77.02 491.44 85.06 31.1 358;1 317.67 526.41 29.7 81.7 91.2;1 991.92 279.225 32.26 84.85 0;1 996.11 134.715 30.1 72.13 0;1 1001.105 23.325 33.15 46.65 0;1 1007.25 914.245 30.82 82.29 358.8875;1 1885.6 505.12 68.8 29.74 0
v_4j4yizs3uu_0049,1 32.43 557.82 27.56 65.98 87.8647;1 126.48 507.91 29.7 81.7 95.9;1 978.77 384.765 32.26 79.61 12.0889;1 989.43 236.485 30.1 72.13 0;1 997.585 102.45 33.15 86.94 0.64;1 1038.35 33.68 35.48 67.36 352.2;1 1495.54 498.33 87.4 29.74 0
v_4jida6kigm_0000,1 184.48 499.76 29.6 87.1 89.8;1 496.14 561.88 72.22 30.86 358.5;1 613.68 511.36 82.12 29.7 357.975;1 806.64 561.755 79.42 31.91 359.9625;1 989.885 515.255 80.37 27.79 358.4375;1 996.97 8.355 27.3 16.69 0;1 1403.96 492.27 82.4 26.46 0;9 206.09 553.575 34.54 11.43 356.8;9 406.435 487.14 9.91 39.12 86.4909;9 415.19 520 10.4 34.22 81.4
v_4jida6kigm_0024,1 175.735 550.515 72.21 30.87 3.9;1 236.395 505.53 82.11 29.7 0.6;1 520.99 552.055 79.42 31.91 2.9;1 701.8 512.665 80.38 27.79 0;1 999.22 108.565 27.3 84.77 0;1 1287.87 493.67 82.4 26.46 0;1 1765.84 495.605 94.7 31.11 0;1 1899 507.335 42 31.33 0;9 111.74 481.35 9.92 39.12 85.4;9 983.195 20.41 11.15 40.58 0
v_4jida6kigm_0049,1 188.5 546.815 79.42 31.91 2.9;1 379.04 515.46 80.38 27.78 0;1 996.64 234.115 27.3 84.77 0;1 1029.08 71.12 35.6 88.46 0;1 1131.13 495.49 82.4 26.46 0;1 1547.01 490.51 94.7 31.1 0;1 1685.32 514.245 91.76 31.33 0;9 984.025 148.74 11.15 40.58 0;9 987 73.515 14.16 42.23 0
v_4kh59dq51y_0000,1 408.58 513.625 97.18 39.97 0;1 1113.82 474.56 102.1 36.1 0;1 1189.2 539.97 97.08 37.4 358.9;1 1448.54 554.27 94.5 36.82 0;1 1908.9 545.535 22.2 35.93 0
v_4kh59dq51y_0024,1 779.825 498.185 97.19 39.97 0;1 979.18 928.63 33.6 92.2 0;1 1420.38 481.41 102.1 36.1 0;1 1486.27 553.81 97.08 37.4 358.9;1 1776.2 559.975 94.5 36.81 0
v_4kh59dq51y_0049,1 193.005 516.49 94.25 36.4 0;1 881.14 555.51 92.54 35.74 314.6;1 1011.015 719 33.59 92.2 15.4429;1 1183.005 512.31 97.19 39.96 2.4;1 1737.55 491.96 102.1 36.1 0;1 1815.93 564.32 97.08 37.4 1.7
v_4lwre1hk2i_0000,1 26.55 457.625 53.1 33.11 0;1 34.82 503.73 69.64 34.7 0;1 85.42 455.185 79.2 31.29 0;1 177.74 502.155 89.9 34.15 0;1 214.19 453.525 84.4 34.01 0;1 230.415 343.575 76.59 34.15 0;1 374.625 454.725 79.53 31.01 0;1 385.635 503.575 81.77 34.77 0;1 452.195 293.915 70.99 33.11 359.2;1 484.48 407.645 91.4 36.29 0;1 553.53 508.64 83.84 30.98 359.79;1 606.51 453.555 78.66 32.21 0;1 636.665 296.38 77.27 31.72 0;1 653.425 408.875 79.91 32.87 0;1 698.955 506.605 82.11 31.05 357.97;1 791.105 458.235 77.19 30.31 359.8;1 792.47 294.38 75.4 32.24 1.94;1 814.39 343.115 78.84 32.41 0;1 860.665 523.83 89.59 31.72 10.7;1 926.905 608.905 71.89 29.37 79.11;1 982.645 412.755 95.67 33.61 0;1 1017.785 923.485 34.17 83.39 0;1 1056.755 905.69 34.95 83.2 0;1 1125.55 298.195 102.06 37.79 0;1 1117.81 460.735 79.02 32.45 0.1;1 1172.435 345.365 77.91 35.21 359.2;1 1285.625 271.835 82.43 34.97 349.64;1 1391.045 339.765 88.67 35.53 0;1 1505.755 413.8 78.57 33.16 0;1 1516.305 462.945 83.05 34.77 359.1;1 1549.625 237.065 103.05 39.01 0;1 1625.79 343.78 91.98 31.8 0;4 47.35 411.28 94.7 39.78 0;4 155.085 404.26 84.13 30.82 0;4 282.335 407.575 89.35 32.53 0;5 1145.37 242.245 165.9 54.13 0;5 1806.85 234.1 215.4 50.88 0;7 1626.02 288.96 294.76 51.28 359.9;7 1849.985 338.04 133.27 41.42 0;9 269.18 509.44 40.8 12.54 359.6;9 492.415 528.535 44.27 14.31 0;9 786.95 523.68 37.72 13.32 6.54;9 868.99 319.795 46 16.27 0
v_4lwre1hk2i_0024,1 27.395 457.625 54.79 33.11 0;1 59.085 294.335 70.99 33.11 1.3;1 70.5 503.15 91.1 34.7 0;1 96.37 455.375 79.2 31.29 0;1 274.75 500.76 89.9 34.14 0;1 276.505 298.21 77.27 31.72 0;1 353.95 454.16 82.02 34 0;1 396.65 259.805 75.4 32.23 2.65;1 427.94 341.665 79.08 32.41 0;1 515.16 499.935 83.5 34.77 357.84;1 564.36 458.175 78 31.01 0;1 670.635 506.83 83.53 30.98 358.4;1 690.37 409.005 90.14 36.29 0;1 726.6 294.44 97.2 37.8 0;1 805.275 452.16 74.55 32.22 0;1 818.7 498.885 79.18 31.05 358.6;1 855.81 345.755 77.9 35.21 359.2;1 869.495 410.965 77.69 32.87 0;1 904.525 551.83 88.59 31.72 35.7533;1 923.17 649.68 71.88 29.36 91.57;1 1002.54 293.43 80.72 34.98 356.66;1 1017.855 923.715 34.17 83.39 0;1 1038.875 461.485 75.63 30.31 359.8;1 1056.825 905.88 34.95 83.2 0;1 1136.93 340.325 82.2 35.53 0;1 1275.99 415.755 95.66 33.61 0;1 1383.735 235.91 97.31 39.02 0;1 1382.4 343.52 88.66 31.8 0;1 1540.39 473.955 79.02 32.45 0.1;1 1905.79 339.345 28.42 32.93 0;1 1906.075 237.26 27.57 33.16 0;1 1906.6 409.805 26.8 33.17 0;4 47.875 411.28 95.75 39.78 0;4 161.295 404.855 84.13 30.83 0;4 429.27 407.875 86.02 32.53 0;5 953.61 245.205 158.98 54.13 0;5 1698.86 235.75 215.4 50.88 0;7 1466.18 289.73 294.76 51.28 359.5;7 1754.23 340.46 134.3 41.42 0;7 1854.87 285.195 130.26 44.95 0;9 400.73 512.665 40.8 12.55 359.6;9 478.62 317.58 46 16.28 0;9 613.195 526.405 44.27 14.31 0;9 849.215 536.19 37.71 13.32 23.9
v_4lwre1hk2i_0049,1 4.85 343.025 9.7 32.41 0;1 17.035 510.16 34.07 32.06 0;1 73.42 457.395 81 33.11 0;1 224.19 502.29 91.1 34.7 0;1 230.75 290.495 97.2 37.79 0;1 256.95 456.625 79.2 31.29 0;1 433.27 494.21 89.9 34.14 358.2;1 459.505 343.385 77.91 35.21 359.2;1 548.515 452.485 80.99 34.01 0;1 570.4 298.425 76.52 34.97 359.9;1 673.61 474.335 78.72 34.77 353.11;1 757.035 504.28 80.63 30.98 358.7;1 803.99 342.41 79.3 35.52 0;1 812.76 457.89 75.08 31 0;1 872.405 506.49 79.19 31.06 13.7;1 925.015 587.39 87.55 31.72 59.59;1 920.875 694.67 71.89 29.36 91.9;1 993.975 411.375 88.87 36.29 0;1 1017.925 923.96 34.17 83.4 0;1 1059.23 343.545 83.04 31.79 0;1 1061.2 457.37 74.54 32.22 2.9;1 1056.895 906.08 34.95 83.2 0;1 1187.84 238.26 97.3 39.02 359.76;1 1193.555 412.185 76.21 32.87 0;1 1374.7 460.495 75.62 30.31 359.8;1 1656.37 418.295 96.56 33.61 0;1 1739.49 236.71 82.4 33.16 0;1 1747.36 338.535 74.8 32.93 0;4 60.99 411.28 121.98 39.78 0;4 222.105 405.24 84.13 30.82 0;4 663.91 408.695 83.18 32.53 0;4 1890.84 231.745 58.32 39.83 0;5 682.385 247.265 158.99 54.13 0;5 1516.925 235.645 209.71 50.87 0;7 1277.44 289 294.76 51.28 359.5;7 1555.93 340.935 134.3 41.41 0;7 1697.43 284.575 159.2 44.95 0;9 553.13 511.83 40.8 12.54 359.6;9 715.68 526.445 44.28 14.31 0;9 872.745 551.25 37.71 13.32 40.8
v_4me092c6p7_0000,1 755.075 557.105 92.97 36.33 0;1 869.305 506.94 98.53 36.9 0;1 1094.235 486.89 91.69 37.64 0;1 1872.285 506.89 95.43 36.3 0;7 16.685 474.43 32.83 39.6 0;8 1437.85 513.29 65.56 25.56 0;9 223.83 536.03 61.5 15.2 0
v_4me092c6p7_0008,1 875.165 556.725 92.97 36.33 0;1 1038.52 517.41 98.52 36.9 3.7;1 1255.145 488.33 91.69 37.64 0;7 87.835 473.39 121.93 39.6 1.7;8 1594.625 518.41 65.55 25.56 0;9 404.82 536.97 61.5 15.2 0
v_4me092c6p7_0017,1 122.635 546.77 62.29 25.2 0;1 1004.94 554.055 92.98 36.33 0;1 1237.19 528.45 98.52 36.9 3.7;1 1442.105 493.02 91.69 37.64 0;7 228.425 475.61 121.93 39.6 1.7;8 1774.235 525.435 65.55 25.55 0;9 600.69 533.97 61.5 15.2 0
v_4ojx5e4a1n_0000,none
v_4ojx5e4a1n_0024,none
v_4ojx5e4a1n_0049,none
v_4p5ltrat61_0000,1 24.4 375.255 48.8 29.65 0;1 77.245 256.485 88.53 32.55 0;1 158.75 418.11 79.38 31.5 0;1 166.475 209.645 82.61 36.65 0;1 240.68 465.16 74.42 28.6 0;1 320.49 369.93 75.4 29.2 0;1 463.75 413.16 79.9 28.9 0;1 482.875 244.57 79.93 34.7 0;1 570.8 366.295 87.9 28.71 0;1 609.5 427.69 79.74 30.4 0;1 626.015 302.165 85.85 31.45 0;1 641.94 256.035 83.04 31.39 357.7;1 700.38 458.12 80.3 31.86 0;1 749.51 368.83 80.3 30.6 0;1 811.41 496.8 84.6 31.44 26.5;1 823.32 984.555 72.68 33.61 90.9875;1 836.71 843.48 79.5 28.4 91.4;1 865.31 243.7 79.76 31.04 358.3;1 921.52 202.37 71.4 23.64 357.5;1 916.97 845.78 28.46 75.5 0;1 1001.09 368.02 80.9 30.7 0;1 1002.74 297.77 81.9 32.4 357.2;1 1075.99 248.78 79.36 32.9 357.8;1 1084.965 451.555 83.05 31.03 2.6;1 1125.205 196.425 79.69 33.47 357.8;1 1253.92 297.54 86.8 31.9 358.9;1 1413.115 241.795 80.81 31.67 0;1 1416.845 359.32 77.45 32.6 0;1 1416.535 195.085 73.41 30.79 359.8;1 1682.465 434.49 76.39 27.8 0;1 1731.435 289.415 81.61 28.77 358.8;1 1770.25 237.97 71.9 29.18 358.5;1 1870.545 400.5 65.85 26.18 0;2 11.9 301.07 23.8 41.04 0;2 762.01 208.55 100.4 39.4 358.8;2 1681.705 189.45 102.63 39.96 1.6;7 2.95 201.61 5.9 46.46 0.9;7 332.53 413.01 111.32 28.3 0;7 481.465 466.24 103.09 31.4 0;7 919.19 990.24 35.3 131.6 0;7 1185.94 409.81 110.4 32.74 0;7 1362.83 84.9 148.7 48.62 0;7 1576.525 234.98 153.29 40.38 358.8;9 148.73 380.74 26.46 9.4 0;9 355.195 206.045 42.83 12.37 359.8;9 588.94 401.05 39.7 9 359.7
v_4p5ltrat61_0024,1 10.6 422.77 21.2 32.6 0;1 121.695 247.27 78.63 34.7 0;1 152.715 371.985 76.81 29.65 0;1 167.215 303.125 73.01 31.45 0;1 288.475 271.63 83.03 31.38 357.7;1 314.975 418.65 79.39 31.5 0;1 436.405 463.18 74.41 28.6 0;1 522.66 253.555 79.76 31.05 358.3;1 574.92 369.46 75.4 29.2 0;1 598.88 412.02 79.9 28.9 0;1 637.11 297.38 81.9 32.4 357.2231;1 631.96 216.49 71.4 23.64 355.025;1 730.69 449.73 79.74 30.4 15.3176;1 815.64 253.595 79.36 32.91 357.8;1 831.6 367.225 87.9 28.71 0;1 851.84 630.825 84.6 31.45 91.55;1 840.71 1065.87 28.18 28.26 91.4;1 869.04 201.82 79.7 33.46 357.8;1 906.34 300.7 86.8 31.9 358.9;1 905.31 461.48 80.3 31.86 0;1 917.095 845.59 28.47 75.5 0;1 1046.31 373.36 80.3 30.6 0;1 1112.295 207.08 73.41 30.8 359.8;1 1209.775 243.57 80.81 31.68 0;1 1310.99 366.06 80.9 30.7 0;1 1433.545 294.275 81.61 28.77 358.8;1 1529.565 456.04 83.05 31.04 359.4;1 1628.95 238.605 71.9 29.19 358.5;1 1793.935 289.91 100.59 34.7 0;1 1804.455 356.17 77.45 32.6 0;2 512.08 211.455 100.4 39.39 358.8;2 1397.94 190.775 102.64 39.97 358.6;7 455.425 414.75 111.31 28.3 0;7 593.59 462.76 103.08 31.4 0;7 919.705 986.79 35.31 131.6 0;7 1084.26 74.01 148.7 48.62 1.8824;7 1369.435 238.07 153.29 40.38 358.8;7 1524.37 405.46 110.4 32.74 0;7 1883.05 231.035 73.9 41.21 0;9 56.185 203.015 42.83 12.37 359.8;9 383.565 373.3 26.45 9.4 0;9 794.58 429.47 39.7 9 22.5
v_4p5ltrat61_0049,1 73.44 254.93 79.76 31.04 358.3;1 175.28 367.34 80 32.9 0;1 197.38 301.25 81.9 32.4 357.3;1 238.42 421.53 81.4 32.6 0;1 258.41 466.99 69 28.4 0;1 286.93 252.65 71.4 23.64 357.6;1 375.255 366.285 76.81 29.65 0;1 447.805 417.11 79.39 31.5 0;1 490.66 305.15 86.8 31.9 358.9;1 489.94 258.54 79.36 32.9 357.8;1 515.23 208.805 79.7 33.47 357.8;1 588.185 461.36 74.41 28.6 0;1 782.465 224.28 73.41 30.8 359.8;1 832.78 897.95 84.6 31.44 93.8429;1 832.08 527.74 79.74 30.4 52.7;1 836.35 415.24 79.9 28.9 0;1 925.63 379.77 75.4 29.2 3.3;1 917.23 845.39 28.46 75.5 0;1 954.185 241.975 80.81 31.67 0;1 965.075 1047.5 30.65 65 0;1 1049.93 298.55 81.6 28.76 358.8;1 1152.73 364.925 87.9 28.71 0;1 1197.48 460.825 80.3 31.87 0;1 1364.485 243.6 71.89 29.18 358.5;1 1374.67 368.71 80.3 30.6 0;1 1503.03 290.275 100.6 34.69 0;1 1685.75 359.69 80.9 30.7 0;1 1752.425 235.68 76.23 33.4 0;1 1858.9 288.21 83.8 28.7 0;2 232.89 212.8 100.4 39.4 0.4;2 1077.415 194.955 102.63 39.97 358.6;7 646.92 409.23 111.32 28.3 0;7 721.18 458.87 103.08 31.4 0;7 944.28 70.28 148.7 48.62 0.35;7 919.65 986.09 35.3 131.6 0;7 1129.41 241.55 153.28 40.38 358.8;7 1650.52 233.345 79.4 41.21 0;7 1912.8 401.49 14.4 32.74 0;9 704.03 375.83 26.46 9.4 0;9 881.77 609.23 39.7 9 87.1
v_4p5q5r5c1g_0000,1 737.19 509.46 71.88 29.36 357.472;1 1006.1 972.105 31.32 76.95 0;1 1009.375 1073.375 33.63 13.25 0;1 1058.3 995.775 31.32 80.29 0;1 1059.01 891.5 27.44 66.84 0;7 1059.565 1062.445 36.81 35.11 0;8 1016.085 889.425 27.79 72.81 0
v_4p5q5r5c1g_0024,1 737.135 509.4 71.89 29.36 357.4182;1 1006 971.205 31.32 76.95 0;1 1009.375 1073.425 33.63 13.15 0;1 1058.55 995.145 31.32 80.29 0;1 1058.79 891.4 27.44 66.84 0;7 1059.565 1061.895 36.81 36.21 0;8 1015.985 889.72 27.79 72.82 0;9 1808.885 240.995 44.67 15.51 358.3
v_4p5q5r5c1g_0049,1 737.075 509.35 71.89 29.36 357.3622;1 1006.13 968.51 31.32 76.96 0;1 1009.375 1073.475 33.63 13.05 0;1 1058.81 994.49 31.32 80.3 0;1 1058.9 890.38 27.44 66.84 0;7 1059.565 1061.32 36.81 37.36 0;8 1015.885 890.03 27.79 72.82 0;9 1145.015 246.965 37.61 15.51 358.3
v_4qgojdnkm8_0000,1 31.945 474.77 63.89 41.9 0;1 139.73 471.33 117.4 40.9 0;1 271.65 474.025 88.9 36.71 0;1 312.98 524.795 88.3 42.11 2.2;1 382.885 479.485 91.55 35.01 0;1 489.98 475.56 92.84 37 0;1 497.255 534.155 101.45 35.45 2.4;1 606.045 482.885 110.81 35.13 0;1 674.975 548.935 95.91 34.27 4.3;1 729.085 481.69 95.19 38.3 0;1 814.81 545.47 88.98 34.54 0;1 846.34 489.44 84.08 33.8 0;1 915.1 893.54 36 97.12 0;1 916.59 1036.65 30.3 86.7 0;1 962.495 1033.8 35.61 92.4 0;1 966.46 607.095 32.9 89.81 358.1;1 972.2 910.48 33.9 85.26 0;1 977.21 782.61 31.6 87.88 0;1 988.27 38.52 30.5 76.38 1.9;1 1026.56 589.25 35.8 91.1 31.9;1 1133.965 559.005 101.17 38.17 1.3;1 1133.58 505.215 33.4 91.73 70.2543;1 1229.13 488.92 102.14 37.9 2.7818;1 1255.205 547.69 32.63 88 89.3;1 1371.52 494.535 89.7 34.85 0;1 1416.825 553.36 39.11 89.44 93.4;1 1524.805 501.585 91.91 36.91 0;1 1658.63 501.775 113.24 39.81 0;1 1786.685 507.56 96.53 35.66 0;1 1900.99 496.865 38.02 39.81 24.6;1 1904.105 563.33 31.79 28.58 89;3 923.81 439.77 50.2 256.74 2.3;3 1664.455 553.45 163.13 41.68 0.2;9 1045.79 634.84 9.9 25.4 20.2842
v_4qgojdnkm8_0024,1 32.79 474.77 65.58 41.9 0;1 144.94 471.97 117.4 40.9 0;1 271.54 474.65 88.9 36.7 0;1 347.39 527.43 88.3 42.12 2.2;1 383.07 480.135 91.56 35.01 0;1 490.125 475.92 92.83 37 0;1 505.14 535.28 101.44 35.44 2.4;1 606.335 483.465 110.81 35.13 0;1 676.255 549.395 95.91 34.27 4.3;1 729.665 481.93 95.19 38.3 0;1 815.92 545.56 88.98 34.54 0;1 846.61 489.62 84.08 33.8 0;1 902.91 1064.925 31.2 30.15 0;1 917.81 760.665 36 97.13 0;1 916.44 928.53 30.3 86.7 0;1 967.295 945.27 35.61 97.7 0;1 969.19 682.05 31.6 87.88 352.9;1 973.45 818.67 33.9 85.26 0;1 978.16 1062.075 31.1 35.85 0;1 982.94 368.725 32.9 89.81 4.2;1 1032.09 582.33 35.8 91.1 35.7;1 1146.07 558.365 101.16 38.17 1.3;1 1160.61 499.885 33.4 91.73 77.3171;1 1297.64 491.13 102.14 37.9 0.1368;1 1341.245 549.2 32.63 88 89.3;1 1448.51 495.25 89.7 34.86 0;1 1549.265 565.195 39.11 89.45 93.4;1 1585.765 502.135 91.91 36.91 0;1 1727.685 504.12 113.25 39.82 0;1 1854.26 506.065 85.1 35.67 0;3 928.59 132.67 50.2 256.74 2.3;3 1801.995 557.2 155.47 41.68 0.2;9 1069.69 491.815 9.9 25.41 356.2
v_4qgojdnkm8_0049,1 32.31 474.77 64.62 41.9 0;1 47.505 530.92 94.99 37.8 0;1 148.77 472.41 117.4 40.9 0;1 271.42 475.305 88.9 36.71 0;1 383.255 480.815 91.55 35.01 0;1 383.9 529.45 88.3 42.12 2.2;1 490.275 476.3 92.83 37 0;1 522.745 537.985 101.45 35.45 2.4;1 606.635 484.075 110.81 35.13 0;1 677.59 549.865 95.9 34.27 4.3;1 730.265 482.19 95.19 38.3 0;1 817.08 545.66 88.98 34.54 0;1 846.89 489.81 84.08 33.8 0;1 904.45 995.11 31.2 94.3 0;1 919.16 603.47 36 97.12 0;1 917.59 805.95 30.3 86.7 0;1 970.865 821.51 35.61 97.7 0;1 975.06 668.835 33.9 85.25 0;1 978.3 510.5 31.6 87.88 4;1 981.97 976.64 31.1 90.4 0;1 998.98 12.145 32.9 22.71 1.7;1 1060.65 562.15 35.8 91.1 57.1111;1 1236.865 562.04 101.17 38.18 1.3;1 1251.87 492.785 33.4 91.73 88.7;1 1371.945 491.565 102.15 37.91 357.2;1 1492.315 554.725 32.63 87.99 92.2;1 1532.3 497.135 89.7 34.85 0;1 1679.44 500.235 91.9 36.91 0;1 1740.93 576.47 39.1 89.44 93.4;1 1825.62 507.295 110.68 39.81 0;3 1898.5 559.1 43 41.68 0.2;9 1032.49 294.34 9.9 25.4 353.3
v_4qmuk4c1e7_0000,1 26.005 436.855 52.01 36.29 0;1 156.91 434.79 86.46 34.26 0;1 163.47 486.92 87.9 32.98 0;1 341.205 446.605 82.65 34.23 0;1 348.425 130.685 82.71 40.51 359.5;1 355.47 386.11 87.5 33.18 0;1 385.2 486.84 92.4 34.54 0;1 474.145 275.54 75.15 36.9 0;1 530.2 441.875 87.24 35.31 0;1 658.26 394.89 84.1 35.62 0;1 670.13 227.91 84.86 36.22 0.2;1 720.525 444.635 97.73 37.79 0;1 714.525 281.975 70.23 33.45 0;1 809.365 517.145 78.05 34.05 41.9;1 811.94 394.69 79.78 33.88 0;1 836.945 882.265 85.63 35.89 91.8;1 846.725 645.425 77.63 32.41 88.35;1 856.82 323.2 84.4 37.12 0;1 905.955 283.215 78.81 35.03 0;1 909.14 894.31 35.84 86.44 1.84;1 908.92 1010.04 32.92 81.16 0;1 1234.92 449.67 78.5 35.22 0.6;1 1341.63 265.03 87.56 35.34 2.48;1 1371.985 392.495 84.33 34.63 0;1 1711.785 452.42 86.37 33.44 0.78;1 1730.31 383.175 81.26 33.39 359.9;2 931.07 229.39 98 42.5 358.5;4 267.115 233.69 82.03 35.1 2.2;4 1311.115 317.95 98.05 39.32 0;5 1758.4 263.51 196.1 57.96 0;7 591.365 488.39 100.95 32.88 0;7 1183.035 264.445 102.31 47.63 0;9 280.095 480.5 36.39 11.76 359.7;9 741.12 487.57 35.92 11.62 4.25
v_4qmuk4c1e7_0024,1 24.115 129.205 48.23 40.51 359.9;1 42.7 434.55 85.4 32.3 0;1 73.7 272.37 75.16 36.9 0;1 92.38 485.42 85.9 31.6 0;1 186.74 436.86 86.7 36.3 0;1 281.395 224.89 84.85 36.22 0.2;1 325.32 436.345 85.7 34.27 0;1 325.425 277.21 70.23 33.44 0;1 338.23 487.06 87.9 32.98 0;1 394.01 321.94 84.4 37.12 0;1 492.72 445.76 82.24 33.92 0;1 530.285 282.05 78.81 35.02 0;1 570.58 487.885 92.4 34.55 0.19;1 585.85 388.18 85.06 33.18 0.11;1 738.91 438.785 84.12 33.51 0;1 830.925 671.76 78.05 34.06 88.5;1 839.195 878.39 77.63 32.66 90.7;1 930.39 447.185 97.74 37.79 0;1 908.945 893.84 35.85 86.44 2.32;1 908.465 1009.27 32.91 81.16 0;1 946.035 393.915 77.63 35.01 0;1 1032.595 240.05 85.87 37 3.9;1 1130.405 400.885 78.73 33.79 0;1 1612.67 458.48 79.94 35.44 1.2;1 1891.38 405.68 57.24 34.62 0;2 601.075 228.72 95.21 40.84 359.3;4 164.14 386.11 98.62 37.3 0;4 1065.355 319.48 90.35 37.42 0;5 1581.63 265.725 190.84 57.43 358.38;7 746.505 495.54 95.21 33.86 10.64;7 919.07 269.995 102.3 47.63 0;9 452.985 484.805 36.39 11.75 359.7;9 950.42 494.925 34.76 10.51 2.08
v_4qmuk4c1e7_0049,1 23.615 385.555 47.23 36.49 0;1 32.4 478.305 64.8 37.35 0;1 43.58 296.155 81.34 36.13 0;1 51.72 434.48 87.9 33.04 0;1 201.74 386.08 80.5 30.1 0;1 220.01 433.32 85.4 32.3 0;1 261.39 1028.255 79.3 35.33 0;1 277.255 486.92 84.55 31.6 0;1 362.95 440.55 86.7 36.3 0;1 502.16 433.515 84.58 34.27 0;1 514.025 483.69 82.31 32.98 0;1 562.34 225.675 81.96 36.65 359.6;1 653.64 450.24 81.02 33.92 1.8;1 729.735 500.385 88.73 33.03 7.1;1 827.67 916.195 79.76 34.05 91.3;1 878.88 392.425 77.6 32.05 0.3;1 908.765 893.35 35.85 86.44 2.7282;1 908.125 1008.595 32.91 81.17 0;1 1011.62 429.695 81.3 34.63 356.9;1 1189.89 447.275 97.74 37.79 0;1 1334.045 395.8 77.53 34.94 0;1 1545.165 417.43 78.73 33.78 2;2 134.88 228.85 99.3 40.84 359.3;4 411.745 388.49 96.37 37.3 0;4 757.81 317.235 85.2 37.41 0;5 1322.125 270.085 176.13 56.63 359.01;7 612.46 266.465 98.92 47.63 0;7 836.075 573.035 89.69 34.85 59.8;9 158.005 490.19 39.01 13.16 0;9 610.74 487.595 36.38 11.75 359.7;9 1303.45 489.275 35.34 10.51 1
v_4s5bnsrbka_0000,1 30.47 474.38 60.8 38.36 0;1 127 479.1 91.82 41.04 0;1 257.75 482.355 116.44 38.57 0.0413;1 384.32 474.895 86.9 37.07 0;1 488.285 482.255 99.35 38.99 0;1 609.015 488.26 98.93 44.3 0;1 721.51 485.125 90.82 36.47 0;1 819.7 538.515 104.72 42.83 0;1 833.15 478.43 93.78 37.28 0;1 920.055 376.24 32.63 86.3 0;1 933.275 952.935 33.69 90.05 352.6;1 997.84 490.725 102.7 40.79 0;1 973.665 790.835 37.35 91.81 0;1 1004.01 607.605 34.48 72.29 18.4;1 1074.72 544.67 98.5 36.5 354.8;1 1101.46 482.095 96.7 38.35 0;1 1212.85 491.075 96.4 42.93 0;1 1263.97 539.27 38 103.5 90.5;1 1322.37 488.935 96.24 38.79 0;1 1405.605 553.295 101.99 39.07 3.6;1 1422.105 497.2 98.89 38 1.2;1 1527.11 548.31 94.2 38.1 0;1 1647.09 553.93 105.08 39.3 0;1 1653.325 503.165 93.21 37.35 358.2;1 1772.42 556.33 101.9 37.74 0.1;1 1869.58 506.69 79.96 36.18 0;9 696.73 561.84 40.1 11.5 0;9 849.83 578.1 37 12.36 0;9 931.775 566.84 41.63 15.94 0;9 925.71 24.29 15.76 36.28 0
v_4s5bnsrbka_0024,1 30.5 473.14 60.8 38.36 0;1 123.76 478.38 91.82 41.04 0;1 254.67 480.825 116.44 38.57 0.2;1 382.89 474.615 86.9 37.07 0;1 487.185 480.425 99.35 38.99 0;1 613.125 487.74 98.93 44.3 0;1 720.78 484.335 90.82 36.47 0;1 818.585 537.675 104.71 42.83 0;1 832.36 477.8 93.78 37.28 0;1 918.335 800.88 33.69 90.06 355.1385;1 927.485 14 32.63 28 0;1 997.035 489.335 102.69 40.79 0;1 972.665 784.325 37.35 91.81 0;1 1002.96 605.615 34.48 72.29 18.4;1 1077.515 543.24 98.49 36.5 354.8;1 1104.18 481.69 96.7 38.36 0;1 1219.605 490.065 96.41 42.93 0;1 1262.515 538.27 37.99 103.5 90.5;1 1337.78 487.295 96.24 38.79 0;1 1427.03 554.205 102 39.07 0.2;1 1441.46 495.84 98.88 38 1.2;1 1614.91 529.92 94.2 38.1 349.175;1 1736.08 552.18 105.08 39.3 0;1 1856.6 497.015 93.2 37.35 358.2;1 1869.285 556.65 96.11 37.74 0.1;3 964.34 998.96 40.62 147.2 0;9 846.64 574.42 40.1 11.5 0;9 987.9 561.73 37 12.36 0;9 1077.225 575.065 41.63 15.93 2.2
v_4s5bnsrbka_0049,1 30.53 471.85 60.8 38.36 0;1 121.62 477.62 91.82 41.04 0;1 251.63 479.04 116.44 38.58 0.2;1 381.85 474.615 86.9 37.07 0;1 486.495 478.355 99.35 38.99 0;1 616.775 487.19 98.93 44.3 0;1 720.21 483.605 90.82 36.47 0;1 817.29 537.295 104.72 42.83 0;1 831.54 477.15 93.78 37.28 0;1 914.45 632.8 33.7 90.06 359.2;1 996.22 487.695 102.7 40.79 0;1 971.995 770.585 37.35 91.81 0;1 1001.79 603.52 34.48 72.3 19.6621;1 1085.72 541.38 98.5 36.5 354.8;1 1107.65 481.305 96.7 38.35 0;1 1248.575 490.17 96.41 42.92 0;1 1275.915 539.48 37.99 103.5 90.5;1 1399.15 487.575 96.24 38.79 0;1 1566.075 552.695 101.99 39.07 0.2;1 1595.97 494.57 98.88 38 1.2;1 1845.37 551.74 105.08 39.3 0;1 1864.235 498.4 88.67 38.1 357.8;1 1916.95 556.73 6.1 37.74 0.1;3 961.225 978.63 40.61 147.2 359.0771;9 988.5 555.21 40.1 11.5 350;9 1167.27 576.5 37 12.36 357.4;9 1372.855 578.11 41.63 15.94 2.2
v_4tqkxje62r_0000,1 751.81 503.23 114.3 47.3 0;1 953.08 576.05 47.9 94.16 327.8;1 1218.23 515.71 106.42 43.36 0
v_4tqkxje62r_0024,1 386.555 522.28 114.31 47.3 0;1 781.62 524.81 47.9 94.16 274.4;1 1073.05 513.74 106.42 43.36 0
v_4tqkxje62r_0049,1 11.725 525.77 23.45 47.3 0;1 484.555 528.055 47.89 94.15 269.8;1 834.73 509.83 106.42 43.36 0
v_4wjsidqazh_0000,1 620.69 506.255 94.4 38.27 0;1 967.79 392.81 39.84 89.88 0;1 1514.255 467.45 87.95 35.3 0;1 1730.66 536.515 91 34.95 0;1 1875.855 470 88.29 34.68 0
v_4wjsidqazh_0024,1 970.065 107.3 39.83 89.88 0;1 1064 497.415 91.94 38.27 0
v_4wjsidqazh_0049,1 1560.445 504.345 91.93 38.27 0
v_4yk41cgctw_0000,1 804.515 459.68 98.25 39.2 0;1 911.875 805.215 36.71 99.71 0;1 1814.64 529.82 40.68 93.1 89.8;1 1901.18 472.585 37.64 39.59 0;4 1129.73 466.185 102.14 40.73 0;9 1467.61 445.51 12.4 36.62 84.67
v_4yk41cgctw_0024,1 911.71 756.07 36.7 99.7 0;1 1045.275 458.05 98.25 39.2 0;4 1366.99 461.93 102.14 40.74 0;9 98.8 456.58 48.84 17.04 0;9 1868.99 456.615 12.4 39.41 89.3
v_4yk41cgctw_0049,1 908.61 582.71 36.7 93.52 0;1 1341.235 457.355 98.25 39.19 0;4 1637.605 463.57 102.13 40.74 0;9 617.335 431.995 46.31 17.05 0
v_4zfo6uu651_0000,1 545.385 480.65 97.33 35.52 0;1 774.43 502.705 96.4 39.49 0;1 822.615 545.795 101.99 39.09 0;1 1206.04 553.61 98.98 37.22 0;1 1639.26 510.41 96.2 39.22 0;1 1911.7 505.385 16.6 35.21 0;9 740.86 446.48 46.8 13.5 0;9 1497.23 470.685 53.12 17.83 0
v_4zfo6uu651_0024,1 314.15 484.55 101.2 34.4 0;1 1026.105 490.78 97.33 35.52 0;1 1107.685 555.455 101.99 39.09 0;1 1314.83 499.955 96.4 39.49 0;1 1644.19 556.385 98.98 37.21 0;9 1193.17 451.62 46.8 13.5 0
v_4zfo6uu651_0049,1 826.93 493.19 101.2 34.4 0;1 1300.045 590.795 101.99 39.09 12.3;1 1538.925 505.35 97.33 35.52 0;1 1882.35 503.995 75.3 39.49 0;9 1654.8 467.34 46.8 13.5 0
v_52zrpc3gi0_0000,1 1001.445 745.635 40.73 101.17 0
v_52zrpc3gi0_0024,1 1001.185 670.48 40.73 101.16 359.24
v_52zrpc3gi0_0049,1 959.405 557.75 40.73 101.16 320.6
v_54fvpyqili_0000,1 486.23 478.925 85.2 37.53 0;1 614.175 469.255 97.37 38.85 0;1 783.89 460.78 92.4 38.14 0;1 914.865 457.095 90.33 37.77 0;1 894.465 600.74 43.67 99.22 0;1 894.51 866.5 37.68 93.4 0;1 897.92 1005.51 34.66 88.1 0;1 925.445 23.775 39.39 47.55 0;1 963.13 836.495 36.58 93.49 0;1 965.905 627.28 37.75 91.36 0;1 968.21 995.27 34.84 92.8 0;1 976.26 22.555 37.58 45.11 0;1 1268.64 461.63 87.52 37.02 0;1 1415.96 527.35 93.48 36.56 0;1 1411.895 464.495 36.71 87.85 90.1;1 1528.005 462.63 79.75 36.08 0;1 1548.59 514.27 101.4 44.14 0;1 1675.155 448.985 42.31 93.83 89;1 1780.35 450.035 95.74 39.65 0;1 1782.31 539.835 93 35.53 0;1 1886.235 453.865 40.21 66.99 89.6;1 1910.92 534.985 18.16 38.27 0;9 947.755 211.105 11.83 41.29 0;9 1153.695 510.59 13.67 42.96 83.6
v_54fvpyqili_0024,1 156.16 448.075 89.6 39.03 0;1 256.05 499.215 99.1 39.59 0;1 581.975 476.4 84.25 37.54 0;1 723.36 468.475 96.3 38.85 0;1 893.95 746.23 37.68 93.4 0;1 898.62 539.08 43.66 99.22 0;1 895.9 1055.805 37 48.39 0;1 899.31 939.33 34.66 88.1 0;1 938.77 456.885 92.4 38.15 0;1 960.025 1029.48 34.75 90.7 0;1 965.92 745.98 36.58 93.48 0;1 968.105 574.79 37.75 88.98 0;1 969.06 887.74 34.84 92.8 0;1 1070.315 456.31 89.61 37.96 0;1 1306.9 460.98 87.52 37.02 0;1 1418.515 528.32 93.47 36.56 0;1 1410.875 464.535 36.71 87.27 90.1;1 1528.205 462.69 79.75 36.08 0;1 1552.47 514.27 101.4 44.14 0;1 1674.405 449.04 42.31 94.1 89;1 1780.525 450.185 95.73 39.65 0;1 1782.175 539.805 92.99 35.53 0;1 1886.13 453.865 40.2 67.21 89.6;1 1911.24 534.985 17.52 38.27 0;9 1312.595 526.27 13.67 42.96 74.6
v_54fvpyqili_0049,1 506.03 516.635 99.1 39.59 0;1 518.785 445.84 92.11 34.2 0;1 655.245 472.695 84.25 37.53 0;1 764.75 468.7 94.92 38.84 0;1 893.835 420.905 43.67 99.21 0;1 891.7 605.3 37.68 93.4 0;1 893.435 977.725 36.99 93.25 0;1 899.78 843.49 34.66 88.1 0;1 958.815 1039.865 37.05 80.27 0;1 958.595 916.45 34.75 90.7 0;1 963.29 516.355 37.76 88.97 0;1 962.7 651.635 36.58 88.49 0;1 965.7 800.63 34.84 92.8 0;1 1063.14 454.765 92.4 38.15 0;1 1182.07 454.95 89.62 37.96 0;1 1306.57 459.98 87.52 37.02 0;1 1415.445 527.59 93.47 36.56 0;1 1409.31 464.495 36.7 87.27 90.1;1 1528.405 462.76 79.75 36.08 0;1 1552.96 514.21 101.4 44.14 0;1 1672.565 449.04 42.31 94.1 89;1 1780.71 450.345 95.74 39.65 0;1 1782.035 539.765 92.99 35.53 0;1 1885.675 453.87 40.21 68.12 89.6;1 1911.575 534.985 16.85 38.27 0;9 1427.425 496.18 13.67 42.96 89.425
v_54t7rssrl1_0000,1 30.36 474.77 60.72 41.9 0;1 32.3 529.32 64.6 39.4 0;1 150.49 472.22 117.4 40.9 0;1 161.31 525.425 101.68 35.21 0;1 268.4 476.215 88.9 36.71 0;1 294.425 535.48 94.99 37.8 0;1 387.235 481.61 91.55 35 0;1 436.51 529.815 88.3 42.11 2.2;1 492.535 476.61 92.83 37 0;1 565.945 537.025 101.45 35.45 2.4;1 607.545 482.295 110.81 35.13 0;1 678.38 549.325 95.9 34.27 4.3;1 736.2 482.45 95.2 38.3 0;1 814.56 545.54 88.98 34.54 0;1 849.405 487.81 84.09 33.8 0;1 926.695 686.565 36.45 92.61 0;1 944.185 375.99 37.21 92.6 0;1 991.69 725.675 35.16 80.21 0;1 1287.73 490.16 33.4 81.5 87.1;1 1605.76 497.765 33.4 91.73 90.6;1 1702.93 556.16 35.8 91.1 91.1;1 1752.22 496.62 102.14 37.9 358.5;1 1839.715 563.355 101.17 38.17 0.1;1 1902.3 502.96 35.4 34.86 0;1 1910.27 560.96 19.46 6.26 90
v_54t7rssrl1_0024,1 30.785 474.77 61.57 41.9 0;1 41.225 529.32 82.45 39.4 0;1 150.89 472.17 117.4 40.9 0;1 161.95 525.38 101.68 35.2 0;1 268.81 476.235 88.9 36.71 0;1 295.665 535.45 94.99 37.8 0;1 388.455 481.63 91.55 35 0;1 443.71 529.905 88.3 42.11 2.2;1 493.215 476.58 92.83 37 0;1 575.005 537.29 101.45 35.44 2.4;1 607.735 481.51 110.81 35.12 0;1 683.63 549.295 95.9 34.27 4.3;1 738.935 482.23 95.19 38.3 0;1 829.79 545 88.98 34.54 0;1 865.425 487.82 84.09 33.8 0;1 936.89 357.395 36.44 92.61 0;1 947.945 2.2 37.21 4.4 0;1 992.2 477.025 35.16 80.21 0;1 1490.48 492.64 33.4 81.5 91;1 1710.06 500.135 33.4 91.73 90.6;1 1718.36 556.48 35.8 91.1 91.1;1 1845.25 563.355 95.12 38.17 0.1;1 1853.39 496.34 102.14 37.9 358.5
v_54t7rssrl1_0049,1 31.36 474.77 62.72 41.9 0;1 42.29 529.32 84.58 39.4 0;1 151.32 472.12 117.4 40.9 0;1 162.61 525.33 101.68 35.2 0;1 269.25 476.265 88.9 36.71 0;1 296.955 535.42 94.99 37.8 0;1 389.725 481.655 91.55 35.01 0;1 451.21 530 88.3 42.12 2.2;1 493.925 476.55 92.83 37 0;1 584.445 537.56 101.45 35.44 2.4;1 614.725 481.215 110.81 35.13 0;1 689.1 549.255 95.9 34.27 4.3;1 766.715 479.45 95.19 38.3 355.25;1 991.36 545.71 88.98 34.54 0;1 1012.81 487.42 84.08 33.8 0;1 998.51 63.09 35.16 69.36 0;1 1625.76 494.94 33.4 81.5 91;1 1716.94 556.66 35.8 91.1 91.1;1 1860.265 562.42 92.81 38.18 0.1;1 1850.29 500.415 33.4 91.73 90.6
v_559vceo88b_0000,1 422.265 519.15 88.75 31.2 0.6;1 928.9 554.655 75.62 31.13 356.1;1 965.585 283.69 31.13 80.7 4.6;1 1012.395 417.855 30.43 82.79 0;1 1308.53 498.67 87.38 30.9 0;1 1430.77 494.295 75.72 27.81 0;1 1631.535 501.26 94.93 32.7 0;1 1898.2 495.41 43.6 30.46 0
v_559vceo88b_0024,1 93.545 532.04 88.75 31.2 358;1 719.23 559.975 75.62 31.13 358.9;1 923.79 430.71 31.14 80.7 28.4;1 1007.64 129.355 33.8 91.59 0;1 1016.365 678.555 30.43 82.79 0;1 1236.61 503.81 82.54 30.9 0;1 1368.835 494.11 75.71 27.82 0;1 1533.62 500.95 92.36 32.7 0;1 1807.525 497.915 96.43 30.47 0
v_559vceo88b_0049,1 409.68 559.19 78.2 31.14 0.2;1 710.525 525.8 31.13 80.7 84.1111;1 1008.25 247.75 33.8 91.58 0;1 1007.525 1001.595 30.43 82.79 0;1 1077.46 512.765 82.54 30.89 357.4;1 1283.505 497.635 75.71 27.81 0;1 1434.58 500.82 92.36 32.7 0;1 1672.81 500.99 96.42 30.46 358;1 1883.1 494.56 73.8 33.3 0
v_565pjvps1h_0000,1 81.14 456.34 107.58 43.22 0;1 622.305 520.26 95.31 39.56 0;1 973.765 608.17 38.27 88.88 0;1 1096.06 457.705 102 41.41 0;1 1111.2 518.56 38.54 88.38 81.76;1 1226.92 467.42 94.58 38.98 0;1 1334.89 463.06 76.98 33.9 0;1 1384.705 526.015 39.05 84.75 88.9;1 1452.45 459.745 87.7 37.89 0;1 1569.215 460.115 99.63 42.01 0;1 1567.285 517.98 89.45 39.1 0;1 1700.79 459.44 92.62 38.22 0;1 1718.7 515.465 40.42 94.09 88.9;1 1835.03 514.985 96.74 41.73 359.6;1 1855.09 464.8 94.42 35.78 0;4 845.4 458.145 116.76 38.87 0;7 495.295 452.465 132.33 45.93 0;9 373.22 511.49 52.3 16.38 0;9 811.14 538.975 39.36 13.67 0;9 990.835 819.73 14.31 49.02 0
v_565pjvps1h_0024,1 192.615 496.365 90.87 35.53 0;1 409.71 458.79 107.58 43.22 0;1 716.955 523.93 95.31 39.56 0;1 973.185 349.8 38.27 91.88 0;1 975.5 960.45 32.08 85.68 0;1 1096.31 457.85 102 41.42 0;1 1227.215 468.43 93.15 38.98 0;1 1248.29 526.03 38.54 88.38 90.4;1 1333.54 463.73 76.98 33.9 0;1 1452.1 460.305 87.7 37.89 0;1 1443.055 524.27 39.05 87.26 88.9;1 1571.785 460.48 99.63 42.02 0;1 1572.37 518.28 89.44 39.1 0;1 1699.87 459.605 92.62 38.21 0;1 1717.99 515.735 40.42 94.09 88.9;1 1841.36 515.975 97.22 41.73 359.6;1 1867.56 465.42 94.42 35.78 0;4 845.6 459.085 114.9 38.87 0;7 645.99 450.225 126.86 45.93 0;9 580.075 526.5 48.85 16.38 0;9 925.75 547.905 39.36 13.67 0;9 1010.275 610.965 14.31 43.95 20.375
v_565pjvps1h_0049,1 245.995 467.595 100.29 39.59 0;1 489.405 507.115 90.87 35.53 0;1 578.035 459.825 99.55 43.23 0;1 800.505 528.115 95.31 39.55 0;1 977.78 861.65 32.08 85.68 0;1 1096.57 458.01 102 41.42 0;1 1227.52 469.48 91.66 38.98 0;1 1332.14 464.43 76.98 33.9 0;1 1324.79 526.38 38.54 88.38 90.4;1 1451.74 460.88 87.7 37.9 0;1 1444.425 524.86 39.05 87.26 88.9;1 1574.455 460.865 99.63 42.01 0;1 1577.67 518.59 89.44 39.1 0;1 1718.6 517.25 40.42 94.08 88.9;1 1767.26 461.925 92.62 38.21 0;1 1896.625 515.54 45.95 41.72 359.6;4 42.145 486.475 84.29 39.37 0;4 845.805 460.065 112.97 38.87 0;7 707.695 453.915 126.85 45.93 0;9 685.765 537.16 48.85 16.38 0;9 1037.09 543.54 39.36 13.68 0;9 1183.175 532.505 14.31 46.11 99.5667
v_59ovcih66l_0000,1 795.165 530.815 109.05 44.67 0
v_59ovcih66l_0024,1 488.245 532.135 109.05 44.67 0
v_59ovcih66l_0049,1 134.29 529.505 109.06 44.67 0
v_5aadlni3vv_0000,1 172.765 515.445 31.99 78.17 93.9067;1 254.6 561.135 33.06 85.95 86;1 897.735 481.77 29.45 69.8 53.6143;1 992.175 115.79 30.25 80.78 339.8;1 1001.825 258.87 28.85 66.28 7.8857;1 1204.385 487.125 88.69 28.07 0;1 1376.065 513.995 100.95 32.93 357.1
v_5aadlni3vv_0024,1 42.55 505.285 32 78.17 94.8;1 742.46 512.93 29.46 69.8 86.2053;1 970.345 375.73 28.85 66.28 13.44;1 1007.25 187.885 30.26 80.77 345.7467;1 1011.03 56 31.9 81.78 0;1 1129.05 486.415 82.34 28.07 0;1 1278.35 522.015 100.48 32.93 354.6
v_5aadlni3vv_0049,1 549.435 512.3 29.45 69.8 90.5;1 832.185 517.46 28.85 66.28 64.8333;1 1007.805 135.75 31.91 81.78 0.7778;1 1036.985 490.135 82.35 28.07 359.4222;1 1014.555 268.045 30.25 80.77 358.6667;1 1029.785 20.825 30.55 41.65 0;1 1136.96 532.89 97.46 32.94 354.6;1 1817.16 512.4 86.32 29.74 0
v_5acfgb7ua0_0000,1 1249.315 534.8 101.55 42.72 359.4
v_5acfgb7ua0_0024,1 1132.985 536.625 101.55 42.73 359.4
v_5acfgb7ua0_0049,1 923.21 539.79 90.74 42.72 359.4;1 1822.85 518.51 85.48 38.22 347.5
v_5ft8ei7wl6_0000,1 66.06 545.26 91.42 35.82 0.1;1 657.165 552.79 77.99 35.16 0;1 950.34 844.11 84.1 34.68 275.6;1 934.435 757.345 33.69 81.73 0;1 945.02 1062.215 36.92 35.57 270;1 953.605 960.3 40.57 95.52 0;1 999.695 629.84 86.11 36.12 316.3;1 999.58 1067.775 36.54 24.37 359.4;1 1002.23 952.115 35.04 86.77 0.9;1 1154.835 552.455 86.39 34.59 348.7667;1 1290.475 496.44 88.07 35.18 0;4 981.56 759.665 82.4 38.19 278.1
v_5ft8ei7wl6_0024,1 290.695 545.055 79.99 35.15 0;1 950.21 844.11 84.1 34.68 275.6;1 934.275 759.42 33.69 81.72 0;1 945.02 1064 29.78 32 270;1 953.605 960.88 40.57 95.52 0;1 999.475 629.395 86.11 36.11 316.3;1 999.585 1067.87 36.55 24.18 359.4;1 1002.28 952.295 35.04 86.77 0.9;1 1101.715 564.395 86.39 34.59 345.5;1 1212.505 495.48 88.07 35.18 0;4 981.365 759.665 82.39 38.19 278.1
v_5ft8ei7wl6_0049,1 949.725 846.585 84.11 34.69 275.6;1 934.105 761.58 33.69 81.72 0;1 946.455 81 37.45 89.98 0;1 951.255 991.06 40.57 96.74 0;1 998.79 629.52 86.1 36.12 316.3;1 1002.32 952.48 35.04 86.78 0.9;1 1061.285 564.465 86.39 34.59 358.6;1 1082.205 497.875 88.07 35.19 358.425;4 981.12 760.395 82.4 38.19 277.8071
v_5i4jzw90zw_0000,1 764.725 533.37 98.57 35.6 1.65;1 997.545 528.295 160.97 47.07 0;1 967.09 616.645 89.44 35.59 268.5;1 1453.05 501.74 88.84 35.6 0.5;1 1521.385 450.175 98.57 35.59 0
v_5i4jzw90zw_0024,1 11.85 452.175 23.7 38.65 0;1 394.53 487.09 100.94 36.04 0;1 906.41 528.775 98.56 35.59 0.1;1 967.44 614.685 89.44 35.59 268.5;1 961.945 1064.155 30.13 31.69 0;1 1208.755 529.58 160.97 47.06 0;1 1778.21 511.38 89.9 35.6 0.5
v_5i4jzw90zw_0049,1 394.99 498.605 90.7 35.91 1.2;1 502.74 452.545 97.94 38.65 0;1 806.86 487.545 100.94 36.05 0;1 967.095 608.78 89.43 35.6 268.5;1 965.36 812.645 30.12 82.07 0;1 1072.67 529.835 86.3 35.59 0.1;1 1486.165 531.195 169.07 47.07 0
v_5kiqxe9rtu_0000,1 109.455 482.62 113.19 33.7 0;1 634.91 481.005 96.7 37.25 0;1 900.73 690.09 34.7 88.8 0;1 900.89 1047.9 34.2 64.2 0;1 903.84 852.15 32.8 86.1 0;1 939.39 963.355 30.2 84.45 354.8;1 982.305 937.96 32.43 84.68 0;1 1498.98 491.8 94.46 35.16 0;1 1811.375 561.85 93.45 37.18 1;1 1845.715 510 97.83 36.4 0;9 954.32 796.94 14 37.5 0;9 964.03 671.37 14.34 37.5 0
v_5kiqxe9rtu_0024,1 274.93 527.37 98.1 39.62 2.3882;1 349.49 487.94 109.96 33.7 0;1 699.06 481.96 96.7 37.26 0;1 897.61 958.51 34.2 95.7 0;1 907.81 632.005 32.8 86.11 0;1 909.54 418.15 34.7 88.8 0;1 943.99 865.955 30.2 84.45 0.08;1 957.57 1064.615 36 30.77 0;1 982.86 937.935 32.44 84.67 0;1 1709.68 497.93 94.46 35.16 0;1 1911.15 509.93 17.7 36.4 0;9 957.18 571.8 14 37.5 0;9 968.355 371.375 14.35 37.51 0
v_5kiqxe9rtu_0049,1 533.785 489.95 113.19 33.7 0;1 592.02 541.34 98.1 39.62 1.7;1 766.95 482.97 96.7 37.26 0;1 894.6 1007.46 31.7 91.7 0;1 898.38 822.26 34.2 95.7 0;1 910.82 45.48 34.7 88.8 0;1 910.67 326.48 32.8 86.1 0;1 949.44 1040.66 36 78.68 351.7;1 962.55 700.655 30.2 84.45 1.4;1 983.445 937.91 32.43 84.68 0;1 1811.105 498.59 94.45 35.16 0;9 369.735 454.99 46.99 16.08 0;9 967.04 242.72 14 37.5 0
v_5kzdz12amk_0000,1 513.84 516.955 99.1 39.59 0;1 527.325 445.62 92.11 34.2 0;1 657.08 472.37 84.24 37.54 0;1 764.75 468.7 94.8 38.84 0;1 893.69 411.54 43.66 99.22 0;1 891.61 599.95 37.68 93.4 0;1 893.3 974.25 37 93.24 0;1 899.75 838.99 34.66 88.1 0;1 958.815 1037.43 37.05 85.14 0;1 958.595 912.93 34.75 90.7 0;1 963.115 513.46 37.75 88.98 0;1 962.59 647.98 36.58 88.18 0;1 965.54 797.7 34.84 92.8 0;1 1066.32 454.705 92.4 38.15 0;1 1184.545 454.895 89.61 37.97 0;1 1306.555 459.94 87.51 37.02 0;1 1415.325 527.56 93.47 36.56 0;1 1409.245 464.495 36.71 87.27 90.1;1 1528.415 462.76 79.75 36.08 0;1 1552.975 514.21 101.39 44.14 0;1 1672.49 449.04 42.32 94.1 89;1 1780.715 450.35 95.73 39.64 0;1 1782.025 539.765 92.99 35.53 0;1 1885.655 453.865 40.21 68.15 89.6;1 1911.59 534.985 16.82 38.27 0;9 1432.025 496.28 13.67 42.96 90.2
v_5kzdz12amk_0024,1 584.32 446.4 87.3 34.2 0;1 623.31 518.22 93.06 39.58 0;1 667.8 470.61 76.2 37.54 0;1 764.75 468.7 91.5 38.84 0;1 888.83 398.095 37.68 89.11 0;1 891.01 892.845 37 93.25 0;1 897.94 1033.75 40.06 92.5 0;1 896.72 700.345 34.66 84.81 0;1 901.84 78.91 43.66 99.22 0;1 958.35 953.625 37.04 96.73 0;1 958.825 826.87 34.75 90.7 0;1 960.395 322.025 37.75 88.97 0;1 961.235 529.21 36.59 89.74 0;1 964.59 691.07 34.84 89.7 0;1 1095.375 453.37 92.39 38.14 0;1 1195.135 454.935 89.61 37.97 0;1 1306.24 458.99 87.52 37.02 0;1 1412.385 526.86 93.47 36.56 0;1 1407.745 464.465 36.71 87.27 90.1;1 1528.605 462.82 79.75 36.08 0;1 1553.445 514.15 101.39 44.14 0;1 1670.725 449.04 42.31 94.1 89;1 1780.895 450.5 95.73 39.64 0;1 1781.89 539.735 93 35.53 0;1 1885.22 453.87 40.2 69.02 89.6;1 1911.91 534.985 16.18 38.27 0;9 1506.12 543.55 13.68 42.96 128.5
v_5kzdz12amk_0049,1 581.84 446.4 87.3 34.2 0;1 651.015 516.975 88.51 39.59 0;1 668.065 471.245 76.73 37.53 0;1 766.83 468.785 91.5 38.85 0;1 887.1 727.835 37 93.25 0;1 889.47 65.595 37.68 89.11 0;1 897.66 907.3 40.06 92.5 0;1 895.2 464.85 34.66 84.82 0;1 901.24 1057.585 37.76 44.83 0;1 955.575 291.97 36.59 90.18 0;1 957.1 19.4 37.76 35.92 0;1 959.36 863.92 37.04 96.72 0;1 960.565 674.67 34.75 90.7 0;1 965.37 515.145 34.84 89.69 0;1 1096.42 453.51 92.4 38.14 0;1 1196.035 455.265 89.61 37.97 0;1 1306.385 458.96 87.51 37.02 0;1 1413.285 527.21 93.47 36.56 0;1 1408.025 464.565 36.71 87.27 90.1;1 1528.8 462.89 79.74 36.08 0;1 1553.935 514.095 101.39 44.13 0;1 1671.695 449.56 42.31 94.1 89;1 1781.075 450.66 95.73 39.64 0;1 1781.75 539.695 93 35.53 0;1 1885.99 453.755 40.2 68.07 89.6;1 1912.245 534.985 15.51 38.27 0;4 967.17 1034.105 40.3 91.79 0;9 1688.375 525.37 13.67 42.96 70.1
v_5mb9el9yca_0000,1 680.05 469.04 102 41.42 0;1 815.875 475.38 99.85 38.98 0;1 845.76 525.03 94.6 39.1 0;1 900.32 906.4 37.48 95.9 0;1 915.665 304.19 38.63 92.48 0;1 968.245 821.355 36.23 89.69 0;1 977.465 514.25 39.61 90.22 0;1 985.95 961.815 38.54 88.89 0;1 1333.25 459.25 76.98 33.9 0;1 1377.55 513.375 40.42 88.61 93.55;1 1452 456.545 87.7 37.89 0;1 1560.465 455.8 99.63 42.02 0;1 1700.48 455.48 92.62 38.22 0;1 1821.64 461.05 94.42 35.78 0;1 1835.31 511.485 96.74 41.73 359.6;4 558.215 461.65 121.29 38.86 0
v_5mb9el9yca_0024,1 773.7 470.9 102 41.42 0;1 901.32 832.96 37.48 95.9 0;1 951.585 472.48 97.49 38.98 0;1 966.205 201.165 39.61 90.83 0;1 978.105 652.54 36.23 84.56 8.0444;1 980.17 1056.19 38.28 47.62 0;1 987.81 873.96 38.54 89.42 0;1 1026.73 525.465 94.6 39.11 0;1 1334.19 460.4 76.98 33.9 0;1 1452.87 457.185 87.7 37.89 0;1 1561.145 456.495 99.63 42.01 0;1 1610.85 514.345 40.42 91.85 88.9;1 1701.6 456.195 92.62 38.21 0;1 1822.7 461.845 94.42 35.77 0;1 1836.64 512.49 96.74 41.72 359.6;4 572.925 462.71 121.29 38.86 0;9 116.225 484.125 47.75 16.35 0
v_5mb9el9yca_0049,1 117.98 513.01 99.66 39.56 0;1 903.965 672.72 37.47 95.9 0;1 961.76 462.19 102 41.42 0;1 979.61 933.64 38.28 94.36 0;1 989.67 712.44 38.54 91.28 0;1 1043.105 540.515 36.23 84.83 46.61;1 1144.26 467.16 99.56 38.98 0;1 1289.64 520.02 89.44 39.1 0;1 1335.2 462.29 76.98 33.9 0;1 1453.185 458.565 87.71 37.89 0;1 1563.755 459.335 99.63 42.01 0;1 1702.73 459.085 92.62 38.21 0;1 1716.07 515.835 40.42 94.09 88.9;1 1828.59 463.485 94.42 35.77 0;1 1838.84 514.985 96.74 41.73 359.6;4 651.225 462.245 121.29 38.87 0;9 484.54 521.195 47.76 16.35 0
v_5nzhv8ol1z_0000,1 905.29 926.8 38.18 86.5 0;1 914.92 1037.17 32.34 77.3 0;1 959.97 987.925 33.82 76.87 0;1 961.05 883.55 35.26 85.9 0;1 1569.845 398.875 83.87 36.23 0.5;4 836.32 798.67 80.88 32.44 92.8
v_5nzhv8ol1z_0024,1 905.465 926.91 38.17 86.5 0;1 914.745 1037.63 32.35 77.3 0;1 959.97 988.275 33.82 76.87 0;1 961.05 884.02 35.26 85.9 0;1 1903.5 400.435 33 36.23 0.5;4 829.685 1066.67 20.65 26.66 90.7
v_5nzhv8ol1z_0049,1 905.65 927.03 38.18 86.5 0;1 914.565 1038.12 32.35 77.3 0;1 959.97 988.645 33.82 76.87 0;1 961.055 884.51 35.25 85.9 0;7 148.67 425.795 199.64 49.81 0
v_5q12atu47j_0000,1 232.825 521.73 92.05 35.82 0;1 1364.765 524.99 90.19 36.94 0;1 1695.98 463.245 88.74 38.15 0;4 154.39 459.915 114.98 38.59 0;8 1564.595 470.415 58.53 26.87 0;9 749.86 426.485 15.14 45.29 90
v_5q12atu47j_0024,1 295.85 519.115 91.9 37.91 0;1 619.355 521.45 92.05 35.82 0;1 1758.56 529.255 92.4 36.93 0;4 739.035 462.8 105.97 38.58 0;9 932.545 367.785 13.29 42.33 45.6
v_5q12atu47j_0049,1 741.555 519.34 89.73 37.9 0;1 1009.47 519.08 83.44 35.82 0;3 379.525 497.995 145.09 44.97 0;4 1350.77 468.725 102 38.59 0;9 128.98 472.785 54.7 14.33 0;9 953.635 157.295 12.83 40.61 0.1
v_5q6t1y8qnc_0000,1 20.52 510.16 41.04 32.06 0;1 79.23 457.345 81 33.11 0;1 209.81 290.38 97.2 37.8 0;1 232.31 502.06 91.1 34.7 0;1 266.09 456.585 79.2 31.29 0;1 440 493.73 89.9 34.14 358.2;1 442.16 343.355 77.9 35.21 359.2;1 550.33 298.165 76.52 34.97 359.9;1 555.84 452.295 81 34.01 0;1 682.57 473.025 78.72 34.77 353.48;1 758.56 504.245 80.62 30.97 358.75;1 788.57 342.41 79.3 35.52 0;1 824.49 458.02 75.08 31 0;1 874.045 507.385 79.19 31.05 14.7;1 925.81 589.34 87.5 31.72 60.8;1 920.87 696.24 71.88 29.36 91.9;1 1009.555 411.305 88.87 36.29 0;1 1017.925 923.97 34.17 83.4 0;1 1045.31 343.545 83.04 31.79 0;1 1073.83 457.615 74.54 32.21 2.81;1 1056.895 906.09 34.95 83.2 0;1 1178.42 238.26 97.3 39.02 359.72;1 1209.32 411.85 76.22 32.86 0;1 1390.575 460.29 75.63 30.32 359.8;1 1671.88 418.355 96.66 33.61 0;1 1731.01 236.65 82.4 33.16 0;1 1738.39 338.625 74.8 32.93 0;4 62.375 411.28 124.75 39.78 0;4 228.775 405.15 84.13 30.82 0;4 675.22 408.725 83.18 32.53 0;4 1886.905 231.745 66.19 39.83 0;5 670.28 247.405 158.98 54.13 0;5 1509.32 235.81 209.66 50.88 0;7 1269.87 289.08 294.76 51.28 359.5;7 1546.47 341 134.3 41.42 0;7 1689.68 284.545 159.2 44.95 0;7 1912.91 338.93 14.18 37.66 0;9 559.29 511.72 40.8 12.54 359.6;9 718.775 526.465 44.27 14.31 0;9 873.945 552.47 37.71 13.32 41.9
v_5q6t1y8qnc_0024,1 25.55 282.47 51.1 34.98 359.9;1 15.45 342.285 30.9 35.21 359.2;1 4.75 403.395 9.5 29.57 0;1 173.95 506.53 87.2 32.06 0;1 303.3 458.435 81 33.11 0;1 384.33 338.505 79.58 35.53 0;1 410.95 499.195 88.22 34.69 359.8;1 469.26 454.665 76.7 31.29 0;1 614.39 476.37 85.84 34.14 354.66;1 666.755 341 83.03 31.8 0;1 760.915 451.975 78.99 34.01 0;1 794.985 501.65 80.63 30.98 359.13;1 878.26 242.59 92.42 39.02 359.6;1 910.415 533.7 79.19 31.06 38.5;1 920.29 729.67 71.88 29.36 91.49;1 927.695 469.395 78.71 34.77 2;1 932.92 631.225 87.5 31.73 82.46;1 1017.995 924.2 34.17 83.4 0;1 1056.965 906.28 34.95 83.2 0;1 1130.17 460.48 75.08 31 0;1 1411.75 407.57 88.88 36.28 0;1 1408.14 458 76.08 32.22 0.6;1 1501.83 340.895 74.8 32.93 0;1 1531.42 233.82 82.4 33.16 0;1 1606.6 406.545 78.38 32.87 0;1 1792.05 457.235 75.62 30.31 359.8;4 179.9 411.585 130.3 39.79 0;4 416.585 407.54 79.59 30.82 0;4 957.03 411.08 81.02 32.52 0;4 1707.61 232 89.8 39.82 359.4667;5 344.66 249.68 158.98 54.14 0;5 1329.685 235.89 202.31 50.88 0;7 1070.075 289.25 287.69 51.28 359.5;7 1319.345 340.535 128.21 41.41 0;7 1500.48 287.195 159.2 44.95 0;7 1742.33 339.35 100.4 37.66 0;7 1827.335 272.445 106.73 48.01 4.3667;9 671.9 508.34 39.4 12.54 359.6;9 804.055 528.495 44.27 14.31 2.45;9 903.145 617.91 37.71 13.32 80
v_5q6t1y8qnc_0049,1 11.3 407.48 22.6 33 0;1 164.7 406.905 70.9 29.57 0;1 217.725 342.08 83.03 31.8 0;1 235.025 472.24 83.63 30.1 352.65;1 335.48 505.465 87.2 32.07 0;1 490.975 249.52 92.41 39.02 359.6;1 515.2 455.455 81 33.11 0;1 567.54 498.74 88.22 34.7 359.03;1 671.08 457.67 75.14 31.28 0;1 835.145 503.56 80.63 30.98 2.22;1 876.8 460.095 83.86 34.15 359.1;1 918.77 745.8 71.88 29.36 93.5;1 923.785 550.68 79.19 31.06 48.2;1 933.24 645.65 87.5 31.72 87.7;1 1018.06 924.44 34.18 83.4 0;1 1064.125 455.49 78.15 34 0;1 1057.04 906.48 34.94 83.2 0;1 1229.71 340.745 74.08 32.93 0;1 1294.51 485.215 78.72 34.77 2;1 1323.84 238.65 82.4 33.16 0;1 1518.91 456.88 76.24 31 0;1 1813.465 235.465 78.35 34.75 0;1 1819.715 288.935 70.19 31.87 0;1 1848.085 456.105 76.33 32.21 0.6;1 1879.1 404.71 81.8 36.28 0;4 387.56 412.68 124.16 39.78 0;4 697.64 408.06 75.8 30.82 0;4 1314.29 412.975 79.66 32.53 0;4 1490.97 232.985 89.8 39.83 359.2;5 20.68 247.345 41.36 54.13 0;5 1106.345 241.155 195.15 50.87 0;7 22.95 457.975 45.9 47.47 0;7 828.065 291.695 284.03 51.29 359.5;7 1051.195 339.17 117.45 41.42 0;7 1320.49 289.345 151.58 44.95 0;7 1460.36 340.855 100.4 37.67 0;7 1648.005 256.145 106.73 48.01 5.2;7 1753.83 333.7 104.9 32.48 0;9 757.07 509.54 39.4 12.54 1.45;9 870.925 538.135 44.27 14.31 13.1;9 904.1 694.43 37.72 13.32 90.3
v_5qp6bt9ej0_0000,1 122.06 511.01 75.72 27.82 0;1 227.72 533.71 84.66 32.7 0;1 756.185 557.83 85.51 30.46 357.8;1 969.83 246.635 36.1 105.85 7.4429;1 1166.965 544.46 91.95 33.3 346.3571;1 1341.5 524.64 63.76 26.84 356.4286;1 1510.915 489.75 86.79 34.42 0;1 1758.59 508.78 87.52 33.7 0;1 1908.15 508.335 23.7 30.79 0
v_5qp6bt9ej0_0024,1 25.17 507.55 47.06 27.82 1.9;1 157.27 537.58 84.66 32.7 0;1 650.305 565.175 85.51 30.47 355.8;1 946.6 393.76 36.1 100.06 11.7222;1 994.765 29 30.53 58 0;1 1044.9 638.94 89.5 33.3 307.6556;1 1235.21 545.31 63.76 26.84 349.6444;1 1370.76 490.31 86.78 34.42 0;1 1603.95 506.005 87.52 33.69 0;1 1797.41 504.465 83.7 30.79 0
v_5qp6bt9ej0_0049,1 27.55 541.69 55.1 32.7 0;1 616.995 566.575 85.51 30.47 359.4;1 812.85 508.23 36.1 100.06 72.7571;1 995.915 859.12 89.51 33.3 273.8111;1 975.16 227.9 30.52 78.9 5.7;1 1009.78 20.245 33.04 40.11 0;1 1102.33 597.12 63.76 26.84 329.8222;1 1261.375 493.79 86.79 34.42 0;1 1450.335 506.265 83.07 33.69 0;1 1632.06 503.095 83.7 30.79 0;9 958.06 129.825 10.42 42.65 0;9 1457.305 464.935 45.93 14.35 0
v_5ror9vxsrx_0000,1 994.905 879.08 39.35 98.7 0;1 1011.64 706.62 45 104.12 0;9 305.955 548.6 45.43 20.74 358
v_5ror9vxsrx_0024,1 989.315 586.255 44.99 104.11 338.38;1 989.175 739.22 39.35 91.62 357.84
v_5ror9vxsrx_0049,1 770.2 488.435 45 104.11 271.4;1 935.395 581.43 42.13 91.62 325.5;1 1820.995 518.445 148.43 50.31 348.8
v_5rz3h63lya_0000,1 24.55 486.555 49.1 38.19 0;1 744.08 502.33 103.48 35.94 0;1 990.325 619.9 36.25 109.1 1.1;1 1026.78 695.405 34.9 99.83 21.3839;1 1093.46 600.565 38.6 96.47 47.8121;3 1725.97 522.145 180.54 56.99 0;8 390.17 540.38 65.68 22.62 0;9 1478.98 556.14 54.46 10.9 0
v_5rz3h63lya_0024,1 139.605 512.45 100.33 36.1 0;1 394.73 487.275 103.6 38.19 0;1 990.17 615.41 36.24 109.1 1.1;1 1043.82 658.785 34.9 99.83 25.1;1 1168.645 496.52 103.47 35.94 0;1 1202.46 576.04 38.6 96.48 80.8;8 23.68 466.71 47.04 25.3 0;8 790.725 532.15 65.69 22.62 0
v_5rz3h63lya_0049,1 565.065 508.22 100.33 36.1 0;1 795.93 483.405 103.6 38.19 0;1 992.58 602.585 36.24 109.09 1.1;1 1101.53 605.075 34.9 99.83 51.4;1 1455.51 567.56 38.6 96.48 87.8;1 1643.095 510.565 103.47 35.93 2.5;8 464.19 463.46 63.54 25.3 0;8 1158.15 523.26 65.68 22.62 0;9 308.265 548.25 48.99 17.8 0
v_5setpg6z0c_0000,1 733.35 514.635 44.32 100.05 273.47;1 1155.15 488.23 96.44 42.4 0.6
v_5setpg6z0c_0024,1 417.645 522.345 44.33 100.05 269.9;1 1000.655 489.19 96.43 42.4 0.6
v_5setpg6z0c_0049,1 48.28 525.215 44.32 96.71 269.9;1 744.01 501.44 96.44 42.4 357.2
v_5z7tempma0_0000,1 389.145 490.745 97.61 40.99 0;1 447.96 540.25 93.96 40.66 0;1 539.815 483.655 109.43 40.79 0;1 814.92 480.035 98.5 43.01 0;1 910.955 679.275 38.15 95.43 0;1 916.975 961.46 41.27 88.8 0;1 919.5 246.615 39.82 91.37 0;1 921.96 34.11 37.42 68.22 359.6;1 926.115 416.17 38.87 87.5 0;1 975.065 946.67 37.91 96.3 0;1 985.06 769.105 39.5 97.51 0;1 984.75 233.9 36.86 82.58 357.97;1 1564.815 478.37 103.79 42.34 358.92;1 1618.9 524.335 89.96 37.17 357.1;1 1728.175 484.525 90.19 40.01 0;1 1835.32 482.235 94.44 37.21 359.5;1 1857.685 552.22 39.07 96.1 86.9;4 1492.455 539.41 97.95 36.12 358.4;7 676.005 493.47 121.77 44.86 359.4;9 1089.85 556.87 14.66 41.96 58.2
v_5z7tempma0_0024,1 393.135 491.36 97.61 41 0;1 543.09 484.795 109.44 40.79 0;1 561.865 548.05 89.51 40.5 0;1 820.46 481.915 98.5 43.01 0;1 914.14 428.53 38.14 89.48 0;1 917.83 129.885 39.82 91.37 0;1 916.505 811.69 35.89 84.6 0;1 922.92 12.825 37.42 25.65 359.6;1 927.29 243.27 38.88 87.5 0;1 977.675 845.65 37.91 96.3 0;1 977.885 10.93 36.87 21.86 357.7;1 986.51 539.805 39.5 97.51 0;1 1568.51 480.775 103.8 42.33 359.8;1 1620.805 526.74 89.95 37.18 356.6;1 1729.455 486.02 90.19 40 0;1 1836.635 483.69 94.45 37.2 359.5;1 1858.85 553.05 39.08 96.1 86.9;4 1505.125 541.2 97.95 36.12 358.4;7 688.7 495.235 121.76 44.85 359.4;9 1306.94 543.7 14.66 44.84 105.35
v_5z7tempma0_0049,1 152.54 498.52 97.06 38.22 358;1 410.005 493.015 97.61 40.99 5.74;1 548.425 484.095 109.43 40.79 0;1 647.035 547.34 89.51 40.5 1.31;1 823.67 480.57 98.5 43 0;1 916.345 49.615 39.81 91.37 0;1 916.405 295.755 38.15 89.47 0;1 919.01 588.15 35.9 84.6 0;1 925.91 168.18 38.88 87.5 0;1 978.155 681.15 37.91 96.3 0;1 982.05 282.045 39.5 92.27 359.64;1 993.925 924.1 40.25 88.5 0;1 1570.87 479.985 103.8 42.33 359.8;1 1622.675 526.015 89.95 37.17 356.6;1 1730.755 485.995 90.19 40.01 0;1 1839.12 483.145 94.44 37.21 359.5;1 1860.94 553.43 39.08 96.1 86.9;4 1505.935 539.95 97.95 36.12 358.4;7 698.485 494.45 121.77 44.86 359.4;9 1466.605 572.465 14.67 44.85 93.66
v_5zet714gdd_0000,1 187.565 479.94 98.57 33.8 0;1 691.26 482.805 102.14 37.91 0;1 905.54 850.68 37.2 90.78 0;1 914.42 1065.9 33.3 28.2 0;1 918.43 418.52 34.9 90.4 0;1 939.52 980.54 33.4 91.72 354.4167;1 985.81 939.35 32.44 85.08 0;1 1035.555 572.095 32.63 87.99 44.46;1 1191.2 490.765 89.7 34.85 0;1 1342.32 547.35 39.1 89.44 93.4;1 1439.575 494.955 91.91 36.91 0;1 1567.225 496.685 113.25 39.81 0;1 1635.535 556.235 33.49 91.51 89;1 1683.055 506.36 96.53 35.66 0;1 1754.38 550.76 98.24 38.06 0;1 1796.98 512.41 90.46 33.7 0;1 1861.07 568.18 92.56 32.52 1.0895;1 1892.915 504.31 54.17 35.16 0;3 1486.385 547.03 163.13 41.68 0.2;9 725.24 532.48 32.48 14.74 0;9 1666.045 586.265 43.13 12.91 1.0086
v_5zet714gdd_0024,1 479.59 484.86 98.58 33.8 0;1 842.31 481.645 102.14 37.91 0;1 905.89 677.26 37.2 90.78 0;1 910.32 990.51 33.3 89.1 0;1 919.33 101.67 34.9 81.12 0;1 940.01 848.255 33.4 91.73 1.2857;1 952.88 1053.175 34.1 53.65 351.4;1 985.81 938.995 32.44 85.79 0;1 1177.125 542.61 32.63 88 87.4;1 1306.49 489.165 89.7 34.85 0;1 1342.595 546.665 39.11 89.45 93.4;1 1440.025 494.295 91.91 36.91 0;1 1567.54 496.75 113.24 39.82 0;1 1636.2 556.04 33.5 91.52 89;1 1683.26 506.435 96.52 35.67 0;1 1755.4 550.235 98.24 38.07 0;1 1797.61 512 90.46 33.7 0;1 1861.735 566.715 92.55 32.51 1.1653;1 1893.29 504.31 53.42 35.16 0;3 1488.34 546.06 163.14 41.68 0.2;9 955.725 528.115 32.49 14.73 0;9 1695.85 584.195 43.14 12.91 359.9741
v_5zet714gdd_0049,1 68.275 513.375 101.17 38.17 1.3;1 279.765 481.61 107.91 38.3 0;1 641.225 486.63 98.57 33.8 0;1 899.565 1063.695 35.63 32.61 0;1 911.5 466.02 37.2 90.78 0;1 911.61 860.52 33.3 89.1 0;1 942.39 991.8 34.1 89.28 351.4;1 966.15 683.3 33.4 91.72 13.3;1 985.81 938.63 32.44 86.52 0;1 1059.725 482.715 102.15 37.91 0;1 1237.015 544.97 32.63 88 87.4;1 1333.76 491.545 89.7 34.85 0;1 1343.045 546.36 39.11 89.44 93.4;1 1440.33 494.155 91.9 36.91 0;1 1567.865 496.82 113.25 39.82 0;1 1636.9 555.84 33.5 91.52 89;1 1683.475 506.51 96.53 35.66 0;1 1755.065 550.13 98.23 38.06 0;1 1798.26 511.56 90.46 33.7 0;1 1862.205 566.37 92.55 32.52 1.2;1 1893.685 504.31 52.63 35.16 0;3 1489.475 545.83 163.13 41.68 0.2;9 1201.455 474.39 32.49 14.74 346.9;9 1746.035 585.29 43.13 12.9 359.5
v_5zf32q9e12_0000,1 332.51 455.825 95.2 37.61 0;1 533.61 511.25 92.28 36.36 0;1 656.61 470.695 91.06 35.51 0;1 921.485 430.125 39.97 90.57 0;9 726.26 528.97 40.9 12.8 0;9 948.39 965.89 15.9 49.4 0
v_5zf32q9e12_0024,1 595.575 456.155 95.19 37.61 0;1 682.37 515.5 92.28 36.36 0;1 854.185 469.17 86.53 32.02 0;1 919.325 65.205 39.97 91.25 0;9 899.375 832.845 15.83 49.69 0;9 946.76 811.77 15.9 48.6 0;9 978.88 1044.51 16.38 49.82 0;9 980.36 790.03 13.32 43.56 0;9 1061.55 520.8 40.9 12.8 0
v_5zf32q9e12_0049,1 349.235 466.225 101.89 40.27 0;1 724.235 457.79 90.67 34.7 0;1 793.54 517.23 92.28 36.36 0;1 1163.825 466.835 83.51 33.47 0;7 904.785 914.635 44.13 124.09 0;9 884.68 1025.67 13.62 41.58 0;9 886.38 673.39 15.82 46.38 0;9 947.5 557.32 15.9 43.86 0;9 976.73 426.52 13.32 43.56 0;9 980.78 825.21 16.38 49.82 0;9 1607.78 517.93 40.9 12.8 0
v_5zheze2kjr_0000,1 49.49 386.58 87.5 33.18 0;1 83.54 484.03 92.4 34.54 0;1 106.85 443.775 84.02 34.05 0;1 212.425 439.415 90.05 35.29 0;1 286.08 395.08 85.4 35.62 0;1 332.885 272.935 81.43 37.35 0;1 408.345 443.355 104.71 37.79 0;1 399.225 395.135 83.99 34.31 0;1 469.26 489.545 82.6 34.05 0;1 564.15 1020.015 93.42 40.83 0;1 600.67 278.92 82.2 35.28 0;1 622.645 390.325 86.45 34.63 0;1 657.035 140.235 81.49 37.11 0;1 660.7 440.45 80.82 35.22 0;1 663.48 486.2 82.86 33.7 358.29;1 669.455 227.255 85.23 37.39 0;1 729 1060.7 77.06 37.72 20.92;1 832.865 562.08 83.39 35.9 53.6;1 893.995 441.445 82.23 31.39 0.2;1 897.955 121.295 82.71 40.51 0.6;1 922.45 390.345 78.56 33.39 359.9;1 909.555 895.3 35.85 86.44 0.84;1 908.965 1025.72 32.91 81.16 0;1 1067 274.17 80.92 37.9 0;1 1119.045 227.1 84.85 36.22 358;1 1242.63 437.78 83.6 34.94 0.2;1 1266.12 277.23 70.24 33.44 0;1 1334.315 389.905 84.21 33.17 359.8;1 1397.71 268.61 85.72 37.76 0;1 1409.35 478.825 79.3 34.71 0;1 1427.495 322.09 90.73 37.12 0;1 1698.07 275.635 94.34 39.65 2.8;2 1444.845 220.13 106.85 42.54 0;4 953.54 289.2 82.46 36 5.76;4 1548.275 317.27 99.97 39.8 0;5 1851.415 259.42 137.17 57.96 0;7 230.27 490.955 110.24 34.09 0;7 497.6 314.745 95.76 42.39 0;7 1542.04 261 120.52 47.96 0;9 22.785 460.135 34.31 11.75 0.5636;9 362.575 473.75 43.31 12.1 2.73;9 799.2 254.88 39.12 14.06 2.7;9 1129.22 459.97 38.42 12.28 5
v_5zheze2kjr_0024,1 33.86 431.815 67.72 33.17 0;1 35.98 484.92 71.96 32.98 0;1 147.93 387.645 87.5 33.17 0;1 184.095 446.49 85.99 34.96 0;1 202.55 486.205 92.4 34.55 0;1 196.66 278.35 78.08 35.28 0;1 277.08 225.11 85.22 37.38 0;1 337.185 442.22 89.77 35.3 0;1 345.02 139.785 81.48 37.11 0;1 435.525 395.155 85.41 35.63 0;1 543.625 442.935 104.71 37.79 0;1 566.3 393.795 83.98 34.31 0;1 653.04 485.995 82.6 34.05 358.02;1 666.195 126.255 82.71 40.51 359.5;1 728.08 1038.465 91.6 39.79 19.09;1 788.815 503.99 81.29 32.6 22.75;1 837.665 276.495 75.15 36.91 0;1 847.445 656.865 83.39 35.89 87.49;1 914.64 446.69 78.5 35.22 1.52;1 919.075 390.895 84.33 34.63 0;1 909.355 894.825 35.85 86.45 1.32;1 908.92 1011.06 32.92 81.16 0;1 963.88 230.31 84.86 36.22 359.57;1 1046.955 279.09 70.23 33.44 0;1 1215.54 278.365 81.94 36.27 0;1 1238.635 447.44 82.23 31.38 1;1 1245.415 324.765 89.47 37.11 0;1 1271.105 389.725 78.55 33.39 359.9;1 1554.39 271.74 94.34 39.64 0.8;1 1616.375 436.43 87.05 34.94 0.2;1 1796.775 392.115 87.51 33.17 359.8;1 1891.245 472.345 57.51 34.71 0;2 1207.56 224.485 98 42.49 358.5;4 661.755 259.18 80.87 35.1 4.8;4 1496.87 316.45 99.98 39.8 0;5 1849.335 259.42 141.33 57.96 0;7 55.6 314.305 98.66 42.39 0;7 388.31 490.76 103.46 32.64 0;7 1398.865 259.335 114.75 47.79 0;9 114.93 473.625 35.14 11.75 7.08;9 406.885 250.67 33.93 13.26 2.7;9 566.65 478.23 38.72 12.1 0.8;9 1478.425 481.185 39.87 12.29 359.96
v_5zheze2kjr_0049,1 150.665 434.655 86.45 34.27 0;1 156.4 486.815 87.9 32.97 0;1 335.145 446.59 82.79 34.34 0;1 346.58 386.21 87.5 33.18 0;1 361.795 130.585 82.71 40.51 359.5;1 378.03 486.805 92.4 34.55 0;1 490.11 275.7 75.16 36.9 0;1 522.53 441.965 87.24 35.31 0;1 648.14 394.935 84.1 35.63 0;1 684.395 227.96 84.85 36.22 0.2;1 713.42 444.555 97.74 37.79 0;1 728.905 282.01 70.23 33.44 0;1 801.14 394.64 80.3 33.94 0;1 806.025 511.895 78.05 34.05 36.4;1 837.3 870.595 85.58 35.89 91.8;1 846.635 637.94 77.63 32.14 87.7;1 873.55 323.39 84.4 37.12 0;1 920.235 283.455 78.81 35.03 0;1 909.15 894.33 35.84 86.44 1.82;1 908.92 1010.08 32.92 81.16 0;1 1220.72 449.46 78.5 35.22 0.5;1 1350.92 265.74 89.26 36.42 2.06;1 1353.355 392.435 84.33 34.63 0;1 1691.58 452.2 86.38 33.44 0.89;1 1710.48 383.415 81.12 33.39 359.9;2 942.18 229.13 98 42.5 358.5;4 283.595 234.335 81.83 35.09 2.2;4 1321.085 317.83 99.01 39.56 0;5 1764.76 263.1 196.1 57.96 0;7 583.82 488.52 100.96 32.88 0;7 1193.555 263.885 102.31 47.63 0;9 273.735 480.41 36.39 11.76 0.09;9 734.96 487.085 35.92 11.61 4.1;9 1908.55 485.435 22.9 12.29 359.6
v_62fv7qr819_0000,1 103.895 493.65 112.55 37.4 0;1 237.465 486.25 91.73 35.16 0;1 394.6 488.85 94.46 39.56 0;1 418.145 544.24 91.95 36.6 0;1 601.37 539.155 85.1 34.37 0;1 625.455 479.315 98.81 37.75 359.7;1 831.78 524.56 88.6 36.82 354.94;1 910.21 479.015 93.76 38.03 359.13;1 932.41 281.42 82.72 39.42 271.45;1 917.975 767.64 38.99 96.7 0;1 919.9 906.615 39.2 111.51 0;1 930.575 619.005 38.59 90.29 0;1 976.49 85.91 89.88 35.58 276.8818;1 985.075 728.96 35.75 91.64 0;1 987.2 610.13 36.66 87.56 0;1 990.115 1040.3 37.81 79.4 0;1 1055.66 533.19 106.4 40.74 359.39;1 1293.015 545.59 87.85 39.24 2.925;1 1371.91 495.09 86.98 38.06 358.8;1 1489.19 486.29 42.36 91.14 87.2743;1 1617.05 487.395 36.56 93.41 89.1;1 1654.865 541.41 34.19 90.86 89;1 1743.705 478.665 96.79 39.93 359.8;1 1888.4 486.325 44.44 87.75 88.7;4 257.1 543.855 140.54 43.57 0.6;4 982.3 861.24 36.38 101 0;7 902.77 1021.115 45.52 117.77 0;9 832.675 557.55 41.31 11.06 354.7
v_62fv7qr819_0024,1 111.365 492.73 112.55 37.4 0;1 288.135 484.23 91.73 35.16 0;1 518.815 486.485 94.45 39.57 0;1 548.23 544.49 91.96 36.6 0;1 722.41 534.975 85.1 34.37 0;1 867.375 473.845 89.97 37.75 358.76;1 917.6 765.04 39 96.7 0;1 918.35 905.07 39.2 111.52 0;1 915.78 16.835 26.92 33.67 268.2;1 926.255 588.245 38.59 90.29 356.22;1 998.18 517.99 88.6 36.82 359.44;1 983.73 723.59 35.74 91.64 0;1 985.78 594.86 36.66 87.56 0;1 990.235 948.43 37.81 79.4 0;1 1122.34 478.65 91 38.04 359.9;1 1262.01 539.525 106.4 40.75 1.72;1 1371.82 494.995 87.06 38.05 358.8;1 1475.325 547.04 87.85 39.24 359.1;1 1489.45 486.345 42.36 91.15 87.4406;1 1617.14 487.405 36.56 93.41 89.1;1 1743.945 478.665 96.79 39.93 359.8;1 1804.685 539.28 34.19 91.88 89;1 1888.9 486.58 44.44 87.74 88.7;4 285.3 543.425 140.54 43.57 0.6;4 981 825.115 36.38 96.51 0;7 902.5 1021.21 45.52 117.58 0;9 1068.935 548.055 41.31 11.07 0.03
v_62fv7qr819_0049,1 104.815 539.22 99.51 41.6 0;1 231.845 490.91 112.55 37.4 0;1 445.52 483.03 89.46 35.16 0;1 671.3 542.88 90.02 36.6 0;1 687.4 485.92 94.22 39.56 0;1 840.14 538.63 85.1 34.36 0;1 917.62 766.27 39 96.7 0;1 918.41 906.925 39.2 111.51 0;1 922.715 441.355 38.59 90.29 358.62;1 983.94 725.67 35.74 91.64 0;1 985.6 493.735 36.66 89.73 359.16;1 990.905 946.2 37.81 79.4 0;1 1107.01 473.095 88.42 37.75 0.56;1 1184.635 528.92 87.63 36.1 3.61;1 1240.72 478.235 91 38.03 359.9;1 1371.725 494.895 87.15 38.05 358.8;1 1392.225 542.69 106.57 40.74 359.1;1 1489.73 486.4 42.36 91.14 87.6139;1 1617.23 487.415 36.56 93.41 89.1;1 1653.675 545.085 87.85 39.25 358.7;1 1746.19 479.155 97.68 39.93 359.8;1 1891.43 487.79 44.44 87.74 88.7;4 446.225 541.845 137.97 46.71 0.6;4 981.57 827.215 36.38 96.51 0;7 902.225 1021.31 45.53 117.38 0;9 1360.045 574.76 38.25 11.06 3.58
v_62yfnp2bj0_0000,1 468.645 427.835 78.57 36.51 357.3;1 590.245 468.795 82.59 34.05 358.4;1 637.155 1061.07 73.63 36.42 5;1 747.94 1041.31 72.78 33.68 28.19;1 772.215 433.1 79.51 31.44 0;1 818.665 512.875 83.83 37.03 21.5667;1 909 886.2 35.84 86.44 2.2345;1 907.835 999.57 32.91 81.16 0;1 952.355 987.735 30.39 82.41 0;1 963.315 874.675 33.57 75.39 0;1 1143.96 457.23 78.86 31.82 355.8;1 1337.115 476.765 73.15 30.63 357.5;1 1448.805 392.765 82.51 34.13 0;1 1685.545 471.79 107.25 37.28 0.2;4 141.8 432.53 109.2 38.56 0;4 618.03 269.62 79.3 34.8 0;7 501.21 125.03 94.88 43.56 0;7 1507.67 440.14 96.06 36.32 359.34;7 1707.15 381.425 165.02 49.15 359.7;9 820.455 673.015 32.97 13.01 89.05
v_62yfnp2bj0_0024,1 234.035 423.605 91.29 37.61 0;1 637.245 1061.04 73.63 36.42 5;1 856.93 632.12 83.82 37.02 93.5;1 908.565 466.065 77.31 31.59 359.6;1 912.315 402.815 76.17 33.41 357.75;1 907.755 999.55 32.91 81.16 0;1 909.245 886.43 35.85 86.44 1.4897;1 952.58 985.575 30.38 82.41 0;1 963.405 874.54 33.57 75.38 0;1 1150.985 432.48 77.19 31.44 0;1 1488.745 436.62 80.63 32.36 359.12;1 1649.955 467.925 73.89 30.63 358.1;1 1732.18 409.11 85.86 35.38 3.2;4 102.46 264.525 81.64 34.81 0;4 495.46 434.315 104.28 38.55 0;7 99.68 130.095 96.76 43.55 0;7 1793.175 255.565 123.93 46.19 0;7 1887.275 435.405 65.45 37.39 359.5;8 88.385 373.99 62.51 26.5 0;9 802.795 889.645 32.43 13.01 92
v_62yfnp2bj0_0049,1 161 440.955 82 32.91 0;1 259.46 1013.44 91.32 37.82 0;1 591.325 426.02 89.45 37.6 0;1 637.345 1061.01 73.63 36.42 5;1 833.27 869.305 84.86 37.03 92.7;1 907.755 999.99 32.91 81.16 0;1 909.495 886.68 35.85 86.44 0.7138;1 952.675 985.805 30.39 82.41 0;1 963.495 874.395 33.57 75.39 0;1 1285.175 466.535 77.31 31.59 359.6;1 1417.245 387.315 79.29 34.71 358.6;1 1535.19 427.94 80.32 31.44 0;1 1815.465 431.205 83.09 32.55 359.8;4 860.66 439.105 97.62 38.55 0.8;7 1282.775 257.995 104.57 47.95 0;8 377.285 371.91 60.69 26.5 0
v_639xl5t6pw_0000,1 473.67 480.605 106 44.97 0;1 645.615 543.325 104.47 42.33 0.8;1 718.125 478.455 93.25 36.37 359.9;1 927.855 388.04 42.49 97.1 0;1 938.425 176.765 39.37 92.03 4.7;1 990.35 590.38 36.5 86.66 0;1 993.66 1024.25 42.92 111.5 0;1 1001.325 871.45 37.67 93.4 357.4;1 1565.705 526.965 89.17 37.17 357.9;1 1660.715 483.15 90.19 40 0;1 1798.845 480.83 94.45 37.2 359.5;1 1859.66 550.54 39.08 96.1 86.9;1 1890.34 485.59 59.32 38.92 358.8;2 830.23 470.81 93.22 38.5 351.33;4 1385.61 539.52 96.86 36.12 0;7 96.435 485.78 138.53 46.72 358.19;7 781.26 523.655 127.52 44.81 354.02
v_639xl5t6pw_0024,1 592.87 479.195 101.9 44.97 0;1 726.815 545.365 103.63 42.33 1.7;1 779.775 471.245 89.67 36.37 354.4;1 921.025 962.34 36.29 86.8 0;1 943.425 48.455 42.49 96.91 4.24;1 982.59 314.805 36.5 86.65 354.66;1 989.16 906.905 39.36 111.49 358.2;1 994.595 723.505 37.67 89.69 357.75;1 1592.205 525.105 89.17 37.17 357.1;1 1695.695 482.89 90.19 40 0;1 1814.305 481 94.45 37.2 359.5;1 1859.66 550.79 39.08 96.1 86.9;1 1899.5 485.63 41 38.92 358.8;2 896.775 431.835 93.23 38.51 321.75;4 1457.59 538.63 96.86 36.12 0;7 304.285 485.115 136.47 46.19 359.8;7 857.33 503.48 124.46 44.82 341.64
v_639xl5t6pw_0049,1 175.68 483.78 116.9 40.78 0;1 674.635 479.025 101.45 44.97 0;1 841.345 550.725 101.17 42.33 2.07;1 888.555 383.615 89.67 36.37 301.7571;1 918.915 1028.485 39.81 91.37 0;1 919.695 846.03 36.29 86.8 0;1 957.83 22.11 36.5 44.22 358.2;1 986.49 777.085 39.36 111.49 358.5;1 992.215 1045.55 36.87 68.9 0;1 1001.515 539.045 37.67 89.69 2.2;1 1615.095 523.425 89.95 37.17 357.1;1 1720.055 482.675 90.19 40.01 0;1 1828.005 479.93 94.45 37.2 359.5;1 1859.66 551.06 39.08 96.1 86.9;1 1906.16 485.59 27.68 38.92 358.8;2 958.805 229.94 93.23 38.5 274;4 1485.035 537.665 97.95 36.13 358.4;7 465.53 488.74 127.58 44.86 0.4;7 964.48 397.9 120.62 44.82 297.7
v_64iij3aqe0_0000,1 759.435 501.9 43.29 95 272.78;1 1352.93 496.805 99.04 41.99 358.9
v_64iij3aqe0_0024,1 290.68 517.01 43.28 95 269;1 1144 494.84 99.04 42 358.9
v_64iij3aqe0_0049,1 910.83 497.325 99.04 41.99 358.9
v_64svlqlr48_0000,1 13.83 418.33 27.66 32.7 0;1 39.42 287.375 31.7 80.25 268.7;1 39.075 126.345 27.71 75.39 269.7;1 75.41 512.145 84.4 32.71 0;1 121.66 413.97 83.6 33.42 0;1 176.17 519.35 91.62 34.16 0;1 174.92 158.885 30.3 80.71 268.9333;1 218.625 413.365 89.47 34.35 0;1 302.27 516.415 89.78 32.07 0;1 336.2 420.51 79.46 32.78 0;1 368.935 469.02 79.43 30.1 0;1 462.42 416.405 87.3 32.71 0;1 483.01 467.17 78.7 33.56 0;1 575.445 515.46 82.43 33.16 0;1 577.545 464.605 81.97 34.59 0;1 577.69 415.365 81.98 31.79 0;1 649.08 129.195 29 77.09 273.2667;1 687.04 475.045 87.8 33.83 0;1 701.725 517.505 79.95 32.93 0;1 701.85 421.795 79.16 32.69 0;1 709.49 318.05 27.98 75.3 271.4;1 838.12 814.53 71.88 29.36 161.2;1 867.85 284.255 27.88 73.03 281.9333;1 981.4 520.13 25.8 81.26 351.4;1 1023.185 675.075 34.27 100.21 0;1 1319.505 247.89 79.31 35.34 359.3;1 1350.145 297.575 75.97 34.29 0;1 1422.895 246.585 84.81 34.35 0;1 1441.465 340.64 103.03 37.32 0;1 1582.46 342.605 99.74 38.17 0;1 1616.19 292.42 87.02 35.6 0;1 1689.825 243.815 87.55 35.43 0;1 1718.82 297.35 91.76 36.9 0;2 1222.19 296.545 87.76 38.71 0;2 1549.775 246.435 105.13 36.11 0;4 214.235 466.78 82.79 30.2 0;4 817.38 204.61 27.58 78.7 329.3;4 988.745 292.435 27.01 70.09 331.2;4 1245.815 163.315 88.05 39.07 0;4 1488.52 295.245 100.7 39.29 0;7 66.22 465.75 126.3 34.36 0;7 436.32 517.1 136 41.26 0;7 952.15 397.065 29.32 90.75 329.4333;7 1041.51 478.43 34.4 98.12 348.5;7 1263.385 342.855 114.59 38.45 0;7 1834.74 291.89 123.2 39.52 0;9 767.47 453.83 41.92 11.58 359.2;9 807.18 449.32 44.12 15.9 0;9 1193.485 230.585 43.39 12.81 0
v_64svlqlr48_0024,1 13.945 418.63 27.89 32.7 0;1 75.85 512.345 84.4 32.71 0;1 121.84 414.29 83.6 33.42 0;1 176.38 519.525 91.62 34.15 0;1 218.955 413.465 89.47 34.35 0;1 302.625 516.705 89.79 32.07 0;1 293.67 143.495 29 77.09 265.4;1 336.32 420.93 79.46 32.78 0;1 369.3 469.23 79.44 30.1 0;1 388.34 330.09 27.98 75.3 268.8;1 462.46 416.525 87.3 32.71 0;1 483.01 467.355 78.7 33.57 0;1 575.445 515.64 82.43 33.16 0;1 577.595 464.685 81.97 34.59 0;1 577.735 415.47 81.99 31.8 0;1 687.09 475.21 87.8 33.82 0;1 659.88 284.215 27.88 73.03 269.8;1 702.115 517.635 79.95 32.93 0;1 701.93 421.84 79.16 32.68 0;1 838.09 814.59 71.88 29.36 161.2;1 942.84 405.47 25.8 81.26 333.1;1 1013.01 506.63 34.28 100.22 357.2692;1 1319.565 247.945 79.31 35.33 359.3;1 1350.055 297.885 75.97 34.29 0;1 1422.7 246.675 84.8 34.35 0;1 1441.23 340.86 103.04 37.32 0;1 1582.15 342.635 99.74 38.17 0;1 1615.88 292.48 87.02 35.6 0;1 1689.405 243.815 87.55 35.43 0;1 1718.58 297.44 91.76 36.9 0;2 1222.18 296.735 87.76 38.71 0;2 1549.585 246.505 105.13 36.11 0;4 214.395 467.065 82.79 30.19 0;4 695.99 137.72 27.58 78.7 282.7077;4 842.845 179.33 27.01 70.1 294.6615;4 1245.495 163.255 88.05 39.07 0;4 1488.44 295.295 100.7 39.29 0;7 66.26 466.16 126.3 34.36 0;7 436.49 517.185 136 41.25 0;7 830.95 333.3 29.32 90.74 283.9846;7 970.73 332.455 34.4 98.11 321.7846;7 1263.025 343.26 114.59 37.72 0;7 1834.42 292.24 123.2 39.52 0;9 767.455 453.99 41.91 11.58 359.2;9 807.18 449.46 44.12 15.9 0;9 1193.72 230.5 43.7 12.44 0
v_64svlqlr48_0049,1 13.365 333.525 26.73 22.33 268.8;1 14.06 418.94 28.12 32.7 0;1 76.31 512.56 84.4 32.72 0;1 122.02 414.615 83.6 33.43 0;1 176.59 519.705 91.62 34.15 0;1 219.3 413.565 89.46 34.35 0;1 302.995 517.01 89.79 32.06 0;1 336.445 421.38 79.47 32.78 0;1 369.685 469.44 79.43 30.1 0;1 346.08 290.82 27.88 73.04 269.8;1 462.49 416.65 87.3 32.7 0;1 483.01 467.545 78.7 33.57 0;1 575.445 515.825 82.43 33.15 0;1 577.65 464.775 81.98 34.59 0;1 577.775 415.58 81.99 31.8 0;1 687.15 475.375 87.8 33.83 0;1 702.02 421.89 79.16 32.68 0;1 702.515 517.775 79.95 32.93 0;1 791.96 332.06 25.8 81.26 279.65;1 838.055 814.65 71.89 29.36 161.2;1 961.075 360.055 34.27 100.21 324.04;1 1319.635 248.005 79.31 35.33 359.3;1 1349.96 298.215 75.96 34.29 0;1 1422.495 246.755 84.81 34.35 0;1 1441.005 341.075 103.03 37.33 0;1 1581.82 342.675 99.74 38.17 0;1 1615.56 292.535 87.02 35.59 0;1 1688.965 243.815 87.55 35.43 0;1 1718.335 297.53 91.75 36.9 0;2 1222.17 296.935 87.76 38.71 0;2 1549.385 246.575 105.13 36.11 0;4 214.565 467.36 82.79 30.2 0;4 415.18 150.1 27.58 78.7 265.6;4 589.485 158.975 27.01 70.09 269.4;4 1245.175 163.19 88.05 39.06 0;4 1488.36 295.355 100.7 39.29 0;7 66.3 466.58 126.3 34.36 0;7 436.68 517.28 136 41.26 0;7 593.47 327.93 29.32 90.74 268.8;7 790.19 251.84 34.4 98.12 274.5167;7 1262.645 343.68 114.59 36.96 0;7 1834.085 292.6 123.19 39.52 0;9 767.445 454.16 41.91 11.58 359.2;9 807.18 449.6 44.12 15.9 0;9 1193.955 230.42 44.03 12.06 0
v_64yi1nxfme_0000,1 488.34 466.9 102 41.42 0;1 658.51 471.98 101.82 38.98 0;1 785.995 463.855 77.13 35.23 0;1 896.17 514.08 40.52 95.1 0;1 911.625 794.705 39.63 96.67 0;1 968.87 77.67 39.26 90.54 0;1 969.08 922.47 36.74 84.8 0;1 974.95 720.315 39.18 87.85 0;1 1104.44 461.795 84.88 37.89 0;1 1555.685 453.91 99.63 42.02 0;1 1694.415 454.16 89.77 38.22 0;1 1815.27 459.635 94.42 35.77 0;1 1817.36 511.12 96.74 41.72 359.6;1 1907.55 454.72 24.9 38.4 0;1 1911.88 517.775 16.24 32.33 354.4;4 899.195 1022.91 37.67 100.9 0;4 966.985 543.17 36.49 86.68 0
v_64yi1nxfme_0024,1 564.15 467.01 102 41.42 0;1 703.145 472.93 96.01 38.98 0;1 810.045 462.54 77.13 35.22 0;1 897.87 189.965 40.52 95.09 0;1 908.52 613.945 39.62 91.47 0;1 964.49 1055.765 39.02 48.47 0;1 966.965 468.96 39.19 87.84 0;1 966.49 782.19 36.74 84.8 0;1 1331.95 455.605 87.7 37.89 0;1 1555.935 453.91 99.63 42.02 0;1 1695.235 454.195 89.77 38.21 0;1 1815.6 459.635 94.42 35.77 0;1 1827.97 509.27 96.74 41.72 359.6;1 1908.68 454.72 22.64 38.4 0;1 1915.375 517.435 9.25 32.33 354.4;4 898.71 1062.38 39.02 35.24 0;4 898.085 886.42 37.67 100.9 0;4 964.45 288.32 36.5 86.68 0
v_64yi1nxfme_0049,1 586.04 466.84 102 41.42 0;1 712.28 472.74 97.54 38.98 0;1 847.275 463.825 77.13 35.23 0;1 905.09 322.555 39.62 91.47 0;1 918.525 1058.225 37.99 43.55 0;1 961.085 154.215 39.19 87.85 0;1 966.75 892.99 39.02 88.86 0;1 967.79 539.66 36.74 84.8 0;1 972.11 1052.35 40.5 55.3 0;1 1441.195 454.945 87.71 37.89 0;1 1556.205 453.91 99.63 42.02 0;1 1693.685 454.505 89.77 38.21 0;1 1815.94 459.635 94.42 35.77 0;1 1828.96 509.435 96.74 41.73 359.6;1 1909.86 454.72 20.28 38.4 0;1 1915.915 517.38 8.17 32.32 354.4;4 898.005 735.23 37.67 100.9 0;4 898.95 955.23 39.02 97.7 0
v_66fdsggq5l_0000,1 321.725 283.06 77.37 31.4 0.1;1 692.905 512.29 73.79 29.36 0;1 812.315 133.785 94.49 37.77 359.53;1 854.3 505.785 78 31.05 0.6;1 1007.47 987.205 31.32 76.95 0;1 1009.375 1072.855 33.63 14.29 0;1 1059.46 999.035 31.32 80.29 0;1 1061.5 896 27.44 66.84 0;7 1059.565 1068.19 36.81 23.62 0;7 1760.955 490.95 92.01 32.1 1.1;8 1016.655 892.55 27.79 72.82 0
v_66fdsggq5l_0024,1 386.13 146.23 94.48 37.76 357.6;1 725.18 510.94 72.84 29.36 358.95;1 1011.97 505.495 78 31.05 0.6;1 1007.47 984.155 31.32 76.95 0;1 1009.375 1072.905 33.63 14.19 0;1 1059.46 997.58 31.32 80.3 0;1 1061.36 894.69 27.44 66.84 0;7 1059.565 1067.64 36.81 24.72 0;8 1016.655 891.53 27.79 72.82 0
v_66fdsggq5l_0049,1 737.025 509.89 71.89 29.36 357.9;1 1007.47 980.975 31.32 76.95 0;1 1009.375 1072.96 33.63 14.08 0;1 1059.46 996.07 31.32 80.3 0;1 1061.21 893.33 27.44 66.84 0;1 1266.68 502.745 78 31.05 0;7 1059.565 1067.065 36.81 25.87 0;8 1016.655 890.47 27.79 72.82 0
v_66ok51q8hd_0000,1 503.755 494.51 101.49 39.1 0;1 780.435 467.12 105.41 41.2 0;1 1696.365 485.37 89.71 35.48 2.7;3 1155.78 550.315 213.44 57.89 3
v_66ok51q8hd_0024,1 142.395 592.575 102.15 39.39 352.9;1 952.38 489.555 101.48 39.11 0;1 1223.54 470.53 105.42 41.2 0;3 1379.69 558.785 213.44 57.89 1.9;8 172.81 485.25 63.16 29.2 0
v_66ok51q8hd_0049,1 250.475 499.665 99.79 43.73 0;1 307.615 580.495 102.15 39.39 352.9;1 1443.53 488.745 101.48 39.11 0;1 1730.415 482.72 105.41 41.2 2.3333;3 1663.07 559.165 213.44 57.89 1.9;7 35.725 483.82 70.75 40.14 0;8 628.17 484.22 63.16 29.2 0
v_66vgjouhse_0000,1 99.89 490.34 89.98 39.34 0;1 909.51 515.01 84.52 34.76 352.79;1 929.255 353.29 33.15 81.26 6.41;1 938.97 1051.99 37.5 55.42 0.2;1 939.92 699.08 35 91.04 359;1 953.32 929.33 32.1 81 2.7;1 960.185 429.04 34.99 79.1 13.76;1 992.345 986.495 87.13 35.35 271.8;1 968.925 213.47 33.57 80.8 0;1 1027.6 600.33 83.96 35.24 321;1 1341.335 547.23 90.37 37.98 358.2;1 1334.79 504.325 76 34.09 359.42;1 1505.155 503.93 89.11 34.3 0;1 1641.39 506.905 76.6 35.41 0;1 1735.535 517.11 83.57 35.82 0;1 1771.045 576.1 98.15 37.56 0.2;9 901.975 324.73 13.69 39.38 0;9 902.805 658.315 13.19 44.91 0.8
v_66vgjouhse_0024,1 99.89 490.34 89.98 39.34 0;1 719.045 522.87 84.51 34.76 359.5;1 883.745 520.65 34.99 79.1 56.85;1 919.185 397.96 33.15 81.26 13.66;1 942.14 832.515 35 91.03 359;1 945.93 1063.99 32.1 32.02 1.7;1 988.965 1051.58 87.13 35.36 271.8;1 990.135 715.87 83.97 35.24 276.5;1 970.405 314.89 33.57 80.8 0;1 1247.12 508.08 76 34.1 358.26;1 1341.095 547.34 90.37 37.98 358.2;1 1386.02 503.46 89.12 34.3 0;1 1612.155 506.2 76.61 35.42 0;1 1728.325 518.36 83.57 35.82 0;1 1763.52 577.75 98.14 37.56 0.2;9 900.94 366.26 12.34 39.38 0;9 918.06 764.41 13.18 44.52 348.04
v_66vgjouhse_0049,1 99.89 490.34 89.98 39.34 0;1 512.575 530.95 84.51 34.76 358.18;1 663.305 558.56 34.99 79.1 84.94;1 854.755 491.965 33.15 80.01 47.02;1 940.555 966.755 35.01 91.03 359;1 984.53 886.13 85.8 35.24 272;1 961.305 510.965 33.57 77.89 2.84;1 987.2 169.91 35.16 85.82 0;1 1129.71 529.44 76 34.1 345.78;1 1273.94 504.235 84.78 34.83 0;1 1339.925 548.95 90.37 37.98 358.2;1 1528.345 504.15 74.63 35.42 0;1 1690.885 517.325 83.57 35.81 0;1 1756.165 577.94 98.15 37.56 0.2;9 902.63 431.88 12.34 39.38 0;9 926.095 882.57 13.19 40.88 358.6
v_682q2k39tj_0000,1 414.69 554.11 29.7 82.48 91.5;1 557.16 499.22 35.6 88.62 89.4;1 556.845 563.31 31.47 83.5 90.4;1 868.44 490.095 33.3 84.15 49.4;1 972.465 292.8 33.09 90.74 0;1 1008.17 165.06 34 95.26 354.6;1 1014.95 973.65 35.8 90.68 0;1 1019.515 733.97 31.91 78.4 0;1 1021.5 529.945 30.7 86.61 0;1 1362.975 534.74 101.99 33.6 358;2 1052.79 103.565 31.16 82.09 355.8
v_682q2k39tj_0024,1 100.64 550.69 29.7 82.48 89.1;1 250.715 567.1 31.47 83.5 90.4;1 559.655 500.305 35.61 88.63 89.4;1 647.59 555.205 33.3 84.15 84.5;1 972.505 469.2 33.09 90.74 0;1 1016.73 748.715 30.7 86.61 0;1 1018.835 991.85 31.91 78.4 0;1 1022.39 325.34 34 89.64 354.6;1 1280.73 542.6 94.02 33.6 354.8;1 1835.5 515.69 92.6 29.32 0;2 1053.51 107.165 31.16 82.09 355.8;9 960.41 91.35 10.6 45.6 0;9 993.69 53.075 10.58 39.97 0
v_682q2k39tj_0049,1 340.98 553.285 33.3 84.15 90.1;1 561.96 501.83 35.6 88.62 89.4;1 973.415 633.18 33.09 85.18 0;1 979.915 95.79 30.11 85 0;1 991.78 1047.13 30.7 65.74 6.4;1 1020.565 522.72 34.01 85.04 359.2;1 1164.945 558.93 92.11 33.6 348.9875;1 1597.13 513.51 91.4 29.32 0;9 953.77 220.81 10.6 45.6 0;9 986.77 238.555 10.58 39.97 2.325
v_68b517whvt_0000,1 14.765 105.495 29.53 28.21 269.2;1 924.89 723.14 30.5 76.06 0;1 969.08 767.145 27.6 74.27 0;1 971.62 564.56 27.6 73.82 357.42;1 973.655 943.67 29.05 77.32 0;1 1743.47 189.26 74.1 27.9 0;1 1889.55 278.74 60.9 29.1 0;7 163.855 238.32 35.31 131.6 268.5;7 839.15 234.55 34.9 133.4 324.78;7 907.41 511.6 43.6 180.5 352.96;7 1178.545 237.705 123.49 35.59 0
v_68b517whvt_0024,1 917.43 566.81 30.5 76.06 354.8;1 947.85 396.61 27.6 73.82 348.88;1 951.26 965.82 26.9 76.98 4.3;1 960.57 608.845 27.6 74.27 356.8;1 968.86 751.56 29.06 77.32 0;1 1322.1 191.84 74.1 27.9 0;1 1543.06 288.74 79.1 29.1 0;2 1632.43 95.73 85.06 26.8 0;7 664.485 110.71 34.91 133.4 291.6333;7 874.76 378.24 43.6 180.5 344.54;7 1177.6 237.635 123.5 35.59 0;7 1868.15 232.475 103.7 33.07 0
v_68b517whvt_0049,1 893.97 212.955 27.6 73.83 341.5333;1 897.09 424.81 30.5 76.06 350.2;1 915.42 878.07 28.1 79.3 0;1 922.02 1061.6 32.2 36.8 0;1 948.61 477.695 27.6 74.27 351.7;1 966.05 763.11 26.9 76.98 2.9;1 993.725 581.33 29.05 77.32 17.0333;1 1110.97 194.46 74.1 27.9 0;1 1323.24 290.07 79.1 29.1 0;1 1659.05 283.005 84.4 30.43 0;2 1308.825 98.945 85.07 26.81 0;7 407.42 85.73 34.9 133.4 270.1;7 827.48 260.56 43.6 180.5 335;7 973.22 987.235 30.8 127.89 0;7 1176.615 237.555 123.49 35.59 0;7 1563.59 228.895 114.42 33.07 0
v_6cetwtfnwy_0000,1 783.98 485.945 98.4 40.85 0;1 1297.455 498.035 97.71 36.71 0;9 307.435 525.87 46.19 15.6 0
v_6cetwtfnwy_0024,1 322.97 526.825 98.3 37.17 0;1 1168.74 481.2 98.4 40.86 0;1 1879.55 516.405 80.9 36.71 0;8 219.75 462.12 66.8 31.1 0;9 981.205 536.1 46.19 15.6 0
v_6cetwtfnwy_0049,1 931.08 515.045 98.3 37.17 0;1 1586.575 485.26 98.41 40.86 0;8 561.92 449.01 66.8 31.1 0;9 1734.895 558.51 46.19 15.6 0
v_6ed2tae1m9_0000,1 221.36 368.545 95.12 35.67 0;1 706.35 417.69 71.9 31.9 0;1 918.56 843.395 28.46 75.49 0;1 971.28 860.42 30.66 71.64 0;1 971.965 959.775 30.63 77.47 0;1 1070.405 366.56 82.51 31.54 0;2 620.815 461.97 102.81 34.18 0;7 340.02 407.31 106.38 32.4 0;7 917.105 108.645 93.69 34.39 338.98;7 919.47 980.53 35.3 131.6 0
v_6ed2tae1m9_0024,1 102.905 448.885 72.39 27.93 0;1 312.78 392.66 79.3 30.1 354.6;1 833.13 366.59 95.12 35.66 0;1 918.685 843.205 28.47 75.49 0;1 971.56 859.98 30.66 71.64 0;1 972.135 959.54 30.63 77.46 0;1 1168.12 419.1 71.9 31.9 0;1 1649.3 361.55 82.5 31.54 0;2 625.5 461.695 102.82 34.19 0;7 677.18 409.715 106.38 32.39 0;7 725.44 183.445 93.7 34.39 338.9692;7 920.005 980.15 35.31 131.6 0
v_6ed2tae1m9_0049,1 438.375 436.505 72.39 27.93 355.1;1 788.53 365.02 79.3 30.1 358.4;1 918.82 843.005 28.46 75.49 0;1 971.85 859.525 30.66 71.63 0;1 972.305 959.29 30.63 77.46 0;1 1548.96 357.455 95.12 35.67 0;1 1637.6 414.79 71.9 31.9 0;1 1834.365 95.605 78.19 27.59 0;2 627.87 461.425 102.82 34.19 0;7 418.32 225.54 93.7 34.38 358.7;7 920.565 979.77 35.31 131.6 0;7 1041.215 405.08 106.37 32.4 0
v_6hfs2wm2uq_0000,1 967.51 1001.555 38.26 94.15 0;1 969.845 575.94 38.31 93.66 0;1 980.92 714.17 40.8 98.18 5.325;1 1789.03 537.62 96.6 38.86 0;1 1848.005 472.185 92.11 37.19 0;8 1620.4 497.945 59.08 25.19 0
v_6hfs2wm2uq_0024,1 970.05 805.605 38.26 94.15 0;1 973.285 444.71 38.31 93.66 0;1 1035.45 586.33 40.8 98.18 32.7;8 317.825 450.42 65.25 27.78 0;9 990.82 899.535 17.04 41.99 0
v_6hfs2wm2uq_0049,1 973 211.02 38.3 93.66 0;1 973.05 659.845 38.26 94.15 0;1 972.76 993.36 36.62 97.66 0;1 1292.35 493.995 40.8 98.19 84.8;8 783.33 444.835 62.44 27.79 0;9 1005.955 732.505 17.03 41.99 5.79
v_6jt9d3hb2d_0000,1 27.285 543.31 54.57 38.2 0;1 128.54 492.74 89.98 39.34 0;1 366.97 544.165 80.32 35.17 0;1 935.18 279.835 38.04 80.49 0;1 935.755 377.245 36.77 83.55 0;1 941.02 61.355 38.4 84.75 4.7;1 1886.73 520.3 66.54 33.3 0;4 996.445 1046.285 32.69 67.43 0;4 1024.495 527 76.85 31.56 351.64;9 956.31 962.25 12.44 40.64 0
v_6jt9d3hb2d_0024,1 35.095 549.105 70.19 35.63 0;1 130.4 494.3 89.98 39.34 0;1 926.05 385.995 38.04 80.49 6.7;1 938.14 214.785 38.4 84.75 359.9;1 939.795 496.64 36.77 83.56 0;1 980.97 100.14 39 92.24 0;1 1628.415 528.34 85.83 33.3 0;1 1820.93 501.805 83.72 35.87 0;4 752.1 548.225 76.86 31.55 357.3;4 998.565 1047.84 32.69 64.32 0
v_6jt9d3hb2d_0049,1 132.295 494.865 89.97 39.33 0;1 807.51 527.675 35.66 78.81 63.65;1 930.32 341.4 35.3 82.7 6.24;1 940.4 43.6 37.8 87.2 0;1 951.42 677.27 36.46 76.6 0;1 981.46 270.5 39 89.72 0;1 1411.795 534.52 85.83 33.3 0;1 1505.81 492.525 85.98 35.87 0;4 387.645 559.145 81.85 31.55 359.3;4 997.92 1055.595 33.34 48.81 0
v_6kd3qt7m40_0000,1 25.255 130.66 50.51 31.6 358;1 48.595 224.755 84.73 30.31 0;1 78.32 428.665 82.4 31.13 0;1 116.48 476.75 87.6 33.2 0;1 240.29 285.08 90.3 29.72 357.9;1 260.98 412.22 95.8 34.8 355.2;1 468.655 408.35 83.99 29.8 358.5;1 545.575 472.22 73.85 26.1 0;1 608.94 370.32 82.4 28.6 0;1 631.21 426.155 75.9 29.23 0;1 847.78 717.89 70.28 29.2 92.1;1 912.385 422.78 77.63 28.62 0;1 926.265 185.67 87.49 30.5 13.5778;1 920.1 1017.265 28.6 78.97 0;1 966.2 806.02 28.4 75.7 358.4;1 1164.455 203.025 83.09 32.83 0;1 1165.56 423.8 79.5 30 0;1 1167.835 372.97 80.43 31.06 0;1 1377.16 416.59 78.8 30.8 0;1 1383.47 204.04 82.6 28.7 0;1 1592.57 451.805 79.78 31.59 358.7;1 1690.89 370.7 77 34.4 0;1 1893.45 365.68 53.1 27.84 0;2 1546.48 204.48 106.8 34.94 0;7 771.695 470.585 115.83 30.51 0;7 1087.3 248.66 201.1 53.96 0;9 345.47 476.615 41.68 7.61 0;9 731.99 443.73 44.4 7.3 359.1;9 810.76 440.44 39.9 9.3 0;9 825.04 632.2 48.1 11.68 89.6
v_6kd3qt7m40_0024,1 62.285 418.17 79.95 30.2 0;1 94.73 375.63 76.5 26.96 0;1 233.27 426.715 82.4 31.13 0;1 371.86 477.3 87.6 33.2 0;1 494.6 388.43 95.8 34.8 355.2;1 707.2 109.18 87.5 30.5 19.1;1 744.815 399.66 83.99 29.8 0;1 748.595 466.07 73.85 26.1 0;1 846.515 994.15 66.41 29.2 92.1;1 873.305 423.085 75.89 29.23 0;1 886.16 376.35 82.4 28.6 0;1 913.7 865.865 28.6 78.97 0;1 966.2 806.02 28.4 75.7 358.4;1 1088.38 203.55 83.1 32.84 0;1 1207.23 230.46 82.6 28.7 347.2;1 1252.4 417.445 77.62 28.61 0;1 1531.995 363.56 80.43 31.06 0;1 1538.21 418.38 79.5 30 0;1 1742.28 412.52 78.8 30.8 0;2 35.1 460.64 70.2 30 0;2 1362.8 205.32 106.8 34.94 0;7 947.51 231.67 201.1 53.96 13.8;7 943.525 476.155 115.83 30.51 0;7 1774.915 107.78 94.87 32.4 0;9 233.745 461.08 48.11 12.8 0;9 592.51 475.185 41.68 7.61 0;9 824.28 838.995 48.1 11.69 89.6;9 1051.785 449.75 44.41 7.3 359.1;9 1141.4 454.44 39.9 9.3 0
v_6kd3qt7m40_0049,1 63.935 475.865 73.39 29.05 0;1 275.065 417.13 79.95 30.2 0;1 423.84 374.92 76.5 26.96 0;1 465.18 428.57 82.4 31.14 0;1 495.195 71.46 87.49 30.5 6.1583;1 635.92 470.8 87.6 33.2 0;1 819.47 377.49 95.8 34.8 359.2;1 913.7 858.405 28.6 78.97 0;1 946.33 266.44 82.6 28.7 355.9083;1 972.22 209.64 83.1 32.84 0;1 966.2 806.02 28.4 75.7 358.4;1 1023.085 460.76 73.85 26.1 0;1 1072.955 399.87 83.99 29.8 0;1 1210.25 367.09 82.4 28.6 358.3;1 1207.435 421.12 75.89 29.24 0;1 1640.55 411.88 77.62 28.62 0;1 1917.2 360.56 5.6 31.06 0;2 283.35 470.4 99.9 30 0;2 1188.57 206.2 106.8 34.94 0;7 768.88 164.04 201.1 53.96 20;7 1214.51 469.57 115.82 30.52 359.4;7 1463.235 116.85 104.67 32.4 358.6;9 280.19 381.805 42.62 9.91 0;9 506.795 466.63 48.11 12.8 0;9 849.73 475.915 41.68 7.61 0;9 1463.58 451.03 44.4 7.3 359.1;9 1620.64 452.84 39.9 9.3 0
v_6lntvu5hsw_0000,1 629.625 520.525 98.63 39.11 0;1 674.96 469.04 102 41.42 0;1 800.055 475.81 99.85 38.98 0;1 904.46 715.58 37.76 97.8 0;1 908.48 937.5 38.62 95.8 0;1 927.115 241.84 37.99 92.4 0;1 967.695 49.375 40.51 98.75 0;1 968.695 871.43 39.61 94.8 0;1 973.505 1035.15 36.23 89.7 0;1 988.21 615.46 40.42 91.54 7.2;1 1329.64 458.28 76.98 33.9 0;1 1450.07 456.035 87.7 37.89 0;1 1559.315 454.88 99.63 42.02 0;1 1698.42 455.02 92.62 38.22 0;1 1819.46 460.365 94.42 35.77 0;1 1833.59 510.68 96.74 41.72 359.6;4 534.175 461.145 121.29 38.87 0
v_6lntvu5hsw_0024,1 677.4 469.04 102 41.42 0;1 757.65 523.895 94.6 39.11 0;1 803.94 475.6 99.84 38.98 0;1 908.095 332.41 37.75 97.8 0;1 914.085 701.34 38.63 95.8 0;1 971.115 748.41 39.61 94.8 0;1 972.845 934.425 36.23 89.69 0;1 1113.34 489.55 40.42 91.54 70.08;1 1332.29 458.65 76.98 33.9 0;1 1450.995 456.28 87.71 37.9 0;1 1559.865 455.32 99.63 42.02 0;1 1699.41 455.24 92.62 38.22 0;1 1820.51 460.695 94.42 35.77 0;1 1834.42 511.07 96.74 41.72 359.6;4 553.325 461.445 121.29 38.87 0
v_6lntvu5hsw_0049,1 679.95 469.04 102 41.42 0;1 811.855 475.38 99.85 38.98 0;1 840.205 524.75 94.59 39.1 0;1 900.32 910.43 37.48 95.9 0;1 915.965 322.795 38.63 92.47 0;1 968.495 827.52 36.23 89.7 0;1 977.215 525.145 39.61 90.23 0;1 985.95 966.045 38.54 88.89 0;1 1333.21 459.23 76.98 33.9 0;1 1366.17 512.445 40.42 88.61 94.225;1 1451.96 456.535 87.7 37.89 0;1 1560.435 455.78 99.63 42.02 0;1 1700.44 455.47 92.62 38.22 0;1 1821.6 461.035 94.42 35.77 0;1 1835.28 511.47 96.74 41.72 359.6;4 558.095 461.64 121.29 38.86 0
v_6m3wu0tbtk_0000,1 634.14 507.165 94.88 46.05 0;1 809.965 523.915 106.07 37.83 358.2;1 1033.91 540.655 96.28 51.63 0;1 1645.77 521.11 103.26 59.98 0
v_6m3wu0tbtk_0024,1 335.27 517.77 96.02 46.04 0;1 554.45 534.945 106.06 44.81 358.2;1 807.02 542.045 96.28 51.63 0;1 1008.23 947.835 48.84 101.89 0;1 1357.49 524.59 103.26 58.6 0
v_6m3wu0tbtk_0049,1 19.2 515.535 38.4 46.05 0;1 249.145 528.805 106.07 44.81 358.2;1 512.05 542.045 96.28 51.63 0;1 1008.79 751.37 48.84 101.9 0;1 1176.93 524.59 103.26 58.6 0
v_6mboikyoay_0000,1 654.385 515.325 36.29 86.91 86.37;1 952.53 290.925 37.6 88.17 13.74;1 959.115 169.39 39.07 96.8 0;1 987.505 953.23 38.59 92.7 2.9;9 1041.16 819.075 13.08 42.83 0
v_6mboikyoay_0024,1 328.32 525.835 36.28 86.91 89.1;1 952.17 294.94 37.6 88.18 13.5;1 959.235 174.54 39.07 96.8 0;1 1700.435 486.055 91.37 37.49 0;4 1015.825 115.23 37.45 93.1 0;9 1045.46 1040.805 13.08 42.83 0
v_6mboikyoay_0049,1 951.975 305.95 35.07 86.7 12.0536;1 959.055 183.58 39.07 96.8 0;1 1413.845 481.235 91.37 37.49 0;4 1011.7 232.93 37.46 93.1 0;7 1638.365 506.02 137.07 41.48 358.04
v_6nidfdbquv_0000,1 669.345 490.225 125.33 42.75 2.6;9 457.97 540.105 47.72 19.15 0
v_6nidfdbquv_0024,1 944.02 499.295 125.34 42.75 2.6;9 1089.23 548.645 47.72 19.15 0
v_6nidfdbquv_0049,1 1263.61 509.335 125.34 42.75 2;9 1864.9 558.16 47.06 19.16 0
v_6ou19c7u2e_0000,1 508.28 514.25 86.28 35.28 0;1 927.065 286.43 33.29 84.84 0;1 941.015 32.465 35.13 64.93 0;1 942.64 176.195 36.7 84.49 0;1 989.52 517.095 80 36.73 0;1 985.74 766.42 37.34 83.72 0;1 991.92 290.45 35.5 87.3 0;1 1205.535 550.085 87.47 37.99 355.0909;1 1358.905 528.06 105.85 35.76 0;1 1568.525 524.8 89.51 37.84 0;1 1720.62 520.495 92.22 35.15 0;4 881.09 471.265 36.84 86.03 47.8091;9 906.42 401.19 12.76 35.98 18.2636
v_6ou19c7u2e_0024,1 293.64 513.215 88.26 39.15 0;1 852.76 520.355 80 36.73 0;1 915.63 402.37 37.2 78.6 12.4;1 933.73 281.125 36.66 81.81 0;1 934.42 136.29 35.3 85.6 0;1 988.24 999.565 37.34 86.45 0;1 992.33 444.13 35.5 87.3 0;1 1066.81 604.075 85.72 35.87 328.22;1 1263.415 531.065 105.85 35.77 0;1 1437.205 524.31 89.51 37.84 0;1 1571.62 517.96 92.22 35.16 0;4 657.63 521.815 36.84 86.03 84.52;9 778.785 483.895 12.75 35.99 75.56
v_6ou19c7u2e_0049,1 156.15 493.04 89.98 39.34 0;1 616.215 530.065 83.39 36.73 0;1 811.82 495.46 37.2 78.82 66.28;1 907.895 411.545 33.01 81.81 19.62;1 931.655 242.57 35.29 85.6 0;1 972.865 796.005 85.73 35.87 276.74;1 991.39 638.58 35.5 87.3 0;1 1182.93 534.59 102.24 35.76 355.44;1 1333.405 524.305 88.27 37.23 0;1 1461.29 516.68 92.22 35.16 0;1 1810.355 515.165 91.21 36.95 0;4 302.715 546.8 36.83 88.5 88.48;4 986.8 170.215 32.7 83.59 0;9 481.8 514.68 12.76 35.98 85.28
v_6ppzvcvepe_0000,1 24.3 434.07 48.6 31.44 0;1 381.41 1015.97 79.1 37.26 0;1 501.46 488.555 92.18 37.03 0;1 636.525 1062.855 73.63 34.29 5;1 672.1 478.37 83.62 34.82 0;1 842.18 647.325 96.8 34.81 85.75;1 832.605 963.475 77.07 33.31 91.6;1 830.045 484.505 71.15 29.73 1;1 930.995 397.945 82.45 34.13 0;1 908.555 887.26 35.85 86.44 2.65;1 908.525 1003.08 32.91 81.16 0;1 974.89 456.86 98.22 35 3.04;1 953.04 990.845 30.38 82.41 0;1 963.225 876.59 33.57 75.38 0;1 1218.26 450.335 80.5 34.71 1.02;1 1377.185 436.495 83.03 33.03 0;1 1668.47 445.755 81.94 32.99 2.79;4 1736.35 267.46 88.8 39.66 0;7 795.555 439.225 95.19 36.31 0.96;7 1140.75 389.615 164.74 48.71 359.2;7 1156.465 223.91 106.39 45.64 0;9 581.625 474.905 43.45 13.01 6.45;9 836.7 788.38 36.82 10.66 88.5
v_6ppzvcvepe_0024,1 34.03 448.71 68.06 37.84 0;1 251.02 476.785 85.08 34.05 0;1 377.465 432.77 81.63 31.44 0;1 614.14 1012.48 76.9 35.46 0;1 637.075 1061.29 73.63 36.42 5;1 645.54 487.285 89.98 37.03 0;1 838.565 839.13 98.51 34.8 90.4;1 842.99 477.745 83.62 34.81 0;1 908.79 886.24 35.84 86.44 2.6843;1 908.265 1001.42 32.91 81.16 0;1 952.78 989.445 30.38 82.41 0;1 963.225 874.895 33.57 75.39 0;1 1029.925 487.915 73.15 30.63 0.04;1 1161.055 396.665 82.45 34.13 0;1 1280.185 468.83 100.43 35.86 1.08;1 1587.835 465.245 81.37 34.71 2.1;1 1694.805 432.91 86.53 33.04 0;4 1183.635 270.935 79.67 35.03 0;7 843.785 188.325 94.89 44.93 16.42;7 1121.545 446.275 93.51 36.31 0.4;7 1387.33 383.695 164.74 48.71 359.7;9 762.685 518.705 41.93 13.01 18.72;9 837.24 1043.45 36.82 10.66 89.22
v_6ppzvcvepe_0049,1 451.055 428.955 78.91 36.77 357.3;1 577.86 469.205 82.6 34.05 358.4;1 637.145 1061.07 73.63 36.42 5;1 743.705 1036.35 72.79 33.68 25.3;1 756.935 433.08 79.51 31.44 0;1 813.91 509.625 83.82 37.03 18.9;1 908.99 886.19 35.84 86.44 2.2655;1 907.855 999.64 32.91 81.16 0;1 952.37 987.805 30.38 82.41 0;1 963.315 874.685 33.57 75.39 0;1 1129.87 458.46 78.6 31.82 355.65;1 1324.315 477.42 73.15 30.62 357.5;1 1437.655 392.515 82.45 34.13 0;1 1668.87 471.895 106.58 37.15 0.2;4 127.04 432.555 109.2 38.55 0;4 639.59 269.84 79.3 34.8 0;7 516.98 124.65 94.88 43.56 0;7 1491.88 440.43 95.64 36.32 359.3;7 1694.09 381.395 164.88 48.93 359.7;9 820.62 664.585 33.06 13.01 88.46
v_6q0hywqgn0_0000,1 176.94 542.89 108.12 38.3 359.5
v_6q0hywqgn0_0024,none
v_6q0hywqgn0_0049,none
v_6q1ipw9aoq_0000,1 39.65 514.425 45 76.09 270.6;1 316.575 527.025 42.13 95.03 268.8;1 1273.66 537.025 129.52 50.31 359.5
v_6q1ipw9aoq_0024,1 20.225 518.185 40.45 40.51 270.7;1 1157.385 537.495 125.27 50.31 359.5
v_6q1ipw9aoq_0049,1 971.74 536.785 122.4 50.31 359.5
v_6qbarag8up_0000,1 105.725 478.045 37.23 96.95 94.34;1 966.885 239.015 35.97 94.49 4.3;1 974.165 115.95 33.09 93.92 4.6;1 1025.38 41.35 36.66 82.7 0;1 1740.805 495.015 89.41 34.75 0
v_6qbarag8up_0024,1 33.205 474.215 37.23 66.75 90.5;1 955.485 335.035 35.97 92.61 7.47;1 966.765 200.895 33.73 93.93 3;1 1023.38 205.12 36.66 82.7 0.1;1 1349.99 506.035 89.4 34.75 0
v_6qbarag8up_0049,1 29.065 474.69 37.23 58.42 90.5;1 886.01 460.405 35.98 90.93 42.77;1 955.295 152.09 34.45 86.8 7.99;1 958.575 307.28 33.73 92 4.61;1 1020.74 305.49 36.66 82.7 1;1 1115.315 520.315 84.71 34.75 352.96
v_6s4w01696d_0000,1 626.43 512.62 40.54 99.62 270.35
v_6s4w01696d_0024,1 350.4 520.275 40.54 99.63 269.39
v_6s4w01696d_0049,1 41.34 533.67 40.54 82.14 269.5
v_6t27me9795_0000,1 284.945 526.55 37.33 85.9 91.2;1 561.81 536.2 38.16 88.36 90.7;1 790.56 529.76 80.24 35.1 359.1;1 847.5 575.085 84.94 34.91 358.5;1 907.315 436.64 36.97 86.88 23.45;1 957.245 779.185 84.11 34.69 279.3;1 945.015 1059.05 43.59 35.92 270;1 952.765 945.685 40.57 95.51 0;1 999.57 1066.8 36.54 26.32 359.4;1 1001.54 950.045 35.04 86.77 0.9;1 1077.03 547.36 78 32.38 357.9;1 1381.365 517.255 87.09 36.69 0;4 1228.89 542.18 82.4 38.2 357.65;9 963.555 277.735 12.75 45.49 2.6
v_6t27me9795_0024,1 14.045 522.605 28.09 18.17 89.1;1 267.535 532.155 38.15 93.49 90.7;1 497.355 526.975 82.17 35.09 1;1 615.2 572.725 84.94 34.91 2.0875;1 763.97 547.865 36.96 86.89 71.525;1 950.445 830.415 84.11 34.69 277.4;1 939.17 143.53 37.22 84.8 0;1 945.02 1059.37 42.94 35.92 270;1 970.43 552.955 78 32.39 357.9;1 952.265 955.245 40.57 95.51 0;1 999.57 1066.895 36.54 26.13 359.4;1 1001.975 949.955 35.05 86.77 0.9;1 1242.35 513.09 87.1 36.7 0;1 1723.9 530.02 97.3 39.78 0;4 1106.02 572.73 82.4 38.2 340.8625;9 954.97 417.5 12.76 44.66 0.575
v_6t27me9795_0049,1 15.18 529.35 30.36 20.78 89.8;1 199.585 518.935 85.79 35.09 0.72;1 350.18 562.595 85.72 34.91 1.4;1 523.36 560.575 36.96 86.89 89.14;1 784.365 557.715 74.19 32.39 358.3;1 950.215 840.175 84.11 34.69 277.4;1 937.675 265.36 37.21 84.8 0;1 945.02 1059.71 42.28 35.92 270;1 952.495 956.3 40.57 95.52 0;1 999.575 1066.99 36.55 25.94 359.4;1 1002 950.205 35.04 86.77 0.9;1 1071.68 529.48 83.42 36.7 351.9;1 1502.005 533.6 97.29 39.78 0;1 1796.81 488.79 92.18 36.62 0;1 1873.05 535.105 93.9 36.49 0;4 1006.96 662.355 82.4 38.19 302.5;9 897.5 238.325 14.92 44.61 0;9 956.56 426.94 12.76 44.66 359.7;9 983.045 151.88 15.59 47.4 0
v_6tb36p58ij_0000,1 287.865 535.53 103.35 42.52 0.6;1 640.695 520.95 89.07 38.1 357.5
v_6tb36p58ij_0024,1 250.995 531.27 89.07 38.1 0;1 1652.33 515.4 102.1 42.08 0.4
v_6tb36p58ij_0049,1 1326.005 503.13 102.09 42.08 0.4
v_6td1zpco8g_0000,1 152.22 489.89 101.5 38.74 0;1 414.75 492.275 92.58 38.53 0;1 555.03 493.11 95.4 37.52 359.7;1 704.175 548.965 94.71 38.09 0;1 755.07 479.05 106.72 40.78 357.8;1 853.13 547.08 89.82 37.8 359.7;1 916.075 114.08 38.15 92.5 0;1 921.21 24.5 38.88 49 0;1 922.555 954.12 40.15 103.4 0;1 922.19 209.755 37.02 86.75 0;1 998.995 538.77 85.63 40.5 359.5;1 1183.755 543.03 40.25 88.5 88.1;1 1245.255 455.055 94.21 41.47 353.8;1 1565.4 486.495 103.8 42.33 359.8;1 1620.15 532.01 89.96 37.18 356.3;1 1724.935 493.71 90.19 40 0;1 1830.805 492.67 94.45 37.2 359.5;1 1855.285 561.49 39.07 96.1 86.9;4 1502.515 546.67 97.95 36.12 358.7;7 927.03 387.41 107.88 44.86 304.84;9 999.955 766.155 15.05 42.57 1.1
v_6td1zpco8g_0024,1 322.075 491.84 98.23 38.74 0;1 486.035 491.095 91.87 38.53 0;1 659.15 492.71 92.38 37.52 359.7;1 801.88 548.775 91.08 38.09 0;1 868.09 448.22 102.62 40.78 333.52;1 915.855 116.07 38.15 92.5 0;1 921.575 854.94 40.15 103.4 0;1 921.21 25.26 38.88 50.52 0;1 921.9 211.34 37.02 86.76 0;1 949.525 549.42 87.81 37.8 359.96;1 1088.225 536.035 85.63 36.89 357.28;1 1245.655 545.64 40.25 88.5 90.34;1 1343.635 450.82 94.21 41.48 357.96;1 1563.28 488.175 103.8 42.33 359.8;1 1619.365 533.795 89.95 37.17 356.3;1 1722.765 494.755 90.19 40.01 0;1 1828.275 493.47 94.45 37.2 359.5;1 1853.075 563.41 39.07 96.1 86.9;4 1500.215 547.46 97.95 36.12 359;7 980.455 249.57 107.89 44.86 281.79;9 1092.64 589.555 14.52 41.97 62.94
v_6td1zpco8g_0049,1 415.76 491.41 98.24 38.74 0;1 586.06 490.185 88.48 38.53 0;1 799.86 481.105 92.38 37.53 352.8;1 824.97 547.695 91.08 38.09 0;1 946.595 336.295 102.85 40.79 292.33;1 914.985 114.7 38.15 92.5 0;1 921.63 899.61 42.14 99.6 0;1 921.21 16.65 38.88 33.3 0;1 921.95 688.36 40.14 103.4 0;1 921.21 210.31 37.02 86.76 0;1 1035.235 552.5 87.81 37.8 1.63;1 1188.26 518.455 85.62 36.89 351.02;1 1302.485 546.28 40.25 88.5 90.9;1 1361.815 449.285 95.15 41.45 358.1;1 1562.43 488.045 103.8 42.33 359.8;1 1618.945 533.14 89.95 37.18 356.3;1 1719.975 494.755 90.19 40.01 0;1 1826.485 494.06 94.45 37.2 359.5;1 1851.015 563.44 39.07 96.1 86.9;4 1498.415 547.45 97.95 36.12 359;7 984.54 78.94 107.88 44.86 267.5;9 975.865 901.595 14.51 45.37 0;9 1375.93 580.925 14.48 35.91 89.7
v_6tu2ll68j7_0000,1 125.12 109.15 76.24 35.34 0.5;1 438.09 337.32 91.34 34.98 0;1 730.395 303.505 83.09 35.27 0;1 866.935 803.16 71.89 29.36 144.7;1 909.025 855.865 79.95 32.93 91.8;1 1016.495 1026.615 31.45 86.25 0;1 1016.9 912.515 26.8 75.87 0;1 1075.205 257.7 80.73 34.98 0;1 1063.21 1007.435 32.6 83.49 0;1 1062.505 906.85 29.85 87.18 0;1 1544.235 780.675 82.15 33.83 4.2;4 1413.855 317.185 135.93 43.17 2;7 860.16 344.7 91.14 36.34 0
v_6tu2ll68j7_0024,1 125.12 109.15 76.24 35.34 0.5;1 201.055 292.77 83.09 35.26 0;1 401.215 256.995 78.61 34.97 0;1 870.95 801.93 71.88 29.36 141.5383;1 909.025 854.175 79.95 32.93 91.8;1 1016.495 1026.615 31.45 86.25 0;1 1016.9 912.515 26.8 75.87 0;1 1063.21 1007.435 32.6 83.49 0;1 1062.505 906.85 29.85 87.18 0;1 1544.235 780.675 82.15 33.83 4.2;1 1574.815 305.145 85.81 34.95 0;4 829.475 302.415 123.91 43.17 2;7 259.605 337.73 91.13 36.34 0;9 442.39 498.385 47.08 18.29 0
v_6tu2ll68j7_0049,1 125.12 109.15 76.24 35.34 0.5;1 874.08 800.89 71.88 29.36 138.4;1 909.025 852.62 79.95 32.94 91.8;1 956.15 298.495 76.9 34.95 0;1 1016.495 1026.615 31.45 86.25 0;1 1016.9 912.515 26.8 75.87 0;1 1063.21 1007.435 32.6 83.49 0;1 1062.505 906.85 29.85 87.18 0;1 1544.235 780.675 82.15 33.83 4.2;4 237.135 294.44 123.91 43.18 0.4;4 1699.72 290.165 91.98 34.43 0;4 1842.56 341.14 85.06 32.7 0;9 230.91 517.03 45 18.62 0;9 383.21 516.495 46.54 14.59 0;9 1086.81 501.085 47.08 18.29 0
v_6u3gcsfgty_0000,1 36.15 478.695 72.3 38.87 0;1 156.425 489.27 105.37 42.9 0;1 266.36 541.33 103.34 39.64 0;1 378.88 538.69 104.32 44.2 0;1 451.715 487.245 102.73 42.15 0;1 572.635 544.49 98.29 37.76 359.7;1 573.56 487.105 96.44 38.87 0;1 703.975 494.335 97.71 40.51 0;1 710.705 549.81 93.33 35.46 359.5;1 803.55 491.38 95.22 41.06 0;1 848.545 549.075 91.51 36.23 0.8;1 918.01 672.83 39.74 95.7 0;1 923.29 831.69 41.7 96.64 0;1 922.8 976.18 37.8 95.2 0;1 956.765 544.365 92.07 37.35 359.8;1 1049.92 531.76 36.54 82.96 34.2;1 1143.615 493.85 36.85 87.82 81.6;1 1180.94 539.455 88.52 35.39 359.7;1 1271.87 492.725 86.1 37.65 1.82;1 1394.825 449.38 95.15 41.46 2.3;1 1411.355 563.65 88.85 37.8 0.1;1 1480.2 495.165 92.2 38.09 359;1 1533.415 548.455 40.25 87.67 90.9;1 1652.81 514.125 91.68 38.97 7.7;1 1859.565 489.125 103.51 44.95 359.8;4 310.1 482.09 117.64 40.44 0;4 1904.485 551.71 31.03 37.18 0.1;5 990.925 860.91 65.67 324.7 0;7 956.8 491.67 102.34 39.4 0
v_6u3gcsfgty_0024,1 41.1 478.945 82.2 38.87 0;1 185.65 488.84 105.38 42.9 0;1 270.415 541.33 103.33 39.64 0;1 397.855 539.23 104.33 43.58 0;1 452.605 487.425 102.73 42.15 0;1 573.735 544.94 98.29 37.76 359.7;1 575.17 487.83 96.44 38.86 0;1 705.045 494.74 97.71 40.5 0;1 711.245 550.26 93.33 35.46 359.5;1 804.26 491.3 95.22 41.06 0;1 848.545 548.89 91.51 36.24 0.8;1 918.175 650.31 39.73 95.7 0;1 925.04 784.955 41.7 96.63 0;1 923.14 918.07 37.8 95.2 0;1 957.775 544.12 92.07 37.36 359.8;1 1053.305 528.4 36.53 82.96 34.2;1 1151.455 493.695 36.85 87.81 84.2;1 1303.33 540.07 88.52 35.38 359.7;1 1333.04 491.685 86.1 37.65 359.45;1 1475.035 468.11 95.15 41.46 10.6;1 1529.12 564.59 89.28 37.8 0.1;1 1677.405 493.295 93.61 38.09 359;1 1653.705 549.175 40.25 87.67 90.1;1 1811.76 546 91.68 38.98 14.76;4 314.485 482.535 117.65 40.43 0;5 992.345 787.43 65.67 324.7 0;7 958.36 491.8 102.34 39.4 0
v_6u3gcsfgty_0049,1 41.1 479.33 82.2 38.86 0;1 185.84 489.07 105.38 42.9 0;1 271.66 541.26 103.34 39.64 0;1 398.995 538.705 104.33 42.95 0;1 451.355 486.785 102.73 42.15 0;1 572.985 544.79 98.29 37.76 359.7;1 573.32 487.25 96.44 38.86 0;1 703.27 494.205 97.72 40.51 0;1 710.1 549.635 93.34 35.47 359.5;1 803.43 491.02 95.22 41.06 0;1 848.545 548.785 91.51 36.23 0.8;1 919.16 626.44 39.74 95.7 0;1 924.24 774.185 41.7 96.63 0;1 923.005 889.89 37.81 95.2 0;1 931.385 1057.295 39.75 45.41 0;1 989.495 541.115 92.07 37.35 356.38;1 981.305 1054.23 38.01 51.54 0;1 1115.2 490.865 36.54 82.97 68.8;1 1227.835 491.415 36.85 90.35 88.7;1 1446.635 533.585 88.51 35.39 355.44;1 1521.5 487.735 86.1 37.65 359.5;1 1613.88 562.875 90.96 37.81 359.75;1 1691.905 478.465 97.81 41.45 0.46;1 1712.755 546.805 40.25 87.67 89.9;1 1866.15 558.38 91.68 38.98 13;4 314.83 482.255 117.64 40.43 0;5 990.51 736.53 65.68 324.7 359.2;7 993.44 490.17 102.34 39.4 0
v_6u53qcbvi2_0000,1 156.51 282.675 78.18 36.67 0;1 840.41 572.82 69.58 32.56 58;1 914.635 926.66 38.17 86.5 0;1 924.545 1035.55 32.35 77.3 0;1 964.87 985.195 33.82 76.87 0;1 967.385 882.1 35.25 85.9 0;2 1351.1 456.725 95.84 32.79 0.4;2 1698.32 482.28 103.92 38.4 358.6;4 344.7 486.1 91.34 32.44 0;4 524.3 393 79.16 30.32 0;4 661.92 484.47 77.96 33.78 0.54;7 1704.355 428.455 162.81 46.51 359.1
v_6u53qcbvi2_0024,1 258.9 386.085 92.2 36.23 0;1 840.535 749.215 70.93 32.57 92.3;1 906.87 925.36 38.18 86.5 0;1 915.075 1035.63 32.35 77.3 0;1 963.195 882.17 35.25 85.9 0;1 962.92 985.725 33.82 76.87 0;2 1722.695 475.935 102.39 32.79 0.4;4 612.065 479.08 85.51 32.44 0;4 785.79 510.81 74.4 33.78 26.37;4 941.37 393.575 73.46 29.45 0
v_6u53qcbvi2_0049,1 711.695 392.735 86.09 36.23 1.9;1 829.295 1032.755 76.01 32.57 92.3;1 904.92 926.55 38.18 86.5 0;1 915.295 1036.17 32.35 77.3 0;1 959.97 987.165 33.82 76.87 0;1 961.05 882.56 35.26 85.9 0;4 769.94 490.87 82.54 32.44 18.25;4 849.41 612.73 74.4 33.78 76.08;4 1377.51 396.005 76.48 31.35 0
v_6uvulemq24_0000,1 1005.405 752.43 38.89 77.6 0;1 1759.48 504.765 95.78 39.03 357.7778
v_6uvulemq24_0024,1 998.745 660.23 38.89 77.6 354.33;1 1532.94 504.515 95.78 39.03 0;1 1881.175 505.915 77.65 34.89 345.8
v_6uvulemq24_0049,1 952.955 571.27 38.89 77.6 323.72;1 1324.71 498.535 95.78 39.03 0;1 1623.855 516.455 91.35 34.89 358.3;9 1620.75 556.945 49.38 17.39 351.2
v_6wcpy7t3rr_0000,1 23.65 429.135 47.3 31.13 0;1 60.27 374.98 79.86 31.06 0;1 124.17 115.78 89.38 35.9 0;1 128.1 417.33 95.8 34.8 0;1 227.675 426.92 83.99 29.8 359.7763;1 269.51 1015.11 78.3 29.8 0;1 310.32 372.66 77 34.4 0;1 328.355 428.455 75.89 29.23 0;1 353.83 474.73 70.28 29.2 0;1 385.42 260.23 90.3 35.46 0;1 421.66 418.925 77.62 28.61 0;1 433.96 306.445 72.42 27.19 0;1 485.12 118.78 90.1 32.7 2.4;1 494.585 376.615 68.23 27.85 0;1 507.32 422.7 79.5 30 0;1 518.71 220.51 89.3 29.4 3.4;1 585.62 287.09 88.3 33.9 0;1 610.68 425.61 78.8 30.8 0;1 657.375 475.815 79.79 31.59 1.18;1 783.77 373.99 78.6 33.8 0;1 825.18 528.695 86.1 30.89 51.3786;1 837.79 729.7 71.2 27.5 89;1 956.355 304.63 85.09 33.5 0;1 966.28 807.175 28.4 75.69 358.4;1 1001.42 213.55 77.9 32.5 0;1 1195.44 205.88 82 31.6 0;1 1238.82 400.965 97.16 33.63 5.5;1 1267.91 248.72 81.2 34.2 0;1 1349.6 207.295 84.72 30.31 0;1 1474.245 253.26 99.47 34.2 0;1 1545.18 202.93 90.3 29.72 0;1 1661.5 368.37 78.9 31.8 0;1 1821.97 192.01 87.5 30.5 0;2 1000.83 258 89.5 30.7 357.3;7 10.6 265.915 21.2 42.61 0;7 42.8 475.045 85.6 30.51 0;7 1854.515 238.65 130.97 53.96 0;9 251.72 487.47 48.1 11.68 4.72;9 561.24 462.89 37.1 8.6 0;9 747.12 481.42 39.7 6.9 9.34
v_6wcpy7t3rr_0024,1 14.15 374.56 28.3 28.6 0;1 28.1 429.135 56.2 31.13 0;1 36.85 215.3 73.5 29.4 0.6;1 67.58 310.665 72.42 27.19 0;1 129.36 418.46 95.8 34.8 0;1 146.37 266.35 88.3 33.9 0;1 154.34 122.07 90.1 32.7 359;1 226.835 428.17 83.99 29.8 359.5322;1 256.335 374.625 80.43 31.05 0;1 328.315 429.455 75.89 29.23 0;1 340.135 1008.375 71.55 32.21 0;1 423.19 419.855 77.62 28.61 0;1 507.54 423.74 79.5 30 0;1 537.18 467.46 70.28 29.2 0;1 551.98 306.44 85.1 33.5 0;1 552.87 373.18 77 34.4 0;1 581.81 1021.03 78.3 29.8 0;1 632.88 426.2 78.8 30.8 0;1 745.3 377.31 68.24 27.84 0;1 754.82 219.39 77.9 32.5 0;1 777.71 483.76 79.78 31.58 359.3;1 835.19 664.155 86.1 30.89 88.2417;1 833.35 983.73 71.2 27.5 89;1 955.075 256.02 81.21 34.2 0;1 966.24 808.315 28.4 75.69 358.4;1 996.21 211.25 82 31.6 0;1 1107.69 373.4 78.6 33.8 0;1 1146.505 211.69 84.73 30.32 0;1 1196.625 259.7 99.47 34.2 0;1 1352.23 206.22 90.3 29.72 0;1 1662.96 195.94 87.5 30.5 0;1 1702.495 417.575 90.37 33.63 0.2;1 1871.35 195.24 83.1 32.84 0;2 597.675 257.34 89.49 30.7 359.1;7 163.33 476.795 115.82 30.51 0;7 1655.76 245.04 201.1 53.96 0;9 31.775 1024.28 43.85 11.6 0;9 95.92 455.3 39.9 9.3 0;9 417.74 490.34 48.1 11.68 358;9 807.2 452.13 37.1 8.6 0;9 814.13 536.86 39.7 6.9 46.75
v_6wcpy7t3rr_0049,1 39.55 308.25 79.1 33.5 0;1 29.35 429.135 58.7 31.13 0;1 29.18 476.13 58.24 26.1 0;1 130.67 419.64 95.8 34.8 0;1 143.94 373.85 82.4 28.6 0;1 238.205 423.21 83.99 29.8 349.3385;1 332.755 431.25 75.89 29.24 0;1 436.75 225.32 77.9 32.5 0;1 453.83 420.75 77.62 28.62 0;1 498.765 374.16 80.43 31.06 0;1 536.71 264.53 81.2 34.2 0;1 581.16 425.75 79.5 30 0;1 639.785 1002.68 71.55 32.22 0;1 737.02 468.64 70.28 29.2 2.9714;1 743.13 150.765 82 31.59 13.3;1 774.21 1072.195 20 15.61 27.5;1 805.28 425.37 78.8 30.8 0;1 826.435 263.35 99.47 34.2 0;1 833.09 901.945 86.1 30.89 88.9;1 876.21 376.16 77 34.4 0;1 887.525 215.17 84.73 30.32 0;1 955.14 481.915 79.78 31.59 358.7;1 966.2 809.5 28.4 75.7 358.4;1 1070.825 378.785 68.23 27.85 0;1 1090.23 236.57 90.3 29.72 354.05;1 1431.93 198.02 87.5 30.5 0;1 1518.715 371.96 78.59 33.8 0;1 1662.57 199.195 83.1 32.83 0;1 1904.84 193.76 30.08 28.7 0;2 56.76 237.21 69.92 30.7 359.8;7 401.51 479.025 115.82 30.51 0;7 1427.12 251.23 201.1 53.96 0;9 124.67 473.39 44.4 7.3 350.7;9 318.79 456.96 39.9 9.3 0;9 392.105 1022.82 43.85 11.6 357.1;9 624.39 488.99 48.1 11.68 358;9 835.96 683.5 39.7 6.9 90.6;9 1160.93 453.94 37.1 8.6 0
v_6wikobtfep_0000,1 954.865 521.34 89.87 40.66 0;1 1003.88 1014.62 41.12 85.94 0;1 1838.695 504.7 94.23 37.64 347.94
v_6wikobtfep_0024,1 639.375 532.135 89.87 40.67 0;1 1008.665 770.285 41.11 93.03 0;1 1480.375 512.68 94.23 37.64 359.9
v_6wikobtfep_0049,1 216.335 537.865 92.05 40.67 0;1 996.715 654.015 41.11 93.03 350.72;1 1196.995 509.15 94.23 37.64 359.9;1 1894.615 497.43 50.77 42.48 338.96
v_6xppovrd26_0000,1 1334.605 493.21 94.89 46.04 0
v_6xppovrd26_0024,1 1169.395 482.885 94.89 46.05 0
v_6xppovrd26_0049,1 1009.485 479.255 94.89 46.05 0
v_6y13ktvjcl_0000,1 80.5 494.125 96.96 36.25 0;1 137.345 549.96 99.71 40.56 0;1 197.08 495.035 100.84 37.61 0;1 335.73 492.805 98.14 37.79 0;1 406.96 548.775 102.02 37.15 0;1 593.895 489.125 102.01 40.55 0;1 663.375 548.145 93.65 37.87 359.5;1 781.18 480.375 102.02 40.55 350.2;1 938.12 496.53 82.46 40.56 0;1 972.525 706.645 95.63 34.47 273.1615;1 960.03 852.16 33.1 89.3 0;1 1062.785 568.89 89.17 30.66 334.9333;1 1416.475 557.705 95.63 34.47 0;1 1423.075 493.345 95.63 34.47 0;1 1751.92 553.825 93 34.47 0;1 1818.165 505.115 88.75 34.47 0;3 871.765 561.2 54.51 190.62 90;3 972.68 90.635 59.12 179.73 0.8;9 1263.925 570.835 12.71 35.53 90.3143
v_6y13ktvjcl_0024,1 19.7 498.555 39.4 36.25 0;1 47.85 545.72 95.7 37.64 0;1 139.06 492.205 96.96 36.25 0;1 288.16 493.625 100.84 37.61 0;1 330.105 547.565 99.71 40.55 0;1 492.09 487 98.14 37.78 0;1 622.085 551.63 102.01 37.14 0;1 693.565 492.955 102.01 40.55 0;1 782.175 536.445 93.65 37.87 352.52;1 854.8 455.825 102.02 40.55 330.57;1 977.635 669.155 95.63 34.47 276.1156;1 965.36 777.67 33.1 89.3 0;1 1158.96 491.365 82.46 40.55 0;1 1178.85 566.59 89.18 30.66 1.6;1 1677.17 496.595 92.4 34.47 0;1 1679.36 557.455 94.32 34.47 0;3 984.525 557.74 54.51 190.62 87.48;9 909.46 952.705 16.78 44.31 0;9 1522.63 581.325 12.72 35.53 92.6
v_6y13ktvjcl_0049,1 108.17 495.165 101.1 36.25 356.5242;1 274.44 543.33 95.7 37.64 0;1 284.6 490.825 96.96 36.25 0;1 452.655 494.875 100.83 37.61 0;1 547.28 550.09 99.72 40.56 0;1 667.22 487.85 98.14 37.78 0;1 812.315 549.005 102.01 37.15 0;1 837.825 494.625 102.01 40.55 0;1 923.845 355.575 102.01 40.55 293.9273;1 973.035 507.115 93.65 37.87 353.6;1 981.445 647.175 95.63 34.47 282.6;1 967.09 771.26 33.1 89.3 0;1 1318.185 568.85 89.17 30.66 0.3;1 1509.78 502.955 82.46 40.55 0;3 1129.265 536.19 54.51 190.62 80.6;9 120.12 567.055 48.2 11.59 0;9 908.05 782.71 16.78 44.3 0;9 1830.68 581.835 12.72 35.53 92.6
v_6y2osvnt33_0000,1 837.86 517.625 94.88 44.65 21.2
v_6y2osvnt33_0024,1 527.265 516.715 95.37 44.65 0.3;1 1822.925 512.55 104.85 55.8 346.1115
v_6y2osvnt33_0049,1 122.75 528.785 107.5 44.65 0.3;1 1457.99 505.84 104.84 55.8 358.9
v_6yirhqbjkd_0000,1 1005.08 784.97 43.28 95 0
v_6yirhqbjkd_0024,1 990.55 636.96 43.28 95 350.4;1 1748.36 495.395 99.04 41.99 355.3
v_6yirhqbjkd_0049,1 777.525 502.49 43.29 95 274.76;1 1368.48 497.02 99.04 42 358.9
v_6yn2lb9fc6_0000,1 1856.515 499.025 91.19 38.71 347.7
v_6yn2lb9fc6_0024,1 1540.565 506.44 93.67 38.7 359.6
v_6yn2lb9fc6_0049,1 1237.875 502.33 93.67 38.7 359.6;1 1752.44 508.77 98.92 39.46 356.96
v_6zh07uddes_0000,1 581.69 446.4 87.3 34.2 0;1 651.045 516.995 88.51 39.59 0;1 668.075 471.265 76.75 37.53 0;1 766.92 468.79 91.5 38.84 0;1 886.76 718.755 37 93.25 0;1 889.535 49.955 37.67 89.11 0;1 897.575 901.52 40.07 92.5 0;1 894.95 453.325 34.66 84.81 0;1 901.24 1055.32 37.76 49.36 0;1 955.17 279.83 36.58 90.18 0;1 957.1 12.56 37.76 22.24 0;1 959.36 859.725 37.04 96.73 0;1 960.885 667.7 34.75 90.7 0;1 965.37 506.85 34.84 89.7 0;1 1096.46 453.515 92.4 38.15 0;1 1196.07 455.285 89.62 37.97 0;1 1306.405 458.99 87.51 37.02 0;1 1413.32 527.22 93.48 36.56 0;1 1408.085 464.575 36.71 87.27 90.1;1 1528.81 462.89 79.74 36.08 0;1 1553.955 514.09 101.39 44.14 0;1 1671.735 449.58 42.31 94.1 89;1 1781.085 450.67 95.73 39.64 0;1 1781.745 539.695 92.99 35.53 0;1 1886.025 453.745 40.21 68.03 89.6;1 1912.26 534.985 15.48 38.27 0;4 967.17 1032.03 40.3 95.94 0;9 1696.62 522.78 13.68 42.96 70.1
v_6zh07uddes_0024,1 572.65 447.51 87.3 34.2 0;1 651.815 517.66 88.51 39.58 0;1 668.33 471.875 77.26 37.53 0;1 768.915 468.875 91.49 38.85 0;1 888.18 491.84 37 90.7 0;1 897.29 748.92 40.06 92.5 0;1 897.59 119.24 34.66 88.54 0;1 901.44 942.38 37.76 85.6 0;1 955.42 11.52 36.58 23.04 0;1 961.54 689.29 37.04 96.72 0;1 962.935 458.855 34.75 85.65 0;1 967.7 276.165 34.84 89.69 0;1 1097.46 453.645 92.4 38.15 0;1 1196.93 455.595 89.62 37.97 0;1 1306.845 459.58 87.51 37.02 0;1 1414.185 527.55 93.47 36.56 0;1 1409.535 464.755 36.71 87.27 90.1;1 1529 462.95 79.74 36.08 0;1 1554.425 514.04 101.39 44.14 0;1 1672.78 450.11 42.32 94.1 89;1 1781.26 450.82 95.74 39.64 0;1 1781.61 539.665 93 35.53 0;1 1886.81 453.625 40.2 67.05 89.6;1 1912.58 534.985 14.84 38.27 0;4 968.47 951.94 40.3 108.4 0;9 1863.79 498.5 13.68 42.96 88.75
v_6zh07uddes_0049,1 571.9 447.96 87.3 34.2 0;1 652.62 518.345 88.5 39.59 0;1 668.59 472.51 77.78 37.54 0;1 771 468.96 91.5 38.84 0;1 892.525 482.45 40.07 92.5 0;1 891.66 192.26 37 90.7 0;1 901.505 1021.97 42.43 91.94 0;1 899.3 807.04 37.76 85.6 0;1 959.13 1026.865 37.68 91.13 0;1 961.285 446.105 37.05 96.73 0;1 963.655 179.24 34.75 85.64 0;1 968.54 13.76 34.84 27.52 0;1 1098.5 453.785 92.4 38.15 0;1 1197.825 455.925 89.61 37.97 0;1 1307.31 460.2 87.52 37.02 0;1 1415.085 527.9 93.47 36.56 0;1 1411.045 464.945 36.71 87.27 90.1;1 1529.195 463.02 79.75 36.08 0;1 1554.915 513.98 101.39 44.14 0;1 1673.865 450.65 42.31 94.1 89;1 1781.445 450.98 95.73 39.64 0;1 1781.47 539.625 93 35.53 0;1 1887.63 453.5 40.2 66.02 89.6;1 1912.92 534.985 14.16 38.27 0;4 965.345 827.79 40.29 108.4 0;9 1911.63 497.56 13.68 16.32 89.5
v_72rhp26ocv_0000,1 847.25 493.72 101.2 34.4 0;1 1305.915 592.685 101.99 39.09 12.3;1 1559.475 506.34 97.33 35.52 0;1 1894.4 503.995 51.2 39.49 0;9 1672.14 468.12 46.8 13.5 0
v_72rhp26ocv_0024,1 1366.985 509.09 101.19 34.4 1.4;1 1397.775 615.275 101.99 39.09 5.6;8 275.8 481.145 67.94 27.11 0
v_72rhp26ocv_0049,1 1415.005 615.275 101.99 39.09 1.4;8 610.79 458.365 67.94 27.11 356.6
v_77dr9lsqpd_0000,1 43.785 523.66 82.49 42.4 357.2
v_77dr9lsqpd_0010,none
v_77dr9lsqpd_0020,none
v_78pyb8w7m2_0000,9 616.865 533.865 43.35 17.21 359.4
v_78pyb8w7m2_0024,9 152.035 541.47 43.35 15.42 359.4
v_78pyb8w7m2_0049,none
v_7a02wcioqx_0000,1 525.56 532.4 90.74 42.72 13.8857;1 997.345 704.62 39.19 91.32 356.4;1 1216.455 528.49 75.15 37.04 1.1;1 1775.94 527.075 104.76 37.85 353.6;9 1477.765 504.85 51.99 14.92 0.5
v_7a02wcioqx_0024,1 476.77 475.33 90.74 42.72 59.1667;1 931.61 578.175 39.18 91.31 311.6167;1 1113.175 524.38 75.15 37.04 1.1;1 1427.125 534.275 104.75 37.85 359.3;9 1170.385 479.405 51.99 14.93 0.5
v_7a02wcioqx_0048,1 474.51 432.135 90.74 42.73 87.7;1 677.95 544.06 39.18 91.32 270.7;1 887.175 524.25 75.15 37.04 1.1;1 1214.685 535.97 104.75 37.86 359.3;1 1851.575 500.005 98.07 35.95 347.3667;9 1006.455 362.07 51.99 14.92 58.0667
v_7d29jccltt_0000,1 287.695 615.98 35.71 77.8 89.36;1 747.295 527.625 86.07 36.23 357.82;1 937.79 454.22 37.9 81.88 28.34;1 971.155 547.48 85.89 35.9 355.46;1 961.62 48.47 40.46 96.5 0;1 969.91 334.08 38.36 87.84 14.18;1 1000.025 90.37 34.59 87.3 4.74;1 1021.27 207.02 37.2 88.52 358.66;1 1191.74 513.17 90.14 37.46 0.5;1 1331.24 525.47 92.12 34.38 358.6;1 1342.56 472.05 90.22 37.5 0;1 1453.62 511.49 91.78 38.38 355.2;9 1271.44 554.47 41.72 10.74 358.9;9 1358.5 550.08 44.26 12.72 358.5
v_7d29jccltt_0024,1 280.81 616.64 35.7 77.8 89.6;1 417.78 540.13 86.06 36.24 358.3;1 705.59 554.84 85.9 35.9 0;1 860.08 508.73 37.9 81.88 62.4;1 940.24 409.36 38.36 87.84 23.2;1 962.7 48.94 40.46 96.5 0;1 979.805 228.05 34.59 87.3 6.7;1 1014.695 63.565 37.75 87.37 0;1 1023.42 318.785 37.2 88.51 0.4;1 1094.06 513.825 90.14 37.45 359.5;1 1238.005 526.705 92.11 34.37 0.2;1 1342.845 472.52 90.21 37.5 0;1 1377.26 518.98 91.78 38.38 355.2;9 1121.26 567.31 41.72 10.74 0.3;9 1236.4 562.83 38.4 12.72 357
v_7d29jccltt_0049,1 282.38 617.325 35.7 77.81 89.6;1 357.01 546.96 87.74 35.08 0;1 623.7 546.205 37.9 85.73 87.8;1 811.03 508.92 38.36 87.84 67.6;1 988.83 513.96 90.14 37.46 359.5;1 964.23 49.72 40.46 96.5 0;1 970.635 364.42 34.59 87.3 2.6;1 995.275 199.975 37.75 87.37 7.7;1 1008.365 71.445 33.35 86.13 0;1 1021.75 418.1 37.2 84.18 0.8;1 1090.065 543.97 89.85 34.38 349.8;1 1283.81 525.29 85.7 35.66 357.1;1 1344.515 474.05 90.21 37.5 0;9 904.85 573.4 39.68 10.74 0.3;9 1042.44 675.875 38.4 12.71 305.9
v_7dqgo9sa74_0000,1 356.95 515.19 97.2 37.62 0;1 972.83 730.08 38.54 89.84 1.8;1 1881.885 601.855 36.85 70.21 92.8;4 1462.885 475.715 85.17 34.97 0;5 686.15 524.485 166.3 51.05 0
v_7dqgo9sa74_0024,1 467.11 517.985 93.5 37.63 0;1 969.495 833.025 40.29 95.59 0;1 996.8 639.715 38.54 89.85 16.1387;1 1879.18 601.69 36.84 75.42 92.8;5 697.1 523.755 166.3 51.05 0
v_7dqgo9sa74_0049,1 518.555 520.44 93.49 37.62 0;1 970.185 672.26 40.29 95.6 0;1 1039.87 557.77 38.54 89.84 36.3;1 1863.135 602.05 36.85 101.94 92.8;5 708.505 522.995 166.31 51.05 0
v_7g4mkufzih_0000,1 155.9 466.32 107.3 40.68 0;1 390.86 466.325 87.06 36.37 0;1 641.74 466.43 89.1 38.96 0;1 834.4 460.17 97.52 38.46 0;1 884.825 523.415 95.37 41.73 0;1 903.02 719.96 34.6 90.82 0;1 909.505 620.135 37.49 90.19 0;1 913.99 856.765 38.78 89.59 0;1 966.48 468.08 36.18 86.56 0;1 972.445 742.205 36.91 98.39 0;1 1170.015 451.725 89.77 38.21 0;1 1336.655 458.005 92.93 35.77 0;1 1780.495 535.94 91.29 35.54 0;1 1868.12 496.295 37.44 87.41 95.9;1 1902.505 454.72 34.99 38.4 0;9 803.495 508.815 38.81 13.21 0;9 1019.175 550.98 14.49 34.7 13.3;9 1718.4 501.5 41.34 10.96 0
v_7g4mkufzih_0024,1 338.1 469.17 103.72 39.1 0;1 557.045 465.825 80.95 35.23 0;1 735.89 467.37 87.62 38.96 0;1 912.68 460.78 97.52 38.46 0;1 903.94 718.325 34.6 90.81 0;1 911.035 614.67 37.49 90.18 0;1 915.65 829.5 38.78 89.6 0;1 958.775 522.175 95.37 41.73 0;1 967.5 252.315 36.18 87.79 0;1 971.485 648.945 36.91 98.39 0;1 1357.1 453.895 89.76 38.21 0;1 1557.855 457.335 94.31 35.77 0;1 1786.705 535.27 91.29 35.54 358.2537;1 1903.01 454.72 33.98 38.4 0;9 872.955 506.705 38.81 13.21 359.7429;9 1095.655 457.485 14.49 34.37 41.7;9 1913.615 533.605 12.77 10.95 10.1
v_7g4mkufzih_0049,1 499.815 470.07 103.45 38.98 0;1 647.545 464.115 80.95 35.23 0;1 795.57 467.23 87.62 38.96 0;1 902.57 678.56 34.6 90.82 0;1 907.74 566.305 37.48 90.19 0;1 914.83 814.995 38.78 89.59 0;1 967.605 1043.55 38.73 72.9 0;1 970.685 601.955 36.91 98.39 0;1 1063.87 457.34 97.52 38.46 0;1 1107.755 508.965 95.37 41.73 354.6;1 1507.205 452.225 89.77 38.21 0;1 1715.49 457.525 94.42 35.77 0;1 1798.81 533.475 91.28 35.53 354.8955;1 1903.54 454.72 32.92 38.4 0;9 995.45 509.27 38.8 13.2 0.3;9 1261.955 394.2 13.81 33.04 84.2
v_7gbug1o4wk_0000,none
v_7gbug1o4wk_0024,none
v_7gbug1o4wk_0049,1 1783.605 507.17 101.99 55.18 0
v_7i1fjv48fj_0000,1 29.665 470.555 59.33 35.01 2.4;1 965.78 45.185 40.84 90.37 0;1 994.415 297.775 38.05 93.91 7.8286;1 1170.515 544.825 90.11 36.99 345.6714;1 1224.94 476.61 95.18 36.4 0.3;1 1330.415 515.25 95.89 35.4 352.8
v_7i1fjv48fj_0024,1 29.265 470.535 58.53 35.01 2.4;1 943.025 421.98 38.05 93.92 33.2;1 965.78 45.285 40.84 90.57 0;1 1007.515 175.065 38.41 91.37 0;1 1051.93 625.065 86 36.99 313.6;1 1220.055 530.375 91.69 35.39 352.8;1 1225.52 477.3 95.18 36.4 0.3;1 1835.72 490.565 97 37.05 0;9 1044.235 256.165 15.43 49.17 0
v_7i1fjv48fj_0049,1 28.845 470.515 57.69 35.01 2.4;1 804.975 511.33 38.05 89.62 69.44;1 965.78 45.395 40.84 90.79 0;1 991.93 817.81 88.06 37 276.38;1 989.635 304.14 38.57 91.1 10.2;1 1017.74 83.425 34.2 87.85 0;1 1120.265 537.56 90.65 35.4 357.1;1 1223.85 477.605 95.18 36.39 0.3;1 1524.74 499.865 95.58 37.97 358.44;1 1752.1 511.185 93.02 37.61 0;9 1047.505 428.49 15.43 49.18 0
v_7in5htlyq9_0000,1 69.355 540.475 101.99 39.09 0;1 415.58 541.52 98.98 37.22 0;1 720.23 486.72 96.2 39.22 0;1 1026.26 485.895 92.78 35.21 0;1 1315.18 546.86 89.2 34.36 0;1 1811.13 564.695 35.9 92.73 89.9;9 503.32 471.665 53.12 17.83 0
v_7in5htlyq9_0024,1 45.65 485.68 90.9 35.52 0;1 272.31 509.155 96.4 39.49 0;1 444.555 538.005 101.99 39.09 0;1 786.4 547.64 98.98 37.22 0;1 1161.44 497.445 96.2 39.23 0;1 1458.485 494.085 92.77 35.21 0;1 1683.05 558.15 89.2 34.36 0;9 272.03 459.65 46.8 13.5 0;9 967.07 461.745 53.12 17.83 0
v_7in5htlyq9_0049,1 526.805 480.68 97.33 35.52 0;1 753.13 502.945 96.4 39.49 0;1 808.775 545.485 101.99 39.09 0;1 1188.635 553.365 98.99 37.21 0;1 1620.47 510.05 96.2 39.22 0;1 1902.05 505.385 35.9 35.21 0;9 722.36 446.81 46.8 13.5 0;9 1476.705 470.465 53.11 17.83 0
v_7jbdkc75qp_0000,1 632.595 504.635 77.47 30.43 0;1 747.805 506.97 83.43 34.52 358.98;1 838.11 805.85 71.88 29.36 161.2;1 894.145 144.18 77.49 33.16 325.78;1 1005.63 1019.26 32.08 71.8 0;1 1018.895 927.35 34.17 83.4 0;1 1057.905 908.86 34.95 83.2 0;1 1293.835 433.195 78.45 31.99 1.4;1 1655.45 432.245 78.52 32.85 357.6;1 1885.05 491.96 69.9 32.08 2.6;3 446.425 513.975 92.05 34.69 0;4 1062.83 1011.79 31.94 75.76 0;4 1171.895 556.805 98.37 36.23 1.1;7 557.435 452.92 128.67 43.48 0;7 880.14 500.005 153.02 55.03 26.74;8 1556.025 403.51 51.93 26.7 0;9 936.35 887.205 42.56 13.43 90.3;9 1382.905 503.91 44.79 14.08 359.6
v_7jbdkc75qp_0024,1 686.585 505.34 77.29 30.44 0;1 791.215 251.9 77.49 33.16 328.3;1 808.92 500.4 81.46 34.52 354.9;1 838.14 806.29 71.88 29.36 161.2;1 1005.63 1019.54 32.08 71.8 0;1 1018.955 927.58 34.17 83.4 0;1 1057.975 909.05 34.95 83.2 0;1 1629.48 444.055 82.08 31.99 1.4;3 576.42 510.355 89.92 34.69 359.24;4 1062.865 1012.21 31.93 75.76 0;4 1174.88 557.065 98.38 36.23 1.1;7 714.315 451.93 123.67 43.48 0;7 928.79 572.425 150.14 55.03 57.76;8 1840.38 403.455 51.92 26.69 0;9 1799.535 508.135 44.79 14.09 359.6
v_7jbdkc75qp_0049,1 532.8 271.725 77.5 33.15 359.3;1 779.04 501.585 77.04 30.43 358;1 838.17 806.74 71.88 29.36 161.2;1 963.91 505.99 81.46 34.52 1.17;1 1005.63 1019.84 32.08 71.8 0;1 1019.025 927.82 34.17 83.4 0;1 1058.045 909.245 34.95 83.19 0;3 646.11 507.845 88.96 34.69 358.1;4 1062.905 1012.65 31.93 75.76 0;4 1187.61 558.135 98.38 36.23 359.5;7 903.13 449.42 119.28 43.48 359.85;7 933.53 677.905 150.14 55.03 89.05
v_7jzbx1kbyd_0000,1 970.01 47.98 42.52 95.96 0;1 1019.315 123.25 33.51 86.4 1.72;1 1227.63 511.365 88.48 36.17 359.04;1 1457.11 498.37 95.18 36.4 8.8;1 1599.75 489.73 90.34 36.52 358.68;9 1147.03 584.065 12.8 37.97 278.58
v_7jzbx1kbyd_0024,1 969.585 47.895 42.51 95.79 0;1 1005.465 257.69 33.51 86.4 7.66;1 1141.89 523.09 88.48 36.18 349.6;1 1361.335 486.165 95.19 36.39 4.6;1 1490.54 501.2 90.34 36.52 352.4;1 1831.55 510.78 92.4 37.64 0;9 1167.99 612.82 12.8 37.96 345.24
v_7jzbx1kbyd_0049,1 969.145 47.805 42.51 95.61 0;1 976.475 370.35 33.51 86.4 19.45;1 1025.005 606.28 88.49 36.18 310.27;1 1036.65 124.245 37.08 92.83 0;1 1291.675 482.97 95.19 36.4 1.77;1 1366.36 524.04 90.34 36.52 350.57;1 1604.405 507.125 96.07 37.63 0;9 1178.97 673.7 12.8 37.96 333.5
v_7q5pi9me7t_0000,1 588.7 524.665 108.12 38.31 354.1;7 258.205 512.245 40.79 106.29 268.86
v_7q5pi9me7t_0024,1 390.33 540.955 108.12 38.31 354.1;7 106.84 519.1 40.78 106.3 267.6
v_7q5pi9me7t_0049,1 188.05 542.89 108.12 38.3 359.5
v_7qghrkf045_0000,1 104.15 590.285 28.76 83.29 129.7115;1 423.885 500.225 32.27 79.61 90.2;1 598.13 511.815 30.1 72.13 90;1 748.75 521.95 33.14 86.94 85.1846;1 909.315 511.81 84.19 29.74 357.5;1 986.99 312.12 28.52 76.76 9.4231;1 992.395 1015.375 35.49 82.69 2.8;1 997.9 470.52 28.92 67.6 0;1 1349.62 512.885 83.98 30.05 359.61;9 1380.38 467.075 40.18 13.43 0
v_7qghrkf045_0024,1 112.32 599.895 28.76 80.13 122.9;1 226.295 497.305 32.27 79.61 90.2;1 424.82 509.695 30.1 72.13 90;1 543.655 538.76 33.15 86.94 87.15;1 747.45 512.91 84.18 29.74 357.5;1 911.16 448.075 28.52 76.77 42.4053;1 995.725 683.12 28.91 67.6 0;1 1014.415 26.97 31.99 53.66 0;1 1253.895 520.605 76.89 30.05 353.5;9 1206.13 464.635 39.24 13.43 0
v_7qghrkf045_0049,1 30.285 490.865 32.27 60.99 90.2;1 116.38 602.96 28.76 76.7 122.9;1 236.45 502.37 30.1 72.14 92.7;1 276.22 554.15 33.14 86.94 89.2;1 543.6 517.17 84.18 29.74 357.5;1 745.6 519.185 28.52 76.77 82.2;1 994.07 993.96 28.92 67.6 0;1 1005.74 191.045 32 83.45 6.1545;1 1016.86 26.48 32.3 52.64 0;1 1131.07 551.055 76.9 30.05 344.18;9 972.96 473.88 38.28 13.44 0
v_7qvjj6293d_0000,1 28.35 308.25 56.7 33.5 0;1 29.4 429.135 58.8 31.13 0;1 33.33 476.13 66.54 26.1 0;1 130.72 419.69 95.8 34.8 0;1 151.11 374.16 82.4 28.6 0;1 239.195 422.74 83.99 29.8 348.5;1 333.1 431.35 75.9 29.24 0;1 423.025 225.6 77.91 32.5 0;1 456.13 420.78 77.62 28.62 0;1 509.135 374.16 80.43 31.06 0;1 518.94 264.94 81.2 34.2 0;1 585.86 425.79 79.5 30 0;1 649.445 1002.37 71.55 32.22 0;1 732.41 147.49 82 31.6 13.3;1 744.5 468.82 70.28 29.2 3.2;1 809.86 263.08 99.48 34.2 0;1 813.78 425.31 78.8 30.8 0;1 833 912.635 86.1 30.89 88.9;1 874.98 215.25 84.72 30.32 0;1 890.23 376.16 77 34.4 0;1 963.705 481.755 79.79 31.59 358.7;1 966.2 809.545 28.4 75.69 358.4;1 1077.38 238.01 90.3 29.72 354.5;1 1084.38 378.6 68.24 27.84 0;1 1422.54 197.84 87.5 30.5 0;1 1535.96 371.92 78.6 33.8 0;1 1653.31 199.73 83.1 32.84 0;1 1900.54 193.76 38.68 28.7 0;2 33.5 236.38 67 30.7 359.9;7 411.81 479.165 115.82 30.51 0;7 1417.925 251.47 201.09 53.96 0;9 132.84 472.24 44.4 7.3 350.7;9 329.43 456.91 39.9 9.3 0;9 405.965 1022.64 43.85 11.6 357.1;9 632.54 489.125 48.1 11.69 358;9 835.75 689.31 39.7 6.9 91.6;9 1176.09 454.05 37.1 8.6 0
v_7qvjj6293d_0024,1 31.375 429.135 62.75 31.13 0;1 65.02 271.86 81.2 34.2 0;1 69.015 230.92 77.87 32.5 0;1 137.76 420.48 95.8 34.8 0;1 251.085 473.81 73.85 26.1 0;1 282.345 416.69 83.99 29.8 351.8333;1 344.55 369.32 82.4 28.6 0;1 385.025 259.83 99.47 34.2 0;1 422.01 124.83 82 31.6 358;1 423.24 430.43 75.9 29.24 0;1 515.855 217.87 84.73 30.32 0;1 628.54 420.84 77.62 28.62 0;1 751.76 256.66 90.3 29.72 355.35;1 798.025 1054.08 71.55 32.22 45.6;1 803.315 375.7 80.43 31.06 0;1 820.82 427.69 79.5 30 0;1 844.8 536.7 70.28 29.2 60.525;1 966.2 806.02 28.4 75.7 358.4;1 1044.67 424.93 78.8 30.8 0;1 1161.45 203.18 87.5 30.5 0;1 1239.545 469.56 79.79 31.58 358.7;1 1248.5 371.22 77 34.4 0;1 1397.145 201.22 83.09 32.84 0;1 1446.15 371.45 68.24 27.84 0;1 1677.515 196.64 82.61 28.7 0;2 1834.46 203 106.8 34.94 0;7 607.315 475.325 115.83 30.51 0;7 1234.01 251.53 201.1 53.96 0;9 82.48 477.635 41.68 7.61 0;9 421.4 467.31 44.4 7.3 359.1;9 576.54 450.31 39.9 9.3 0;9 651.945 1029.18 43.85 11.6 2.6667;9 784.75 517.11 48.1 11.68 26.1;9 840.93 882.81 39.7 6.9 91.6;9 1603.4 449.24 37.1 8.6 0
v_7qvjj6293d_0049,1 35.6 130.3 71.2 31.6 358;1 66.365 224.18 84.73 30.32 0;1 73.45 429.085 82.4 31.13 0;1 107.37 476.81 87.6 33.2 0;1 251.59 413.19 95.8 34.8 355.2;1 262.37 284.075 90.3 29.71 357.9;1 457.845 408.96 83.99 29.8 358.5;1 536.675 472.76 73.85 26.1 0;1 597.72 370.29 82.4 28.6 0;1 621.99 426.335 75.9 29.23 0;1 847.865 708.06 70.29 29.2 92.1;1 899.22 422.735 77.62 28.61 0;1 934.74 188.76 87.5 30.5 12.7889;1 920.53 1028.875 28.6 78.97 0;1 966.2 806.02 28.4 75.7 358.4;1 1150.9 424.01 79.5 30 0;1 1152.855 373.2 80.43 31.06 0;1 1168.56 203.205 83.1 32.83 0;1 1362.77 416.66 78.8 30.8 0;1 1391.86 203.72 82.6 28.7 0;1 1577.38 451.995 79.78 31.59 358.7;1 1672.52 370.82 77 34.4 0;1 1881.52 365.885 68.24 27.85 0;2 1556.24 204.28 106.8 34.94 0;7 766.87 470.315 115.82 30.51 0;7 1093.21 248.8 201.1 53.96 0;9 334.09 476.555 41.68 7.61 0;9 720.2 444.415 44.4 7.29 359.1;9 798.91 439.88 39.9 9.3 0;9 824.85 625.385 48.1 11.69 89.6
v_7sg36mgmvg_0000,1 37.07 519.9 74.14 36.64 8.8;1 359.31 486.015 108.2 42.15 0;1 385.515 542.285 97.89 37.53 356.97;1 545.41 487.44 96.66 38.86 0;1 696.615 494.475 97.71 40.51 0;1 795.675 549.55 91.51 36.24 0.8;1 803.105 490.815 95.23 41.05 0;1 926.845 545.795 92.07 37.35 359.8;1 915.215 1047.58 39.73 64.84 0;1 1048.03 532.33 36.54 82.96 34.2;1 1145.69 539.545 88.52 35.39 359.7;1 1141.97 493.335 36.84 87.81 81.6;1 1239.8 491.775 84.84 37.65 2;1 1263.235 562.67 87.81 37.8 0.9;1 1359.2 497.865 91.08 38.09 357.9;1 1368.45 447.095 95.16 41.45 358.1;1 1371.615 545.475 40.25 87.67 90.9;1 1462.49 494.63 91.68 38.98 358.5;1 1569.92 485.6 103.8 42.34 359.8;1 1630.035 530.325 89.95 37.17 356.3;1 1731.955 492.21 90.19 40 0;1 1836.57 489.785 91.6 37.21 359.5;4 211.88 481.86 122.08 40.44 0;4 1505.14 545.95 97.94 36.12 359;5 988.085 936.46 65.67 287.08 0;7 954.255 491.67 102.35 39.4 0;9 1252.055 530.855 39.53 10.39 335.56
v_7sg36mgmvg_0024,1 37.22 522.985 74.44 43.79 0;1 244.335 541.305 106.91 36.65 2.77;1 444.315 488.005 102.73 42.15 0;1 532.055 545.49 93.33 35.46 2.16;1 573.71 487.08 96.44 38.86 0;1 704.595 494.415 97.71 40.51 0;1 803.475 490.815 95.23 41.05 0;1 835.605 549.91 91.51 36.24 0.8;1 915.16 923.35 39.74 95.7 0;1 952.355 544.725 92.07 37.35 359.8;1 1048.49 532.19 36.54 82.96 34.2;1 1146.41 539.545 88.52 35.39 359.7;1 1142.27 493.425 36.84 87.81 81.6;1 1240.475 492.025 85.55 37.65 2;1 1263.385 562.75 87.81 37.8 0.9;1 1360.29 498.085 91.08 38.09 357.9;1 1368.59 446.96 95.16 41.46 358.1;1 1373.41 545.26 40.26 87.68 90.9;1 1464.12 494.705 91.68 38.97 358.5;1 1570.73 485.935 103.8 42.33 359.8;1 1637.005 529.87 89.95 37.18 356.3;1 1733.115 492.47 90.19 40 0;1 1838.4 490.64 91.6 37.2 359.5;4 212.325 481.975 122.09 40.43 0;4 1506.715 546.06 97.95 36.12 359;5 989.79 887.29 65.68 324.7 0;7 954.865 491.67 102.35 39.4 0;9 1337.83 571.76 39.54 10.4 38
v_7sg36mgmvg_0049,1 36.715 544.75 73.43 40.06 0;1 167.7 535.48 106.2 44.2 3.5;1 426.22 545.665 98.22 37.77 0.08;1 452.635 487.43 102.73 42.16 0;1 574.84 487.81 96.44 38.86 0;1 643.5 549.845 93.34 35.47 1.58;1 704.555 494.285 97.71 40.51 0;1 804.735 491.02 95.23 41.06 0;1 848.565 550.625 91.51 36.23 0.8;1 914.67 811.92 39.74 95.7 0;1 920.69 977.285 41.7 96.63 0;1 956.015 544.885 92.07 37.35 359.8;1 1048.96 532.05 36.54 82.96 34.2;1 1147.16 539.545 88.52 35.39 359.7;1 1142.83 493.72 36.84 87.82 81.6;1 1242.72 491.84 86.1 37.66 2;1 1263.935 562.66 87.81 37.8 0.9;1 1360.34 498.355 91.08 38.09 357.9;1 1368.735 446.89 95.15 41.46 358.1;1 1372.465 546.9 40.25 87.68 90.9;1 1464.145 494.705 91.67 38.97 358.5;1 1570.87 486.465 103.8 42.33 359.8;1 1731.875 491.93 90.19 40 0;1 1751.445 537.07 92.29 37.18 2.3;1 1876.7 489.33 86.6 37.2 359.5;4 265.625 482.81 122.09 40.44 0;4 1541.845 546.18 97.95 36.12 359.48;5 990.925 868.29 65.67 324.7 0;7 955.5 491.67 102.34 39.4 0;9 1481.795 580.57 39.53 10.4 0.6
v_7si28cgmnh_0000,1 31.4 502.87 62.8 32.76 0;1 366.365 521.025 96.73 37.47 0;1 690.865 436.585 91.63 36.53 0;1 1026.605 603.045 36.85 87.73 30.85;1 1121.715 474.515 88.81 35.61 0;1 1204.83 525.765 87.84 36.69 0;8 1260.53 450.165 55.34 26.85 0
v_7si28cgmnh_0024,1 297.82 446.115 81.6 32.39 0;1 634.775 466.825 89.81 35.23 0;1 754.87 517.005 94.46 37.47 0;1 936.96 379.39 88.2 37.78 323.42;1 1108.285 552.875 36.85 87.73 66.1;1 1488.06 531.645 87.84 36.69 0;1 1506.97 473.6 91.82 35.62 0;8 1690.185 468.035 60.27 26.85 0
v_7si28cgmnh_0049,1 726.74 444.695 75.4 32.39 0;1 1013.27 158.83 85.88 37.78 276.35;1 1086.8 510.645 92.18 38.37 0;1 1251.015 448.305 85.61 35.47 0;1 1270.8 533.5 36.84 88.02 86.88;1 1797.305 543.335 92.11 38.29 0;1 1907.395 486.85 25.21 35.62 0
v_7vd090hzf7_0000,1 36.09 76.39 69.92 34.76 0;1 843.6 997.71 69.66 30.88 90.7;1 914.495 866.355 31.41 79.09 0;1 966.98 810.895 33.74 78.65 0;1 972.07 917.065 31.5 82.19 0;5 1094.74 454.44 164.16 49.88 0;9 935.395 801.15 10.75 34.04 352.3
v_7vd090hzf7_0024,1 914.755 867.075 31.41 79.09 0;1 967.32 811.54 33.74 78.64 0;1 972.29 917.835 31.5 82.19 0;5 1372.55 446.12 171 51.66 358.5;9 43.505 1013.81 41.07 12.14 0;9 935.705 801.65 10.75 34.04 352.3
v_7vd090hzf7_0049,1 101.24 1020.045 87.22 38.65 0;1 915.035 867.82 31.41 79.1 0;1 967.6 812.175 33.74 78.65 0;1 972.54 918.5 31.5 82.18 0;4 1790.64 243.25 87.92 36.08 359.67;5 1685.915 436.77 186.85 51.66 358.5;7 215.285 477.895 91.65 32.15 0;9 350.91 1018.59 41.06 12.14 0;9 936.055 802.4 10.75 34.04 353.1088
v_7w01qhnnsk_0000,1 480.535 88.885 78.19 27.59 2.6;1 746.61 412.5 85.4 34.4 0;1 845.68 1065.505 29.68 27.93 90.9;1 919.315 840.62 28.47 75.5 0;1 972.825 855.33 30.65 71.64 0;1 972.925 955.85 30.63 77.46 0;1 1212.55 409.665 80.52 28.35 0;1 1731.525 406.72 66.63 27.58 0;2 637.45 460.335 102.82 34.19 0;7 581.63 360.69 110 34.38 0;7 921.905 979.64 35.31 131.6 0;7 974.71 1065.675 34.9 28.31 0
v_7w01qhnnsk_0024,1 176.93 81.12 72.28 27.6 0.548;1 919.375 837.71 28.47 75.5 0;1 972.765 850.875 30.65 71.63 0;1 972.965 951.41 30.63 77.46 0;1 1145.75 410.47 85.4 34.4 0;1 1661.04 396.85 78.32 28.34 0;2 713.525 452.65 102.81 34.18 355.9;7 910.88 361.66 110 34.38 0;7 920.855 981.73 35.31 131.6 0;7 974.71 1064.49 34.9 30.68 0
v_7w01qhnnsk_0049,1 919.44 834.675 28.46 75.49 0;1 972.7 846.23 30.66 71.64 0;1 973.015 946.79 30.63 77.46 0;1 1574.55 403.26 85.4 34.4 0;2 877.61 444.705 102.82 34.19 0;7 920.07 981.98 35.3 131.6 0;7 974.71 1063.255 34.9 33.15 0;7 1276.94 354.45 110 34.38 0;9 1613.825 185.69 44.49 10.5 351.5875
v_7x308d58h6_0000,1 12.77 529.37 25.54 11.14 89.8;1 188.125 518.725 85.79 35.09 0.58;1 339.795 562.205 86.09 34.91 1.2;1 512.255 560.455 36.97 86.89 89.21;1 774.205 557.745 74.19 32.39 358.5;1 950.205 840.205 84.11 34.69 277.4;1 937.275 269.76 37.21 84.8 0;1 945.015 1059.72 42.25 35.92 270;1 952.515 956.315 40.57 95.51 0;1 999.58 1066.995 36.54 25.93 359.4;1 1002 950.215 35.04 86.77 0.9;1 1061.82 530.675 83.42 36.69 351.9;1 1494.275 533.745 97.29 39.79 0;1 1795.37 488.735 92.18 36.61 0;1 1860.945 535.105 95.11 36.49 0;4 1004.81 667.52 82.4 38.2 301.05;9 897.15 248.645 13.9 44.61 0;9 956.64 427.045 12.76 44.67 359.7;9 983.045 161.55 15.59 47.4 0
v_7x308d58h6_0024,1 102.855 555.245 88.79 34.91 359.8;1 255.75 553.74 36.96 89.46 89.7;1 512.085 554.535 74.75 32.39 359.9;1 786.47 547.955 83.42 36.69 359.1;1 949.98 840.885 84.1 34.69 277.4;1 945.015 1060.04 41.61 35.92 270;1 943.235 394.59 37.21 84.8 0;1 952.805 956.675 40.57 95.51 0;1 999.58 1067.09 36.54 25.74 359.4;1 1002.025 950.455 35.05 86.77 0.9;1 1337.455 538.89 90.85 36.7 0;1 1611.005 531.465 95.11 36.49 0;1 1782.01 488.045 92.18 36.61 0;1 1895.83 535.34 48.34 33.1 0;4 982.95 751.995 82.4 38.19 279.0333;9 900.67 403.495 13.9 44.61 0;9 978.705 541.575 12.75 41.03 355.86;9 986.395 315.18 15.59 47.4 0
v_7x308d58h6_0049,1 34.565 550.425 36.97 68.99 89.7;1 228.755 546.395 78.75 32.39 359.9;1 462.795 541.77 85.11 36.7 0.7941;1 950.425 842.435 84.11 34.69 276.5857;1 945.02 1060.37 40.94 35.92 270;1 947.41 539.61 37.22 84.8 0;1 953.115 957.045 40.57 95.51 0;1 999.58 1067.185 36.54 25.55 359.4;1 1002.05 950.705 35.04 86.77 0.9;1 1255.475 543.75 90.85 36.7 0;1 1431.975 530.12 95.11 36.5 0;1 1671.88 535.775 87.42 33.11 0;1 1783.87 487.795 92.18 36.61 0;4 982.63 758.26 82.4 38.2 278.1;9 906.12 538.955 13.9 44.61 0;9 933.065 761.785 12.75 41.03 9.8471;9 982.38 488.14 13.7 43.12 0
v_7xutp1mkyr_0000,1 5.915 376.01 11.83 33.2 0;1 30.35 413.3 60.7 30.9 0;1 78.645 452.51 82.29 31.9 0;1 191.76 409.35 74.1 30 0;1 243.49 464.56 76.5 28.9 0;1 321.665 409.92 82.19 31.5 0;1 397.29 466.06 79.1 29.8 0;1 526.68 467.015 84.9 30.47 0;1 593.28 295.55 79.1 29.1 0;1 697.21 202.01 74.1 27.9 358.9333;1 717.95 93.54 83 35 356.9;1 793.985 488.54 85.59 29.1 24.42;1 797.78 294.895 84.4 30.43 0;1 811.13 364.81 79.8 28.78 0;1 847.315 617.2 77.53 30.12 82.5667;1 923.56 1050.3 28.7 59.4 0;1 980.305 367.2 77.05 29.7 0;1 970.035 894.165 31.07 70.19 0;1 1125.67 294.595 85.7 33.51 0;1 1155.6 411.96 81.8 31 0;1 1323.54 194.91 82.3 33.2 0;1 1340.45 242.46 84.8 32.8 0;1 1473.34 193.09 79.4 30.6 0;1 1570.3 239.03 83.1 33.8 0;1 1583.95 184.035 74.8 34.97 358.2667;1 1619.01 287.54 85.9 32.8 0;1 1692.015 231.855 80.09 32.53 0;1 1797.335 279.615 97.43 36.81 0;1 1900.67 275.575 38.66 28.93 0;1 1903.225 181.615 33.55 34.79 0;2 495.665 119.8 85.07 26.8 358.3;2 505.43 413.09 98.7 30.3 359.7;2 1167.39 193.05 106.5 40.5 0;2 1397.485 288.455 81.63 32.15 0;2 1806.78 181.45 103.84 31.4 0;7 692.76 418.92 122.74 43.22 4.4;7 889.675 102.585 97.07 35.17 359.1;7 920.52 238.915 123.5 35.59 0;7 1117.25 234.765 114.42 33.07 0;9 129.93 289.33 44.04 12.5 357.3;9 154.53 471.93 40 8.2 354.4071;9 450.09 66.79 31.4 7.5 358.7333;9 526.12 359.47 45 10.5 0;9 620.28 449.18 42.64 9.2 4.56;9 1437.56 432.78 39.1 9.5 356.1;9 1597.1 363.17 40.8 11.7 0;9 1659.86 183.44 38.5 11.5 354.1514
v_7xutp1mkyr_0024,1 12.94 461.33 25.52 31.6 0;1 66.975 370.9 71.57 27.2 0;1 141.77 455.96 82.28 31.9 0;1 174.07 410.99 97.48 30.9 0;1 211.64 297.11 79.1 29.1 0;1 240.85 1045.155 79.94 27.11 348.1968;1 309.68 410.74 74.1 30 0;1 361.22 208.3 74.1 27.9 357.6;1 366.38 367.85 84.4 33.2 0;1 370.33 114.07 83 35 356.9;1 371.16 464.25 76.5 28.9 0;1 409.54 288.145 84.4 30.43 0;1 430.595 409.58 82.19 31.5 0;1 516.44 463.82 79.1 29.8 0;1 628.83 462.63 84.9 30.46 353.65;1 786.89 299.025 85.7 33.51 0;1 843.495 861.42 77.53 30.12 90.3;1 849.18 645.3 85.6 29.1 89.35;1 925.38 921.41 28.7 73.3 0;1 969.125 862.45 31.07 70.2 0;1 1121.44 389.555 79.8 28.79 4.3588;1 1146.84 248.65 84.8 32.8 0;1 1206.4 195.68 82.3 33.2 0;1 1284.1 360.21 77.06 29.7 0;1 1378.79 198.1 79.4 30.6 0;1 1431.46 246.14 83.1 33.8 0;1 1478.42 290.86 85.9 32.8 0;1 1513.01 187.39 74.8 34.98 357.4;1 1520.93 417.375 81.8 31.01 0;1 1591.55 235.5 80.1 32.52 0;1 1793.04 279.955 97.42 36.81 0;1 1900 181.615 40 34.79 0;1 1900.135 275.575 39.73 28.93 0;2 88.36 122.995 85.06 26.81 358.3;2 639.16 397.56 98.7 30.3 352.6;2 1026.16 199.415 106.5 40.51 0;2 1166.87 293.705 81.62 32.15 0;2 1767.98 183.14 103.84 31.4 358.625;7 644.335 101.21 97.07 35.18 359.1;7 680.015 242.11 123.49 35.58 0;7 766.61 440.745 122.74 43.21 18.55;7 905.305 239.13 114.43 33.06 0;7 1887.615 227.035 64.77 48.57 0;9 250.52 473.84 40 8.2 2.8;9 269.77 68.99 31.4 7.5 1.9;9 812.3 367.09 45 10.5 1.1;9 914.55 503.88 42.64 9.2 8.4;9 1594.98 181.52 38.5 11.5 354.4;9 1887.38 414.77 39.1 9.5 359.2
v_7xutp1mkyr_0049,1 4.95 119.32 9.9 35 359.7;1 31.44 461.33 62.52 31.6 0;1 174.675 364.87 76.79 30.7 0;1 269.665 1030.315 79.95 27.11 333.3;1 282.865 459.8 82.29 31.9 0;1 307.58 410.67 97.48 30.9 0;1 336.4 301.83 85.7 33.52 0;1 427.985 367.06 71.57 27.2 0;1 433.58 411.37 74.1 30 0;1 471.95 462.16 76.5 28.9 0;1 559.185 408.16 82.19 31.5 0;1 605.77 460.16 79.1 29.8 0;1 719.04 447.41 84.9 30.46 351.5;1 722.49 366.75 84.4 33.2 0;1 834.875 987.16 85.61 29.1 91.9;1 867.31 252.63 84.8 32.8 0;1 923.33 917.905 28.7 73.29 0;1 924.79 1053 30.4 54 0;1 967.445 861.605 31.07 70.19 0;1 1015.2 196.23 82.3 33.2 0;1 1171.76 207.92 79.4 30.6 0;1 1205.195 252.25 83.11 33.8 0;1 1255.76 298.55 85.9 32.8 0;1 1350.5 191.22 74.8 34.98 357.4;1 1387.815 239.155 80.09 32.53 0;1 1559.3 400.26 79.8 28.78 0.3;1 1674.775 352.04 77.05 29.7 0;1 1779.075 280.7 97.43 36.82 0;1 1892.905 181.615 54.19 34.79 0;1 1896.265 275.575 47.47 28.93 0;2 20.475 374.98 40.85 31.7 0;2 787.735 201.715 106.49 40.51 0;2 835.97 296.525 81.62 32.15 0;2 875.61 402.04 98.7 30.3 2.2;2 1640.79 187.32 103.84 31.4 359.5933;7 83.82 409.41 115.34 32.8 0;7 323.915 104.895 97.07 35.17 359.1;7 350.73 243.345 123.5 35.59 0;7 594.045 239.855 114.43 33.07 0;7 829.01 500.92 122.74 43.22 51.0941;7 1750.33 229.54 189.34 48.56 0;9 79.55 72.4 31.4 7.5 1.9;9 374.11 474.43 40 8.2 2.8;9 1181.75 374.34 45 10.5 1.1;9 1343.22 473.24 42.64 9.2 356.4;9 1464.82 177.06 38.5 11.5 354.4
v_7zs7ujez77_0000,1 13.55 544.58 26.5 32 0.8;1 519.79 551.55 31.7 86.54 87.9333;1 560.835 495.795 35.61 88.63 89.4;1 730.98 553.95 81.86 31.14 356.7
v_7zs7ujez77_0024,1 224.58 548.06 31.7 86.54 91;1 484.38 552.48 81.86 31.14 0.3;1 560.195 495.86 35.61 88.62 89.4;1 962.61 185.025 32.8 88.05 0;1 1024.65 158.75 33.7 85.6 0
v_7zs7ujez77_0049,1 171.4 546.925 81.86 31.15 0.3;1 559.525 495.925 35.61 88.63 89.4;1 959.06 325.75 32.8 88.04 0;1 1013.8 61.82 35.9 92.7 0;1 1022.8 303.77 33.7 85.6 0
v_7zsxx5w32v_0000,1 419.11 517.755 35 83.87 89.4;1 571.77 574.99 82.84 34.12 359.42;1 612.805 519.025 85.13 34.29 358.4;1 837.725 507.385 35.13 83.57 55.34;1 935.87 974.79 79.42 33.94 269.8;1 933.345 114.33 38.47 86.82 0;1 978.705 812.09 85.53 34.34 270.2;1 982.705 917.275 75.95 33.25 270.3;1 977.375 1038.98 34.45 80.32 359.9;1 984.135 616.11 33.87 87.4 0;1 987.715 240.335 37.11 89.17 0;1 1055.79 556.86 73.04 32.74 340.7;1 1051.99 1069.325 46.42 21.35 0;1 1244.505 536.25 92.45 36.12 354.72;7 255.935 560.545 56.33 179.65 90.3;9 194.24 451.98 11.76 38.22 127.2;9 866.62 617.075 13.96 39.95 300.05
v_7zsxx5w32v_0024,1 195.71 516.4 35 85.9 89.4;1 375.1 572.09 85.06 34.12 359.9;1 436.785 521.99 86.47 34.3 359;1 664.335 544.37 35.13 83.58 84.88;1 935.57 1047.875 63.18 33.93 269.8;1 932.17 251.27 38.46 86.82 0;1 951.235 37.72 35.07 75.44 0;1 978.525 818.38 85.53 34.34 270.2;1 980.82 947.045 78.04 33.25 270.3;1 981.435 607.69 70.87 32.74 323.3;1 981.615 699.245 33.87 84.77 0;1 987.915 270.315 37.11 89.17 0;1 1055.02 1061.765 51.82 36.47 0;1 1136.27 553.09 90.66 36.12 349.14;7 50.645 560.54 56.33 101.1 90.3;9 194.24 451.98 11.76 38.22 127.2;9 721.47 577.645 13.96 41.53 270.24
v_7zsxx5w32v_0049,1 174.5 572.5 87.44 34.12 359.9;1 176.57 516.545 90.4 35.45 359;1 441.81 552.765 35.12 83.57 88.7;1 935.095 733.21 70.87 32.74 274.3;1 928.73 358.26 37.9 84.9 0;1 937.555 195.14 36.69 84.8 0;1 972.565 1015.885 74.95 36.75 270.3;1 980.415 881.67 85.53 34.34 270.2;1 979.525 738.095 33.87 84.77 0;1 987.915 353.675 37.11 89.17 0;1 1019.14 592.28 86.96 36.12 334.64;1 1055.94 1055.015 51.82 49.97 0;1 1821.81 511.05 101.1 36.36 0;9 495.07 579.535 13.96 42.51 269.3
v_80gl7l4gow_0000,1 128.5 492.96 89.98 39.34 0;1 223.89 541.265 37.2 86.13 88.85;1 385.635 561.235 33.01 83.23 89.4;1 836.59 506.91 35.3 85.6 55.45;1 933.3 337.175 36.4 83.37 0;1 994.66 696.305 102.24 35.77 287.95;1 1000.94 1038.775 35.5 82.45 0;1 1199.975 534.305 84.37 37.21 353.8833;1 1315.78 515.405 86.84 35.15 0;1 1418.535 505.125 91.21 36.95 0;1 1804.53 513.945 101.08 38.59 0;4 986.295 494.145 32.69 82.03 0
v_80gl7l4gow_0024,1 55.905 554.025 35.27 86.05 89.9;1 128.34 492.98 89.98 39.34 0;1 632.2 536.74 35.3 85.6 87.69;1 886 483.93 36.4 83.38 34.68;1 991.655 864.08 102.25 35.76 265.79;1 1121.85 550.06 84.36 37.22 345.75;1 1245.29 514.8 86.84 35.16 0;1 1380.88 504.775 91.2 36.95 0;1 1572.99 515.055 101.08 38.59 0;1 1869.475 517.35 89.95 38.86 0;4 987.885 657.74 32.69 80.46 0
v_80gl7l4gow_0049,1 128.18 493.01 89.98 39.34 0;1 285.27 545.82 35.3 85.6 88;1 721.42 549.115 36.4 83.37 83.54;1 997.085 977.2 102.79 35.76 268;1 1021.74 604.405 84.36 37.21 321.66;1 1080.665 511.995 86.83 35.15 0;1 1288.295 505.025 91.21 36.95 0;1 1459.96 517.23 101.08 38.58 0;1 1667.795 515.055 89.95 38.87 0;4 991.31 803.535 32.7 80.47 0
v_80qrrv8mvb_0000,1 434.55 1017.125 77.74 35.87 0;1 907.33 896.33 38.18 86.5 0;1 915.745 1018.67 32.35 77.3 0;1 960.84 984.435 33.82 76.87 0;1 961.615 844.56 35.25 85.9 0;7 1421.595 441.405 173.91 49.81 0
v_80qrrv8mvb_0024,1 526.68 1016.385 77.74 35.87 0;1 910.185 843.88 38.17 86.5 0;1 916.405 950.1 32.35 77.3 0;1 960.755 648.95 35.25 85.9 0;1 961.37 981.395 33.82 76.87 0;7 1705.995 443.14 173.91 49.8 0
v_80qrrv8mvb_0049,1 533.495 1016.865 77.75 35.87 0;1 909.685 843.48 38.17 86.5 0;1 916.025 949.15 32.35 77.3 0;1 918.605 1048.55 35.41 62.9 0;1 934.425 408.335 35.25 81.19 347.2;1 962.36 892.955 33.82 76.87 0;1 966.34 1048.655 38 62.69 0;7 1696.55 132.265 118.4 49.67 0
v_80tjq1h429_0000,none
v_80tjq1h429_0024,none
v_80tjq1h429_0049,none
v_82l4ut1dxp_0000,1 633.215 487.35 86.83 30.34 359.7;1 953.11 513.08 33.4 85.4 10.2429;1 991.86 175.81 32.4 83.9 0;1 999.59 560.09 32.52 83.6 3.8;1 1014.47 11.485 31.5 22.83 0;1 1046.85 665.365 85.6 31.89 291.41;1 1414.65 503.41 88.8 30.46 0
v_82l4ut1dxp_0024,1 633.515 487.08 86.83 30.34 359.7;1 947.83 650.31 33.4 82.08 359;1 987.845 303.01 32.39 83.9 1.2;1 1018.555 799.525 79.47 31.89 280.1;1 1000.42 652.66 32.52 83.6 358.5;1 1023.78 176.415 31.5 83.29 357.4;1 1315.74 503.1 88.8 30.46 0;1 1712.34 498.79 86.8 30.6 0;9 970.2 201.35 11.3 44.5 0
v_82l4ut1dxp_0049,1 633.825 486.8 86.83 30.34 359.7;1 905.74 476.16 32.4 83.9 42;1 961.47 821.12 33.4 82.08 359;1 1003.425 1005.515 79.47 31.89 274.1;1 1009 857.06 32.52 83.6 358.5;1 1024.29 286.165 31.5 83.29 0.2;1 1259.14 501.895 88.8 30.47 0;1 1514.96 495.46 86.8 30.6 0;9 979.82 427.74 11.3 44.5 0
v_83ejx1er6e_0000,1 342.715 516.445 97.99 37.63 0;1 418.545 448.45 106.99 40.44 0;1 771.36 471.585 95.32 35.87 0
v_83ejx1er6e_0024,1 753.455 514.67 92.57 37.64 0;1 942.835 452.625 100.91 40.43 0;1 970.3 984.92 40.02 94.7 0;1 1252.965 476.925 91.83 35.87 0
v_83ejx1er6e_0049,1 968.56 841.92 40.02 89.84 0;1 1187.145 518.69 92.57 37.64 0;1 1488.715 470.155 100.91 40.43 0;1 1779.495 489.035 91.83 35.87 0
v_856x3vz6nf_0000,1 510.69 493.325 96.24 38.79 0;1 732.195 504.87 98.89 38 0;1 904.405 721.81 33.45 86.86 0;1 906.885 596.17 38.15 89.8 0;1 908.51 873.25 38.1 92.76 0;1 908.08 1040.05 35.62 79.9 0;1 975.265 511.9 101.99 39.06 0;1 971.61 612.405 38.54 100.91 0;1 973.4 139.86 34.5 89.6 0;1 976.185 944.18 34.97 93.3 0;1 980.98 767.83 29.6 66.8 0;1 1518.24 547.55 94.2 38.1 0;1 1551.325 504.095 93.21 37.35 358.2;1 1640.73 550.82 105.08 39.3 0;1 1654.285 501.47 89.05 36.18 0;1 1760.795 552.21 101.91 37.74 0.1;1 1799.92 496.03 101.1 36.24 359.1;1 1867.26 561.91 96.3 32.62 0;1 1894.775 491.115 50.45 36.25 0;9 1755.08 468.52 11.4 45.6 86.9
v_856x3vz6nf_0024,1 585.27 495.515 96.24 38.79 0;1 812.715 508.47 98.89 38 0;1 906.345 449.32 38.15 89.8 0;1 905.765 605.05 33.45 86.86 0;1 906.95 1038.43 34.2 83.06 0;1 910.04 764.17 38.1 92.76 0;1 912.31 916.89 35.62 92.7 0;1 974.27 482.165 38.54 100.91 0;1 972.89 1010.97 31.46 86.34 0;1 981.12 849.89 34.98 93.3 0;1 985.24 647.31 29.6 66.8 0;1 1171.21 524.945 102 39.07 0;1 1518.91 547.92 94.2 38.1 0;1 1551.345 504.575 93.21 37.35 358.2;1 1640.9 551.49 105.08 39.3 0;1 1654.415 501.855 89.05 36.19 0;1 1760.715 552.62 101.91 37.74 0.1;1 1799.92 496.375 101.1 36.25 359.1;1 1867.29 562.265 96.3 32.63 0;1 1895.425 491.115 49.15 36.25 0;9 1852.89 467.325 11.4 45.59 86.9
v_856x3vz6nf_0049,1 370.03 513.79 98.5 36.5 5.9556;1 655.765 497.545 96.25 38.79 0;1 821.68 508.51 98.88 38 0;1 906.55 955.565 34.2 94.17 0;1 909.125 124.71 38.15 89.8 0;1 907.41 354.95 33.46 86.86 0;1 913.42 537.57 38.1 92.76 0;1 913.985 769.67 35.63 92.7 0;1 925.55 1061.85 33.5 36.3 0;1 970.71 14.4 38.54 28.8 0;1 969.13 1046.09 33.1 67.82 0;1 973.88 910.89 31.46 86.34 0;1 983.785 690.135 34.97 93.29 0;1 986.1 453.28 29.6 66.8 0;1 1335.125 548.655 101.99 39.07 4.9;1 1519.62 548.31 94.2 38.1 0;1 1551.36 505.075 93.2 37.35 358.2;1 1641.03 552.15 105.08 39.3 0;1 1654.555 502.26 89.05 36.18 0;1 1760.635 553.04 101.91 37.74 0.1;1 1799.92 496.735 101.1 36.25 359.1;1 1867.32 562.635 96.3 32.63 0;1 1896.04 491.165 47.92 36.25 0
v_86musp73ib_0000,1 840.11 519.81 112.76 60.76 18.9;1 1042.28 539.955 104.66 50.23 0;1 1012.28 851.12 44.66 94.88 0;1 1252.28 493.91 92.1 53.02 0
v_86musp73ib_0024,1 534.49 508.6 118.28 60.76 0;1 853.35 532.7 104.66 50.24 0;1 1006.83 948.4 48.82 100.24 0;1 1009.765 735.43 44.65 104.62 356.04;1 1136.745 492.79 92.09 53.02 0
v_86musp73ib_0049,1 171.69 518.65 132.22 60.76 0;1 587.395 531.585 104.65 50.23 0;1 942.515 493.91 92.09 53.02 0;1 988.555 635.525 44.65 104.63 339.8;1 1011.575 819.055 48.83 106.11 0
v_86usi02dqp_0000,none
v_86usi02dqp_0024,1 1007.94 933.91 40.54 99.62 0
v_86usi02dqp_0049,1 1008.9 787.49 40.54 99.62 0
v_884t99ixr1_0000,1 969.795 446.21 42.39 91.1 0;1 1836.155 530.08 89.61 39.56 0;8 1677.65 467.585 59.04 27.37 0
v_884t99ixr1_0024,1 137.33 494.585 100.2 39.93 0;1 971.805 140.5 42.39 86.48 0
v_884t99ixr1_0049,1 704.31 502.945 100.2 39.93 0
v_893vfcubr4_0000,1 577.945 479.87 95.09 33.9 356.812;1 686.89 520.73 90.6 38.2 0;1 1002.1 118.875 30.12 82.07 356.3;1 1154.11 490.705 90.9 37.61 0;1 1665.46 585.46 86.3 35.6 13.9
v_893vfcubr4_0024,1 910.1 523.9 90.6 38.2 0;1 994.375 461.23 95.09 33.9 359.5;1 1519.52 490.2 90.9 37.6 0
v_893vfcubr4_0049,1 1097.15 532.46 90.6 38.2 0;1 1497.25 497.22 95.08 33.9 4.6
v_89g16tb1o3_0000,1 8.82 301.475 17.56 31.47 0;1 448.58 372.315 75.82 28.03 0;1 466.86 264.88 26.86 76.72 274.6667;1 675.6 412.085 65.86 26.19 0;1 695.005 262.73 26.87 76.72 278.9556;1 836.13 337.79 26.86 68.62 327.1444;1 883.445 231.75 30.25 76.72 331.5444;1 895.195 476.69 26.87 76.72 349.3778;1 920.34 1065.3 30.7 29.4 0;1 924.135 876.95 28.15 71.48 0;1 930.155 421.865 26.87 76.73 353.8;1 968.12 708.98 33.36 79.4 0;1 969.925 977.26 29.21 79.7 0;1 1041.405 515.88 26.87 76.72 42.1333;7 485.995 93.8 49.27 158.32 270.7647;9 631.305 469.05 37.15 10.3 2.2167
v_89g16tb1o3_0024,1 126.015 257.66 26.87 73.22 269.6;1 396.195 257.19 26.87 76.72 269;1 624.2 369.22 75.82 28.04 0;1 649.855 282.055 26.87 68.61 269.6;1 675.62 411.69 65.86 26.18 0;1 711.885 121.14 30.25 76.72 282.7636;1 852.205 359.47 26.87 76.72 329.3294;1 881.665 280.7 26.87 76.72 329.0118;1 913.795 1067.4 27.07 25.2 0;1 921.42 915.245 30.7 84.79 0;1 924.58 671.55 28.14 71.48 0;1 972.67 972.495 32.9 74.43 0;1 971.835 769.84 29.21 79.7 0;1 1003.69 527.75 33.36 79.4 26.96;1 1321.67 420.84 26.86 76.72 83.68;7 178.205 104.44 49.27 158.32 269.4;9 775.495 499.16 37.15 10.3 25.075
v_89g16tb1o3_0049,1 11.385 269.33 22.77 16.8 269;1 250.525 289.38 26.87 68.62 268.6;1 415.225 114.05 30.25 76.72 268.7;1 671.66 368.07 75.82 28.04 0;1 675.63 411.275 65.86 26.19 0;1 703.645 287.07 26.87 76.72 272.125;1 715.655 130.45 26.87 76.72 295.4391;1 907.1 444.61 28.14 71.48 351.54;1 912.825 903.17 27.07 80.6 0;1 920.26 726.84 30.7 84.8 0;1 920.89 1064.2 29.62 31.4 0;1 965.755 948.345 29.95 75.83 0;1 972.34 763.045 32.9 74.43 0;1 984.61 582.36 29.22 79.7 10.12;1 1199.04 442.41 33.36 79.4 76.8667;1 1752.215 411.76 26.87 76.72 88.4;9 846.71 662.63 37.14 10.3 88.4;9 961.27 1060.225 11.1 25.85 0
v_8cmfm0ydqu_0000,1 125.12 109.15 76.24 35.34 0.5;1 395.105 291.06 78.79 34.36 0;1 847.405 810.04 71.89 29.36 152.764;1 909.325 858.97 79.95 32.94 91.8;1 939.38 950.445 68.02 31.21 92.06;1 1016.495 1026.615 31.45 86.25 0;1 1016.9 912.515 26.8 75.87 0;1 1063.21 1007.435 32.6 83.49 0;1 1062.505 906.85 29.85 87.18 0;1 1544.235 780.675 82.15 33.83 4.2;1 1604.725 347.665 101.21 34.97 0;1 1835.525 297.095 89.59 35.27 0
v_8cmfm0ydqu_0024,1 125.12 109.15 76.24 35.34 0.5;1 857.005 806.03 71.89 29.36 150.3;1 909.025 857.695 79.95 32.93 91.8;1 932.315 1070.005 9.77 19.99 93.5;1 1044.235 342.785 91.33 34.97 0;1 1016.495 1026.615 31.45 86.25 0;1 1016.9 912.515 26.8 75.87 0;1 1063.21 1007.435 32.6 83.49 0;1 1062.505 906.85 29.85 87.18 0;1 1295.455 305.46 88.29 35.26 0;1 1544.235 780.675 82.15 33.83 4.2;1 1811.28 262.725 87.98 34.97 0;7 1508.84 346.005 108.72 36.33 0
v_8cmfm0ydqu_0049,1 125.12 109.15 76.24 35.34 0.5;1 461.975 337.61 91.33 34.98 0;1 751.925 303.675 83.09 35.27 0;1 866.31 803.32 71.88 29.36 144.9;1 909.025 855.935 79.95 32.93 91.8;1 1016.495 1026.615 31.45 86.25 0;1 1016.9 912.515 26.8 75.87 0;1 1063.21 1007.435 32.6 83.49 0;1 1062.505 906.85 29.85 87.18 0;1 1103.155 257.665 81.27 34.97 0;1 1544.235 780.675 82.15 33.83 4.2;4 1439.955 317.69 136.79 43.18 2;7 884.59 344.95 91.14 36.34 0
v_8d0rof4trx_0000,1 1415.005 615.275 101.99 39.09 1.4;8 618.98 457.72 67.94 27.12 356.6
v_8d0rof4trx_0024,8 776.665 446.025 67.95 27.11 356.6
v_8d0rof4trx_0049,7 137.705 487.28 177.27 46.4 1.2;8 826.19 442.545 67.94 27.11 356.6
v_8gjlvx2xkh_0000,1 171.25 463.47 100.66 37.02 0;1 640.505 459.91 95.33 37.02 0;1 854.095 520.38 93.47 36.56 0;1 892.755 942.98 43.67 99.22 0;1 903.1 732.34 39.4 97.04 0;1 906.09 218.435 40.8 98.33 0;1 905.38 620.36 37.2 88.5 0;1 917.945 22.99 39.51 45.98 0;1 945.995 338.195 40.29 89.61 9.2;1 957.87 757.945 37.58 83.69 0;1 965.445 1029.37 37.75 92.34 0;1 972.815 564.505 39.83 92.61 0;1 1312.285 464.26 36.71 89.8 90.1;1 1526.645 462.35 79.75 36.08 0;1 1545.545 513.69 101.39 44.14 0;1 1670.425 448.815 42.31 92.91 89;1 1778.27 449.54 95.74 39.64 0;1 1782.875 539.975 92.99 35.53 0;1 1885.235 451.355 40.21 69.97 89.6;1 1909.575 534.985 20.85 38.27 0;2 967.51 169.74 39.86 91.3 0;9 922.085 1046.655 11.83 31.49 0
v_8gjlvx2xkh_0024,1 265.43 453.805 98.9 38.15 0;1 481.145 460.59 100.67 37.02 0;1 815.49 460.28 91.72 37.02 0;1 893.85 889.065 43.66 99.21 0;1 904.24 714.615 39.4 97.03 0;1 906.14 598.07 37.2 88.5 0;1 913.225 45.08 40.81 90.16 0;1 961.445 517.87 93.47 36.56 0;1 965.09 86.45 39.9 90.04 2;1 965.21 608.52 37.58 83.7 0;1 966.2 883.81 37.76 93.76 0;1 974.175 334.265 39.83 92.61 0;1 1398.185 464.24 36.71 89.8 90.1;1 1526.975 462.42 79.75 36.08 0;1 1546.28 513.83 101.4 44.14 0;1 1671.005 448.815 42.31 92.91 89;1 1778.48 449.21 95.74 39.64 0;1 1782.74 539.945 93 35.53 0;1 1885.455 450.725 40.21 69.67 89.6;1 1909.895 534.985 20.21 38.27 0;9 928.595 873.515 11.83 37.75 0;9 992.975 999.585 13.67 45.81 0
v_8gjlvx2xkh_0049,1 240.58 464.62 101.64 38.84 0;1 500.285 455.075 97.01 38.15 0;1 682.725 461.07 93.21 37.02 0;1 893.82 851.68 43.66 99.22 0;1 892.035 975.24 37.67 93.4 0;1 904.5 498.78 37.2 88.5 0;1 905.63 653.65 39.4 97.04 0;1 965.76 75.675 39.82 92.61 0;1 966.58 772.12 37.76 93.76 0;1 968.61 534.95 37.58 83.7 0;1 1001.96 459.7 87.52 37.02 0;1 1197.945 526.56 93.47 36.56 0;1 1409.27 463.34 36.7 89.8 90.1;1 1527.315 462.49 79.75 36.08 0;1 1547.04 513.97 101.4 44.14 0;1 1671.575 448.815 42.31 92.91 89;1 1779.145 449.49 95.73 39.64 0;1 1782.595 539.905 92.99 35.53 0;1 1885.405 451.915 40.21 69.35 89.6;1 1910.235 534.985 19.53 38.27 0;9 930.805 742.275 11.83 37.75 0;9 1000.98 834.385 13.68 45.73 0
v_8gkbjfddmn_0000,1 112.94 539.22 99.5 41.6 0;1 239.535 490.81 112.55 37.4 0;1 451.98 482.935 88.88 35.15 0;1 675.615 542.83 89.77 36.6 0;1 692.84 485.825 93.98 39.57 0;1 844.53 538.75 85.1 34.36 0;1 917.65 766.22 39 96.7 0;1 918.45 907.035 39.2 111.51 0;1 922.775 430.495 38.59 90.29 358.8;1 983.94 725.77 35.74 91.64 0;1 985.51 486.215 36.66 89.73 358.88;1 990.94 946.29 37.82 79.4 0;1 1113.28 473.285 88.42 37.75 0.7;1 1190.605 529.315 87.63 36.11 3.52;1 1242.31 478.37 91 38.04 359.9;1 1371.725 494.895 87.15 38.05 358.8;1 1395.845 542.67 106.65 40.74 359.1;1 1489.74 486.405 42.36 91.15 87.6208;1 1617.23 487.415 36.56 93.41 89.1;1 1660.445 545.085 87.85 39.25 358.7;1 1746.265 479.265 97.69 39.93 359.8;1 1891.53 487.84 44.44 87.74 88.7;4 453.525 541.825 137.97 46.71 0.6;4 981.59 827.3 36.38 96.52 0;7 902.21 1021.315 45.52 117.37 0;9 1371.535 575.185 38.25 11.07 3.22
v_8gkbjfddmn_0024,1 66.745 493.11 100.25 40.24 0;1 311.455 539.32 99.51 41.6 0;1 430.74 489.47 107.4 38.62 0;1 594.73 483.19 86.04 35.16 0;1 799.995 541.69 89.53 36.6 0;1 820.035 486.015 92.09 39.57 0;1 919.64 755.3 39 96.7 0;1 920.76 909.16 39.2 111.52 0;1 923.925 119.355 38.59 90.29 0.3;1 977.68 541.365 83.2 34.37 0;1 972.87 244.325 36.66 89.73 356.16;1 985.525 727.095 35.75 91.65 0;1 993.58 948.02 37.82 79.4 0;1 1150.065 475.735 91.49 37.75 2.1;1 1258.86 479.56 91 38.04 359.9;1 1303.58 535.475 87.64 36.11 1.24;1 1371.635 494.795 87.23 38.05 358.8;1 1482.325 543.5 109.97 40.74 359.1;1 1490.01 486.46 42.36 91.14 87.7871;1 1617.32 487.425 36.56 93.41 89.1;1 1748.92 480.615 97.68 39.93 359.8;1 1794.605 547.81 91.47 39.24 359.1;1 1893.85 488.695 44.44 87.75 88.7;4 606.135 543.24 134.07 47.16 0.6;4 983.48 827.68 36.38 96.52 0;7 901.945 1021.41 45.53 117.18 0;9 1661.54 576.82 42.8 11.06 0.7
v_8gkbjfddmn_0049,1 317.98 491.935 95.72 40.23 0;1 495.6 539.28 95.24 41.6 0;1 553.25 489.96 103.52 38.62 0;1 682.19 480.73 86.04 35.16 0;1 935.955 483.785 92.09 39.57 0;1 917.91 740.68 39 96.7 0;1 919.88 907.73 39.2 111.52 0;1 957.065 543 89.53 36.6 0;1 970.845 1049.435 38.87 61.13 0;1 985.795 665.68 35.75 91.64 0;1 991.905 947.5 37.81 79.4 0;1 1133.2 540.075 83.2 34.37 0;1 1152.41 474.675 91.48 37.75 2.1;1 1258.05 478.765 91 38.03 359.9;1 1367.115 536.66 87.63 36.1 0.8;1 1371.54 494.695 87.32 38.05 358.8;1 1490.29 486.52 42.36 91.14 87.9604;1 1565.455 542.68 110.83 40.74 359.1;1 1617.41 487.435 36.56 93.41 89.1;1 1747.945 480.415 97.69 39.93 359.8;1 1858.61 546.975 91.48 39.25 359.1;1 1894.91 487.785 44.44 87.75 88.7;4 719.85 541.64 127.1 47.16 0.6;4 982.91 827.025 36.38 96.51 0;7 901.665 1021.51 45.53 116.98 0;9 1907.875 578.81 24.25 11.06 0.7
v_8jl1tfoqar_0000,1 22.7 475.99 45.4 35.16 0;1 348.175 489.61 97.83 36.4 0;1 451.905 536.93 97.63 35.5 0;1 547.88 487.03 93.04 36.2 0;1 702.635 479.82 105.59 38.36 0;1 720.045 539.95 92.43 35.9 0.4;1 925.605 538.725 99.47 37.67 0;1 925.4 484.225 91.82 41.05 0;1 940.63 246.525 116.44 38.57 273.4;1 947.865 745.26 37.81 87.6 5.4;1 985.97 936.805 32.44 84.67 0;1 1705.12 501.475 115.7 41.71 355.2;1 1917.2 557.03 5.6 38.98 0.8;3 981.615 31.655 40.61 63.09 0
v_8jl1tfoqar_0024,1 207.87 479.07 94.46 35.16 0;1 512.505 493.8 97.83 36.4 0;1 664.32 539.26 97.64 35.5 0;1 682.66 489.33 93.04 36.2 0;1 860.985 543.65 92.43 35.9 0.4;1 891.725 482.33 105.59 38.36 0;1 944.39 15.875 24.22 31.75 270.2;1 985.555 936.585 32.43 84.67 0;1 1005.935 594.56 37.81 87.6 34.7;1 1223.82 489.98 91.82 41.04 0;1 1243.765 547.145 99.47 37.67 0;1 1906.8 504.66 26.4 41.7 0.9
v_8jl1tfoqar_0049,1 239.6 524.245 93.44 37.17 1;1 393.65 484.63 94.46 35.16 0;1 636.405 495.64 97.83 36.4 0;1 818.715 542.27 97.63 35.5 0;1 820.72 488.53 93.04 36.2 0;1 985.125 936.365 32.43 84.67 0;1 1050.445 548.86 92.43 35.9 0.4;1 1093.985 482.17 105.59 38.36 0;1 1223.62 536.73 37.82 87.6 93.2;1 1551.765 499 91.83 41.04 0;1 1616.445 556.205 99.47 37.67 0
v_8jv6dun7ud_0000,1 12.49 560.55 24.98 11.66 88.7;1 396.3 541.875 84.26 37.09 359.8;1 931.19 306.37 35 85.64 355.95;1 932.135 154.035 35.13 83.57 0;1 940.68 942.46 35.58 83.26 358.8;1 943.045 699.01 33.11 83.72 7.64;1 955.195 1063.125 35.51 33.75 4.8;1 988.66 729.665 75.94 33.25 281.23;1 978.815 894.145 34.61 83.31 357.5;1 1023.015 610.63 85.53 34.34 318.41;1 1105.575 508.315 77.07 33.93 351.27;1 1225.79 537.085 86.74 35.13 359.23;1 1352.445 493.31 90.11 34.3 0;1 1617.965 518.915 79.27 33.47 0;7 893.93 453.715 56.32 159.45 24.32;9 194.24 451.98 11.76 38.22 127.2
v_8jv6dun7ud_0024,1 144.355 550.72 88.57 35.74 359.8;1 932.195 224.095 35.13 83.57 0;1 932.445 423.215 35.01 83.37 10.35;1 936.115 854.72 33.11 83.72 1.05;1 944.32 1048.385 35.58 63.23 0.6;1 981.755 718.71 85.53 34.34 281.05;1 980.635 850.995 75.95 33.25 271.7;1 994.945 570.975 77.07 33.93 318.3;1 978.36 980.59 34.44 83.78 359.9;1 984.415 32.865 33.87 65.73 0;1 1127.985 539.81 82.07 34.12 359.4;1 1206.25 488.57 90.1 34.3 0;1 1389.345 527.205 79.27 33.47 0;1 1839.82 515.55 99.48 36.12 359.8889;7 817.045 517.635 56.33 166.23 53.05;9 194.24 451.98 11.76 38.22 127.2;9 1024.19 854.135 13.96 39.95 0
v_8jv6dun7ud_0049,1 840.26 506.96 35 81.1 68.32;1 941.95 714.815 77.06 33.93 277.73;1 932.535 288.135 35.13 83.57 0;1 936.555 993.14 33.11 83.72 0.6;1 944.825 1072.68 34.73 14.64 0.6;1 979.075 798.73 85.53 34.34 270.2;1 981.69 893.225 75.94 33.25 270.3;1 978.625 1001.39 34.45 83.78 359.9;1 1003.545 548.57 82.07 34.12 355.25;1 988.495 242.12 33.87 87.4 0;1 1019.52 492.73 85.12 34.3 356.4;1 1249.94 533.49 73.04 32.74 356.92;1 1571.56 521.405 99.48 36.11 359;7 675.855 555.005 56.33 166.45 80.76;9 194.24 451.98 11.76 38.22 127.2;9 1019.475 803.575 13.95 39.95 348.86
v_8l3pjgmlfr_0000,1 19.525 457.625 39.05 33.11 0;1 30.69 503.73 61.38 34.7 0;1 88.22 455.39 79.2 31.28 0;1 158.01 502.105 89.9 34.15 0;1 178.21 452.725 84.4 34.01 0;1 286.515 453.29 79.53 31 0;1 325.36 503.995 83.5 34.77 0;1 368.91 457.72 79.12 32.22 0;1 384.07 407.305 91.4 36.29 0;1 416.605 510.72 83.85 30.98 0;1 468.72 464.155 80.02 30.31 0;1 505.23 408.905 79.9 32.87 0;1 521.495 513.25 82.11 31.06 0;1 594.715 466.115 82.07 32.45 0;1 612.51 410.895 95.66 33.61 0;1 633.945 510.65 90.01 31.72 0;1 709.315 467.265 80.25 34.77 0;1 736.63 415.135 78.56 33.17 0;1 771.21 503.84 71.88 29.36 353.1;1 1218.465 295.575 72.43 33.11 359.2;1 1264.37 341.325 80.1 34.15 0;1 1305.43 296.33 79 31.72 0;1 1393.15 293.535 79.9 32.23 0;1 1395.975 338.405 84.37 32.41 0;1 1511.87 292.11 108.78 37.8 0;1 1503.43 244.09 84.92 34.98 0;1 1504.295 339.415 85.99 35.21 359.2;1 1610.64 340.775 88.68 35.53 0;1 1645.815 235.795 103.05 39.01 0;1 1717.49 342.555 91.98 31.79 0;4 42.985 411.28 85.97 39.78 0;4 156.845 405.105 84.13 30.83 0;4 262.665 408.575 89.35 32.53 0;5 1361.115 241.885 175.03 54.13 0;5 1821.325 234.1 197.35 50.88 0;7 962.215 346.98 31.67 89.96 337.13;7 1765.455 289.62 305.05 51.28 0;7 1853.185 339.4 133.63 41.42 0;9 250.9 508.85 40.8 12.54 359.6;9 364.505 529.855 44.27 14.31 0;9 579.855 523.28 37.71 13.32 48.9899;9 777.22 445.3 38.18 12.24 12.2743;9 781.065 475.11 35.53 14.8 359.3;9 803.345 391.515 44.29 16.05 0.5;9 806.41 440.25 39.28 11.24 353.3;9 1211.46 246.055 47.92 19.85 359.6;9 1425.32 316.405 46 16.27 0
v_8l3pjgmlfr_0024,1 20.37 457.625 40.74 33.11 0;1 30.635 503.73 61.27 34.7 0;1 88.04 455.39 79.2 31.28 0;1 157.87 502.055 89.9 34.15 0;1 178.12 452.96 84.4 34 0;1 286.385 453.435 79.53 31.01 0;1 325.12 504.105 83.5 34.77 0;1 368.85 457.77 79.12 32.22 0;1 384.03 407.385 91.4 36.29 0;1 416.495 510.81 83.85 30.98 0;1 468.585 464.225 80.01 30.31 0;1 505.07 409.025 79.9 32.87 0;1 521.345 513.25 82.11 31.06 0;1 594.605 466.115 82.07 32.45 0;1 613.12 411.015 95.66 33.61 0;1 635.485 510.83 90.01 31.72 0;1 709.385 467.265 80.25 34.77 0;1 736.63 415.24 78.56 33.16 0;1 771.24 503.78 71.88 29.36 353.1;1 1218.235 295.605 72.43 33.11 359.2;1 1260.51 341.5 80.1 34.16 0;1 1305.55 296.79 79 31.72 0;1 1394.845 338.095 84.37 32.41 0;1 1393.325 293.935 79.89 32.23 0;1 1511.165 292.54 108.77 37.8 0;1 1502.71 244.24 84.92 34.98 0;1 1503.735 339.675 85.99 35.21 359.2;1 1610.6 341.195 88.68 35.53 0;1 1645.795 236.12 103.05 39.02 0;1 1717.49 343.075 91.98 31.79 0;4 43.51 411.28 87.02 39.78 0;4 156.55 405.08 84.14 30.82 0;4 262.435 408.655 89.35 32.53 0;5 1361.06 241.925 175.02 54.13 0;5 1821.14 234.1 197.72 50.88 0;7 861.565 207.7 31.67 88.74 309.25;7 1765.15 289.62 304.48 51.28 0;7 1853.265 339.69 133.47 41.42 0;9 250.42 509.015 40.8 12.55 359.6;9 364.745 529.985 44.27 14.31 0;9 579.855 523.62 37.71 13.32 47.8438;9 778.29 445.195 38.18 12.23 12.8576;9 780.81 475.03 35.52 14.8 359.3;9 802.675 391.545 44.29 16.05 0.5;9 806.745 440.215 39.27 11.25 353.3;9 1210.55 246.365 47.92 19.85 359.6;9 1424.81 316.61 46 16.28 0
v_8l3pjgmlfr_0049,1 21.245 457.625 42.49 33.11 0;1 30.57 503.73 61.14 34.7 0;1 87.85 455.39 79.2 31.28 0;1 157.18 502.055 89.9 34.15 0;1 178.02 453.205 84.4 34.01 0;1 286.245 453.585 79.53 31.01 0;1 324.865 504.225 83.49 34.77 0;1 368.79 457.83 79.12 32.22 0;1 383.98 407.475 91.4 36.29 0;1 416.375 510.9 83.85 30.98 0;1 468.44 464.305 80.02 30.31 0;1 504.91 409.15 79.9 32.86 0;1 521.19 513.25 82.1 31.06 0;1 594.49 466.115 82.08 32.45 0;1 613.755 411.14 95.67 33.62 0;1 637.09 511.015 90 31.73 0;1 709.46 467.255 80.24 34.77 0;1 736.635 415.345 78.57 33.17 0;1 771.275 503.73 71.89 29.36 353.1;1 1217.995 295.625 72.43 33.11 359.2;1 1255.63 341.685 80.1 34.15 0;1 1305.67 297.27 79 31.72 0;1 1395.065 338.47 84.37 32.4 0;1 1393.5 294.355 79.9 32.23 0;1 1511.595 292.99 108.77 37.8 0;1 1504.075 340.18 85.99 35.22 359.2;1 1503.58 245.12 84.92 34.98 0;1 1610.56 341.625 88.68 35.53 0;1 1645.775 236.45 103.05 39.02 0;1 1717.49 343.61 91.98 31.8 0;4 44.055 411.28 88.11 39.78 0;4 156.25 405.055 84.14 30.83 0;4 262.195 408.735 89.35 32.53 0;5 1361.01 241.96 175.02 54.14 0;5 1820.945 234.1 198.11 50.88 0;7 666.625 150.035 31.67 88.75 274.32;7 1764.825 289.62 303.87 51.28 0;7 1853.35 339.985 133.3 41.41 0;9 249.91 509.185 40.8 12.55 359.6;9 364.995 530.125 44.27 14.31 0;9 579.855 523.97 37.71 13.32 46.65;9 777.35 445.92 38.18 12.24 13.4653;9 780.54 474.955 35.52 14.81 359.3;9 803.815 392.235 44.29 16.05 0.5;9 807.09 440.18 39.28 11.24 353.3;9 1209.565 246.795 47.93 19.85 359.6;9 1424.28 316.82 46 16.28 0
v_8mf2c7lt88_0000,1 9.445 533.335 18.89 36.21 0;1 98.445 491.95 89.97 39.34 0;1 341.03 552.145 34.76 83.37 89.1;1 938.53 798.005 86.04 36.09 270.8;1 946.305 1033.975 82.23 34.97 269.2;1 939.14 194.665 37.3 88.69 0;1 943.54 901.51 33.98 89.66 0;1 993.245 953.88 86.43 38.9 270.4;1 1001.02 729.9 89.76 39.28 275;1 991.84 847.535 34.22 87.51 0;1 998.09 215.94 37.7 88.56 0;1 1065.94 577.84 87.14 35.36 335.2;1 1118.555 506.76 89.23 40 359.38;1 1497.225 540.01 93.75 38.04 358.3;1 1726.995 566 98.15 37.56 356.7;1 1779.62 509.03 88.76 34.76 0;7 996.155 612.43 42.17 103.16 355.3;9 899.305 308.76 13.89 39.38 0;9 916.1 282.415 13.06 39.91 354.7333
v_8mf2c7lt88_0024,1 98.74 491.62 89.98 39.34 0;1 938.99 798.575 86.04 36.09 270.8;1 940.23 282.9 37.3 88.68 0;1 966.88 518.06 84.96 36.28 355.24;1 946.665 939.72 33.99 89.66 0;1 952.66 113.465 41.7 101.69 4.5;1 994.075 961.42 86.43 38.9 270.4;1 1001.31 730.66 89.76 39.28 275;1 992.61 850.285 34.22 87.51 0;1 998.69 274.5 37.7 88.56 0;1 1066.915 577.84 87.13 35.36 335.2;1 1417.205 541.185 91.05 37.99 0.1;1 1571.485 499.25 88.77 34.76 0;1 1731.255 565.51 98.15 37.56 356.7;1 1789.925 514.16 98.01 35.24 0;7 997.245 614.05 42.17 103.16 355.3;9 808.715 484.01 13.07 39.9 57.68;9 899.545 308.61 13.89 39.38 0
v_8mf2c7lt88_0049,1 99.04 491.285 89.98 39.33 0;1 720.21 541.735 83.9 35.35 356.86;1 942.95 820.885 86.04 36.09 270.8;1 938.61 401.44 37.3 88.68 0;1 943.61 209.51 41.7 101.7 4.5;1 947.48 1060.75 33.98 38.5 0;1 994.495 998.685 86.43 38.91 270.4;1 1001.96 746.46 89.76 39.28 275;1 991.315 62.025 35.37 84.49 0;1 994.08 857.655 34.22 87.51 0;1 999.57 349.855 37.7 88.55 0;1 1068.045 577 87.13 35.36 336.6567;1 1363.905 546.29 90.37 37.98 354.28;1 1403.565 493.78 88.77 34.76 0;1 1590.275 510.16 98.01 35.24 0;1 1741.805 562.1 98.15 37.56 1.74;7 998.055 615.235 42.17 103.15 355.3;9 384.035 557.39 13.07 39.9 87.77;9 899.795 308.46 13.89 39.38 0
v_8nk1jm8uys_0000,1 245.315 519.65 110.37 38.1 0
v_8nk1jm8uys_0024,none
v_8nk1jm8uys_0049,none
v_8npa3vufqw_0000,1 7.575 544.57 15.15 35.86 354.7;1 163.395 550.545 89.43 39.71 357.6;1 383.21 534.475 85.98 32.83 356.8;1 976.055 1001.48 33.21 86.92 0.8;1 988.735 241.17 37.13 87.2 3.6;1 990.66 406.51 37.4 83.46 0;1 1021.075 833.075 36.39 87.57 0;1 1304.645 510.305 93.69 36.19 0;1 1738.83 484.46 90.34 36.52 0;9 1046.77 269.35 12.8 40.78 0
v_8npa3vufqw_0024,1 15.08 552.255 29.24 39.71 359.9;1 222.31 539.74 85.98 32.84 358;1 936.32 415.81 37.14 87.2 27.42;1 993.95 597.27 37.4 83.46 0;1 1008.495 1041.345 36.39 77.31 0;1 1257.995 510.015 89.91 35.35 0;1 1734.43 484.86 90.34 36.52 0;9 1044.11 387.78 12.8 40.78 0
v_8npa3vufqw_0049,1 35.6 540.925 71.2 35.69 359.4;1 738.045 522.55 37.13 87.2 81.4;1 984.53 858.435 37.4 83.45 0;1 1250.325 510.665 85.47 34.69 0;1 1734.435 485.58 90.33 36.52 0;1 1807.41 524.88 95.18 36.4 355.9;9 1052.97 522.18 12.8 40.78 350.7
v_8o5bv9l6le_0000,1 799.765 511.765 105.11 45.99 0
v_8o5bv9l6le_0024,1 381.955 519.91 105.11 45.98 0
v_8o5bv9l6le_0049,none
v_8pihfsoz2l_0000,1 210.755 516.01 94.25 36.4 0;1 882.755 553.22 92.55 35.74 314.1333;1 1013.14 712.545 33.6 92.21 16.7286;1 1199.86 513.62 97.18 39.96 2.4;1 1750.37 492.55 102.1 36.1 0;1 1829.75 564.36 97.08 37.4 1.7
v_8pihfsoz2l_0024,1 574.305 506.96 94.25 36.4 0;1 776.425 566.3 99.61 41 0;1 938.595 451.18 92.55 35.74 299.2;1 1140.02 571.66 33.6 92.2 59.4333;1 1607.635 542.27 97.19 39.96 2.4
v_8pihfsoz2l_0049,1 111.42 550.51 88.72 39.8 0;1 859.415 505.28 94.25 36.4 0;1 982.755 278.255 92.55 35.73 277.4;1 1030.675 562.2 99.61 41 0;1 1448.56 541.72 33.6 92.2 87.9
v_8pvlxxj07o_0000,1 561.13 1014.075 87.22 38.65 0;1 915.665 869.395 31.41 79.09 0;1 967.06 812.985 33.74 78.65 0;1 968.085 1059.49 31.29 41.02 0;1 973.17 917.865 31.5 82.19 0;4 580.13 275.595 73.62 33.63 358.9;7 701.86 470.755 80.46 29.73 0;9 936.795 804.24 10.75 34.04 355.8588
v_8pvlxxj07o_0024,1 576.39 1015.975 87.22 38.65 0;1 915.96 870.135 31.42 79.09 0;1 922.91 1053.625 37.94 52.75 0;1 967.03 813.815 33.74 78.65 0;1 969.105 1033.745 31.29 81.33 0;1 973.58 919.295 31.5 82.19 0;7 731.385 470.245 80.47 29.73 0;9 935.67 795.89 10.76 34.04 357.1529
v_8pvlxxj07o_0049,1 576.73 1019.585 87.22 38.65 359.72;1 917.975 862.775 31.41 79.09 0;1 923.53 989.785 37.94 85.87 0;1 969.54 816.495 33.74 78.65 0;1 971.955 1033.13 31.29 81.32 0;1 975.38 915.575 31.5 82.19 0;7 731.235 469.92 80.47 29.74 0;9 925.51 686.26 10.76 34.04 357.8;9 948.94 1047.75 11.6 36.3 0
v_8vl9btmpr8_0000,1 604.53 453.15 104.34 40.32 0;1 769.57 440.75 76.28 37.36 353.9;1 836.955 506.43 97.49 40.84 0;1 899.485 818.47 36.27 89.4 0;1 902.935 286.48 38.07 89.78 0;1 902.595 970.29 35.37 89 0;1 953.735 67.755 36.37 85.11 0;1 967.725 948.41 36.13 95.1 0;1 1789.065 528.58 92.99 35.54 0;4 977.295 1054.42 38.29 51.16 0;7 968.27 829.045 42.74 120.37 0;9 666.315 491.46 45.95 13.72 0
v_8vl9btmpr8_0024,1 148.1 500.76 102.1 37.2 0;1 274.34 454.945 95.2 38.41 0;1 737.495 454.31 102.07 40.32 0;1 886.69 363.75 76.28 37.36 313.04;1 895.735 668.855 36.27 89.41 0;1 903.435 897.17 35.37 89 0;1 916.22 1022.88 38.82 90.7 0;1 968.52 857.54 36.14 95.1 0;1 1208.69 494.495 97.5 40.85 0;1 1788.13 528.915 92.76 35.53 0;4 977.335 1016.52 38.29 108.8 0;7 968.065 699.795 42.73 118.19 0;9 976.005 482.5 45.95 13.72 0
v_8vl9btmpr8_0049,1 542.64 508.65 93.66 37.2 0;1 555.315 451.405 89.89 38.41 0;1 894.08 536.205 36.26 89.41 0;1 928.31 449.85 96.18 42.06 0;1 899.23 794.96 35.38 89 0;1 923.235 159.59 76.27 37.36 270.32;1 918.56 939.29 38.82 90.7 0;1 965.66 1056.58 37 46.84 0;1 969.04 709.95 36.14 95.1 0;1 1743.825 474.205 100.21 42.01 0;1 1786.82 529.595 92.46 35.53 0;4 977.015 880.4 38.29 108.8 0;7 965.465 575.905 42.73 109.47 0;9 1006.895 1000.605 12.15 41.99 0;9 1438.505 472.06 44.89 13.72 0
v_8vlaenk9m7_0000,1 75.38 559.69 28.76 83.3 129.9;1 762.86 501.695 32.26 79.61 85.6364;1 906.82 474.965 30.1 72.13 49;1 976.795 340.86 33.15 86.94 7.3364;1 1000.085 22.75 28.51 45.5 0;1 1000.97 203.75 28.92 67.6 0;1 1032.37 383.075 35.48 85.75 2.8;1 1172.305 499.78 84.19 29.74 0;1 1808.175 503.825 83.99 30.05 0
v_8vlaenk9m7_0024,1 92.12 574.7 28.76 83.3 139;1 602.47 502.535 32.26 79.61 87;1 770.34 509.79 30.1 72.14 85.4;1 911.43 474.6 33.14 86.94 39.6;1 998.995 160.245 28.51 76.77 0;1 999.37 342.17 28.92 67.6 0;1 1014.475 664.215 35.49 85.75 2.8;1 1058.965 505.56 84.19 29.74 357.9545;1 1553.41 508.475 83.98 30.05 0;9 1632.08 470.99 44.14 13.44 0
v_8vlaenk9m7_0049,1 103.75 589.67 28.76 83.3 130.3308;1 431.225 500.275 32.27 79.61 90.2;1 605.52 511.865 30.1 72.13 90;1 756.83 521.5 33.14 86.94 84.7385;1 915.175 511.72 84.19 29.74 357.5;1 988.67 306.05 28.52 76.76 8.2923;1 992.61 1002.52 35.48 83.46 2.8;1 997.945 464.44 28.91 67.6 0;1 1353.58 512.795 83.98 30.05 0;9 1387.82 467.51 40.18 13.44 0
v_8x4x1xg6lj_0000,1 86.305 550.72 94.03 41.34 0;1 141.575 494.955 93.97 37.37 0;1 272.855 497.225 96.91 39.57 0;1 388.175 492.455 101.03 37.75 358.4;1 458.485 547.04 88.03 36.06 0;1 502.91 488.96 96.86 38.04 0;1 554.345 544.15 92.83 37.54 359.6;1 612.49 496.655 88.08 39.97 0;1 664.045 545.85 112.77 41.64 359.3;1 722.52 491.07 87.62 35.58 0;1 779.01 553.83 92.34 39.38 0;1 843.795 497.275 90.41 39.85 0;1 912.735 23.99 39.03 47.98 0;1 926.535 1044.21 40.53 71.58 0;1 930.07 844.85 40.86 91.12 0;1 931 404.52 34.46 85.46 0;1 986.175 780.64 40.45 106.88 0;1 989.055 948.35 35.61 90.28 0;1 1616.04 490.28 36.56 93.4 89.1;1 1745.11 480.705 96.78 39.93 359.8;1 1881.64 487.25 44.44 87.74 88.7
v_8x4x1xg6lj_0024,1 141.705 494.815 93.97 37.37 0;1 272.855 496.955 96.91 39.57 0;1 288.03 551.44 94.02 36.6 0;1 387.905 491.505 101.03 37.75 358.4;1 459.1 546.41 88.02 36.06 0;1 504.225 488.245 96.87 38.03 0;1 555.305 543.355 92.83 37.53 359.6;1 613.42 496.655 88.08 39.97 0;1 664.39 545.49 112.76 41.64 359.3;1 743.34 489.41 87.62 35.58 0;1 780.62 553.23 92.34 39.38 0;1 875.265 496.835 90.41 39.85 0;1 928.535 910.56 40.53 99.08 0;1 927.34 107.05 34.46 87.68 0;1 947.16 706.08 42.36 91.14 9.34;1 988.125 541.08 40.45 106.88 0;1 990.135 806.795 35.61 90.29 0;1 1619.55 490.275 36.56 93.41 89.1;1 1748.705 480.565 96.79 39.93 359.8;1 1885.56 487.95 44.44 87.74 88.7;7 985.775 972.78 42.75 129.8 0
v_8x4x1xg6lj_0049,1 141.755 494.635 93.97 37.37 0;1 273.28 496.775 96.9 39.57 0;1 341.64 550.86 94.02 36.6 0;1 389.145 490.635 101.03 37.75 358.4;1 459.665 546.46 88.03 36.06 0;1 517.235 487.36 96.87 38.04 0;1 554.88 542.59 92.64 37.42 359.6;1 644.43 496.025 88.08 39.97 0;1 664.525 545.34 112.77 41.64 359.3;1 763.64 487.51 87.62 35.58 0;1 781.36 553.23 92.34 39.38 0;1 887.745 496.29 90.41 39.84 0;1 925.01 958.105 40.66 100.85 0;1 928.015 774.135 40.53 99.09 0;1 985.775 1017.34 39.65 94.4 0;1 987.065 202.005 40.45 106.89 0;1 989.445 683.525 35.61 90.29 0;1 1067.52 548.82 42.36 91.14 55.87;1 1619.93 489.485 36.56 93.41 89.1;1 1748.245 480.57 96.79 39.94 359.8;1 1887.97 487.94 44.44 87.74 88.7;7 986.215 867.48 42.75 129.8 0;9 1020.88 1031.885 11.66 37.99 0
v_8ylgn85u4d_0000,1 148.175 536.155 97.67 36.43 11.04;1 211.36 494.965 105.3 37.75 0;1 352.505 489.86 103.57 38.04 0;1 394.47 545.94 121.28 41.64 359.3;1 483.18 495.435 92.96 39.97 0;1 607.745 552.17 95.21 39.38 0.5;1 679.82 488.23 91 36.94 0;1 813.345 495.755 90.41 39.85 0;1 921.75 390.295 42.2 90.69 0;1 925.97 766.77 38.98 81.46 0;1 933.515 907.98 37.95 91.98 0;1 934.725 556.195 35.17 72.97 0;1 996.06 982.84 36.34 87.6 0;1 998.08 863.07 37.22 87.8 0;1 1002.38 655.025 36.56 93.41 8.32;1 1386.545 479.975 94.07 39.93 359.8;1 1524.675 538.625 94.07 39.27 358.9;1 1685.71 497.87 41.14 97.52 88.7;4 988.55 384.15 41.3 95 0;9 1028.59 828.16 10.94 36.74 0;9 1363.37 531.745 43.02 13.79 0
v_8ylgn85u4d_0024,1 82.15 497.53 96.9 39.56 0;1 237.62 497.205 105.3 37.75 0;1 318.04 549.975 97.68 36.43 359.6;1 421.27 490.51 96.86 38.04 0;1 557.74 548.14 112.76 41.64 359.3;1 578.36 497.415 88.08 39.97 0;1 705.23 554.55 92.34 39.38 0;1 712.77 491.78 91 36.94 0;1 820.495 497.285 90.41 39.85 0;1 913.79 48.955 42.2 91.89 0;1 926.85 561.355 38.98 79.29 0;1 929.755 759.145 37.95 90.09 0;1 929.465 936.445 35.47 90.53 0;1 929.57 302.865 35.16 72.97 0;1 996.9 871.56 36.34 87.6 0;1 998 728.78 37.22 87.8 0;1 1092.17 535.45 36.56 93.4 53.7;1 1596.695 480.265 96.79 39.93 359.8;1 1815.985 542.445 96.77 40.19 358.9;1 1795.94 491.85 44.44 100.88 88.7;4 983.86 70.81 42.48 97.98 0;9 999.885 536.47 10.93 36.74 0;9 1019.83 968.57 12.86 50.74 0;9 1652.895 543.565 43.01 13.79 0
v_8ylgn85u4d_0049,1 173.86 498.095 96.9 39.57 0;1 343.075 494.495 101.03 37.75 0;1 444.495 545.675 92.83 37.53 359.6;1 494.7 489.39 96.86 38.04 0;1 606.415 497.835 88.09 39.97 0;1 631.8 547.18 112.76 41.64 359.3;1 715.465 491.87 91.01 36.94 0;1 770.04 554.42 92.34 39.38 0;1 822.215 497.355 90.41 39.85 0;1 918.36 259.24 38.98 79.88 0;1 918.65 1027.83 39.02 89.42 0;1 929.435 498.435 37.95 87.59 0;1 929.55 770.015 35.48 90.53 0;1 984.64 937.425 40.84 99.51 0;1 994.67 520.67 37.22 87.8 0;1 994.69 710.02 36.34 87.6 0;1 1300.05 496.035 36.56 93.41 86.9;1 1709.095 479.825 96.79 39.93 359.8;1 1848.55 488.43 44.44 100.88 88.7;9 988.675 85.29 10.93 38.68 0;9 1015.1 1060.85 13 38.3 0;9 1021.32 773.49 12.86 46.48 0;9 1875.13 542.71 43.02 13.8 0
v_909vtg5cso_0000,1 820.785 530.195 44.05 94.09 279.58;1 1010.505 743.115 37.89 95.93 0
v_909vtg5cso_0024,1 554.965 522.735 44.05 94.09 269.4;1 1010.915 594.36 37.89 93.24 359.77
v_909vtg5cso_0049,1 197.015 529.915 44.05 94.09 269.4;1 1005.185 327.21 37.89 93.24 357.7
v_91j6f4319k_0000,1 99.89 490.34 89.98 39.34 0;1 503.865 531.34 84.51 34.76 358.36;1 653.015 559.52 34.99 79.1 85.13;1 850.015 495.665 33.15 79.79 49.14;1 940.555 971.3 35.01 91.04 359;1 984.295 891.44 86.11 35.24 272;1 960.635 520.23 33.57 77.4 2.78;1 987.16 178.115 35.16 85.83 0;1 1124.98 530.97 76 34.1 345.16;1 1269.57 504.35 84.06 34.92 0;1 1339.915 548.99 90.37 37.98 358.2;1 1525.64 504.05 74.3 35.42 0;1 1688.025 517.235 83.57 35.81 0;1 1756.165 577.94 98.15 37.56 0.2;9 902.89 439.24 12.34 39.38 0;9 925.93 887.77 13.18 40.88 358.6
v_91j6f4319k_0024,1 99.89 490.34 89.98 39.34 0;1 270.63 537.33 84.52 34.76 358.9;1 382.365 575.375 34.99 82.85 89.4;1 680.33 532.705 33.14 79.17 87.78;1 941.99 1040.935 35 78.13 0.2;1 961.47 746.965 33.56 75.95 359.3;1 993.55 1042.41 78.88 35.24 266.8;1 986.045 285.4 35.15 85.82 0;1 1021.94 604.81 76 34.1 313.84;1 1157.425 518.83 81.89 35.18 350.96;1 1339.635 549.93 90.37 37.98 358.2;1 1470.225 503.885 73.31 35.41 0;1 1610.335 516.845 83.57 35.81 0;1 1756.165 577.94 98.15 37.56 0.2;9 909.715 1033.14 13.19 40.88 2.0583;9 918.195 706.14 12.33 39.38 0
v_91j6f4319k_0049,1 29.64 535.71 57.68 34.76 358.9;1 99.89 490.34 89.98 39.34 0;1 124.31 573.175 34.98 88.61 89.4;1 437.395 540.235 33.15 82.15 88.5;1 941.395 22.895 38.83 45.79 0;1 941.91 1064.015 35 31.97 0.2;1 981.51 767.14 76 34.1 271.8;1 975.335 952.28 35.21 77.94 359.3;1 984.15 387.63 35.16 85.82 0;1 1008.68 607.83 81.9 35.18 310.86;1 1339.335 550.91 90.37 37.98 358.2;1 1402.665 500.8 73.31 35.42 0;1 1554.775 514.12 83.57 35.82 0;1 1756.165 577.94 98.15 37.56 0.2;9 915.48 1033.44 12.34 39.38 0
v_92mimph37n_0000,1 838.235 807.68 71.89 29.36 161.2;1 934.885 688.395 74.73 30.43 88.2;1 1005.63 1020.44 32.08 71.8 0;1 1019.165 928.315 34.17 83.39 0;1 1058.195 909.65 34.95 83.2 0;1 1622.245 497.89 82.61 34.52 359.8;3 913.45 503.41 83 34.68 0.2;4 1062.975 1013.54 31.93 75.76 0;4 1504.255 540.945 99.69 36.23 358.6;7 932.68 1016.985 127.82 55.03 91.3;7 1437.19 455.57 116.98 43.48 0
v_92mimph37n_0024,1 838.265 808.12 71.89 29.36 161.2;1 922.92 970.55 76.98 30.44 93.4556;1 1005.63 1020.73 32.08 71.8 0;1 1019.235 928.55 34.17 83.4 0;1 1058.265 909.84 34.95 83.2 0;3 1150.1 503.32 83 34.68 359.3;4 1063.01 1013.96 31.94 75.76 0;4 1823 531.66 102.66 36.22 358.6;7 1712.825 459.07 122.99 43.48 0
v_92mimph37n_0049,1 497.76 414.3 79.26 33.84 0;1 838.295 808.58 71.89 29.36 161.2;1 1005.72 1021.16 32.08 71.8 0;1 1019.28 928.89 34.18 83.4 0;1 1058.375 910.13 34.95 83.2 0;3 1466.22 501.065 86.88 34.69 0.2;4 1063.075 1014.48 31.93 75.76 0
v_92oo8js7ly_0000,1 51.75 527.55 29.88 78.22 89.1;1 870.87 483.98 35.6 88.62 60.0941;1 951.515 382.375 32.39 76.85 10.5;9 934.31 290.745 9.7 38.37 359.5714
v_92oo8js7ly_0024,1 717.01 491.83 35.6 88.62 96.6;1 874.675 486.9 32.39 76.86 53.08;9 928.24 425.745 9.7 38.37 18.2
v_92oo8js7ly_0049,1 580.225 487.395 35.61 88.63 89.4;1 696.645 534.815 32.39 76.85 79.5222;1 970.95 90.79 30.3 82.6 6.4;9 817.01 526.135 9.7 38.37 65.0111
v_92pneq7ryf_0000,1 246.425 556.52 83.05 29.32 0.4;1 552.76 510.42 35.6 88.62 89.4;1 961.6 90.755 31.7 87.99 0;1 966.32 228.225 32.64 84.51 0;1 978.785 783.04 30.61 69.78 357.5;1 1088.075 605.22 91.91 35.16 329.95;1 1168.115 505.925 86.51 31.19 1.5;1 1248.9 549.48 83.7 30.32 353.5;1 1394.24 540.78 88.8 31.4 356.6
v_92pneq7ryf_0024,1 25.6 556.19 51.2 29.32 0.4;1 551.775 512.435 35.61 88.63 89.4;1 958.89 153.145 31.7 87.99 0;1 965.41 264.825 32.64 84.51 0;1 1008.805 747.99 87.15 35.16 285.1;1 1100.225 566.22 83.69 30.32 355.66;1 1168.98 507.435 86.52 31.19 1.5;1 1287.435 552.665 84.03 31.41 353.4
v_92pneq7ryf_0049,1 553.31 514.225 35.6 88.63 89.4;1 837.89 569.73 83.7 30.32 358.9;1 957.45 200.245 31.7 87.99 0;1 963.62 312.135 32.64 84.51 0;1 999.69 997.19 93.96 35.16 269.5;1 969.59 34.88 29.4 69.64 0;1 1008.79 69.57 29 74.44 3.6;1 1162.925 563.68 84.03 31.4 353.4;1 1170.135 507.82 86.51 31.2 1.5;1 1748.27 525.045 97.6 34.01 0
v_9521tu20sn_0000,1 84.18 431.285 88.7 35.03 0;1 184.895 385.815 89.79 31.31 0;1 287.515 1010.655 86.75 36.55 0;1 408.84 430.065 86.38 30.71 0;1 468.435 478.905 83.21 33.87 0;1 571 1012.965 87.22 38.65 359.3;1 582.94 474.895 81.98 33.35 0;1 667.82 434.29 78.74 29.42 0;1 688.275 264.96 34.91 94.46 283.09;1 819.1 286.74 32.7 75.34 306.17;1 1092.73 317.02 78.6 39.06 0;1 1135.015 216.165 81.51 34.05 0;1 1191.32 314.36 73.1 33.82 0;1 1208.4 266.31 104.32 42.7 0;1 1239.99 216.78 82.62 34.74 0.2;1 1295.995 314.08 87.45 36.56 0;1 1322.205 264.34 68.55 32.62 0;1 1332.93 214.64 84.3 37.26 0;1 1398 313.125 84.64 32.97 0;1 1461.57 212.535 92.16 41.03 0;1 1557.15 316.59 91.72 34.22 0;1 1574.41 264.815 91.94 37.97 0;1 1579.555 215.035 90.91 35.47 0;1 1876.55 265.905 86.9 33.99 0;4 229.275 475.97 85.61 32.26 0;4 563.735 433.445 101.63 34.55 0;7 410.255 1019.655 150.29 55.09 0;7 637.47 382.12 122.6 42.28 0;7 731.81 469.035 80.46 29.73 0;7 1101.105 264.63 90.95 42.4 0;7 1459.685 261.76 112.09 46.2 0;7 1742.505 206.34 122.85 47.46 0;9 769.62 433.95 38.68 11.2 0.1;9 814.56 517.805 38.26 10.99 7.3;9 1103.865 239.9 34.83 11.1 359.8
v_9521tu20sn_0024,1 31.675 426.415 63.35 33.09 0;1 173.225 480.655 83.53 33.41 0;1 268.1 433.3 88.7 35.02 0;1 287.585 1011.175 86.75 36.55 0;1 326.88 386.395 89.8 31.31 0;1 353.775 264.695 34.91 95.41 268.7;1 456.3 431.175 86.38 30.71 0;1 495.295 479.6 83.21 33.88 0;1 570.43 1013.31 87.22 38.64 359.3;1 583.645 474.905 81.23 33.35 0;1 611.34 251.66 32.7 75.34 269.6;1 668.155 434.82 78.75 29.42 0;1 1092.6 317.175 78.6 39.07 0;1 1134.825 216.33 81.51 34.04 0;1 1191.125 314.36 73.11 33.82 0;1 1207.635 266.31 104.31 42.7 0;1 1239.86 216.62 82.62 34.74 0.2;1 1295.785 313.73 87.45 36.56 0;1 1321.965 264.34 68.55 32.62 0;1 1333.13 214.74 84.3 37.26 0;1 1396.835 313.06 84.63 32.98 0;1 1460.81 212.595 92.16 41.03 0;1 1510.83 317.365 91.72 34.21 0;1 1573.69 264.425 91.94 37.97 0;1 1579.485 214.935 90.91 35.47 0;1 1739.67 265.445 86.9 33.99 0;4 370.28 477.05 84.64 32.26 0;4 567.96 433.805 101.62 34.55 0;7 410.205 1019.82 150.29 55.08 0;7 637.525 382.23 122.59 42.28 0;7 732.035 469.265 80.47 29.73 0;7 1101.355 264.905 90.95 42.41 0;7 1459.165 261.59 112.09 46.2 0;7 1699.8 207.23 118.74 47.42 0;9 770.05 434.21 38.68 11.2 0.1;9 1058.18 240.54 34.84 11.1 354.5;9 1061.28 526.145 38.26 10.99 355.28
v_9521tu20sn_0049,1 110.18 385.015 80.9 32.77 0;1 170.905 429.325 84.53 33.73 0;1 272.13 481.455 83.52 33.41 0;1 287.655 1011.725 86.75 36.55 0;1 275.09 258.34 32.7 77.16 269.6;1 346.75 433.375 88.7 35.03 0;1 411.05 385.565 89.8 31.31 0;1 456.88 431.065 86.38 30.71 0;1 496.425 479.655 83.21 33.87 0;1 569.83 1013.665 87.22 38.65 359.3;1 584.805 474.955 81.23 33.35 0;1 667.845 434.775 78.75 29.41 0;1 1092.46 317.34 78.6 39.06 0;1 1134.625 216.505 81.51 34.05 0;1 1190.92 314.36 73.1 33.82 0;1 1206.84 266.31 104.32 42.7 0;1 1239.725 216.45 82.61 34.74 0.2;1 1295.565 313.37 87.45 36.56 0;1 1321.725 264.34 68.55 32.62 0;1 1333.26 214.99 84.3 37.26 0;1 1395.625 312.99 84.63 32.98 0;1 1460.01 212.65 92.16 41.02 0;1 1509.31 317.07 91.72 34.22 0;1 1572.945 264.015 91.93 37.97 0;1 1579.415 214.835 90.91 35.47 0;1 1705.27 265.375 86.9 33.99 0;1 1881.34 208.42 77.32 32.7 0;4 394.62 478.08 80.78 32.26 0;4 569.775 434.255 101.63 34.55 0;4 1891.6 264.29 56.8 35.62 0;7 410.145 1019.99 150.29 55.08 0;7 637.245 382.555 122.59 42.27 0;7 730.99 469.51 80.46 29.74 0;7 1101.625 265.19 90.95 42.4 0;7 1458.625 261.42 112.09 46.2 0;7 1698.455 206.715 118.75 47.43 0;9 778.93 437.015 38.68 11.19 4.475;9 1054.635 240.655 34.83 11.11 354.95;9 1459.98 487.275 38.26 10.99 354.5
v_961gu1h6l9_0000,1 586.2 466.84 102 41.42 0;1 713.18 472.71 97.74 38.98 0;1 850.81 463.99 77.14 35.22 0;1 904.755 308.765 39.63 91.47 0;1 918.525 1056.1 37.99 47.8 0;1 961.145 140.87 39.19 87.84 0;1 966.75 888.96 39.02 88.86 0;1 967.83 527.58 36.74 84.8 0;1 972.11 1048.41 40.5 63.18 0;1 1442.86 455.145 87.7 37.89 0;1 1556.215 453.91 99.63 42.02 0;1 1693.625 454.52 89.77 38.22 0;1 1815.96 459.635 94.42 35.77 0;1 1829 509.445 96.74 41.73 359.6;1 1909.91 454.72 20.18 38.4 0;1 1915.935 517.38 8.13 32.32 354.4;4 898.165 726.87 37.67 100.9 0;4 899.11 948.9 39.02 97.7 0
v_961gu1h6l9_0024,1 595.75 466.985 102 41.41 0;1 755.25 473.215 99.84 38.97 0;1 918.05 959.82 38 92.4 0;1 962.795 460.375 76.29 34.45 0;1 965.09 217.39 36.74 84.8 0;1 966.57 755.865 39.02 89.67 0;1 973.43 920.825 40.5 99.19 0;1 1446.74 455.335 87.7 37.89 0;1 1556.475 453.91 99.63 42.02 0;1 1694.655 454.535 91.95 38.21 0;1 1816.29 459.635 94.42 35.77 0;1 1829.87 509.665 96.74 41.73 359.6;1 1912.85 454.72 14.3 38.4 0;1 1916.455 517.33 7.09 32.32 354.4;4 898.9 803.31 39.02 97.7 0;4 899.93 564.23 37.66 100.9 0
v_961gu1h6l9_0049,1 645.37 468 102 41.42 0;1 790.445 474.23 99.85 38.98 0;1 902.08 1033.86 37.76 92.28 0;1 918.57 846.84 38 92.4 0;1 969.28 464.115 39.02 89.67 0;1 974.765 788.995 40.51 99.19 0;1 979.51 949.09 40.42 94 0;1 1162.74 457.11 74.46 33.9 0;1 1448.11 455.52 87.7 37.9 0;1 1558.145 453.945 99.63 42.01 0;1 1696.31 454.555 92.62 38.21 0;1 1817.24 459.66 94.42 35.78 0;1 1831.83 509.86 96.74 41.72 359.6;4 129.355 458.6 129.87 38.86 0;4 903.025 394.4 37.67 100.9 0;4 904.87 591.01 39.02 95.54 0
v_97ara5h7ji_0000,1 625.2 503.14 86.06 34.98 358.4;1 961.78 47.175 40.46 94.35 0;1 961.49 389.175 34.7 88.21 1.7842;1 1010.495 34.545 38.59 69.09 0;1 1019.1 324.47 36.94 92.64 1.5789;1 1024.825 184.385 36.03 93.51 0;7 1018.625 1049.41 39.15 61.18 0
v_97ara5h7ji_0024,1 271.56 517.51 88 34.98 358.4;1 958.44 571.185 34.7 88.21 0.1;1 961.52 47.155 40.46 94.31 0;1 991.205 425.38 36.95 90.64 25.8;1 1010.99 110.39 38.58 92.7 0;1 1023.905 275.505 36.03 93.51 0
v_97ara5h7ji_0049,1 832.44 495.63 36.94 89.32 82.9333;1 960.83 46.285 39.2 92.57 0;1 964.65 786.615 34.7 88.21 358.26;1 1001.895 84.085 36.29 86.91 2.9455;1 1007.05 219.56 38.58 92.7 0;1 1026.305 445.365 36.03 89.55 0.02;9 1037.72 52.835 13.08 42.83 0
v_97m20qsr8f_0000,1 7.15 429.25 14.3 31.2 0;1 184.795 372.84 77.15 34.5 0;1 277.86 470.49 69.7 31.5 0;1 351.005 413.99 80.75 30.8 0;1 404.71 460.33 85.4 30.4 0;1 487.255 374.31 68.53 28.58 2.6;1 518.79 469.47 66 26.18 0;1 645.24 460.175 96 32.53 0;1 637.22 413.935 79.92 28.85 0;1 741.945 364.36 87.35 34 0;1 748.23 1051.7 76.28 34.6 19.58;1 786.81 483.72 112.2 35.3 16;1 862.255 415.41 86.07 30.66 0;1 854.165 623.06 63.81 28.1 79.0308;1 924.76 1018.34 30.4 76.6 0;1 924.79 924.99 28.7 73.3 0;1 969.185 868.555 31.07 70.19 0;1 977.24 979.87 29.1 79.1 0;1 1120.99 409.05 81.3 31.6 6.4;1 1372.07 453.4 73.56 28.3 2.2;1 1566.18 358.47 76.18 28.7 0;1 1780.17 349.84 79.54 28.86 0;7 1651.355 402.41 378.67 49.2 359.3;9 365.225 1022.995 46.05 10.93 356.6;9 983.59 912.275 9.64 36.99 53.7
v_97m20qsr8f_0024,1 59.435 410 66.99 26.2 0;1 72.215 1005.535 83.97 35.21 0;1 215.97 422.97 83.5 31.2 0;1 357.185 470.8 69.69 31.5 0;1 476.1 458.62 85.4 30.4 0;1 525.725 365.99 77.15 34.5 0;1 603.47 468.055 66 26.17 0;1 649.455 409.93 80.75 30.8 0;1 732.45 460.935 96 32.53 2.4;1 843.7 549.92 112.2 35.3 58.4231;1 848.535 371.27 68.53 28.58 0.7;1 846.94 836.9 63.8 28.1 89;1 924.62 1018.41 30.4 76.6 0;1 924.65 924.54 28.7 73.3 0;1 959.71 416.48 79.92 28.86 0;1 969.235 868.405 31.07 70.19 0;1 977.155 979.025 29.11 79.09 0;1 1142.925 365.05 87.35 34 0;1 1175.845 419.66 86.07 30.66 0;1 1524.46 428.5 81.3 31.6 0.8;1 1781.94 233.79 68.8 30.1 0;1 1814.7 448.75 73.56 28.3 1;7 1858.9 400.83 122.2 49.2 359.3;9 546.455 1026.345 46.05 10.93 356.1231;9 998.78 830.375 9.64 36.99 359.1
v_97m20qsr8f_0049,1 79.63 423.545 71.6 27.79 0;1 186.89 467.75 78.8 30.9 0;1 293.56 408.81 67 26.2 0;1 399.275 1002.185 83.97 35.21 0;1 482.955 468.09 69.69 31.5 0;1 493.02 411.89 83.5 31.2 0;1 590.29 454.89 85.4 30.4 0;1 696.365 461.21 65.99 26.18 354.5;1 814.55 503.285 96 32.53 36.4;1 847.16 681.68 112.2 35.3 93.9;1 924.555 366.94 77.15 34.5 0;1 924.48 1018.49 30.4 76.6 0;1 924.65 923.94 28.7 73.3 0;1 969.285 868.245 31.07 70.19 0;1 977.07 978.15 29.1 79.1 0;1 1020.675 416.99 80.75 30.8 0;1 1267.26 417.935 79.92 28.85 0;1 1267.975 366.88 68.53 28.58 0.7;1 1326.09 242.12 68.8 30.1 0;1 1435.015 419.82 86.07 30.66 0;1 1628.09 362.23 87.36 34 0;9 678.26 1041.75 46.06 10.94 14.54;9 999.58 802.14 9.64 36.98 359.1
v_99jl48n431_0000,1 13.68 537.37 26.04 34.9 359.8;1 346.05 510.04 95.78 39.04 355.8
v_99jl48n431_0024,1 115.86 524.29 94.42 39.04 356.64
v_99jl48n431_0049,none
v_9akff6lzqs_0000,1 1527.185 514.265 97.51 42.71 358.8
v_9akff6lzqs_0024,1 1275.03 503.565 97.52 42.71 358.8
v_9akff6lzqs_0049,1 1141.235 500.11 92.37 41.82 358.8;1 1738.71 524.585 98.88 40.15 353.3
v_9cfawmake9_0000,1 35.965 555.22 71.93 38.62 0;1 20.1 499.8 37.64 39.64 90;1 415.22 515.355 84.44 38.33 0.3;1 923.74 447.995 38.34 88.21 39.09;1 963.57 48.285 40.46 94.37 0;1 986.975 988.125 79.99 36.91 269.3;1 968.6 565.76 36.04 87.32 1.1;1 1001.91 264.77 37.9 90.8 1.2;1 1018.7 101.48 37.72 81 0;1 1417.88 536.055 96.94 38.23 0;1 1636.405 520.725 94.53 37.15 359.6;1 1680.65 480.06 94.8 37.5 0;4 1254.515 528.49 88.47 34.42 2.1273
v_9cfawmake9_0024,1 199.275 513.415 89.19 38.33 0.3;1 707.35 513.945 38.34 88.21 85.16;1 963.57 48.165 40.46 94.13 0;1 968.55 600.65 36.04 87.32 1.1;1 1006.41 453.35 37.9 86.14 356.2;1 1007.31 214.465 37.72 81.01 4.88;1 1020.54 56.39 36.28 88.2 0;1 1372.66 535.4 96.94 38.22 0;1 1466.86 500.705 90.88 40.05 4.4;1 1681.385 480.17 94.81 37.5 0;4 1255.11 527.89 88.48 34.42 2.7818
v_9cfawmake9_0049,1 14.65 512.13 29.3 38.34 0.3;1 387.845 524.545 38.33 88.21 88.4;1 963.57 48.04 40.46 93.88 0;1 968.59 609.415 36.04 87.33 1.1;1 1002.86 365.02 37.72 81 0;1 1014.41 573.235 37.9 86.15 357.1;1 1014.85 189.4 37.34 88.2 0;1 1016.245 51.935 33.37 77.39 0;1 1326.165 487.03 89.59 38.74 3.2;1 1367.345 534.685 96.95 38.23 0;1 1682.145 480.29 94.81 37.5 0;4 1250.435 527.79 88.47 34.42 3.3
v_9ck6zdd4h4_0000,1 994.55 1063.35 44.3 33.3 0;1 1770.71 509.795 115.62 42.05 0
v_9ck6zdd4h4_0024,1 1000.7 897.475 44.3 93.45 0;1 1418.39 499.52 107.5 42.04 0
v_9ck6zdd4h4_0049,1 1000.81 757.415 44.3 93.45 0;1 1201.76 494.95 107.5 42.04 0;1 1825.865 509.08 107.87 44.28 0
v_9d4epmynqo_0000,1 40.53 470.08 72.9 30 0;1 60.055 371.99 79.09 32 0;1 77.035 414.16 91.29 36.3 0;1 65.415 264.09 66.87 32.8 0;1 195.8 456.61 81.34 31.6 0;1 280.43 365.145 84.62 34.59 0;1 390.33 202.47 82.3 33.2 0;1 496.215 408.72 97.49 30.9 0;1 505.12 464.28 82.28 31.9 0;1 523.69 262.77 83.1 33.8 0;1 529.21 1002.235 79.94 27.11 1;1 537.72 219.24 79.4 30.6 0;1 671.79 304.08 85.9 32.8 0;1 720.4 461.28 76.5 28.9 0;1 749.32 255.645 80.1 32.53 0;1 749.69 417.26 74.1 30 0;1 827.76 527.21 79.1 29.8 50.2214;1 848.49 200.29 74.8 34.98 357.4;1 940.86 363.36 76.78 30.7 0;1 923.33 919.71 28.7 73.3 0;1 924.6 1016.16 30.4 76.6 0;1 987.875 407.71 82.19 31.5 0;1 967.105 862.205 31.07 70.19 0;1 1055.92 450.955 84.9 30.47 1.88;1 1202.335 370.25 71.57 27.2 0;1 1535.735 289.965 97.43 36.81 0;1 1575.48 243.12 73.3 30.3 0;1 1602.79 189.655 97.78 34.79 0;1 1697.98 362.93 84.4 33.2 0;1 1716.37 204.48 79.2 31.6 350.62;1 1720.725 281.185 73.87 28.93 0;1 1890.15 285.06 59.7 31 0;2 72.705 209.96 91.57 40.5 0;2 697.47 367.805 103.92 31.71 359.2;2 1154.35 194.6 103.84 31.4 359.8;2 1555.285 425.04 98.71 30.3 359.1;7 376.58 410.43 115.34 32.8 0;7 847.1 772.825 122.74 43.21 90.8;7 1153.495 241.795 171.15 48.57 0;9 380.39 455.38 39.6 12.7 0;9 586.52 467.44 40 8.2 2.8;9 986.66 191.83 38.5 11.5 354.4
v_9d4epmynqo_0024,1 24.4 214.4 48.8 33.2 0;1 24.17 462.55 48.26 28.1 0;1 73.63 268.83 77.96 33.8 0;1 162.66 228.55 79.4 30.6 0;1 171.5 469.2 72.9 30 0;1 277.415 412.44 92.73 36.3 0;1 356.21 301.08 85.9 32.8 0;1 360.975 460.3 81.33 31.6 0;1 364.685 255.885 80.09 32.53 0;1 416.615 371.01 79.09 32 0;1 540.67 207.525 74.8 34.97 357.4;1 622.2 461.49 82.28 31.9 0;1 659.105 365.66 84.63 34.6 0;1 667.6 1014.54 79.94 27.12 7.1;1 824.74 414.9 97.48 30.9 0;1 831.31 538.65 76.5 28.9 56.12;1 846.48 717.26 79.1 29.8 87.8;1 923.69 920.81 28.7 73.3 0;1 924.6 1015.45 30.4 76.6 0;1 967.175 862.655 31.07 70.19 0;1 1007.7 418.17 74.1 30 0;1 1235.46 248.02 73.3 30.3 0;1 1270.14 451.745 84.9 30.47 0.9;1 1299.945 293.58 97.43 36.82 0;1 1339.23 191.965 97.78 34.79 0;1 1378.455 404.61 82.19 31.5 0;1 1383.32 355.33 76.78 30.7 0;1 1450.54 231.57 79.2 31.6 356;1 1522.68 283.575 73.88 28.93 0;1 1667.365 364.83 71.57 27.2 0;1 1696.49 288.62 74.2 31 0;1 1718.815 193.97 77.59 29 356.1;1 1858.555 247.105 89.49 32.63 0;2 896.98 196.49 103.84 31.4 359.8;2 1141.535 374.325 103.93 31.71 359.2;7 549.93 411.5 115.34 32.8 0;7 822.745 249.455 171.15 48.57 0;7 845.42 996.94 122.74 43.22 90.8;9 531.6 466.23 39.6 12.7 0;9 719.79 195.97 38.5 11.5 357.1;9 732.32 469.27 40 8.2 10.575
v_9d4epmynqo_0049,1 19.35 472.45 38.7 35.3 0;1 19.205 366.835 38.39 28.65 0;1 19.21 305.86 37.78 32.8 0;1 45.465 999.4 74.51 32.18 0;1 182.2 210.65 74.8 34.98 357.4;1 178.86 461.44 63.8 28.1 0;1 329.81 371.085 76.74 31.35 0;1 334.92 467.75 77.76 30 0;1 507.085 409.18 92.73 36.3 0;1 521.825 464.61 81.33 31.6 0;1 740.775 1033.98 79.95 27.12 19.7;1 757.88 464.17 82.28 31.9 8.04;1 833.17 366.37 79.08 32 0;1 837.46 1033.01 68.96 29.8 88.3;1 845.24 253.7 73.3 30.3 0;1 852.95 771.86 76.5 28.9 86.8;1 924.6 1014.72 30.4 76.6 0;1 924.06 921.95 28.7 73.3 0;1 969.805 295.085 97.43 36.81 0;1 967.255 863.125 31.07 70.19 0;1 1040.31 200.935 97.78 34.79 0;1 1091.2 363.53 84.62 34.6 0;1 1088.85 245.28 79.2 31.6 356;1 1150.56 413.26 97.48 30.9 0;1 1228.775 284.415 73.87 28.93 0;1 1338.74 406.86 74.1 30 0;1 1405.03 197.65 77.6 29 359.2;1 1412.08 291.46 74.2 31 0;1 1544.69 242.335 89.48 32.63 0;1 1553.55 448.055 84.9 30.47 0.9;1 1845.425 395.43 82.19 31.5 0;1 1911.6 347.93 16.8 30.7 0;2 580.17 199.61 103.84 31.4 359.8;2 1646.145 391.875 103.93 31.71 4.3;7 88.89 416.7 177.72 49.2 0;7 415.775 250.77 171.15 48.56 0;7 790.87 413.09 115.34 32.8 0;9 202.075 376.73 32.55 10.7 0;9 365.17 196.41 38.5 11.5 357.1;9 662.21 466.98 39.6 12.7 0;9 840.72 572.75 40 8.2 65.46
v_9duz314inf_0000,1 1157.14 488.12 86.72 38.1 0;1 1193.27 549.865 98.54 32.85 0;1 1438.965 506.51 109.05 48.62 0
v_9duz314inf_0024,1 997.11 489.43 86.72 38.1 0;1 1193.27 549.865 98.54 32.85 0;1 1234.8 496.54 105.36 43.32 0
v_9duz314inf_0049,1 718.305 509.14 86.71 38.1 0;1 1083.58 501.27 99.82 43.32 0;1 1193.27 549.865 98.54 32.85 0;1 1892 508.48 56 55.18 0
v_9fp09c1apl_0000,1 14.545 420.2 29.09 32.7 0;1 78.1 513.33 84.4 32.72 0;1 126.59 415.38 83.6 33.42 0;1 177.29 520.8 91.62 34.16 0;1 220.46 414.925 89.46 34.35 0;1 304 518.14 89.78 32.06 0;1 340.3 421.75 79.46 32.78 0;1 372.655 470.52 79.43 30.1 0;1 462.65 417.15 87.3 32.7 0;1 486.84 468.285 78.7 33.57 0;1 575.87 516.6 82.44 33.16 0;1 577.86 465.125 81.98 34.59 0;1 577.95 416.02 81.98 31.8 0;1 687.37 476.065 87.8 33.83 0;1 702.38 422.1 79.16 32.68 0;1 704.165 518.32 79.95 32.94 0;1 837.91 814.89 71.88 29.36 161.2;1 1017.9 1001.685 27.88 66.57 0;1 1319.905 248.24 79.31 35.34 359.3;1 1349.59 299.53 75.96 34.3 0;1 1421.68 247.105 84.8 34.35 0;1 1440.425 341.79 103.03 37.32 0;1 1580.5 342.815 99.74 38.17 0;1 1613.86 292.64 87.02 35.6 0;1 1687.19 243.815 87.54 35.43 0;1 1717.33 297.905 91.76 36.91 0;2 1222.13 297.745 87.76 38.71 0;2 1548.595 246.875 105.13 36.11 0;4 219.975 468.09 82.79 30.2 0;4 1232.045 164.01 88.05 39.06 0;4 1488.01 295.585 100.7 39.29 0;7 69.84 467.865 126.3 34.35 0;7 438.3 518.535 136 41.25 0;7 1256.265 346.97 114.59 34.98 0;7 1832.735 294.065 123.19 39.53 0;9 767.745 454.925 41.91 11.59 359.4057;9 807.49 450.12 42.94 15.46 0;9 1192.565 232.865 40.61 16.05 0
v_9fp09c1apl_0024,1 14.66 420.5 29.32 32.7 0;1 78.49 513.46 84.4 32.72 0;1 125.84 415.77 83.6 33.42 0;1 177.35 521.305 91.62 34.15 0;1 220.715 415.335 89.47 34.35 0;1 303.895 518.35 89.79 32.06 0;1 341.725 422.17 79.47 32.78 0;1 373.485 470.79 79.43 30.1 0;1 462.69 417.27 87.3 32.7 0;1 490.37 468.435 78.7 33.57 0;1 576.265 516.79 82.43 33.16 0;1 577.91 465.205 81.98 34.59 0;1 577.995 416.12 81.99 31.8 0;1 687.43 476.225 87.8 33.83 0;1 702.465 422.15 79.15 32.68 0;1 704.555 518.45 79.95 32.94 0;1 837.88 814.95 71.88 29.36 161.2;1 1016.91 627.295 27.88 66.57 356.1818;1 1319.965 248.3 79.31 35.34 359.3;1 1349.5 299.84 75.96 34.3 0;1 1421.485 247.195 84.81 34.35 0;1 1440.29 341.96 103.04 37.32 0;1 1580.23 342.715 99.74 38.17 0;1 1613.38 292.64 87.02 35.6 0;1 1686.23 243.985 87.54 35.43 0;1 1716.47 298.035 91.76 36.91 0;1 1894.92 349.735 50.16 38.61 0;2 1222.12 297.94 87.76 38.7 0;2 1548.345 246.935 105.13 36.11 0;4 219.195 468.48 82.79 30.2 0;4 1228.465 164.245 88.05 39.07 0;4 1487.93 295.635 100.7 39.29 0;7 70.96 468.135 126.3 34.35 0;7 439.27 519.44 136 41.26 0;7 1254.355 348.22 114.59 34.98 0;7 1832.42 294.31 123.2 39.52 0;9 769.165 455.425 41.91 11.59 0.2286;9 808.73 450.09 38.2 13.7 0;9 1192.15 233.545 39.62 17.21 0
v_9fp09c1apl_0049,1 14.775 420.81 29.55 32.7 0;1 78.89 513.595 84.4 32.71 0;1 125.07 416.17 83.6 33.42 0;1 177.405 521.835 91.63 34.15 0;1 220.98 415.755 89.46 34.35 0;1 303.785 518.565 89.79 32.07 0;1 343.21 422.61 79.46 32.78 0;1 374.345 471.08 79.43 30.1 0;1 462.72 417.39 87.3 32.7 0;1 494.05 468.59 78.7 33.56 0;1 576.665 517 82.43 33.16 0;1 577.96 465.29 81.98 34.58 0;1 578.035 416.23 81.99 31.8 0;1 687.48 476.395 87.8 33.83 0;1 702.555 422.2 79.15 32.68 0;1 704.96 518.585 79.94 32.93 0;1 837.845 815.01 71.89 29.36 161.2;1 932.38 361.02 27.88 62.04 321.55;1 1320.035 248.36 79.31 35.34 359.3;1 1349.405 300.165 75.97 34.29 0;1 1421.285 247.275 84.81 34.35 0;1 1440.145 342.135 103.03 37.33 0;1 1580 342.415 99.74 38.17 0;1 1612.88 292.64 87.02 35.6 0;1 1684.445 244.405 87.55 35.43 0;1 1714.665 298.225 91.75 36.91 0;1 1760.28 348.255 102.26 38.61 0;2 1222.11 298.145 87.76 38.71 0;2 1547.975 246.975 105.13 36.11 0;4 218.38 468.89 82.78 30.2 0;4 1224.745 164.49 88.05 39.06 0;4 1487.85 295.695 100.7 39.29 0;7 72.13 468.42 126.3 34.36 0;7 440.29 520.375 136 41.25 0;7 1252.135 348.535 114.59 34.97 0;7 1832.105 294.41 123.19 39.52 0;9 771.765 456.06 41.91 11.58 1.0857;9 815.455 450.875 37.71 13.51 0;9 1185.39 234.545 38.92 18.03 0
v_9i12t94zbj_0000,1 198.23 535.65 105.08 39.3 0;1 224.995 480.975 104.11 40.15 0;1 485.57 486.165 102.9 39.19 0;1 709.735 497.72 89.05 36.18 0;1 753.905 548.2 101.91 37.74 0.1;1 854.11 453.23 96.74 38.6 332.8941;1 920.51 623.01 35.1 92 0;1 1076.05 557.915 96.3 32.63 0;1 1223.61 549.53 33.1 89.3 84.9667;1 1260.47 487.435 101.1 36.25 359.1;1 1525.81 490.025 96.96 36.25 0;1 1572.55 542.59 95.7 37.64 0;1 1792.375 496.545 95.63 34.47 358.6;1 1902.95 538.645 34.1 40.55 0;9 1610.84 581.795 48.2 11.59 0
v_9i12t94zbj_0024,1 239.87 524.435 93.2 37.35 0;1 439.545 479.805 104.11 40.15 0;1 531.14 542.45 105.08 39.3 0;1 645.56 486.035 102.9 39.19 0;1 920.535 538.12 101.91 37.74 357.0455;1 918.74 486.52 89.04 36.18 358.2;1 943.38 265.75 96.74 38.6 274.3;1 921.69 616.915 35.1 91.99 0;1 1287.22 554.755 96.3 32.63 0;1 1477.85 536.76 33.1 89.3 89.9973;1 1532.87 489.535 101.1 36.25 359.1;1 1742.56 490.325 96.96 36.25 0;1 1812.635 544.57 95.45 37.64 0;1 1905.125 496.725 29.75 34.47 358.6
v_9i12t94zbj_0049,1 52.655 485.74 104.69 43.9 0;1 519.765 524.835 93.21 37.35 0;1 632.05 481.105 104.12 40.15 0;1 669.735 545.725 105.09 39.29 0;1 785.02 479.265 102.9 39.19 356.32;1 924.87 558.37 35.1 92 0;1 1159.085 536.4 101.91 37.74 0.1;1 1313.875 491.29 89.05 36.18 0;1 1523.53 556.215 96.3 32.63 0;1 1695.7 493.14 101.1 36.24 359.1;1 1719.59 547.925 33.1 89.31 91.7;1 1847.87 491.885 96.96 36.25 0
v_9iqvhfvfcw_0000,1 23.04 457.625 46.08 33.11 0;1 30.415 503.73 60.83 34.7 0;1 87.46 455.39 79.2 31.28 0;1 155.79 502.055 89.9 34.15 0;1 177.83 453.705 84.4 34.01 0;1 285.965 453.895 79.53 31.01 0;1 324.355 504.455 83.49 34.77 0;1 368.67 457.95 79.12 32.22 0;1 383.89 407.645 91.4 36.29 0;1 416.125 511.1 83.85 30.98 0;1 468.145 464.455 80.01 30.31 0;1 504.585 409.405 79.91 32.87 0;1 520.875 513.25 82.11 31.06 0;1 594.255 466.115 82.07 32.45 0;1 615.045 411.4 95.67 33.62 0;1 640.365 511.39 90.01 31.72 0;1 709.61 467.245 80.24 34.77 0;1 736.645 415.565 78.57 33.17 0;1 777.085 504.14 71.89 29.36 353.1;1 1017.56 945.86 34.18 83.4 0;1 1055.965 1018.51 34.95 83.2 0;1 1217.505 295.675 72.43 33.11 359.2;1 1253.325 343.385 80.09 34.15 0;1 1305.92 298.245 79 31.73 0;1 1396.055 339.52 84.37 32.4 0;1 1393.87 295.21 79.9 32.24 0;1 1512.93 293.9 108.78 37.8 0;1 1505.145 341.305 85.99 35.21 359.2;1 1505.98 247.195 84.92 34.97 0;1 1610.47 342.515 88.68 35.53 0;1 1645.735 237.14 103.05 39.02 0;1 1717.49 344.71 91.98 31.8 0;4 45.165 411.28 90.33 39.78 0;4 155.635 405 84.13 30.82 0;4 261.715 408.895 89.35 32.53 0;5 1360.9 242.035 175.02 54.13 0;5 1820.555 234.1 198.89 50.88 0;7 43.785 154.925 31.67 88.75 269.3;7 1764.165 289.62 302.65 51.28 0;7 1853.52 340.59 132.96 41.42 0;9 248.88 509.54 40.8 12.54 359.6;9 365.505 530.4 44.27 14.3 0;9 579.855 524.69 37.71 13.32 44.2146;9 786.25 475.16 35.52 14.8 359.3;9 806.145 393.645 44.29 16.05 0.5;9 810.955 440.135 39.27 11.25 354.42;9 825.57 459.755 38.18 12.23 0.8;9 1049.62 549.65 14.16 38.22 351.04;9 1208.875 248.56 47.93 19.84 359.6;9 1423.19 317.255 46 16.27 0
v_9iqvhfvfcw_0024,1 23.88 457.625 47.76 33.11 0;1 30.04 503.73 60.08 34.7 0;1 85.91 455.39 79.2 31.28 0;1 155.17 502.225 89.9 34.15 0;1 177.73 453.935 84.4 34.01 0;1 285.83 454.04 79.54 31 0;1 324.115 504.57 83.49 34.76 0;1 368.615 458 79.11 32.22 0;1 383.85 407.725 91.4 36.29 0;1 416.015 511.19 83.85 30.98 0;1 468.01 464.53 80.02 30.32 0;1 504.43 409.525 79.9 32.87 0;1 520.725 513.25 82.11 31.06 0;1 596.185 466.035 82.07 32.45 0;1 615.655 411.525 95.67 33.61 0;1 641.905 511.57 90.01 31.72 0;1 709.68 467.235 80.24 34.77 0;1 748.445 415.9 78.57 33.16 0;1 793.015 504.52 71.89 29.36 358;1 1017.575 922.75 34.17 83.4 0;1 1057.405 923.17 34.95 83.2 0;1 1185.365 296.805 72.43 33.11 359.2;1 1220.7 344.615 80.1 34.15 0;1 1285.195 298.59 78.99 31.72 0;1 1387.02 296.165 79.9 32.23 0;1 1396.715 339.885 84.37 32.41 0;1 1513.55 294.51 108.78 37.8 0;1 1504.885 341.88 85.99 35.22 359.2;1 1506.68 247.835 84.92 34.97 0;1 1610.43 342.935 88.68 35.53 0;1 1645.715 237.46 103.05 39.02 0;1 1717.49 345.23 91.98 31.8 0;4 45.69 411.28 91.38 39.78 0;4 155.345 404.975 84.13 30.83 0;4 261.485 408.97 89.35 32.52 0;5 1359.64 242.345 175.02 54.13 0;5 1820.365 234.1 199.27 50.88 0;7 1763.86 289.62 302.08 51.28 0;7 1853.6 340.88 132.8 41.42 0;9 248.39 509.705 40.8 12.55 359.6;9 365.745 530.53 44.27 14.3 0;9 579.855 525.03 37.71 13.32 43.0685;9 861.89 402.53 43.3 16.04 0.5;9 914.06 485.3 35.52 14.8 7.45;9 919.405 443.44 39.27 11.24 0;9 911.64 327.035 14.16 38.23 313.18;9 1001.865 468.87 38.19 12.24 0.8;9 1110.55 250.705 47.92 19.85 359.6;9 1422.68 317.455 46 16.27 0
v_9iqvhfvfcw_0049,1 24.76 457.625 49.52 33.11 0;1 30.395 503.73 60.79 34.7 0;1 86.35 455.39 79.2 31.28 0;1 154.62 502.76 89.9 34.14 0;1 182.97 454.16 84.4 34 0;1 285.695 454.195 79.53 31.01 0;1 323.865 504.685 83.49 34.77 0;1 370.9 458.06 79.12 32.22 0;1 383.83 407.79 91.4 36.28 0;1 415.895 511.29 83.85 30.98 0;1 472.645 465.035 80.01 30.31 358.5;1 504.27 409.645 79.9 32.87 0;1 520.565 513.25 82.11 31.06 0;1 625.905 412.565 95.67 33.61 0;1 625.09 464.53 82.08 32.46 0;1 676.465 511.69 90.01 31.72 0;1 801.095 466.455 80.25 34.77 358.22;1 850 511.21 71.88 29.36 6.42;1 888.305 416.875 78.57 33.17 0;1 1028.365 346.12 76.59 34.16 0;1 1017.645 922.99 34.17 83.4 0;1 1036.665 296.695 70.99 33.11 359.2;1 1056.605 905.29 34.95 83.2 0;1 1156.875 298.945 78.99 31.73 0;1 1287.16 299.795 79.9 32.23 0;1 1358.2 343.205 84.38 32.41 0;1 1509.025 295.13 108.77 37.8 0;1 1502.225 342.64 85.99 35.22 359.2;1 1505.185 248.11 84.91 34.98 0;1 1610.035 343.335 88.67 35.53 0;1 1645.69 237.79 103.06 39.02 0;1 1717.3 345.76 91.98 31.8 0;4 46.235 411.28 92.47 39.78 0;4 155.04 404.945 84.14 30.83 0;4 261.245 409.045 89.35 32.53 0;5 1353.9 243.525 175.02 54.13 0;5 1820.175 234.1 199.65 50.88 0;7 1763.245 289.62 301.65 51.28 0;7 1853.7 340.21 132.6 41.42 0;9 247.89 509.875 40.8 12.55 359.6;9 365.995 530.665 44.27 14.31 0;9 593.835 527.2 37.71 13.32 20.2;9 714.38 154.425 14.16 38.23 297.91;9 841.06 252.235 47.92 19.85 359.6;9 1111.235 410.195 41.77 16.05 0.5;9 1169.11 446.345 39.28 11.25 0;9 1275.33 519.11 35.52 14.8 0.4;9 1346.15 462.31 38.18 12.24 358.7;9 1377.66 314.205 46 16.27 0
v_9ixri4iyos_0000,1 66.075 66.045 76.89 34.75 0;1 542.205 472.465 71.93 30.87 0;1 639.835 420.55 89.59 34.22 0;1 744.965 470.23 79.41 31.44 0;1 767.58 1070.02 82.44 19.96 38.1;1 913.505 863.49 31.41 79.1 0;1 965.745 808.32 33.75 78.64 0;1 971.4 913.51 31.5 82.18 0;1 1655.2 377.4 80.98 30.62 359.5;2 981.53 470.335 93.4 32.83 359.76;2 998.565 209.95 95.43 38.5 358.32;2 1810.895 455.48 104.57 35.36 359.6;5 81.165 466.99 162.33 45.62 0;7 1185.515 421.14 124.91 43.1 0;9 895.47 432.055 40.92 11.09 0;9 935.61 797.27 10.76 34.04 353.6
v_9ixri4iyos_0024,1 64.435 66.14 76.89 34.76 0;1 707.315 469.885 71.93 30.87 0;1 937.58 415.875 86.48 34.21 0;1 913.655 864.085 31.41 79.09 0;1 973.905 477.545 77.79 31.41 0;1 965.91 808.865 33.74 78.65 0;1 971.65 914.135 31.5 82.19 0;2 790.755 220.655 95.43 38.51 357.56;2 1270.425 466.725 96.75 32.83 359.4;5 315.765 463.11 183.49 45.62 0;7 1552.14 411.34 127.48 43.1 0;9 935.37 800.46 10.76 34.04 353.6;9 1156.14 421.015 40.92 11.09 0
v_9ixri4iyos_0049,1 62.54 66.755 76.9 34.75 0;1 825.985 516.475 68.49 30.87 43.41;1 913.93 864.835 31.42 79.09 0;1 966.26 809.535 33.74 78.65 0;1 971.59 915.43 31.5 82.18 0;1 1275.45 409.45 86.48 34.22 0;1 1289.995 471.1 79.25 31.42 358.8;2 445.18 233.38 95.7 37.54 358.6;2 1672.38 441.63 101.44 32.84 356.1;5 558.345 457.465 174.11 48.73 0;9 935.065 800.52 10.75 34.04 352.3;9 1529.99 402.845 38.44 11.09 356.6
v_9kc7xo3jmn_0000,1 388.745 520.32 38.89 77.6 269.8;1 1134.275 494.505 95.79 39.03 0;1 1216.1 547.185 91.34 34.89 358.5;9 1094.64 557.825 49.38 17.39 356.9
v_9kc7xo3jmn_0024,1 35.905 533.515 38.89 71.31 269.6;1 985.15 492.9 95.78 39.04 0;1 1084.35 547.585 91.34 34.89 358.5;9 773.745 548.695 49.39 17.39 356.9
v_9kc7xo3jmn_0049,1 790.51 488.925 95.78 39.03 0;1 832.21 547.435 91.34 34.89 359.41;9 318.265 539.515 49.39 17.39 356.9
v_9kr9rui4m2_0000,1 833.24 507.82 35 81.1 70.24;1 941.445 720.81 77.07 33.94 277.26;1 932.57 291.555 35.12 83.57 0;1 936.555 996.91 33.11 83.72 0.6;1 945.19 1074.27 34.32 11.46 0.6;1 979.07 798.99 85.52 34.34 270.2;1 981.705 893.355 75.95 33.25 270.3;1 996.23 549.36 82.06 34.12 355;1 978.575 1002.85 34.45 83.78 359.9;1 1011.125 493.305 85.13 34.29 356.4;1 988.535 247.85 33.87 87.4 0;1 1246.875 533.5 73.03 32.74 357.04;1 1562.58 521.495 99.48 36.11 359;7 668.57 555.535 56.32 166.67 81.32;9 194.24 451.98 11.76 38.22 127.2;9 1018.61 800.345 13.96 39.95 348.3
v_9kr9rui4m2_0024,1 634.355 517.09 35.01 81.1 89;1 808.48 510.14 85.12 34.3 354.4;1 807.715 568.78 82.07 34.12 355.5;1 936.3 860.495 79.42 33.93 271.4;1 928.065 392.535 35.13 83.57 8.3;1 936.465 1049.215 33.11 61.57 0.6;1 978.895 805.28 85.53 34.34 270.2;1 982.07 896.265 75.94 33.25 270.3;1 978.915 1031.7 34.45 83.78 359.9;1 986.86 146.265 37.12 89.17 0;1 988.675 420.51 33.87 87.4 0;1 1158.56 535.46 73.04 32.74 358;1 1368.155 526.755 95.15 36.11 359;7 478.545 561.27 56.33 172.32 89.5;9 194.24 451.98 11.76 38.22 127.2;9 969.14 698.285 13.96 39.95 325.27
v_9kr9rui4m2_0049,1 427.14 517.795 35 83.87 89.4;1 580.625 574.93 82.85 34.12 359.3;1 619.405 518.765 85.13 34.29 358.25;1 843.345 504.325 35.13 83.57 53;1 935.95 971.095 79.42 33.93 269.8;1 933.48 105.82 38.46 86.82 0;1 978.705 811.83 85.53 34.34 270.2;1 982.84 917.085 75.94 33.25 270.3;1 977.525 1037.825 34.45 82.75 359.9;1 984.305 609.96 33.87 87.4 0;1 987.81 239.15 37.12 89.18 0;1 1058.485 555.59 73.03 32.74 341.8;1 1051.99 1069.705 46.42 20.59 0;1 1248.885 535.61 92.91 36.12 354.85;7 265.48 560.575 56.32 178.89 90.3;9 194.24 451.98 11.76 38.22 127.2;9 870.74 619.57 13.96 39.96 300.64
v_9lhclexe4c_0000,1 1056.465 521.135 95.93 40.85 359.8
v_9lhclexe4c_0024,1 750.61 526.51 95.94 40.84 359.8
v_9lhclexe4c_0049,1 315.395 535.165 95.93 40.85 359.8
v_9mpk7r4b5j_0000,1 154.345 519.79 96.95 42.48 0;1 564.915 540.61 91.19 41.06 359.5;9 1705.37 509.39 51.64 16.6 354.5
v_9mpk7r4b5j_0024,1 144.325 533.74 91.19 41.06 359.5;9 1393.325 493.75 51.65 16.6 0.5
v_9mpk7r4b5j_0049,9 1136.925 494.535 51.65 16.59 0.5
v_9n7j8m0pig_0000,1 63.16 467.24 95.3 37.84 0;1 922.385 864.465 39.97 91.25 0;1 1888.995 462.145 62.01 39.19 0;9 171.66 519.33 45.3 12.8 0;9 1393.33 515.975 41.52 13.73 0.7
v_9n7j8m0pig_0024,1 143.995 492.57 98.65 40.16 0;1 399.36 468.01 95.3 37.84 0;1 921.395 710.665 39.97 91.25 0;9 532.41 528.5 45.3 12.8 0;9 1904.545 520.51 30.91 13.74 0.7
v_9n7j8m0pig_0049,1 316.36 455.935 95.2 37.61 0;1 523.9 510.87 92.28 36.36 0;1 649.07 470.625 91.82 36.09 0;1 921.62 442.45 39.98 90.34 0;9 717.065 529.64 40.89 12.8 0;9 948.2 975.09 15.9 49.4 0
v_9pr9v3zcju_0000,1 998.53 1009.115 44.32 100.05 0
v_9pr9v3zcju_0024,1 1006.32 803.605 44.32 100.05 0;1 1802.275 506.29 107.29 42.4 355
v_9pr9v3zcju_0049,1 997.33 703.125 44.32 100.05 353.6;1 1500.32 499.1 107.28 42.4 0.6
v_9rajf7c3b0_0000,none
v_9rajf7c3b0_0024,none
v_9rajf7c3b0_0049,none
v_9t0kzkz7c4_0000,1 44.75 493.655 89.5 41.87 0;1 421.42 489.87 97.5 37.2 359.12;1 545.405 500.12 92.25 37.7 359;1 646.95 490.06 99.66 38.62 0;1 656.67 541.525 95.24 41.59 0;1 815.88 465.2 83.18 35.16 348.6;1 911.62 537.485 39 94.53 359.4;1 917.61 716.415 39.2 106.13 0;1 967.01 1048.51 38.86 62.98 0;1 975.705 464.28 35.75 91.64 356.72;1 988.415 876.41 37.81 79.4 0;1 1047.4 481.815 83.76 39.57 0;1 1150.7 474.65 91.48 37.76 2.1;1 1196.875 546.23 89.53 36.6 0;1 1256.78 478.1 91 38.04 359.9;1 1354.48 544.565 83.2 34.37 0.15;1 1371.355 494.495 87.49 38.05 358.8;1 1470.89 538.575 87.64 36.11 0.52;1 1492.09 486 42.36 91.14 88.3;1 1617.6 487.455 36.56 93.41 89.1;1 1712.42 542.01 113.3 40.74 359.1;1 1747.975 479.325 97.69 39.93 359.8;1 1862.1 547.045 91.48 39.25 0.1;1 1896.235 487.575 44.43 87.75 88.7;4 791.95 541.965 127.1 47.15 0.6;4 981.12 739.13 36.38 96.52 0;7 900.255 965.66 45.53 118.7 0
v_9t0kzkz7c4_0024,1 113.95 537.725 102.72 43.01 0;1 219.485 493.665 95.51 41.87 0;1 439.48 489.355 97.5 37.21 359.4;1 547.885 500.175 92.25 37.71 359;1 648.015 489.66 101.61 38.62 0;1 658.72 541.49 95.24 41.6 0;1 818.64 465.285 83.18 35.15 348.6;1 911.075 287.1 39.01 94.54 0.1;1 914.01 1047.235 41.26 65.53 0;1 920.39 532.635 39.2 103.81 0;1 964.61 983.28 38.86 97 0;1 972.415 211.985 35.75 91.71 359;1 984.855 754.05 37.81 79.4 357.99;1 1048.7 481.245 83.76 39.57 0;1 1150.51 474.65 91.48 37.76 2.1;1 1259.64 478.1 91 38.04 359.9;1 1264.275 547.74 89.53 36.6 0;1 1371.265 494.4 87.57 38.06 358.8;1 1413.55 544.67 83.64 34.36 0;1 1490.975 486.435 42.35 91.15 88.3;1 1519.405 538.915 87.63 36.11 359.4;1 1617.69 487.465 36.56 93.41 89.1;1 1723.605 542.27 113.31 40.74 359.1;1 1748.97 479.595 98.8 39.93 359.8;1 1864.215 547.27 91.47 39.24 0.1;1 1898.41 487.48 43.18 87.74 88.7;4 793.41 541.16 127.1 47.16 0.6;4 978.31 579.97 36.38 95.32 357.56;7 903.755 843.91 45.53 118.7 0
v_9t0kzkz7c4_0049,1 290.915 493.92 95.51 41.86 0;1 405.665 544.32 97.35 39.56 0;1 440.75 490.2 97.5 37.2 359.4;1 549.515 501.38 92.25 37.7 359;1 649.98 489.33 97.88 38.62 0;1 659.95 541.695 95.24 41.59 0;1 822.28 464.22 83.18 35.16 347.4;1 914.18 913.33 39.54 95 0;1 917.75 248.57 40.12 105.1 0;1 959.18 861.395 36.98 91.37 358.35;1 978.015 532.61 37.81 77.26 358.4;1 1048.58 480.855 83.76 39.57 0;1 1150.315 474.65 91.49 37.76 2.1;1 1263.56 477.57 91 38.04 359.9;1 1305.455 548.13 89.53 36.6 0;1 1371.17 494.305 87.66 38.05 358.8;1 1452.67 543.59 84.68 34.36 0;1 1489.81 486.89 42.36 91.14 88.3;1 1564.995 538.32 87.63 36.1 359.4;1 1617.005 487.565 36.57 93.41 89.1;1 1719.47 542.46 113.3 40.74 359.1;1 1752.19 479.485 98.8 39.93 359.8;1 1859.925 546.39 91.47 39.24 0.1;1 1894.83 487.585 44.44 52.11 88.7;4 794.69 541.16 127.1 47.16 0.6;4 972.005 333.115 36.39 93.53 359;7 907.75 650.75 44.14 110.88 0
v_9v4lxizqv8_0000,1 168.765 559.955 97.89 37.53 0.8;1 333.26 484.11 108.2 42.16 0;1 454.645 483.96 98.63 38.86 0;1 578.705 494.195 97.71 40.51 0;1 679.59 488.585 101.4 41.05 0;1 701.865 547.49 91.51 36.24 0.8;1 806.025 543.315 92.07 37.35 1.7;1 919.895 281.43 36.95 76.84 0;1 928.55 568.93 37.98 93.38 0;1 980.64 731.115 40.68 97.67 0;1 1046.375 529.32 36.53 82.96 34.2;1 1145.59 538.055 88.52 35.39 359.7;1 1141.25 490.82 36.84 87.82 81.6;1 1239.82 489.28 84.64 37.66 2;1 1262.815 560.76 87.81 37.8 0.9;1 1359.56 496.075 91.08 38.09 357.9;1 1368.175 444.31 95.15 41.46 358.1;1 1373.35 542.885 40.26 87.67 90.9;1 1463.71 492.41 91.68 38.98 358.5;1 1570.2 483.435 103.8 42.33 359.8;1 1630.735 528 89.95 37.18 356.3;1 1730.635 489.085 90.19 40.01 0;1 1838.265 487.515 91.59 37.21 359.5;4 206.28 479.165 122.08 40.43 0;4 1506.685 543.05 97.95 36.12 359;7 823.725 489.06 106.47 39.4 0;9 606.595 573.355 39.53 10.39 3.18
v_9v4lxizqv8_0024,1 172.6 561.055 97.9 37.53 0.8;1 336.21 484.945 108.2 42.15 0;1 456.47 484.465 98.62 38.87 0;1 580.385 495.165 97.71 40.51 0;1 680.595 488.875 101.41 41.05 0;1 702.64 547.84 91.5 36.24 0.8;1 806.155 543.935 92.07 37.35 1.7;1 928.55 240.17 37.98 93.38 0;1 977.48 540.8 40.68 97.68 0;1 1045.78 530.1 36.54 82.96 34.2;1 1145.375 538.63 88.51 35.38 359.7;1 1140.08 491.225 36.84 87.81 81.6;1 1238.71 489.725 84.64 37.65 2;1 1261.295 561.53 87.81 37.8 0.9;1 1357.23 496.755 91.08 38.09 357.9;1 1365.87 445.825 95.16 41.45 358.1;1 1370.225 543.935 40.25 87.67 90.9;1 1460.71 493.41 91.68 38.98 358.5;1 1567.4 483.87 103.8 42.34 359.8;1 1625.175 528.625 89.95 37.17 356.3;1 1727.845 490.08 90.19 40 0;1 1834.48 488.84 91.6 37.2 359.5;4 208.31 480.45 122.08 40.44 0;4 1504.385 543.36 97.95 36.12 359;7 824.875 489.82 106.47 39.4 0;9 761.325 579.655 39.53 10.39 0.3
v_9v4lxizqv8_0049,1 176.005 561.445 97.89 37.53 0.8;1 337.43 486.015 108.2 42.15 0;1 457.335 486.14 98.63 38.86 0;1 582.535 495.775 97.71 40.51 0;1 691.805 490.32 101.41 41.06 0;1 704.565 548.665 91.51 36.23 0.8;1 806.425 544.83 92.07 37.36 1.7;1 927.965 21.44 37.99 42.88 0;1 977.24 245.52 40.68 94.64 0;1 1045.63 530.88 36.54 82.96 34.2;1 1144.83 539.19 88.52 35.38 359.7;1 1139.63 492.255 36.84 87.81 81.6;1 1237.31 490.815 84.64 37.65 2;1 1260.655 561.74 87.81 37.8 0.9;1 1356.69 497.395 91.08 38.09 357.9;1 1364.485 446.31 95.15 41.46 358.1;1 1369.94 544.175 40.26 87.67 90.9;1 1460.545 493.79 91.67 38.98 358.5;1 1566.22 484.875 103.8 42.33 359.8;1 1625.075 529.66 89.95 37.18 356.3;1 1728.075 491.12 90.19 40 0;1 1833.36 489.04 91.6 37.2 359.5;4 210.8 481.28 122.08 40.44 0;4 1502.605 544.23 97.95 36.12 359;7 881.885 491.15 106.47 39.4 0;9 923.695 579.39 39.53 10.4 0.3
v_9xqqoa527s_0000,1 426.57 485.76 89.2 38.3 0;1 819.435 461.275 90.13 36.23 0;1 854.375 516.65 98.17 35.3 0;1 978.53 1059.49 39.34 40.98 0;1 980.84 376.51 38.1 92.4 0;1 988.3 663.06 36.64 85.28 0;8 1296.025 471.18 91.55 33.8 0
v_9xqqoa527s_0024,1 786.99 493.755 89.2 38.31 0;1 969.015 458.655 90.13 36.23 0;1 973.835 872.63 39.35 109.14 0;1 977.91 81.445 38.1 83.47 0;1 992.91 613.185 36.64 85.27 0;1 1062.185 511.89 98.17 35.3 0;8 1565.21 474.06 91.54 33.8 0
v_9xqqoa527s_0049,1 257.15 467.965 99.58 36.17 0;1 981.395 731.27 39.35 109.14 0;1 996.275 567.005 36.65 85.27 0;1 1093.79 501.725 89.2 38.31 0;1 1204.705 457.915 90.13 36.23 0;1 1312.485 509.305 98.17 35.31 0;8 1855.18 476.14 91.54 33.8 0
v_9xqv3vbd2n_0000,9 1129.015 495.3 51.65 16.6 0.5
v_9xqv3vbd2n_0024,8 1887.4 495.795 65.04 22.55 0;9 910.815 502.9 51.65 16.6 0.5
v_9xqv3vbd2n_0049,8 1829.01 491.27 66.12 22.56 0;9 625.455 495.16 51.65 16.6 0.5
v_a0kxnrunu6_0000,1 228.27 474.705 88.5 35.05 0;1 503.42 512.355 103.06 39.23 0;1 760.58 462.195 89.7 34.07 0;1 875.97 526.395 100.6 37.11 1.5667;1 1003.87 392.56 35 96.94 3.1;2 1868.1 588.965 103.8 43.05 2
v_a0kxnrunu6_0024,1 31.5 480.7 62.4 35.52 0;1 590.78 472.63 88.5 35.04 0;1 873.45 510.075 103.06 39.23 0;1 985.93 1047.19 34.7 65.58 0;1 1000.89 43.66 35 86.08 0.9;1 1143.08 549.065 100.6 37.11 4.7;1 1160.43 475.81 89.7 34.08 0;2 1916.55 590.655 6.9 43.05 2
v_a0kxnrunu6_0049,1 419.5 467.6 96.1 35.52 0;1 979.88 474.775 88.5 35.05 0;1 983.465 812.15 34.69 89.7 4.32;1 1346.575 508.33 103.07 39.22 0;1 1445.42 557.52 100.6 37.12 0;1 1660.32 498.38 89.7 34.08 0.7
v_a0ls05cd51_0000,1 530.53 461.75 88.72 36.52 0
v_a0ls05cd51_0024,1 938.01 462.085 83.18 36.53 0
v_a0ls05cd51_0049,1 316.81 509.05 92.34 36.36 0;1 1367.865 464.33 83.19 36.52 0
v_a0vwscsw6p_0000,1 1002.41 343.36 95.36 44.44 77.4;1 1107.84 489.925 98.98 44.41 9.6
v_a0vwscsw6p_0024,1 994.56 379.18 98.98 44.42 65.65;1 1002.92 177.925 95.36 44.45 89.5
v_a0vwscsw6p_0049,1 988.54 184.52 98.98 44.42 92.4
v_a2g7g4jit6_0000,1 1204.925 485.42 103.37 42.56 0;9 317.895 535.585 56.25 33.45 0
v_a2g7g4jit6_0024,1 1085.135 484.81 103.37 42.56 0;9 551.395 544.1 56.25 33.44 0
v_a2g7g4jit6_0048,1 858.325 489.98 103.37 42.56 0;1 1017.18 1003.89 53.2 94.42 0;9 754.19 546.225 56.24 33.45 0
v_a2xmufvfr6_0000,1 304.315 486.77 94.23 38.82 0;1 626.96 556.02 97.4 36.5 0;1 976.31 554.49 96.68 34.82 359.6;1 997.24 786.22 33.34 84.8 7.6;1 1021.29 673.58 32.4 105.26 15.7;1 1650.47 560.365 102.1 36.21 0;1 1883.6 569.38 72.6 39.8 0;8 1508.86 471.425 70.42 28.67 0
v_a2xmufvfr6_0024,1 40.46 517.36 80.88 33.58 0;1 923.415 483.07 94.23 38.82 0;1 959.24 554.06 97.4 36.5 0;1 990.27 961.685 36.56 102.03 0;1 998 783.02 33.34 84.8 7.6;1 1023.315 667.785 32.39 105.27 15.7;1 1322 555.43 96.68 34.82 359.6;1 1909.74 559.745 20.48 36.21 357.8;9 157.125 464.25 46.69 17.2 0
v_a2xmufvfr6_0049,1 49.65 488.705 90.5 33.09 0;1 592.35 520.275 90.7 33.59 0;1 992.12 898.995 36.56 102.03 0;1 991.86 1039.625 34.14 80.45 0;1 1002.355 768.22 33.33 84.8 7.6;1 1033.53 649.055 32.4 105.27 21.1;1 1286.41 557.53 97.4 36.5 0;1 1576.89 488.675 94.22 38.83 0;1 1733.49 558.08 96.68 34.82 359.6;9 845.06 466.1 46.7 17.2 0
v_a3o415fr7l_0000,1 245.855 497.64 98.87 39.1 0;1 972.5 666.41 40.5 101.1 0;1 1099.82 587.605 32.9 89.97 58.76;3 1338.44 528.785 184.88 60.23 1.8;7 1059.18 461.545 129.6 35.33 359.6;8 469.37 487.305 63.7 22.35 0;8 1020.315 145.95 66.43 31.5 267.9
v_a3o415fr7l_0024,1 256.07 483.955 96.02 41.27 0;1 678.395 482.14 98.87 39.1 0;1 975.845 602.42 40.49 101.1 0;1 1285.75 565.725 32.9 89.97 85.5375;3 1691.73 542.835 184.88 60.23 1.8;7 1650.02 474.96 129.6 35.34 2.4;8 933.08 474.745 63.7 22.35 0
v_a3o415fr7l_0049,1 126.945 483.34 106.67 39.8 357.9;1 384.745 480.15 103.13 41.26 0;1 666.07 466.44 96.02 41.26 0;1 975.39 582.84 40.5 101.1 0;1 1150.83 475.56 98.88 39.1 0;1 1576.895 567.21 32.91 89.98 90;8 173.55 535.13 66.68 24.9 0;8 1435.43 485.375 63.7 22.35 0
v_a4gnl08tbo_0000,1 219.745 511.555 98.17 35.31 0;1 506.77 456.185 90.14 36.23 0;1 973.14 625.55 38.1 92.4 0;1 976.655 1045.235 36.65 68.87 0;8 818.265 461.9 91.55 33.8 0
v_a4gnl08tbo_0024,1 603.765 512.755 98.17 35.31 0;1 692.635 457.895 90.13 36.23 0;1 977.78 556.99 38.1 92.4 0;1 980.16 792.83 36.64 85.28 0;8 1033.675 462.04 91.55 33.8 0
v_a4gnl08tbo_0049,1 408.52 485.315 89.2 38.31 0;1 815.82 461.175 90.14 36.23 0;1 846.505 516.715 98.17 35.31 0;1 978.53 1064.39 39.34 31.18 0;1 980.7 386.97 38.1 92.4 0;1 988.06 666.875 36.64 85.27 0;8 1285.615 470.9 91.55 33.8 0
v_a6rwz1pyzg_0000,1 819.355 511.425 81.41 38.33 355.7;1 950.505 357.13 37.05 88.66 0;1 963.57 47.535 40.46 92.87 0;1 1006.51 168.285 35.7 76.11 6.18;1 1010.745 289.51 37.35 88.2 0;1 1011.075 1062.92 37.73 34.16 0;1 1010.29 61.15 35.7 91 0;1 1060.725 596.575 92.13 38.23 318.84;1 1673.645 480.84 94.81 37.5 0;4 364.14 493.43 88.48 34.42 2.6
v_a6rwz1pyzg_0024,1 628.095 517.75 84.81 38.34 0.2;1 953.375 507.795 37.05 88.65 0;1 963.57 47.415 40.46 92.63 0;1 1017.185 733.22 92.13 38.22 274.9;1 991.585 262.62 35.71 76.12 6.9;1 1008.075 98.64 35.71 91 2.8;1 1009.82 443.61 37.34 88.2 0;1 1625.155 479.07 94.81 37.5 0;4 106.055 481.505 91.05 34.41 1.1
v_a6rwz1pyzg_0049,1 404.025 514.025 86.71 38.37 0.2;1 958.31 689.66 37.04 88.66 0;1 963.57 47.29 40.46 92.38 0;1 962.27 395.185 35.7 76.11 16.4;1 1018.305 987.27 93.07 38.22 270.3;1 1003.94 190.91 35.7 91 2.8;1 1010.39 44.82 32.38 85.56 0;1 1019.455 698.995 38.71 84.05 0;1 1527.115 481.06 94.81 37.5 0;1 1770.565 521.765 103.45 37.81 0;4 47.71 479.29 93.58 35.02 1.1
v_a9cbyre6rw_0000,none
v_a9cbyre6rw_0024,none
v_a9cbyre6rw_0049,none
v_aezq2v2os1_0000,1 675.045 492.815 37.23 91.75 94.68;1 1325.78 512.675 86.02 36.79 0
v_aezq2v2os1_0024,1 530.325 494.055 37.23 92.73 89.8;1 1099.71 524.27 86.02 36.8 0
v_aezq2v2os1_0049,1 386.835 496.27 37.23 95.26 89.8;1 737.51 541.58 86 36.9 0
v_afhs8e8chi_0000,1 81.76 568.045 36.64 85.81 89.9;1 132.4 494.915 89.98 39.33 0;1 632.455 515.41 35.29 82.7 85;1 934.875 298.515 37.79 87.45 0;1 940.265 183.45 36.91 86.6 0;1 943.53 58.92 38.04 86.6 0;1 945.74 1060.68 35.02 38.64 0;1 980.71 620.28 39 89.72 0;1 1161.245 490.595 80.99 35.87 358.8;1 1187.605 549.275 82.23 34.97 351.94;1 1478.58 530.305 90.38 32.75 0
v_afhs8e8chi_0024,1 131.395 494.63 89.97 39.34 0;1 317.39 541.985 35.3 87.19 86.68;1 904.41 507.395 81 35.87 358.8;1 938.095 156.4 38.03 86.6 0;1 939.31 404.225 37.8 87.45 0;1 940.675 280.645 36.91 85.47 0;1 978.5 820.815 39 89.73 0;1 1058.605 602.535 82.23 34.97 328.64;1 1278.075 540.28 85.55 36.48 0
v_afhs8e8chi_0049,1 130.35 494.33 89.98 39.34 0;1 537.97 534.99 82 36.74 358.8;1 920.325 402.175 36.91 83.11 17.3;1 934.695 250.42 38.03 86.6 0;1 964.415 751.455 82.23 34.97 285.94;1 944.61 544.255 33.98 82.67 0;1 958.335 1035.925 40.81 84.69 0;1 987.1 205.795 36.94 84.39 0;1 1165.565 553.05 85.55 36.48 354.36;1 1585.505 515.965 93.35 34.33 0
v_ags40vgt6h_0000,1 194.73 511.765 116.94 45.99 358.4
v_ags40vgt6h_0024,1 4.95 515.845 9.9 45.99 358.4
v_ags40vgt6h_0049,none
v_ajl3wk2lc0_0000,1 472.6 530.16 107.8 43.36 0;1 822.76 505.855 106.42 44.67 0
v_ajl3wk2lc0_0024,1 127.135 532 101.85 43.36 0;1 499.285 509.535 106.43 44.67 0
v_ajl3wk2lc0_0049,1 197.36 515.055 106.42 44.67 0;1 1006.705 877.795 44.09 101.85 0
v_al6ni38om9_0000,1 87.57 454.835 79.2 31.29 0;1 112.09 501.65 89.9 34.14 0;1 178.59 451.755 84.4 34.01 0;1 287.075 452.685 79.53 31.01 0;1 326.36 503.535 83.5 34.77 0;1 369.145 457.49 79.11 32.22 0;1 384.25 406.965 91.4 36.29 0;1 417.085 510.33 83.85 30.98 0;1 469.295 463.855 80.01 30.31 0;1 505.87 408.415 79.9 32.87 0;1 522.12 513.25 82.1 31.06 0;1 595.165 466.115 82.07 32.45 0;1 607.515 410.645 95.67 33.61 0;1 631.005 510.63 90.01 31.72 0;1 709.015 467.295 80.25 34.77 0;1 736.61 414.71 78.56 33.16 0;1 771.07 504.07 71.88 29.36 353.1;1 1219.415 295.475 72.43 33.11 359.2;1 1265.6 340.595 80.1 34.15 0;1 1306.135 295.57 78.99 31.72 0;1 1395.89 292.9 79.9 32.24 0;1 1399.635 339.075 84.37 32.41 0;1 1515.645 291.18 108.77 37.8 0;1 1506.44 243.45 84.92 34.98 0;1 1508.405 338.205 85.99 35.21 359.2;1 1610.82 339.035 88.68 35.53 0;1 1645.895 234.45 103.05 39.02 0;1 1717.49 340.4 91.98 31.8 0;4 99.36 404.525 84.14 30.83 0;4 244.675 408.465 89.93 32.53 0;5 1361.33 241.745 175.02 54.13 0;5 1822.1 234.1 195.8 50.88 0;7 1771.33 289.62 297.34 51.28 0;7 1852.855 338.21 134.29 41.42 0;9 226.47 509.35 40.8 12.54 359.6;9 363.475 529.325 44.27 14.31 0;9 570.79 507.1 41.26 13.32 63.3;9 724.83 438.725 38.18 12.23 358.6;9 782.145 475.42 35.53 14.8 359.3;9 791.41 390.725 44.3 16.05 10.3;9 790.235 441.085 39.27 11.25 350.69;9 1032.92 550.755 14.72 42.25 353.52;9 1213.835 246.195 47.93 19.85 359.6;9 1427.45 315.56 46 16.28 0
v_al6ni38om9_0024,1 25.85 503.73 51.7 34.7 0;1 88.8 455.39 79.2 31.28 0;1 154.89 502.2 89.9 34.14 0;1 178.5 451.985 84.4 34.01 0;1 286.935 452.83 79.53 31 0;1 326.12 503.645 83.5 34.77 0;1 369.09 457.545 79.12 32.21 0;1 384.2 407.045 91.4 36.29 0;1 416.97 510.425 83.84 30.97 0;1 469.155 463.925 80.01 30.31 0;1 505.72 408.535 79.9 32.87 0;1 521.97 513.25 82.1 31.06 0;1 595.06 466.115 82.08 32.45 0;1 608.365 410.645 95.67 33.61 0;1 630.77 510.44 90 31.72 0;1 709.085 467.285 80.25 34.77 0;1 736.615 414.81 78.57 33.16 0;1 771.1 504.02 71.88 29.36 353.1;1 1219.185 295.505 72.43 33.11 359.2;1 1265.305 340.77 80.09 34.16 0;1 1305.655 295.45 78.99 31.72 0;1 1394.33 292.785 79.9 32.23 0;1 1399.035 339.075 84.37 32.41 0;1 1514.52 291.18 108.78 37.8 0;1 1505.72 243.605 84.92 34.97 0;1 1506.965 338.53 85.99 35.22 359.2;1 1610.775 339.455 88.67 35.53 0;1 1645.875 234.78 103.05 39.02 0;1 1717.49 340.915 91.98 31.79 0;4 22.5 411.28 45 39.78 0;4 152.05 404.895 84.14 30.83 0;4 264.435 408.085 89.35 32.53 0;5 1361.28 241.775 175.02 54.13 0;5 1821.915 234.1 196.17 50.88 0;7 1766.44 289.62 306.88 51.28 0;7 1852.935 338.5 134.13 41.42 0;9 254.22 507.775 40.8 12.55 359.6;9 363.75 529.445 44.28 14.31 0;9 582.07 525.88 37.72 13.32 50.9;9 777.595 444.97 38.19 12.24 9.7714;9 781.885 475.345 35.53 14.81 359.3;9 805.975 391.6 44.29 16.04 0.5;9 805.355 440.355 39.27 11.25 353.3;9 897.14 278.245 14.72 42.25 312.48;9 1213.31 246.115 47.92 19.85 359.6;9 1426.94 315.76 46 16.28 0
v_al6ni38om9_0049,1 17.735 457.625 35.47 33.11 0;1 30.815 503.73 61.63 34.7 0;1 88.61 455.39 79.2 31.28 0;1 156.58 502.415 89.9 34.15 0;1 178.4 452.23 84.4 34 0;1 286.8 452.98 79.54 31 0;1 325.87 503.755 83.5 34.77 0;1 369.03 457.6 79.12 32.22 0;1 384.16 407.135 91.4 36.29 0;1 416.855 510.52 83.85 30.98 0;1 469.015 464.005 80.01 30.31 0;1 505.555 408.655 79.91 32.87 0;1 521.815 513.25 82.11 31.06 0;1 594.945 466.115 82.07 32.45 0;1 611.075 410.645 95.67 33.61 0;1 630.67 510.27 90 31.72 0;1 709.16 467.28 80.24 34.76 0;1 736.62 414.92 78.56 33.16 0;1 771.135 503.96 71.89 29.36 353.1;1 1218.95 295.525 72.42 33.11 359.2;1 1265 340.955 80.1 34.15 0;1 1305.18 295.35 79 31.72 0;1 1392.79 292.68 79.9 32.24 0;1 1398.39 339.06 84.38 32.4 0;1 1513.37 291.2 108.78 37.8 0;1 1505.5 338.86 86 35.22 359.2;1 1504.965 243.76 84.91 34.98 0;1 1610.73 339.885 88.68 35.53 0;1 1645.855 235.11 103.05 39.02 0;1 1717.49 341.455 91.98 31.79 0;4 41.87 411.28 83.74 39.78 0;4 157.46 405.16 84.14 30.82 0;4 263.15 408.415 89.36 32.53 0;5 1361.23 241.815 175.02 54.13 0;5 1821.72 234.1 196.56 50.88 0;7 1020.865 917.695 31.67 105.17 0;7 1766.11 289.62 306.28 51.28 0;7 1853.015 338.795 133.97 41.41 0;9 251.935 508.5 40.79 12.54 359.6;9 364 529.58 44.28 14.3 0;9 580.455 523.57 37.71 13.32 50.9;9 616.49 230.72 14.72 42.24 270.2;9 777.575 445.04 38.19 12.24 11.0347;9 781.615 475.27 35.53 14.8 359.3;9 805.11 391.575 44.3 16.05 0.5;9 805.705 440.32 39.27 11.24 353.3;9 1212.765 246.035 47.93 19.85 359.6;9 1426.41 315.975 46 16.27 0
v_ana2wo5yov_0000,1 189.89 487.55 94.6 37.02 0;1 348.05 478.88 83.62 34.82 0;1 440.845 388.83 86.27 34.96 0;1 464 436.435 105.92 37.49 0;1 549.705 481.915 76.93 32.37 0;1 631.525 437.965 83.93 34.71 0;1 636.245 1064.815 73.63 30.37 5;1 687.205 481.8 100.03 35.46 1.55;1 807.905 441.27 86.55 33.04 0;1 831.23 1027.35 79.02 31.64 90.4;1 838.07 743.875 78.16 32.71 91;1 841.515 552.205 76.31 33.31 54.3;1 908.905 890.33 35.85 86.44 2.1;1 908.525 1005.945 32.91 81.17 0;1 952.89 994.725 30.38 82.41 0;1 963.3 879.435 33.56 75.39 0;1 1008.78 439.26 76.7 32.92 0;1 1203.74 394.6 84.58 36.5 0;1 1333.69 438.625 81 35.27 0;1 1542.135 389.635 78.25 31.51 0;1 1551.37 438.155 80.26 34.27 0;4 1753.19 388.57 91.7 36.9 359.5;7 288.6 435.985 100.2 35.93 0;7 681.21 385.895 176.68 48.71 0;9 782.07 524.635 36.82 10.67 27.2;9 1437.1 498.03 33.6 11.16 359.8
v_ana2wo5yov_0024,1 328.94 488.465 94.6 37.03 0;1 499.3 478.925 83.62 34.81 0;1 636.325 1063.77 73.63 32.46 5;1 690.765 438.73 101.11 37 2.16;1 688.51 390.51 82.98 34.68 0;1 689.655 480.335 76.93 32.37 0;1 803.215 517.32 96.75 34.8 31.02;1 832.205 1026.67 79.79 32.72 91;1 839.565 697.175 76.31 33.31 97.28;1 893.95 442.33 79.44 34.72 1.7;1 908.665 889.17 35.85 86.44 2.6129;1 908.255 1004.67 32.91 81.16 0;1 952.89 991.47 30.38 82.42 0;1 963.225 878.425 33.57 75.39 0;1 1067.12 441.505 83.04 33.03 0;1 1307.435 437.155 78.41 32.99 0;1 1549.995 389.43 87.99 36.5 0;1 1694.81 432.915 85.8 35.91 0;1 1877.21 386.76 80.76 31.5 0;1 1891.08 432.83 57.84 34.26 0;7 478.515 432.3 100.19 35.94 0;7 905.26 389.325 169.26 48.71 1.2;7 1559.57 219.335 116.2 45.65 0;9 303.09 458.865 47.8 13.01 0;9 830.4 612.7 36.82 10.66 78.84;9 1793.4 491.46 33.6 11.16 359.8
v_ana2wo5yov_0049,1 16.175 434.07 32.35 31.44 0;1 369.65 1016.115 79.1 37.25 0;1 495.49 488.6 92.42 37.02 0;1 636.525 1062.885 73.63 34.23 5;1 665.98 478.49 83.62 34.82 0;1 823.115 484.275 71.07 29.61 1;1 842.29 641.19 96.8 34.8 84.82;1 832.84 950.975 76.88 33.31 91.7;1 920.87 397.825 82.46 34.13 0;1 908.555 887.335 35.85 86.45 2.6486;1 908.515 1003.14 32.91 81.16 0;1 963.135 456.065 98.23 35.01 3.11;1 953.03 990.875 30.38 82.41 0;1 963.225 876.66 33.57 75.38 0;1 1204.05 449.845 80.5 34.71 0.9;1 1364.665 436.775 83.03 33.03 0;1 1654.44 445.045 81.68 32.99 2.48;1 1902.765 388.395 34.47 36.49 0;4 1760.17 267.375 89.02 39.65 0;7 783.51 438.735 95.6 36.31 0.8;7 1131.31 389.895 164.74 48.71 359.2;7 1171.4 224.01 107.42 45.64 0;9 572.785 472.995 43.45 13.01 5.16;9 836.54 780.33 36.82 10.66 88.5
v_aqs97263gu_0000,1 13.35 543.205 26.7 22.45 89.6;1 558.685 491.595 35.61 88.63 89.4;1 957.96 310.17 30.3 82.6 4.4;1 969.86 82.125 30.26 83.25 0;1 1011.195 230.085 31.31 82.81 359.3;1 1406.54 505.03 90.8 32.84 359.6333;1 1836.795 501.45 94.15 32 0;7 1024.47 24.4 29 48.8 0;9 254.07 551.485 9.7 38.37 85.9
v_aqs97263gu_0024,1 558.825 493.165 35.61 88.63 89.4;1 905.87 436.14 30.3 82.6 32.7;1 963.24 222.675 30.26 83.25 0;1 1009.095 346.42 31.31 82.82 359.3;1 1291.53 516.36 87.3 32.84 357.8;1 1507.55 493.52 91.32 32 0;7 1021.71 179.63 29 102.9 0;9 10.68 569.955 9.7 21.73 85.9
v_aqs97263gu_0049,1 558.975 494.805 35.61 88.63 89.4;1 761.28 533.885 30.3 79.55 73.5;1 952.01 343.855 30.26 83.25 7.3;1 1005.005 519.3 31.31 72.8 359.3;1 1009.78 20.965 32.9 41.87 0;1 1188.675 520.73 83.11 32.84 357.8;1 1337.15 495.39 87.94 32 357.3278;7 1020.34 275.58 29 102.9 0
v_aqw85kju5h_0000,1 1549.265 525.505 87.11 37.91 0;1 1861.125 531.35 87.71 35.82 0;3 1346.98 482.44 123.5 46.4 0;9 1459.295 428.12 41.77 14.32 0
v_aqw85kju5h_0024,3 1764.21 492.96 141.92 46.4 0
v_aqw85kju5h_0049,none
v_aqzef8o0la_0000,1 196.075 505.195 106.35 45.99 0
v_aqzef8o0la_0024,none
v_aqzef8o0la_0049,none
v_arp7o7t5mp_0000,1 1631 520.655 103.88 46.59 359.32
v_arp7o7t5mp_0024,1 1373.54 509.505 103.88 46.59 0.7
v_arp7o7t5mp_0049,1 1197.2 509.585 103.88 46.59 0.7;1 1905.9 513.99 28.2 42.52 344.4
v_arwepmq7lo_0000,1 1002.76 753.515 48.62 95.91 0;1 1195.24 494.685 97.22 38.11 0;1 1814.075 512.425 118.25 52.55 0
v_arwepmq7lo_0024,1 993.825 670.745 48.61 95.91 0;1 1049.4 492.06 97.22 38.1 0;1 1479.04 522.66 115.64 44.7 0
v_arwepmq7lo_0049,1 766.915 505.2 97.23 38.1 0;1 958.085 578.775 48.61 95.91 330.3;1 1224.815 515.04 111.71 44.7 0
v_asofep8mjo_0000,1 132.37 494.89 89.98 39.34 0;1 797.56 530.725 35.66 78.81 65.1;1 928.91 347.785 35.3 82.71 7.28;1 939.685 49.79 37.79 90.62 0;1 951.505 685.235 36.45 76.77 0;1 981.46 275.625 39 89.73 0;1 1405.265 534.645 85.83 33.31 0;1 1494.575 492.255 85.99 35.87 0;4 371.99 559.135 82.1 31.55 359.3;4 997.275 1056.49 33.99 47.02 0
v_asofep8mjo_0024,1 133.485 495.23 89.97 39.34 0;1 504.57 572.95 35.66 80.38 88.78;1 857.39 476.13 35.3 82.7 49.74;1 933.255 205.35 37.79 90.62 0;1 944.845 87.77 36.91 86.88 0;1 949.455 883.45 35.03 80.6 0;1 981.62 424.165 39 89.73 0;1 1283.75 538.07 83.68 34.3 0;1 1294.265 489.035 82.99 35.87 0;4 16.9 547.575 33.4 31.55 359.3
v_asofep8mjo_0049,1 99.33 568.255 36.64 85.81 89.9;1 132.44 494.93 89.98 39.34 0;1 644.3 514.195 35.3 82.71 85;1 934.61 293.095 37.8 87.45 0;1 940.265 179.895 36.91 86.73 0;1 943.755 54.86 38.03 86.6 0;1 945.815 1057.07 35.03 45.86 0;1 980.61 612.915 39 89.73 0;1 1169.935 490.345 80.99 35.87 358.8;1 1192.915 548.015 82.23 34.97 352.67;1 1489.19 529.97 90.38 32.76 0
v_at0nazxy83_0000,1 117.87 524.415 86.96 34.01 0;1 303.775 546.165 100.43 36.01 359.9;1 579.115 520.88 29.89 78.22 88.1;1 965.345 153.525 32.39 76.85 0;1 970.185 276.13 35.61 90.32 0;1 1014.955 648.655 31.71 83.39 0;9 967.24 12.4 9.7 24.8 0
v_at0nazxy83_0024,1 59.65 538.17 102.76 36 359.9;1 301.105 522.915 29.89 78.21 89.1;1 958.505 389.955 35.61 88.63 9.2;1 961.195 244.685 32.39 76.85 0;1 1009.545 977.125 31.71 83.39 0;9 941.05 165.455 9.7 38.37 10.8
v_at0nazxy83_0049,1 61.785 529.41 29.89 78.22 89.1;1 875.275 480.89 35.61 88.62 57.7412;1 952.825 377.125 32.39 76.85 9.5;9 934.34 285.645 9.7 38.37 0.1571
v_awslkgu4yp_0000,1 67.1 484.085 92.4 34.55 0;1 123.01 441.655 106.1 37.79 0;1 233.05 395.17 85.4 35.62 0;1 297.09 486.955 82.6 34.05 0;1 327.925 396.295 83.99 34.31 0;1 397.07 487.99 82.86 33.7 0;1 374.23 302.615 34.34 76.63 267.6;1 426.38 446.25 82.36 35.22 0;1 435.24 388.815 86.44 34.63 0;1 504.955 487.02 86.01 35.9 1.9;1 519.88 440.29 86.18 35.24 1.1;1 533.355 390.265 78.55 33.39 1.2;1 534.225 1029.375 77.75 35.87 0;1 618.255 485.225 82.81 34.71 359;1 637.1 388.435 84.2 33.17 1.55;1 644.91 436.315 83.6 34.95 0.7;1 1081.565 276.895 81.43 37.35 0;1 1091.035 226.94 89.31 39.44 0;1 1118.115 80.135 93.77 42.33 359.5;1 1137.665 139.735 81.49 37.11 0;1 1195.96 278.285 82.2 36.89 0;1 1306.315 272.9 80.91 37.9 0;1 1393.595 278.14 70.23 33.44 0;1 1434.225 321.66 90.73 37.12 0;1 1463.135 220.03 92.69 35.76 0;1 1489.855 262.87 88.45 36.68 0;1 1583.56 217.865 91.54 34.51 0;1 1665.77 124.635 95.12 40.85 0;1 1733.96 276.23 94.34 39.64 2.8;2 786.885 241.79 93.27 37.2 359.3;2 1319.49 222.28 109.76 42.4 0;2 1694.625 219.91 112.03 42.7 0;4 1275.735 322.88 84.83 37.36 0;4 1563.195 315.53 99.97 39.8 0;7 85.72 264.65 38.8 88.76 270.325;7 175.77 491.56 110.98 34.84 0;7 1108.755 318.675 102.23 42.39 0;7 1604.11 261.485 120.52 47.97 0;9 18.085 453.85 36.17 12.1 0;9 586.1 418.845 38.42 12.29 2.1;9 870 202.125 40.4 12.31 0
v_awslkgu4yp_0024,1 33.125 386.57 66.25 33.18 0;1 68.44 483.765 92.4 34.55 0;1 239.15 442.325 106.1 37.79 0;1 233.68 394.905 85.4 35.63 0;1 296.95 486.415 82.6 34.05 0;1 328.185 395.345 83.99 34.31 0;1 398.24 488.1 82.86 33.7 0;1 426.525 446.685 82.37 35.23 0;1 435.95 388.885 86.44 34.63 0;1 504.3 487.35 86 35.9 1.9;1 520.36 440.29 86.18 35.24 1.1;1 533.645 390.31 78.55 33.38 1.2;1 534.835 1029.375 77.75 35.87 0;1 618.82 485.165 82.8 34.71 359;1 637.575 387.745 84.21 33.17 1.4;1 645.24 436.49 83.6 34.94 0.7;1 1062.695 226.98 89.31 39.44 0;1 1079.825 276.315 81.43 37.35 0;1 1112.655 80.19 93.77 42.32 359.5;1 1134.975 139.505 81.49 37.11 0;1 1190.57 278.545 82.2 36.89 0;1 1300.93 272.75 80.92 37.9 0;1 1383.435 277.31 70.23 33.44 0;1 1427.21 128.4 93.14 40.52 0;1 1432.37 321.66 90.74 37.12 0;1 1462.62 221.06 92.7 35.76 0;1 1488.565 263.13 88.45 36.68 0;1 1581.9 217.99 91.54 34.5 0;1 1732.63 276.355 94.34 39.65 2.8;2 469.535 239.505 93.27 37.21 359.5;2 1318.045 222.28 109.75 42.4 0;2 1693.675 219.91 112.03 42.7 0;4 1275.095 322.03 84.83 37.36 0;4 1562.055 316.17 99.97 39.8 0;7 174.45 490.5 110.98 34.84 0;7 1107.15 318.545 102.24 42.39 0;7 1602.26 261.64 120.52 47.96 0;9 137.845 457.08 48.63 12.1 0;9 585.33 418.945 38.42 12.29 2.1;9 606.445 205.15 40.41 12.3 0
v_awslkgu4yp_0049,1 49.72 386.57 87.5 33.18 0;1 69.84 483.425 92.4 34.55 0;1 118.48 436.53 91.3 34.54 0;1 156.69 1029.75 86.78 37.28 0;1 234.35 394.625 85.4 35.63 0;1 290.575 443.545 104.85 37.79 0;1 299.35 486.565 82.6 34.05 0;1 328.805 394.755 83.99 34.31 0;1 399.54 488.19 82.86 33.7 0;1 429.075 446.685 82.37 35.23 0;1 436.69 388.96 86.44 34.62 0;1 505.525 487.04 86.01 35.9 1.9;1 520.93 440.275 86.12 35.17 1.1;1 533.945 390.36 78.55 33.38 1.2;1 536.54 1028.36 77.74 35.88 0;1 619.41 485.095 82.8 34.71 359;1 637.945 387.915 84.21 33.17 1.4;1 645.72 436.49 83.6 34.94 0.7;1 1053.71 228.225 89.3 39.45 0;1 1079.505 276.315 81.43 37.35 0;1 1094.435 82.77 93.77 42.32 359.5;1 1134.565 140.865 81.49 37.11 0;1 1189.41 278.905 82.2 36.89 0;1 1297.63 272.88 80.92 37.9 0;1 1310.6 131.455 85.8 40.51 0;1 1380.685 278.14 70.23 33.44 0;1 1430.975 321.68 90.73 37.12 0;1 1462.02 222.085 92.7 35.77 0;1 1487.21 263.4 88.44 36.68 0;1 1580.17 218.12 91.54 34.5 0;1 1731.24 276.48 94.34 39.64 2.8;2 46.225 241.03 92.45 37.2 359.5;2 1311.595 222.88 109.75 42.4 0;2 1692.69 219.91 112.04 42.7 0;4 1274.405 322.43 84.83 37.36 0;4 1560.875 316.835 99.97 39.79 0;5 1864.5 259.42 111 57.96 0;7 177.11 490.41 110.98 34.84 0;7 1105.575 318.765 102.23 42.39 0;7 1600.89 261.87 120.52 47.96 0;9 222.025 463.38 43.31 12.1 4.2;9 240.955 206.085 36.29 12.31 0;9 586.015 418.86 38.41 12.28 2.1;9 1741.24 310.46 44.42 14.88 0
v_ax0y6et3iz_0000,1 637.745 1060.875 73.63 36.41 5;1 908.845 885.925 35.85 86.45 0;1 908.385 1000.51 32.91 81.16 0;1 953.045 986.73 30.39 82.42 0;1 963.855 873.815 33.57 75.39 0;7 1739.045 231.43 98.37 37.76 359.3;8 1484.84 374.7 58.76 26.5 0
v_ax0y6et3iz_0024,1 637.845 1060.84 73.63 36.42 5;1 908.785 886.18 35.85 86.44 0;1 908.665 1000.39 32.91 81.16 0;1 953.13 986.95 30.38 82.42 0;1 963.945 873.675 33.57 75.39 0;7 1185.82 245.785 92.3 37.13 358.6;8 1747.175 372.64 58.75 26.5 0
v_ax0y6et3iz_0049,1 637.89 1060.91 73.62 36.42 5;1 908.865 886.26 35.85 86.44 0;1 908.945 1000.26 32.91 81.16 0;1 953.22 987.18 30.38 82.42 0;1 964.035 873.53 33.57 75.38 0;7 620.98 255.51 88.16 35.52 359.2
v_azsh7mr6fm_0000,1 1491.68 518.94 93.28 42.12 358.8;8 1123.94 535.945 66.12 22.55 354.1
v_azsh7mr6fm_0024,1 1249.705 510.95 93.27 42.12 358.8;8 1073.585 552.835 66.13 22.55 337.3
v_azsh7mr6fm_0049,1 1001.77 1033.165 39.5 73.75 0;1 1112.875 511.98 93.27 42.12 358.8;8 1029.79 573.65 66.12 22.56 337.3
v_b0cm6xag1l_0000,1 697.525 466.655 95.79 40.27 0;1 904.835 603.01 38.87 88.36 0;1 905.535 805.865 35.33 91.19 0;1 988.395 516.255 92.27 36.35 0;1 990.025 459.105 83.55 33.33 0;1 968.625 968.67 39.21 88.1 0;1 972.825 804.305 41.01 102.15 0;1 977 609.99 42.24 84.3 0;9 921.015 935.05 15.55 41.06 0;9 982.7 681.93 15.5 47.6 0
v_b0cm6xag1l_0024,1 194.7 453.3 101.3 36.22 0;1 795.605 466.25 95.79 40.26 0;1 903.025 391.72 38.87 88.36 0;1 904.645 644.865 35.33 91.19 0;1 971.425 870.57 39.21 88.1 0;1 973.97 758.345 41 102.15 0;1 995.375 554.285 37.95 84.31 19.6;1 1251.18 454.385 85.94 33.33 0;1 1291.97 512.39 92.28 36.36 0;4 902.005 974.31 39.07 110.2 0;9 898.415 782.065 15.55 41.05 0;9 982.79 652.2 15.5 47.6 0
v_b0cm6xag1l_0049,1 167.41 453.32 106.74 42.72 0;1 522.475 448.52 96.01 36.22 0;1 815.51 464.865 95.78 40.27 0;1 906.69 993.74 42.72 102.7 0;1 907.825 399.505 35.33 84.49 0;1 917.59 43.19 38.86 86.38 0;1 970.7 836.96 39.2 88.1 0;1 976.515 646.465 41.01 101.17 0;1 1109.81 480.385 37.96 84.31 73.1833;1 1588.72 455.225 91.12 33.33 0;1 1719.965 509.565 93.19 36.35 0;4 900.895 847.24 39.07 110.2 0;9 918.935 534.12 15.55 41.06 0;9 976.695 452.52 15.49 47.6 0
v_b0ge2kn580_0000,1 31.135 471.85 62.01 38.36 0;1 120.88 474.76 91.82 41.04 0;1 165.845 527.41 115.69 41.7 1.8818;1 251.74 479.58 116.44 38.58 0.2;1 394.89 474.495 94 37.07 0;1 514.015 478.56 99.35 38.98 0;1 628.725 486.47 98.93 44.3 0;1 774.13 469.735 90.82 36.47 353.3;1 813.3 535.73 104.72 42.84 0;1 899.11 475.23 93.78 37.28 0;1 955.96 169.915 33.7 90.05 7.3;1 981.175 644.81 37.35 91.82 6.625;1 1082.91 563.055 34.48 72.29 71.6375;1 1203.42 489.145 102.7 40.79 0;1 1304.165 539.67 98.49 36.5 359.6;1 1428.425 489.045 96.71 38.35 0;1 1600.73 546.16 38 103.5 90.5;1 1665.545 491.245 96.41 42.93 0;1 1872.155 495.185 95.69 38.79 0;1 1897.335 551.485 44.87 39.07 0.2;3 960.305 867.97 40.61 147.2 1.8;9 1488.52 582.75 40.1 11.5 2;9 1876.4 582.8 37 12.36 3.3
v_b0ge2kn580_0024,1 31.415 471.85 62.57 38.36 0;1 124.425 474.76 91.83 41.04 0;1 253.93 479.655 116.44 38.57 0.2;1 356.785 527.82 115.69 41.7 358.7;1 434.36 474.795 94 37.07 0;1 538.865 479.625 99.35 38.99 0;1 655.545 488.89 98.93 44.3 0;1 834.735 537.49 104.71 42.84 0;1 895.29 410.605 90.82 36.47 313.6067;1 1025.605 577.905 37.35 91.81 33.5238;1 1057.06 475.895 93.78 37.27 0;1 1226.74 554.37 34.48 72.3 87.8524;1 1424.98 488.38 102.7 40.78 0;1 1499.69 544.55 98.5 36.5 359.6;1 1676.02 491.43 96.7 38.36 0;1 1808.91 549.68 38 103.5 90.5;1 1897.45 495.465 45.1 42.93 0;3 963.99 847.245 40.62 147.21 1.8;9 1827.84 586.73 40.1 11.5 2
v_b0ge2kn580_0049,1 31.71 471.85 63.16 38.36 0;1 130.435 478.14 91.83 41.04 0;1 282.41 481.87 116.44 38.58 0.2;1 485.49 478.415 94 37.07 0;1 534.395 534.95 115.69 41.7 358.7;1 602.345 482.265 99.35 38.99 0;1 742.78 493.24 98.92 44.3 0;1 953.15 542.28 104.72 42.84 0;1 968.045 147.065 90.83 36.47 276.45;1 977.26 1044.635 32.44 70.67 0;1 1139.715 541.405 37.35 91.81 81.6;1 1289.12 482.49 93.78 37.28 0;1 1430.76 551.66 34.48 72.3 89.3;1 1708.3 494.21 102.7 40.78 0;1 1712.57 549.64 98.5 36.5 359.6;1 1910.35 495.245 19.3 38.35 0;3 966.14 837.15 40.62 147.2 1.8
v_b37rbu0f9s_0000,1 292.72 494.015 95.52 41.87 0;1 415.35 544.41 96.76 39.18 0;1 440.89 490.27 97.5 37.2 359.4;1 549.565 501.405 92.25 37.71 359;1 650.055 489.35 97.77 38.62 0;1 660 541.705 95.24 41.59 0;1 822.33 464.22 83.18 35.16 347.4;1 914.02 908.435 39.54 94.75 0;1 917.705 236.27 40.27 105.32 0;1 958.93 855.085 36.98 91.37 358.38;1 977.8 522.35 37.82 77.26 358.55;1 1048.58 480.835 83.76 39.57 0;1 1150.305 474.65 91.49 37.76 2.1;1 1263.6 477.57 91 38.04 359.9;1 1307.015 548.19 89.53 36.6 0;1 1371.165 494.295 87.67 38.05 358.8;1 1454.06 543.52 84.68 34.36 0;1 1489.77 486.91 42.36 91.14 88.3;1 1566.435 538.39 87.63 36.1 359.4;1 1616.93 487.575 36.56 93.41 89.1;1 1719.23 542.44 113.3 40.74 359.1;1 1753.09 479.485 98.8 39.93 359.8;1 1859.755 546.355 91.47 39.25 0.1;1 1895.39 487.575 44.44 50.99 88.7;4 794.72 541.2 127.1 47.16 0.6;4 971.85 321.67 36.38 93.54 359.1;7 907.89 640.81 44.14 110.88 0
v_b37rbu0f9s_0049,1 311.94 495.375 95.52 41.87 0;1 445.58 492.495 97.04 37.21 359.4;1 547.52 548.12 96.76 39.18 0;1 553.065 502.31 92.25 37.7 359;1 653.515 490.81 99.15 38.62 0;1 661.97 542.425 95.24 41.59 0;1 823.945 465.67 83.17 35.16 346.92;1 909.18 485.29 39.54 89.16 0;1 922.625 890.8 44.65 94.4 0;1 954.32 350.53 35.9 87.18 359.8;1 969.69 28.845 35.9 57.69 356.96;1 1048.35 480.065 83.76 39.57 0;1 1149.73 474.07 91.48 37.76 2.1;1 1265.86 478.875 91 38.03 359.9;1 1370.985 494.105 87.83 38.05 358.8;1 1375.795 548.43 89.53 36.6 0;1 1497.58 541.575 84.68 34.37 0;1 1487.49 487.805 42.36 91.15 88.3;1 1597.555 538.61 87.63 36.1 359.4;1 1630.01 487.915 36.56 93.41 89.1;1 1743.45 540.38 113.3 40.74 359.1;1 1873.325 479.7 93.35 39.94 359.8;1 1896.285 544.875 47.43 39.25 0.1;4 796.295 542.45 127.09 47.16 0.6;4 980.455 1048.355 37.81 63.29 0;7 993.64 918.515 43.34 124.95 359.55;9 1025.585 985.105 10.41 47.35 3.44
v_b8yerp2it3_0000,1 824.73 487.46 118.24 47.3 0
v_b8yerp2it3_0049,1 207.215 511.11 118.25 47.3 0
v_b93g4aq9tb_0000,1 1099.325 495.345 99.85 52.55 0
v_b93g4aq9tb_0049,1 498.89 522.935 99.86 52.55 357.2
v_b9y35x9ivz_0000,1 30.795 507.275 61.59 41.05 0;1 354.25 448.49 117.06 39.3 0;1 482.14 453.3 97.04 40.6 0;1 616.92 445.1 87.3 34.2 0;1 734.11 468.265 78.1 37.53 0;1 796.975 517.135 89.43 36.67 0;1 848.81 469.22 91.5 38.84 0;1 990.86 515.68 37.68 86.58 6.925;1 1097.165 453.925 87.65 38.15 0;1 1198.665 453.445 89.61 37.97 0;1 1310.675 458.39 87.51 37.02 0;1 1440.775 525.055 93.47 36.57 0;1 1508.085 460.395 36.71 87.27 90.1;1 1643.05 509.63 101.4 44.72 0;1 1753.68 460.27 83.12 36.08 0;1 1780.615 539.415 92.99 35.53 0;2 131.87 454.335 83.64 33.29 0;5 910.14 896.72 62.5 256.22 0
v_b9y35x9ivz_0049,1 120.81 446.47 103.9 37.66 0;1 249.44 502.81 98.4 39.56 0;1 377.46 446.35 117.06 39.3 0;1 504.61 452 97.04 38.92 0;1 571.085 511.05 96.67 41.06 0;1 670.34 444.87 87.3 34.2 0;1 778.64 463.715 78.1 37.53 0;1 797.56 516.84 89.42 36.68 0;1 922.55 890.24 42.5 94.8 354.26;1 969.615 765.11 39.25 92.9 0;1 977.755 155.565 37.67 86.59 353.9;1 1100.24 502.985 87.86 37.95 7.1;1 1099.53 452.135 85.38 38.15 0;1 1237.425 451.805 89.61 37.97 0;1 1437.455 456.24 87.51 37.02 0;1 1675.81 499.97 91.24 43.08 0;1 1780.395 539.195 92.99 35.53 0;1 1776.285 448.275 36.71 87.27 90.1;1 1909.515 491.2 20.97 43.2 0;2 229.96 451.825 83.64 33.29 0;4 950.055 1044.99 34.31 70.02 0;5 913.7 557.855 58.62 243.69 359.72
v_bapchxld41_0000,1 238.435 468.18 78.13 32.08 0;1 412.775 463.19 79.25 31.94 0.7;1 427.235 510 85.01 32.86 359.85;1 506.105 311.74 66.43 31.88 0;1 611.105 507.47 84.09 32.06 359.4;1 666.62 120.78 77.5 33.16 1.5;1 709.64 295.17 79.08 33.18 1.84;1 723.555 485.175 86.03 34.69 349.67;1 847.2 506.9 80.62 30.98 3.8714;1 857.675 803.33 71.89 29.36 146.7871;1 860.035 440.64 73.43 30.5 4.4;1 934.57 773.34 87.5 31.72 89.2;1 936.055 594.94 79.19 31.06 71.79;1 1018.34 925.415 34.18 83.39 0;1 1057.33 907.28 34.94 83.2 0;1 1093.675 413.705 80.27 33.01 0.4;1 1228.89 460.735 75.9 30.11 0.8;1 1250.06 243.955 78.34 34.75 0;1 1519.665 500.615 76.67 33.11 0.82;1 1578.355 408.585 66.35 29.57 0;1 1888.45 293.385 63.1 27.79 0;4 159.73 407.05 86.54 32.48 0;4 198.565 512.27 110.79 36.22 0;4 451.755 401.655 85.75 32.35 0;4 822.84 241.015 89.8 39.83 358.08;4 1171.81 298.16 98.72 41.64 358.94;7 13.5 456.39 27 55.04 0;7 66.74 340.26 93.24 37.66 0;7 253.405 297.3 89.55 32.48 1;7 543.625 457.905 189.59 47.47 0;7 786.48 165.505 143.16 44.95 16.96;7 1074.41 231.89 106.74 48.02 6.25;9 94.095 493.725 44.95 15.11 0;9 101.815 527.795 46.89 13.43 0;9 806.865 480.295 36.59 12.55 321.24;9 926.38 1011.86 37.72 13.32 89.8;9 1244.995 536.355 43.53 14.31 1.81
v_bapchxld41_0049,1 6.71 458.41 13.42 32 0;1 79.02 508.38 86.9 34.52 0;1 409.47 461.79 76.1 32.08 0;1 575.88 460.74 77.42 31.94 0.54;1 614.78 116.49 77.5 33.16 2.2;1 634.555 507.38 82.75 32.86 0;1 839.375 803.57 71.89 29.36 160.4;1 857.525 512.79 80.47 32.06 359.8;1 923.405 259.36 78.35 34.74 358.4;1 929.235 974.56 79.19 31.06 90.8;1 932.54 677.66 80.62 30.98 88.3714;1 941.25 317.925 61.44 27.79 357.9;1 990.135 463.41 86.03 34.7 359.9;1 1018.475 925.89 34.17 83.4 0;1 1057.47 907.66 34.94 83.2 0;1 1700.405 503.27 71.95 30.5 0.9;1 1911 405.995 18 33.01 358.9;4 40.3 239.255 80 39.83 359.2;4 401.795 283.25 93.47 41.64 1.6;4 437.5 509.805 104.7 36.23 0;4 679.065 404.2 79.25 32.48 0;4 988.61 404.065 79.58 32.35 0;7 189.61 455.905 180.16 55.03 0;7 678.86 156.205 143.16 44.95 0.8;7 751.815 457.935 181.03 47.47 0;7 911.225 202.795 106.73 48.01 3.14;8 122.425 406.86 61.03 26.7 0;9 269.705 508.355 49.79 14.09 0;9 340.635 526.485 46.89 13.43 0;9 367.06 486.315 41.74 15.11 0;9 1310.475 533.825 36.59 12.55 1.5
v_bd895pzz8v_0000,1 20.35 259.75 40.7 34.3 0;1 124.64 111.065 76.24 35.33 0.5;1 840.285 812.99 71.89 29.36 157.04;1 910.675 860.585 79.95 32.93 91.8;1 940.655 885.405 81.33 32.39 91;1 939.38 751.145 68.02 31.21 87.4;1 1016.495 1026.615 31.45 86.25 0;1 1016.9 912.515 26.8 75.87 0;1 1063.21 1007.435 32.6 83.49 0;1 1062.505 906.85 29.85 87.18 0;1 1544.235 780.675 82.15 33.83 4.2;1 1790.39 290.77 87.36 34.36 0;1 1888 430.445 64 34.83 359.8;1 1892.38 480.28 54.96 37.1 0.5;7 1413.815 471.045 141.39 41.05 0.5;9 968.135 291.84 40.03 17.72 0
v_bd895pzz8v_0049,1 125.12 109.15 76.24 35.34 0.5;1 422.355 291.195 78.79 34.35 0;1 847.195 810.1 71.89 29.36 152.886;1 909.355 859.005 79.95 32.93 91.8;1 939.815 942.725 68.01 31.21 91.82;1 1016.495 1026.615 31.45 86.25 0;1 1016.9 912.515 26.8 75.87 0;1 1063.21 1007.435 32.6 83.49 0;1 1062.505 906.85 29.85 87.18 0;1 1544.235 780.675 82.15 33.83 4.2;1 1629.54 347.855 101.22 34.97 0;1 1859.09 296.635 89.58 35.27 0
v_bfrbbkugox_0000,1 573.22 505.76 27.3 81.76 91.4;1 935.315 413.85 29.85 77.6 22.92;1 991.44 242.44 33.78 74.16 7.12;1 994.47 102.935 32.1 81.63 0;1 1015.89 551.08 35.6 88.46 0;1 1141.295 486.77 86.35 31.1 0;1 1162.18 542.675 86.12 31.33 355.4;1 1347.66 516.47 86.94 30.1 358.4;9 589.5 544.29 11.16 36.16 84.1;9 958.92 596.2 12.4 40.5 1.9
v_bfrbbkugox_0049,1 257.36 500.195 27.3 81.75 91.4;1 432.835 548.87 29.85 77.6 89.9;1 814.53 512.275 33.14 72.27 63.3;1 949.02 559.86 86.12 31.32 355.4;1 1009.605 488.1 86.35 31.1 357.1;1 984.27 324.395 32.1 81.63 3.2;1 995.38 45.55 29.7 86.3 0;1 1006.81 955.8 35.6 88.46 0;1 1103.475 551.48 80.81 30.1 338.1;9 943.98 869.615 12.4 40.49 1.9
v_bgi9ktcgda_0000,1 23.055 137.03 46.11 35.76 358.6;1 52.1 386.71 87.5 33.18 0;1 69.8 483.865 92.4 34.55 0;1 88.345 442.695 83.49 34.05 0;1 193.73 438.56 90.04 35.3 0;1 236.25 394.51 85.4 35.62 0;1 294.815 443.635 104.71 37.79 0;1 302.43 487.155 82.6 34.05 0;1 329.535 395.615 83.99 34.31 0;1 349.28 1020.16 96.66 39.28 0;1 401.17 488.25 82.86 33.7 0;1 429.255 448.22 82.37 35.22 0;1 436.485 390.065 86.45 34.63 0;1 467.855 1027.61 83.11 37.72 0;1 527.565 440.305 82.23 31.39 1.1;1 540.365 390.05 78.55 33.38 359.652;1 551.695 488.45 86.01 35.9 1.9;1 607.1 1030.49 77.74 35.88 4;1 708.325 483 82.81 34.72 0;1 716.135 391.345 84.21 33.17 1.4;1 729.165 438.065 83.61 34.95 0.7;1 909.145 909.935 35.85 89.21 0;1 955.655 279.105 81.43 37.35 0;1 1078.095 141.655 81.49 37.11 0;1 1133.78 280.495 82.2 36.25 0;1 1211.07 132.575 85.8 40.51 0;1 1233.955 232.75 86.91 37.38 0;1 1293.46 273.89 80.92 37.9 0;1 1378.685 278.73 70.23 33.44 0;1 1430.975 321.99 90.73 37.12 0;1 1484.175 264.03 88.45 36.68 0;1 1509.005 220.98 91.53 34.5 359.5333;1 1730.055 277.32 94.33 39.64 2.8;2 844.68 230.35 101.2 42.4 0;2 1686.75 220.175 112.04 42.69 0;4 1271.625 324.05 84.83 37.36 0;4 1552.56 317.2 99.98 39.8 0;5 1855.745 259.42 128.51 57.96 0;7 181.19 491.025 110.98 34.83 0;7 1070.765 320.465 102.23 42.39 0;7 1597.28 263.11 120.52 47.96 0;9 246.735 465.49 43.31 12.1 4.2;9 639.72 423.575 38.42 12.29 2.1;9 1328.54 242.665 39.26 14.87 5
v_bgi9ktcgda_0049,1 49.47 386.58 87.5 33.18 0;1 79.69 483.975 92.4 34.55 0;1 105.305 443.735 83.95 34.05 0;1 210.195 439.415 90.05 35.29 0;1 281.56 395.035 85.4 35.63 0;1 349.945 273.125 81.43 37.35 0;1 403.46 443.385 104.72 37.79 0;1 395.245 395.13 83.99 34.3 0;1 461.51 489.645 82.6 34.05 0;1 557.6 1020.14 93.42 41.04 0;1 613.41 390.335 86.44 34.63 0;1 615.38 278.79 82.2 35.28 0;1 650.955 440.57 81.21 35.22 0;1 656.69 486.54 82.86 33.7 358.48;1 668.415 140.485 81.49 37.11 0;1 684.42 227.415 85.22 37.39 0;1 723.02 1057.39 77.06 37.72 19.19;1 831.08 558.73 83.38 35.9 51.3;1 882.17 441.215 82.22 31.39 0.1;1 906.675 121.405 82.71 40.51 0.6;1 910.105 390.31 78.55 33.38 359.9;1 909.565 895.315 35.85 86.45 0.82;1 909.085 1027.155 32.91 81.17 0;1 1074.355 274.31 80.91 37.9 0;1 1124.635 226.88 84.85 36.22 358;1 1228.95 437.94 83.6 34.94 0.2;1 1272.945 277.26 70.23 33.44 0;1 1317.885 389.965 84.21 33.17 359.8;1 1390.94 479.145 79.1 34.71 0;1 1402.975 268.28 85.71 37.76 0;1 1427.69 322.09 90.74 37.12 0;1 1700.49 275.83 94.34 39.64 2.8;2 19.08 231.32 38.16 42.4 0;2 1452.56 220.075 107.5 42.55 0;4 964.055 290.36 82.85 36.22 6;4 1548.36 317.27 99.98 39.8 0;5 1851.5 259.42 137 57.96 0;7 225.185 491 110.49 34.34 0;7 513.95 314.715 95.76 42.39 0;7 1547.055 261.11 120.53 47.96 0;9 19.485 459.91 34.31 11.76 0;9 355.315 473.4 43.31 12.1 2.94;9 813.265 255.27 39.15 14.22 2.7;9 1116.33 458.97 38.42 12.28 5
v_bgyqee9f8k_0000,1 560.635 496.795 101.73 41.99 0;1 611.455 547.79 94.45 36.24 0.8;1 678.765 490.84 101.41 41.06 0;1 804.475 543.625 92.07 37.35 1.7;1 915.36 1006.47 38.78 85.92 0;1 923.295 535.63 40.81 92.82 0;1 931.085 778.24 39.43 97.9 0;1 978.045 1047.365 36.71 65.27 0;1 984.31 645.725 42.04 95.93 358.8;1 1037.51 538.915 36.54 83.75 31.68;1 1143.3 537.935 88.52 35.39 359.7;1 1137.33 491.825 36.84 87.81 81.6;1 1236.485 490.385 84.63 37.65 2;1 1258.23 560.57 87.82 37.8 0.9;1 1353.64 495.885 91.08 38.09 357.9;1 1362.755 445.03 95.15 41.46 358.1;1 1366.88 543.465 40.26 87.67 90.9;1 1456.745 492.6 91.67 38.98 358.5;1 1563.25 483.915 103.8 42.33 359.8;1 1618.955 528.655 89.95 37.17 356.3;1 1721.875 489.63 90.19 40 0;1 1827.325 487.8 91.59 37.2 359.5;1 1914.265 551.09 11.47 96.1 86.9;4 1498.175 542.48 97.95 36.12 359;7 820.775 490.94 106.47 39.4 0;9 1021.425 697.535 13.89 43.59 0
v_bgyqee9f8k_0049,1 137.97 484.715 108.2 42.15 0;1 400.385 484.57 99.85 38.86 0;1 582.865 495.185 97.71 40.51 0;1 682.035 490.59 97.61 40.08 0;1 704.04 548.26 91.5 36.24 0.8;1 806.255 543.755 92.07 37.35 1.7;1 913.505 112.885 37.25 94.69 359.3;1 918.765 682.96 38.77 85.92 0;1 919.515 903.94 34.77 89.26 0;1 979.81 725.2 36.7 92.16 0;1 985.35 62.715 40.6 95.21 359.7;1 989.795 913.1 38.53 92 0;1 1045.52 529.565 36.54 82.97 34.2;1 1143.225 538.085 88.51 35.39 359.7;1 1140.35 490.82 36.84 87.82 81.6;1 1237.27 489.535 84.64 37.65 2;1 1259.675 560.55 87.81 37.8 0.9;1 1355.835 496.145 91.07 38.09 357.9;1 1364.365 444.86 95.15 41.46 358.1;1 1369.235 543.28 40.25 87.68 90.9;1 1459.55 492.16 91.68 38.98 358.5;1 1564.9 482.905 103.8 42.33 359.8;1 1622.27 527.995 89.96 37.17 356.3;1 1724.115 489.32 90.19 40 0;1 1830.73 487.74 91.6 37.2 359.5;4 1501.085 542.61 97.95 36.12 359;7 820.105 490.79 106.47 39.4 0;9 1011.065 267.515 13.89 43.59 0.1
v_bh2crsapvm_0000,9 990.275 934.83 23.65 56.5 0
v_bh2crsapvm_0049,9 937.715 612.935 23.65 56.49 343.3
v_bkrnhozz15_0000,8 1484.405 501.34 58.77 26.18 0;9 1396.28 530.135 12.26 37.05 89.8
v_bkrnhozz15_0049,1 513.635 461.635 88.73 36.53 0
v_bloltk7cdy_0000,1 121.26 446.485 103.9 37.67 0;1 258.98 502.96 97.92 39.1 0;1 377.84 446.29 117.06 39.3 0;1 506.605 451.84 97.03 38.92 0;1 575.89 511.005 96.28 40.75 0;1 670.62 444.84 87.3 34.2 0;1 779.19 463.715 78.1 37.53 0;1 797.68 516.84 89.42 36.68 0;1 921.7 883.24 42.5 94.8 354.73;1 969.59 758.05 39.24 92.74 0;1 977.09 149.23 37.68 86.58 353.5;1 1100.14 452.075 85.38 38.15 0;1 1111 503.595 87.86 37.95 6.39;1 1242.175 451.805 89.61 37.97 0;1 1444.085 456.13 87.51 37.02 0;1 1685.105 499.33 91.07 42.64 0;1 1780.395 539.175 92.99 35.53 0;1 1783.95 447.995 36.7 87.27 90.1;1 1913.575 491.13 12.85 43.2 0;2 230.005 451.845 83.65 33.29 0;4 950.135 1040.46 34.47 79.08 0;5 913.56 550.085 58.14 242.75 359.56
v_bloltk7cdy_0049,1 25.605 446.765 51.21 38.87 0;1 127.33 447.33 103.9 37.66 0;1 424.61 443.89 117.06 39.5 0;1 562.7 504.975 93.6 35.07 0;1 565.545 449.64 96.33 38.92 0;1 685.3 444.93 87.3 34.2 0;1 690.24 510.275 92.78 37.97 0;1 794.36 463.265 78.1 37.53 0;1 812.105 517.295 89.43 36.67 0;1 916.79 411.41 42.5 89.26 0.9;1 955.065 182.21 39.25 92.58 0;1 977.28 878.205 38.32 92.13 0;1 1347.45 451.735 89.14 38.15 0;1 1562.385 451.135 89.75 37.97 0;1 1655.54 497.315 93.54 38.13 0;1 1780.395 538.38 92.99 35.54 0;1 1784.715 453.63 91.35 37.02 0;2 232.08 452.535 83.64 33.29 0;4 968.45 675.815 34.8 96.35 4.96;5 900.625 41.595 57.65 83.19 358.2
v_bn0q4d649g_0000,1 119.535 374.72 77.45 32.6 0;1 192.43 469.3 84.6 31.44 0;1 343.86 464.24 79.5 28.4 0;1 340.19 257.31 29.62 77.4 270;1 435.14 362.77 85.94 35.18 0;1 498.135 465.655 81.21 33.61 0;1 567.975 415.07 76.39 27.8 0;1 673.1 367.075 75.82 28.03 0;1 675.935 409.97 65.85 26.18 0;1 801.795 286.115 74.13 28.07 0;1 923.55 1045.495 28.46 68.99 0;1 1068.33 295.555 74.14 28.07 0;1 1140.12 245.03 79.92 34.7 0;1 1175.74 294.46 82.66 30.32 0;1 1174.905 204.96 71.35 31.92 0;1 1246.23 246.13 83.04 31.38 0;1 1281.605 194.77 76.63 28.5 0;1 1330.145 294.735 78.99 29.19 0;1 1354.95 239.5 79.76 31.04 0;1 1457.185 241.09 79.35 32.9 0;1 1524.03 293.105 89.76 36.25 0;1 1655.8 238.425 80.82 31.67 0;1 1670.805 188.905 82.61 36.65 0;1 1701.26 280.915 86.54 35.05 0;1 1798.305 279.285 88.53 32.55 0;2 648.065 469.745 120.47 30.43 1.8;2 951.915 201.23 94.11 36.64 0;2 1561.46 194.17 100.7 36.64 0;2 1886.25 183.62 67.5 39.4 0;2 1886.68 282.48 66.64 41.04 0;7 444.37 413.175 110.4 32.75 0;7 722.94 130.79 31.4 100.56 298.0429;7 1423.515 187.765 119.95 39.97 0;9 337.925 391.65 43.45 9.2 0;9 641.93 431.91 36.8 11.2 40.1857;9 694.68 441.81 34.8 10 0;9 1522.565 169.385 42.83 12.37 353.7;9 1746.285 178.085 42.83 12.37 355.6
v_bn0q4d649g_0049,1 58.855 298.585 74.13 28.07 0;1 136.04 373.53 80.9 30.7 0;1 230.615 422.595 83.05 31.03 0;1 242.9 469.945 84.6 31.45 0;1 348.83 466.23 79.5 28.4 0;1 443.855 364.14 77.45 32.6 0;1 500.67 468.525 81.22 33.61 0;1 574.125 416.13 76.39 27.8 0;1 581.79 364.515 85.94 35.17 0;1 673.17 367.925 75.82 28.03 0;1 676.13 410.12 65.86 26.18 0;1 830 169.305 71.34 31.93 13.8;1 876.78 298.025 74.14 28.07 0;1 933.285 203.57 76.63 28.5 0;1 915.295 862.045 28.47 75.49 0;1 1016.23 280.45 82.66 30.32 5;1 1132.89 247.41 79.92 34.7 0;1 1172.42 300.325 79 29.19 0;1 1231.625 248.06 83.03 31.38 0;1 1336.81 241.44 79.76 31.04 0;1 1350.8 295.15 89.76 36.24 0;1 1429.995 242.43 79.35 32.9 0;1 1512.05 286.14 86.54 35.04 0;1 1550.885 240.435 80.81 31.67 0;1 1626.105 284.095 88.53 32.55 0;1 1623.21 189.79 82.62 36.64 0;2 181.86 221.96 94.1 36.64 0;2 723.055 476.855 120.47 30.43 3.4;2 1484.84 198.5 100.7 36.64 0;2 1858.615 282.48 122.77 41.04 0;2 1858.51 184.88 100.4 39.4 0;7 129.13 111.715 31.4 100.55 268.7;7 455.55 413.7 110.4 32.74 0;7 1098.865 100.065 170.57 46.45 356.8;7 1145.98 190.19 119.94 39.96 0;7 1902.85 228.75 34.3 40.38 0;9 214.65 446.46 40.46 11.3 0;9 455.155 444.35 42.31 11.9 0;9 582.375 390.96 43.45 9.2 2.8;9 688.795 441.01 36.81 11.2 1.9444;9 736.57 440.95 34.8 10 0;9 1289.185 177.095 42.83 12.37 353.7;9 1723.825 177.02 42.83 12.36 355.6
v_bqgta1qpew_0000,1 539.14 489.03 75.32 33.82 0;1 550.335 1018.325 85.53 37.79 1.89;1 914.535 926.22 38.17 86.5 0;1 925.525 1035.13 32.35 77.3 0;1 966.08 984.595 33.82 76.87 0;1 967.185 881.62 35.25 85.9 0;1 1083.315 274.045 82.49 36.67 0;1 1265.59 448.69 76.06 30.52 359.9;1 1858.05 421.6 86.24 34.66 359.9;2 678.53 442.26 99.1 33.3 1.17;2 864.09 497.04 98.14 37.92 0.3;4 297.345 480.77 85.39 33.78 0;7 983.46 437.185 142.8 46.25 0;7 1592.115 421.455 117.77 47.93 358.9;7 1675.915 478.03 156.77 45.76 359
v_bqgta1qpew_0049,1 175.45 282.385 78.18 36.67 0;1 837.07 568.3 69.58 32.56 55.08;1 914.635 926.65 38.17 86.5 0;1 924.725 1035.54 32.35 77.3 0;1 964.9 985.185 33.82 76.87 0;1 967.385 882.09 35.25 85.9 0;2 1335.58 456.515 95.66 32.79 0.4;2 1681.28 482.475 103.5 38.41 358.6;4 330.64 486.06 91.34 32.44 0;4 506.99 393.015 79.72 30.63 0;4 654.17 484.32 77.96 33.78 0.48;7 1690.35 428.575 162.5 46.43 359.1
v_bri1mjtu84_0000,1 7.655 410.955 15.31 34.35 0;1 163.085 418.78 79.47 32.78 0;1 314.73 465.23 78.7 33.56 0;1 447.12 414.985 87.3 32.71 0;1 473.92 513.765 86.04 32.93 0;1 576.82 463.395 81.98 34.59 0;1 577.08 413.845 81.98 31.79 0;1 686.46 474.945 87.8 33.83 0;1 700.6 421.08 79.16 32.68 0;1 735.38 519.9 94.4 31.8 0.36;1 838.61 813.69 71.88 29.36 161.2;1 930.025 751.185 81.61 30.71 89.6;1 930.17 1069.325 12.62 21.35 90.1;1 1008.3 924.08 32.08 71.8 0;1 1008.955 1049.75 31.93 60.5 0;1 1011.825 791.455 34.17 83.39 356.61;1 1052.955 721.43 34.95 83.2 356.34;1 1349.725 296.67 75.97 34.3 0;1 1524.96 244.6 84.96 35.34 359.86;2 1222.33 297.055 87.76 38.71 0;4 1061.64 922.32 31.94 75.76 358.6;4 1520.715 161.2 95.75 39.06 0;4 1544.66 294.905 106.36 39.29 0;9 233.125 485.23 50.27 11.58 0;9 453.47 448.55 44.12 15.9 0;9 1192 231.265 38.92 18.03 0
v_bri1mjtu84_0049,1 46.93 411.335 83.6 33.43 0;1 207.08 412.575 89.46 34.35 0;1 210.205 467.59 79.43 30.1 0;1 263.225 511.62 82.43 33.16 0;1 338.03 418.21 79.46 32.78 0;1 461.96 414.91 87.3 32.7 0;1 483.01 464.86 78.7 33.56 0;1 576.92 463.565 81.98 34.59 0;1 577.165 414.06 81.99 31.8 0;1 686.46 474.12 87.8 33.82 0;1 685.855 515.15 79.95 32.94 0;1 700.78 421.18 79.16 32.68 0;1 838.54 813.81 71.88 29.36 161.2;1 937.095 710.565 91.09 31.79 91.18;1 967.035 268.08 34.95 83.2 333.56;1 971.37 475.18 34.18 83.4 347.62;1 1003.53 619.77 32.08 71.8 357.48;1 1007.735 729.08 31.93 81.04 359.4;1 1012.705 907.765 33.15 85.57 1.44;1 1056.35 781.1 30.06 80.1 0.48;1 1064.695 1004.24 32.15 84.36 0;1 1324.485 247.03 83.31 35.34 359.3;1 1349.675 296.43 75.97 34.3 0;1 1631.855 246.995 91.49 34.35 0;1 1718.785 289.815 89.53 35.59 0;1 1886.53 293.79 66.94 36.9 0;2 1222.31 296.495 87.76 38.71 0;2 1885.495 245.535 69.01 36.11 0;4 1034.41 500.94 31.94 75.76 354.32;4 1246.26 165.055 88.6 39.07 0;4 1485.67 295.125 101.34 39.29 0;7 1697.95 337.845 133.7 34.97 0;9 604.28 492.105 50.26 11.59 356;9 711.72 447.68 44.12 15.9 0;9 1190.565 231.555 39.45 17.41 0
v_bst0ifl4rr_0000,1 375.24 524.945 38.34 88.21 88.4;1 963.57 48.035 40.46 93.87 0;1 968.61 609.79 36.04 87.32 1.1;1 1003.03 372.78 37.72 81 0;1 1014.555 575.29 37.91 86.14 357.1;1 1014.73 192.87 37.34 88.2 0;1 1016.005 57.845 33.37 77.39 0;1 1322.835 486.83 89.59 38.74 3.2;1 1366.94 534.52 96.94 38.22 0;1 1682.18 480.3 94.8 37.5 0;4 1249.575 527.85 88.47 34.42 3.3
v_bst0ifl4rr_0049,1 963.57 47.79 40.46 93.38 0;1 965.875 823.235 36.05 87.33 1.1;1 997.31 637.12 37.72 81 0;1 1011.09 137.025 35.7 76.11 0;1 1011.91 45.5 35.7 91 0;1 1013 234.49 37.34 88.2 0;1 1022.41 884.5 37.9 87.28 358.8;1 1144.615 489.19 89.59 38.74 0.3;1 1274.14 534.93 96.94 38.22 0;1 1683.67 480.53 94.8 37.5 0;4 1043.63 530.955 88.48 34.41 359.6
v_bvci6cy9sf_0000,1 940.96 399.18 96.92 41.4 325.52;1 970.415 750.04 42.39 91.1 0;1 1104.265 522.64 89.61 39.56 0;1 1709.415 517.835 89.33 39.13 0;8 554.94 463.62 62.34 27.36 0
v_bvci6cy9sf_0049,1 969.92 457.37 42.38 91.1 0;1 1820.8 529.845 89.62 39.57 0;8 1653.42 467.345 57.76 27.37 0
v_bw452p90sg_0000,1 50.45 452.24 100.9 38.78 0;1 457.77 454.36 106.7 40.3 0;1 749.305 513.28 98.15 37.1 0;1 768 453.195 97.64 40.77 0;1 909.825 325.355 90.13 36.49 294.46;1 941.79 121.4 42.62 92 0;1 1462.255 451.585 93.37 37.67 0;1 1783.22 538.795 93 35.53 0;2 1836.97 453.62 71.92 31.16 0
v_bw452p90sg_0049,1 290.775 475.96 102.51 39.08 0;1 659.88 455.625 94.3 38.79 0;1 905.445 460.795 100.57 38.53 0;1 1249.585 507.665 94.19 38.77 0;1 1463.41 457.495 97.64 40.77 0;1 1784.15 539.485 93 35.53 0
v_bzgxoanxvr_0000,8 1708.03 491.635 66.12 22.55 0;9 192.415 462.97 51.65 16.6 18.58
v_bzgxoanxvr_0049,8 1591.03 495.22 66.12 22.56 0
v_c3fcac99gs_0000,1 49.78 386.57 87.5 33.18 0;1 69.9 483.415 92.4 34.55 0;1 122.51 436.6 91.3 34.54 0;1 164.45 1029.795 86.66 37.27 0;1 234.37 394.615 85.4 35.63 0;1 291.645 443.605 104.71 37.79 0;1 299.44 486.575 82.6 34.05 0;1 328.855 394.755 83.99 34.31 0;1 399.59 488.19 82.86 33.7 0;1 429.175 446.685 82.37 35.23 0;1 436.72 388.965 86.44 34.63 0;1 505.575 487.03 86.01 35.9 1.9;1 521.015 440.255 86.05 35.11 1.1;1 533.955 390.36 78.55 33.38 1.2;1 536.63 1028.255 77.74 35.87 0;1 619.43 485.095 82.8 34.71 359;1 637.96 387.925 84.2 33.17 1.4;1 645.74 436.49 83.6 34.94 0.7;1 1053.195 228.355 89.31 39.45 0;1 1079.495 276.315 81.43 37.35 0;1 1090.89 83.11 93.78 42.32 359.3;1 1134.55 140.925 81.48 37.11 0;1 1189.38 278.925 82.2 36.89 0;1 1297.605 272.89 80.91 37.9 0;1 1308 131.615 85.8 40.51 0;1 1380.665 278.145 70.23 33.45 0;1 1430.975 321.685 90.73 37.11 0;1 1461.93 222.085 92.7 35.77 0;1 1487.155 263.41 88.45 36.68 0;1 1580.105 218.12 91.53 34.5 0;1 1731.185 276.49 94.33 39.64 2.8;2 36.4 241.11 72.8 37.2 359.5;2 1311.12 222.97 109.76 42.4 0;2 1692.65 219.91 112.04 42.7 0;4 1274.38 322.445 84.82 37.35 0;4 1560.825 316.86 99.97 39.8 0;5 1864.415 259.42 111.17 57.96 0;7 177.35 490.43 110.98 34.84 0;7 1105.685 318.795 102.23 42.39 0;7 1600.87 261.88 120.52 47.96 0;9 224.685 463.76 43.31 12.1 4.2;9 224.325 206.04 36.29 12.3 0;9 586.04 418.855 38.42 12.29 2.1;9 1732.14 309.86 44.42 14.88 0
v_c3fcac99gs_0049,1 54.12 387.73 87.5 33.18 0;1 61.195 442.855 83.49 34.05 0;1 71.87 483.005 92.4 34.55 0;1 184.835 1018.21 96.65 37.96 0;1 194.115 438.11 90.05 35.3 0;1 238.225 394.96 85.41 35.62 0;1 294.545 443.425 104.71 37.79 0;1 302.13 486.635 82.6 34.05 0;1 331.135 394.755 83.99 34.31 0;1 401.81 487.47 82.86 33.7 0;1 430.825 446.995 82.37 35.23 0;1 433.815 1026.745 83.11 37.73 0;1 437.8 389.025 86.44 34.63 0;1 510.225 486.65 86.01 35.9 1.9;1 522.91 439.5 82.98 32.12 1.1;1 534.545 390.46 78.55 33.38 1.2;1 539.05 1026.145 77.74 35.87 0;1 602.055 106.73 93.77 42.32 357.5;1 620.585 484.965 82.81 34.71 359;1 638.685 388.255 84.21 33.17 1.4;1 646.685 436.49 83.61 34.94 0.7;1 819.26 181.485 84.04 35.77 16.7;1 1078.825 276.285 81.43 37.35 0;1 1123.75 141.405 81.48 37.11 0;1 1190.365 279.745 82.21 36.89 0;1 1235.78 133.055 85.8 40.51 0;1 1296.16 273.38 80.92 37.9 0;1 1379.695 278.295 70.23 33.45 0;1 1430.975 321.835 90.73 37.11 0;1 1449.485 221.955 92.25 35.71 0;1 1485.715 263.78 88.45 36.68 0;1 1578.01 218.89 91.54 34.5 0;1 1730.41 276.88 94.34 39.64 2.8;2 1252 225.115 109.76 42.39 0;2 1691.155 220.46 112.03 42.7 0;4 1273.03 323.23 84.82 37.36 0;4 1556.935 317.13 99.97 39.8 0;5 1860.165 259.42 119.67 57.96 0;7 181.19 490.615 110.98 34.83 0;7 1105.805 320.005 102.23 42.39 0;7 1599.8 262.54 120.52 47.96 0;9 246.435 464.91 43.31 12.1 4.2;9 587.11 418.67 38.42 12.28 2.1;9 1477.29 290.765 44.42 14.87 359.9
v_c4o4wdri32_0000,1 986.88 118.28 104.6 32.2 263.4;1 975.75 839.65 40.5 101.1 0;1 1002.75 704.355 32.9 89.97 10.025;3 888.04 523.76 184.88 60.24 0;7 8.425 506.535 16.85 32.51 0;8 848.225 445.75 66.43 31.5 351.113;9 1617.81 523.53 52.24 17.7 0;9 1695.66 487.86 54.5 18.2 0
v_c4o4wdri32_0049,1 227.155 498.14 98.87 39.1 0;1 972.035 669.92 40.49 101.1 0;1 1095.25 589.17 32.9 89.98 57.6;3 1326.17 527.92 184.88 60.24 1.8;7 1036 461.3 129.6 35.34 359.6;8 449.79 487.615 63.7 22.35 0;8 1020.815 156.33 66.43 31.5 267.9
v_c5xmx76gpy_0000,1 54.08 387.72 87.5 33.18 0;1 63.075 442.805 83.49 34.05 0;1 71.83 483.02 92.4 34.54 0;1 191.9 1018.405 96.66 37.97 0;1 194.105 438.1 90.05 35.3 0;1 238.3 394.945 85.4 35.63 0;1 294.525 443.425 104.71 37.79 0;1 302.14 486.645 82.6 34.05 0;1 331.175 394.755 83.99 34.31 0;1 401.79 487.48 82.86 33.7 0;1 430.795 447.02 82.37 35.22 0;1 434.895 1026.745 83.11 37.73 0;1 437.82 389.025 86.44 34.63 0;1 510.265 486.665 86.01 35.89 1.9;1 522.9 439.49 82.92 32.06 1.1;1 534.555 390.46 78.55 33.38 1.2;1 539 1026.14 77.74 35.88 0;1 584.575 107.36 93.77 42.32 357.5;1 620.61 484.965 82.8 34.71 359;1 638.695 388.26 84.21 33.16 1.4;1 646.7 436.49 83.6 34.94 0.7;1 808.825 178.445 84.03 35.77 16.7;1 1078.775 276.255 81.43 37.35 0;1 1123.48 141.455 81.48 37.11 0;1 1190.495 279.765 82.21 36.89 0;1 1235.25 132.915 85.8 40.51 0;1 1296.13 273.39 80.92 37.9 0;1 1379.675 278.3 70.23 33.44 0;1 1430.975 321.84 90.73 37.12 0;1 1447.14 222.15 91.8 35.64 0;1 1485.705 263.785 88.45 36.67 0;1 1577.985 218.92 91.53 34.5 0;1 1730.4 276.885 94.34 39.65 2.8;2 1248.175 225.245 109.75 42.39 0;2 1691.125 220.47 112.03 42.7 0;4 1273 323.25 84.82 37.36 0;4 1556.845 317.13 99.97 39.8 0;5 1860.08 259.42 119.84 57.96 0;7 181.19 490.625 110.98 34.83 0;7 1105.725 320.055 102.23 42.39 0;7 1599.78 262.55 120.52 47.96 0;9 246.445 464.92 43.31 12.1 4.2;9 587.12 418.665 38.42 12.29 2.1;9 1474.12 290.95 44.42 14.88 359.9
v_c5xmx76gpy_0049,1 33.96 136.765 67.92 35.77 358.6;1 52.13 386.715 87.5 33.17 0;1 69.84 483.845 92.4 34.55 0;1 88.345 442.665 83.49 34.05 0;1 193.735 438.535 90.05 35.29 0;1 236.275 394.495 85.41 35.63 0;1 294.835 443.615 104.71 37.79 0;1 302.42 487.145 82.6 34.05 0;1 329.62 395.585 83.98 34.31 0;1 348.32 1020.19 96.66 39.28 0;1 401.19 488.24 82.86 33.7 0;1 429.285 448.2 82.37 35.22 0;1 436.54 390.03 86.44 34.62 0;1 464.355 1027.51 83.11 37.72 0;1 526.35 440.425 82.22 31.39 1.1;1 538.925 389.92 78.55 33.38 359.688;1 547.015 488.355 86.01 35.89 1.9;1 601.69 1029.905 77.74 35.87 4;1 699.65 483 82.8 34.72 0;1 710.775 391.195 84.21 33.17 1.4;1 721.92 437.78 83.6 34.94 0.7;1 909.045 911.66 35.85 89.56 0;1 963.465 278.995 81.43 37.35 0;1 1082.475 141.475 81.49 37.11 0;1 1140.08 280.25 82.2 36.4 0;1 1213.71 132.575 85.8 40.51 0;1 1242.205 232.47 86.91 37.38 0;1 1293.635 273.88 80.91 37.9 0;1 1378.705 278.69 70.23 33.44 0;1 1430.975 321.99 90.73 37.12 0;1 1484.315 264.025 88.45 36.67 0;1 1513.99 220.76 91.54 34.5 359.4667;1 1730.065 277.31 94.33 39.64 2.8;2 858.47 230.13 101.2 42.4 0;2 1687.95 219.995 112.04 42.69 0;4 1271.655 324.035 84.83 37.35 0;4 1552.645 317.2 99.97 39.8 0;5 1855.835 259.42 128.33 57.96 0;7 181.19 491.02 110.98 34.84 0;7 1076.155 320.415 102.23 42.39 0;7 1597.48 263.11 120.52 47.96 0;9 246.735 465.45 43.31 12.1 4.2;9 634.105 423.025 38.41 12.29 2.1;9 1334.89 242.885 39.26 14.87 6
v_c7gtxc0fr8_0000,1 183.16 483.925 116.9 40.79 0;1 678.28 479.055 101.44 44.97 0;1 848.675 550.755 101.17 42.33 1.84;1 892.645 376.165 89.67 36.37 298.7286;1 918.985 1022.19 39.81 91.38 0;1 919.625 841.86 36.29 86.8 0;1 957.25 16.265 36.5 32.53 358.2;1 986.41 771.88 39.36 111.5 358.5;1 992.215 1043.6 36.87 72.8 0;1 1001.615 532.475 37.67 89.69 2.05;1 1616.07 523.385 89.96 37.17 357.1;1 1720.605 482.675 90.19 40.01 0;1 1828.615 479.98 94.45 37.2 359.5;1 1859.66 551.07 39.08 96.1 86.9;1 1906.345 485.61 27.31 38.92 358.8;2 959.135 218.465 93.51 38.51 273.72;4 1485.195 537.645 97.95 36.13 358.4;7 470.59 488.885 127.58 44.85 0.4;7 967.92 391.06 120.62 44.82 295.5
v_c7gtxc0fr8_0049,1 229.075 487.755 104.27 40.99 0;1 492.065 484.785 112.83 40.79 0;1 806.945 480.385 100.27 44.19 0;1 909.375 1037.275 38.15 85.45 0;1 916.12 504.335 37.42 82.85 0.14;1 923.77 738.235 39.82 91.37 0;1 930.43 895.33 38.88 94 0;1 983.105 451.39 39.37 107.92 358.96;1 985.75 169.4 37.66 89.7 357.3;1 987.435 1020.205 39.49 97.51 0;1 992.68 820.91 36.86 82.58 0;1 1362.065 493 101.17 42.34 350.2;1 1621.11 523.63 89.96 37.18 357.1;1 1728.525 484.19 90.19 40 0;1 1836.755 481.12 94.45 37.2 359.5;1 1859.66 551.595 39.08 96.11 86.9;4 1483.375 538.63 97.95 36.12 358.4;7 661.32 493.41 121.76 44.86 359.4;7 970.45 18.2 27.62 36.4 268.5;9 1022.43 1005.985 14.66 41.97 0
v_c7xy4ahz0j_0000,1 949.695 846.795 84.11 34.69 275.6;1 934.095 761.67 33.69 81.72 0;1 945.815 89.22 37.45 89.98 0;1 951.255 993.07 40.57 96.74 0;1 998.705 629.61 86.11 36.12 316.3;1 1002.325 952.485 35.05 86.77 0.9;1 1059.155 564.375 86.39 34.59 358.6;1 1076.505 498.475 88.07 35.19 357.6375;4 981.085 760.76 82.39 38.2 277.6607
v_c7xy4ahz0j_0049,1 944.755 937.055 84.11 34.69 271.9;1 946.585 606.52 79.83 32.46 319.98;1 957.745 543.61 82.67 35.18 322.12;1 934.465 793.33 33.69 81.72 0;1 936.605 332.12 37.45 89.98 0;1 948.505 1065.49 40.57 29.02 0;1 994.505 639.335 83.37 34.83 308.5316;1 1001.72 989.945 35.04 86.77 0.9;1 1675.58 512.805 91.14 35.25 0;4 985.86 827.615 82.4 38.19 270.1
v_ca7b18u789_0000,1 71.39 62.645 76.9 34.75 0;1 277.24 1006.685 81.2 34.01 0;1 384.41 471.275 83.46 31.47 0;1 850.755 618.395 72.81 33.63 87.95;1 913.08 860.27 31.42 79.1 0;1 965.53 805.315 33.74 78.65 0;1 1253.45 427.58 79.08 32.84 0;1 1360.67 369.705 80.64 35.53 0;2 402.83 431.405 103.84 35.31 357.4;2 527.145 471.915 98.79 32.83 0;2 658.76 440.5 111.66 38.12 11.4;2 1054.005 206.845 95.67 38.27 0;7 528.22 419.585 119.04 40.79 0;9 796.405 364.06 39.93 10.6 0
v_ca7b18u789_0049,1 20.62 419.82 41.24 31.46 0;1 73.11 64.765 76.9 34.75 0;1 138.76 1011.885 88.06 39.07 0;1 408.75 471.21 83.28 31.4 0;1 752.12 1069.735 65.6 20.53 33.9;1 839.38 1064.4 28.32 31.2 90.2;1 913.22 861.32 31.42 79.1 0;1 965.6 806.295 33.74 78.65 0;2 529.515 473.39 98.79 32.84 0;2 530.02 428.795 99.62 35.31 359.74;2 910.86 473.08 110 38.12 1.42;2 1053.025 207.595 95.43 38.51 358.6;4 133.81 377.875 100.02 36.71 0;7 240.9 419.975 140.66 46.55 0;7 697.92 419.53 114.8 40.4 0;9 150.665 466.775 43.09 11.13 0;9 1627.03 356.17 37.84 9.54 0
v_cav4yuf2nt_0000,1 97.835 492.62 89.97 39.34 0;1 725.605 526.345 89.55 36.21 0;1 853.815 558.725 90.71 34.97 351.93;1 937.58 796.815 86.04 36.09 270.8;1 911.98 438.085 34.76 79.95 20.26;1 944.995 1006.035 82.23 34.97 269.2;1 942.155 899.315 33.99 89.65 0;1 991.955 950.08 86.43 38.9 270.4;1 1000.425 728.31 89.77 39.28 275;1 990.72 843.975 34.22 87.51 0;1 1200.525 547.885 90.51 35.35 355.6;1 1326.125 507.605 89.23 39.99 4.6;1 1720.285 565.74 98.15 37.56 356.1;1 1797.89 519.415 95.52 38.03 0;7 994.525 611.615 42.17 103.15 355.3;9 898.295 272.4 13.89 39.38 0
v_cav4yuf2nt_0049,1 17.6 533.975 35.2 36.21 0;1 98.43 491.96 89.98 39.34 0;1 364.3 551.7 34.76 83.18 89.1;1 938.51 797.985 86.04 36.09 270.8;1 946.715 1031.785 82.23 34.97 269.2;1 939.09 190.33 37.3 88.68 0;1 943.5 901.485 33.98 89.65 0;1 993.245 953.415 86.43 38.91 270.4;1 1001.01 729.87 89.76 39.28 275;1 991.81 847.415 34.22 87.51 0;1 997.99 213.845 37.7 88.55 0;1 1065.895 577.84 87.13 35.36 335.2;1 1124.105 506.625 89.23 39.99 359.6;1 1501.33 540.2 93.74 38.04 358.1;1 1726.815 566.02 98.15 37.56 356.7;1 1788.565 509.44 88.77 34.76 0;7 996.125 612.41 42.17 103.16 355.3;9 899.295 308.76 13.89 39.38 0;9 915.465 273.76 13.07 39.9 355
v_cb4gcwzz7q_0000,1 514.645 535.41 87.99 36.84 0;1 962.32 47.22 40.46 94.44 0;1 969.2 224.345 34.7 88.21 8.96;1 1004.73 545.13 39.18 93.1 1.9;1 1011.895 139.68 36.95 92.64 356.68;1 1026.46 24.21 36.02 48.42 0;1 1084.115 476.705 86.07 34.99 358.4;7 1016.8 704.285 39.14 92.47 0
v_cb4gcwzz7q_0049,1 638.38 502.425 86.06 34.99 358.4;1 961.79 47.175 40.46 94.35 0;1 961.66 382.855 34.7 88.21 1.9947;1 1010.495 32.86 38.59 65.72 0;1 1019.275 320.23 36.95 92.64 1.4263;1 1024.925 180.5 36.03 93.5 0;7 1018.515 1046.995 39.15 66.01 0
v_cbg48cgm1n_0000,1 282.035 550.445 85.51 30.47 0.5;1 665.26 512.205 30.5 84.23 83.5;1 979.675 1008.075 78.31 31.55 269.1;1 976.92 309.04 29.54 71.24 10.3615;1 1006.11 83.17 31.3 79.7 1.6;1 1031.26 204.885 31 81.91 356.2769;1 1563.24 500.11 80.66 29.32 0;7 1004.5 493.355 178.08 52.23 0
v_cbg48cgm1n_0049,1 133.44 544.865 30.5 84.23 87.7;1 839.87 480.54 27.56 67.14 66.725;1 980.87 299.42 31.3 79.7 5.2;1 1000.14 101.165 32.4 87.33 0;1 1005.93 578.385 31 81.91 5.3;1 1256.44 503.385 77.12 29.31 358.7;1 1551.99 516.315 78.1 31.59 0;1 1827.2 485.32 91.82 27.54 358.2;7 500.03 509.285 178.08 52.23 358.8
v_cbrd8irjjf_0000,1 637.66 1061.93 73.62 36.14 5;1 909.205 886.51 35.85 86.44 0.0651;1 909.645 999.98 32.91 81.16 0;1 953.865 987.325 30.39 82.41 0;1 964.395 872.95 33.57 75.38 0
v_cbrd8irjjf_0049,1 707.395 1062.79 73.63 34.42 3.92;1 909.51 885.755 35.84 86.45 0.8628;1 909.705 999.98 32.91 81.16 0;1 954.105 988.315 30.39 82.41 0;1 964.575 872.665 33.57 75.39 0;9 1691.05 221.42 44.7 14.8 0
v_cbyg1lbnjg_0000,1 29.85 490.59 59.7 41.42 0;1 639.45 488.16 87.2 33.9 0;1 998.945 134.985 94.41 34.01 256;1 1564.575 496.01 104.79 38.88 2.4;8 1014.035 554.965 83.75 33.09 0;8 1379.52 526.68 63.7 26.6 0;8 1455 571.22 66.76 26.8 0;9 497.38 534.31 55.2 11.9 0
v_cbyg1lbnjg_0049,1 638.71 551.645 95.7 39.89 0;1 771.8 475.995 103.4 38.91 0;1 1072.61 498.37 118 41.42 0;1 1682.37 499.49 87.2 33.9 0;9 996.77 975.2 13.8 48.7 0;9 1825.22 532.39 55.2 11.9 0
v_cdn8rl7l9y_0000,none
v_cdn8rl7l9y_0049,1 1494.165 494.945 106.69 52.81 0;1 1908.325 487.25 23.35 41.02 0
v_cec6zlvav9_0000,none
v_cec6zlvav9_0049,none
v_cfndd2jaqp_0000,none
v_cfndd2jaqp_0049,none
v_cfx26gf5ih_0000,1 279.98 603.695 35.7 77.81 110.61;1 924.87 462.42 84.78 39.02 134.1;1 959.72 49.86 40.46 96 0;1 1006.18 50.29 37.9 89.8 0;1 1014.72 200.96 33.34 87.92 0;1 1217.775 520.085 86.07 36.23 359.1;1 1337.41 472.64 90.22 37.5 0;1 1354.06 525.915 89.88 35.91 358;1 1728.435 500.55 97.09 37.46 0;4 993.505 335.35 36.67 93.32 2.4
v_cfx26gf5ih_0049,1 297.97 613.705 35.7 77.81 90.22;1 491.62 514.885 86.44 39.03 178.8;1 961.125 47.295 40.45 94.59 0;1 985.68 285.22 37.9 89.8 5.5;1 1000.73 581.725 33.34 86.27 358;1 1007.63 121.72 38.36 89.72 3.7;1 1085.405 512.115 86.07 36.23 1.8;1 1213.365 524.46 89.89 35.9 359;1 1340.835 515.59 97.09 37.46 358.5;1 1341.685 471.32 90.21 37.5 0;1 1478.075 521.4 99.85 37.12 358.25;1 1720.345 489.47 90.21 38.06 0;4 986.445 832.97 34.83 87.66 359.4;9 1634.75 536.53 46.08 13.6 358.3;9 1899.035 497.19 41.93 13.78 0
v_chaotq9tlh_0000,1 1003.355 734.415 34.15 90.79 0;7 921.93 542.25 38.86 122.56 308.78
v_chaotq9tlh_0049,1 996.985 375.065 34.15 90.79 356.9;7 396.2 499.44 38.86 122.56 264.92
v_chlul5xlyf_0000,none
v_chlul5xlyf_0049,none
v_cigtcgy9ck_0000,1 463.87 541.215 37.32 84.79 89.3;1 902.735 541.135 82.79 36.57 352.27;1 930.175 214.42 37.45 85.12 0;1 931.585 428.73 35.87 86.1 0;1 938.58 934.71 34.5 77.54 0;1 992.345 910.685 34.93 78.17 0;1 1222.9 543.825 83.86 36.51 354.9;1 1243.605 488.865 87.27 37.57 0;1 1883.92 524.19 72.16 34.04 0
v_cigtcgy9ck_0049,1 200.945 530.09 91.67 38.08 0.7;1 737.835 518.55 85.33 39.44 0;1 921.25 384.52 37.46 85.12 4.92;1 935.885 809.47 35.87 86.1 0;1 972.195 1036.265 37.79 77.55 329.9;1 987.27 22.635 37.2 45.27 0;1 1014.19 613.56 83.86 36.5 323.06;1 1417.7 525.645 91.1 34.05 0;7 935.37 163.57 48.36 160.14 0
v_cirth50shb_0000,1 38.25 551.675 76.5 40.55 0;1 51.22 495.575 96.96 36.25 0;1 130.13 552.545 102.02 37.15 0;1 187.98 495.11 100.84 37.6 0;1 310.93 493.81 98.14 37.78 0;1 443.975 552.235 93.65 37.87 0;1 459.61 489.945 102.02 40.55 0;1 632.585 491.845 102.01 40.55 0;1 750.07 499.445 82.46 40.55 0;1 914.075 366.545 37.15 100.43 8.7;1 961.295 957.715 95.63 34.47 270.6;1 997.035 606.04 89.17 30.66 290.2;1 972.29 96.375 31.38 87.05 0;1 1082.055 547.325 95.63 34.47 0;1 1100.665 495.3 95.63 34.46 0;1 1260.575 552.8 95.63 34.46 0;1 1330.675 501.325 95.63 34.47 0;1 1481.815 553.895 95.63 34.47 0;1 1496.055 492.015 95.63 34.47 0;1 1693.745 558.825 95.63 34.47 0;1 1735.985 502.065 95.63 34.47 0;1 1897.965 561.555 44.07 35.09 0;3 648.405 555.13 54.51 190.62 90;3 954.15 499.285 59.12 247.01 8.1;9 1005.365 702.765 12.71 35.53 0;9 1826.18 588.29 34.78 15.18 0
v_cirth50shb_0049,1 79.82 494.125 96.96 36.25 0;1 133.045 549.96 99.71 40.56 0;1 195.29 495.11 100.84 37.6 0;1 331.14 493.375 98.14 37.79 0;1 396.355 548.775 102.01 37.15 0;1 589.955 489.035 102.01 40.55 0;1 658.895 548.175 93.65 37.87 0;1 777.935 481.145 102.01 40.55 350.2;1 931.95 497.025 82.46 40.55 0;1 972.085 710.415 95.63 34.47 273.0192;1 959.84 857.38 33.1 89.3 0;1 1058.205 569.54 89.17 30.66 332.9667;1 1405.635 557.735 95.63 34.47 0;1 1412.755 493.195 95.63 34.47 0;1 1740.365 553.725 93.53 34.47 0;1 1806.805 505.105 90.13 34.47 0;3 867.505 561.4 54.51 190.62 90;3 972.585 97.285 59.13 193.03 0.8;9 1254.74 570.515 12.72 35.53 90.0286
v_ciugrp2o9m_0000,1 821.635 533.715 85.81 35.83 0;1 950.615 844.105 84.11 34.69 275.6;1 934.765 753.025 33.69 81.73 0;1 945.015 1061.72 38.25 35.92 270;1 953.605 959.09 40.57 95.52 0;1 1007.035 620.87 86.11 36.12 321.7;1 999.58 1067.58 36.54 24.76 359.4;1 1002.15 951.715 35.04 86.77 0.9;1 1188.47 531.39 81.8 34.9 0;1 1334.555 530.385 86.39 34.59 0;1 1592.025 493.195 93.05 35.19 0;4 981.96 759.665 82.4 38.19 278.1;9 914.93 975.98 13.7 43.12 0.4
v_ciugrp2o9m_0049,1 82.4 545.445 91.42 35.83 0.1;1 671.11 552.605 78 35.15 0;1 950.345 844.11 84.11 34.68 275.6;1 934.435 757.26 33.69 81.72 0;1 945.02 1062.205 36.94 35.59 270;1 953.605 960.275 40.57 95.51 0;1 999.705 629.855 86.11 36.11 316.3;1 999.58 1067.77 36.54 24.38 359.4;1 1002.23 952.115 35.04 86.77 0.9;1 1158.275 551.675 86.39 34.59 349.0333;1 1294.095 496.4 88.07 35.18 0;4 981.57 759.665 82.4 38.19 278.1
v_ckqfkwa4nl_0000,1 24.795 457.625 49.59 33.11 0;1 30.41 503.73 60.82 34.7 0;1 86.36 455.39 79.2 31.28 0;1 154.6 502.78 89.9 34.14 0;1 183.46 454.16 84.4 34 0;1 285.685 454.2 79.53 31 0;1 323.855 504.69 83.49 34.76 0;1 371.675 458.06 79.11 32.22 0;1 383.85 407.775 91.4 36.29 0;1 415.89 511.29 83.84 30.98 0;1 474.095 465.04 80.01 30.32 358.2435;1 504.26 409.645 79.9 32.87 0;1 520.56 513.25 82.1 31.06 0;1 628.435 412.685 95.67 33.61 0;1 628.235 464.365 82.07 32.45 0;1 680.19 511.69 90 31.72 0;1 808.805 466.295 80.25 34.77 358.33;1 852.52 511.86 71.88 29.36 7.48;1 896.925 416.845 78.57 33.17 0;1 1017.335 346.24 76.59 34.16 0;1 1028.735 296.635 70.99 33.11 359.2;1 1017.65 923 34.18 83.4 0;1 1056.61 905.3 34.94 83.2 0;1 1148.94 298.82 79 31.72 0;1 1279.63 299.975 79.9 32.23 0;1 1351.27 343.35 84.38 32.4 0;1 1507.075 295.13 108.77 37.8 0;1 1502.115 342.675 85.99 35.21 359.2;1 1505.1 248.08 84.92 34.98 0;1 1609.68 343.315 88.68 35.53 0;1 1645.685 237.81 103.05 39.02 0;1 1717.11 345.775 91.98 31.79 0;4 46.26 411.28 92.52 39.78 0;4 155.03 404.945 84.14 30.83 0;4 261.235 409.055 89.35 32.53 0;5 1353.02 243.575 175.02 54.13 0;5 1820.165 234.1 199.67 50.88 0;7 1762.94 289.62 301.8 51.28 0;7 1853.705 340.175 132.59 41.41 0;9 247.87 509.88 40.8 12.54 359.6;9 366.005 530.67 44.27 14.3 0;9 596.015 526.89 37.71 13.32 17.4571;9 704.06 151.14 14.16 38.22 295.12;9 827.11 252.105 47.92 19.85 359.6;9 1124.515 410.175 41.77 16.05 0.5;9 1180.295 446.315 39.27 11.25 0;9 1294.43 518.83 35.52 14.8 0.4;9 1362.56 462.19 38.18 12.24 358.7;9 1370.39 314.02 46 16.28 0
v_ckqfkwa4nl_0049,1 26.515 457.625 53.03 33.11 0;1 34.38 503.73 68.76 34.7 0;1 85.51 455.195 79.2 31.29 0;1 175.75 502.255 89.9 34.15 0;1 211.14 453.49 84.4 34 0;1 251.835 343.71 76.59 34.16 0;1 367.865 454.58 79.53 31 0;1 381.25 503.605 82.2 34.77 0;1 476.8 407.58 91.4 36.28 0;1 467.825 293.915 70.99 33.11 359.2;1 548.255 508.83 83.85 30.98 359.82;1 598.815 453.58 79.11 32.22 0;1 645.17 408.685 79.9 32.87 0;1 650.505 296.38 77.27 31.72 0;1 693.335 507.14 82.11 31.06 358.1;1 781.875 458.185 77.39 30.31 359.8;1 806.835 295.99 75.41 32.24 1.52;1 829.8 343.165 78.84 32.41 0;1 858.07 523.355 89.64 31.73 10.36;1 926.955 606.84 71.89 29.36 78.04;1 973.175 412.715 95.67 33.61 0;1 1017.785 923.475 34.17 83.39 0;1 1056.755 905.69 34.95 83.2 0;1 1103.75 460.4 79.02 32.46 0.1;1 1140.15 298.25 102.06 37.8 0;1 1184.04 345.365 77.9 35.21 359.2;1 1296.06 270.385 82.64 34.97 349.12;1 1401.45 339.67 88.68 35.52 0;1 1489.475 413.895 78.57 33.17 0;1 1496.44 462.925 82.76 34.77 359.1;1 1556.305 237.22 103.05 39.02 0;1 1633.885 343.815 91.97 31.79 0;4 47.325 411.28 94.65 39.78 0;4 155.06 404.295 84.14 30.83 0;4 278.345 407.615 89.35 32.53 0;5 1152.81 242.1 165.9 54.14 0;5 1809.58 234.1 215.4 50.88 0;7 1632.22 288.755 294.76 51.29 359.95;7 1851.735 338.02 133.15 41.42 0;9 5.94 152.365 11.88 9.87 270.2;9 266.83 509.33 40.8 12.54 359.6;9 486.805 528.555 44.27 14.31 0;9 784.315 523.23 37.71 13.32 6.06;9 882.63 319.51 46 16.28 0
v_cm8yrkli6i_0000,1 75.695 1027.355 84.57 35.89 0;1 90.205 387.295 81.19 31.39 0;1 320.385 316.14 81.01 34.22 0;1 332.155 430.56 83.31 30.72 0;1 357.92 133.28 85.18 38.58 0;1 402.88 1021.86 80.78 36.32 0;1 457.995 273.545 84.97 37.97 359.4;1 491.01 484.315 81.16 30.29 0;1 512.21 434.09 83.7 32.4 0;1 583.975 307.365 78.19 34.93 0;1 603.935 384.555 87.53 33.17 0;1 649.54 482.115 76.28 32.73 0;1 695.83 435.11 68.5 27.16 0;1 798.13 273.695 79.68 33.99 0;1 843.635 1047.025 65.53 33.55 92.2;1 850.03 744.105 75.26 33.41 88.6;1 875.31 433.19 88.3 34.22 0;1 878.75 384.385 78.88 34.37 0;1 993.885 220.53 79.47 37.26 0;1 1098.15 385.045 83.48 35.03 0;1 1121.68 216.34 86.6 41.3 0;1 1149.2 435.07 77.4 29.5 0;1 1229.545 218.375 90.91 35.47 0;1 1470.26 210.525 88.7 32.93 0;1 1526.465 271.125 91.43 39.19 0;1 1557.58 434.365 85.54 35.03 359.5;1 1630.005 225.17 104.19 38.7 353.06;1 1640.51 385.495 80 33.43 0;1 1802.25 305.185 91.06 37.91 0;1 1861.315 420.635 92.77 34.27 0;1 1878.7 373.82 82.6 32.76 0;4 30.64 484.455 61.28 34.05 0;4 118.58 434.405 84.64 33.83 0;4 258.995 485.955 85.57 30.83 0;4 842.465 933.69 76.65 32.26 90.5;4 1064.74 271.93 88.52 35.62 0;7 159.575 262.335 109.89 47.29 0;7 896.99 479.135 118.1 41.99 0;7 1356.535 211.675 112.97 47.07 0;9 819.8 710.3 36.2 10.78 93.88;9 827.025 618.88 31.37 10.66 90.2;9 868.635 630.835 35.51 10.33 87.48
v_cm8yrkli6i_0049,1 38.55 485.475 77.1 32.75 0;1 134.48 451.865 84.18 32.55 1.76;1 277.685 1017.475 87.93 38.15 0;1 278.305 486.625 88.29 31.31 0;1 349.32 389.8 83.76 33 0;1 391.07 229.07 81.18 37.26 0;1 572.73 1027.98 82.78 34.92 1.45;1 596.655 384.52 77.09 31.4 0;1 725.925 147.945 82.43 38.29 10.38;1 730.305 1060.27 75.03 36.56 12.9;1 787.105 275.93 82.71 38.4 0;1 830.915 548.51 76.31 32.52 48.325;1 847.17 663.145 71.8 32.73 93.725;1 916.19 1030.97 38.18 86.5 0;1 937.365 440.375 77.69 30.67 1.4;1 968.455 967.5 35.25 85.9 0;1 1000.945 224.54 84.85 35.46 0;1 1071.055 266.41 94.87 35.76 359.3;1 1076.785 320.22 79.93 34.82 0;1 1152.475 431.425 81.31 33.55 0;1 1252.8 382.28 84.92 33.18 0;1 1333.16 429.805 67.66 29.51 0;1 1378.58 213.755 85.94 34.17 0;1 1540.09 431.06 88.3 34.22 0;1 1579.95 379.04 80 34.36 0;1 1857.875 377.79 86.61 35.02 0;1 1894.91 429.345 50.18 30.11 0;2 1343.21 290.42 103.58 40.86 359.8;4 240.79 274.35 87.98 35.62 0;4 475.045 485.195 86.57 34.05 0;4 673.53 489.665 76.64 30.35 0;4 680.575 433.295 82.17 33.83 0;7 79.055 389.035 158.11 52.47 0;7 420.47 433.33 113.78 41.74 0;7 1193.83 215.73 102.06 47.68 0;7 1486.805 477.145 118.09 41.99 358.8;9 167.165 500.05 38.71 11.46 0;9 821.205 1072.565 15.81 10.33 89.7
v_cmduq2oh71_0000,1 180.38 499.25 103.6 37.1 0;1 477.26 454.955 107.24 40.77 0;1 669.58 455.05 92.42 36.5 0;1 898.355 451.37 93.37 37.66 0;1 952.235 614.74 39.79 89.7 0;1 955.56 40.345 38.8 80.69 0;1 1782.27 538.1 93 35.54 0;2 1167.285 449.095 65.37 31.17 0
v_cmduq2oh71_0049,1 43.3 452.24 86.6 38.78 0;1 444.58 454.14 106.7 40.3 0;1 742.345 512.92 98.15 37.1 0;1 761.04 453.23 97.64 40.78 0;1 906.53 332.425 90.12 36.49 296.98;1 943.33 139.115 42.44 91.97 0;1 1449.415 451.615 93.37 37.67 0;1 1783.2 538.785 93 35.53 0;2 1822.42 453.57 71.92 31.16 0
v_cmm4cu39sg_0000,8 1469.72 488.515 66.12 22.55 0
v_cmm4cu39sg_0049,8 1352 492.465 66.12 22.55 0
v_cqfmzef0io_0000,1 359.07 453.71 99.04 38.54 0;1 537.04 511.485 107.94 44.13 0;1 745.805 460.135 79.75 36.09 0;1 899.095 576.15 42.33 88.4 0;1 901.105 1038.55 38.59 82.9 0;1 963.08 716.48 35.2 90.2 0;1 967.895 595.165 42.31 92.91 0;1 972.925 873.15 38.31 92.8 0;1 1027.055 519.27 89.75 36.08 0;1 1057.345 449.89 93.51 39.64 0;1 1203.535 487.65 40.21 89.1 81.425;1 1435.165 463.02 92.21 37.32 0;1 1674.945 449.415 89.47 40.13 0;1 1784.285 540.33 92.99 35.54 0;1 1813.66 483.375 88.34 38.99 0;1 1906.22 534.985 27.56 38.27 0
v_cqfmzef0io_0049,1 685.525 461.14 92.63 38.54 0;1 842.33 531.36 101.4 44.14 0;1 871.595 459.74 79.75 36.08 0;1 900.39 807.96 38.58 89.98 0;1 906.755 975.98 40.79 86.2 0;1 911.21 283.455 42.44 89.81 0;1 958.04 847.06 35.12 93.78 0;1 965.865 1054.17 36.65 51.66 0;1 969.53 423.24 35.2 90.2 0;1 973.255 678.6 38.31 92.8 0;1 1233.875 460.95 42.31 92.9 82.9167;1 1453.425 508.82 89.75 37.18 0;1 1505.01 451.49 93.5 39.64 0;1 1707.035 458.87 40.21 89.1 88.8;1 1784.01 540.265 93 35.53 0;1 1886.415 483.07 67.17 40.46 0;1 1906.875 534.985 26.25 38.27 0
v_cqxc4611gu_0000,1 28.81 516.02 33.46 59.1 89.4;1 574.735 536.705 38.33 82.77 89.04;1 967.36 47.435 42.52 94.87 0;1 1016.83 972.175 84.98 36.53 272.5;1 1029.57 551.51 37.08 88.96 0;1 1133.03 526.75 90.94 37.64 2;1 1228.05 479.65 95.18 36.4 0.3;1 1294.25 523.78 90.04 38.84 349.18;1 1418.34 513.975 86.52 32.99 358.5
v_cqxc4611gu_0049,1 810.44 518.04 88.3 37.64 0.2;1 966.575 47.16 42.43 94.32 0;1 1007.98 1036.415 37.08 87.17 0;1 1020.68 40 36.42 80 0;1 1082.34 522.88 84.64 38.84 0;1 1223.27 478.485 95.18 36.39 0.3;1 1222.71 533.095 86.52 32.99 351
v_cs67wr28oo_0000,1 297.97 613.705 35.7 77.81 90.1733;1 479.56 515.37 86.58 39.02 178.8;1 961.125 47.315 40.45 94.63 0;1 985.02 290.465 37.9 89.81 5.72;1 1001.535 594.8 33.35 86.26 357.58;1 1007.075 127.57 38.37 89.72 3.7;1 1083.725 511.93 86.07 36.24 1.8;1 1210.835 524.5 89.89 35.9 359;1 1336.765 515.625 97.09 37.45 358.58;1 1341.745 471.29 90.21 37.5 0;1 1473.645 521.48 99.85 37.12 358.32;1 1710.88 489.86 90.52 38.12 0;4 986.685 846.47 34.83 88.04 359.4;9 1623.7 537.24 46.08 13.6 358.3;9 1889.525 499.34 49.85 13.78 0
v_cs67wr28oo_0049,1 288.25 616.09 35.7 77.8 89.28;1 759.845 527.17 86.07 36.24 357.7;1 939.35 452.11 37.9 81.88 27.2;1 980.795 546.78 85.89 35.9 355.05;1 961.58 48.45 40.46 96.5 0;1 970.85 330.79 38.36 87.84 13.85;1 1000.815 83.63 34.59 87.3 3.95;1 1021.1 203.305 37.2 88.51 358.5;1 1195.55 513.17 90.14 37.46 0.5;1 1334.48 525.4 92.12 34.38 358.6;1 1342.545 472.03 90.21 37.5 0;1 1455.515 511.18 91.79 38.38 355.2;9 1276.09 553.865 41.72 10.73 358.9;9 1363.75 549.955 44.26 12.71 358.5
v_cu5vdgw0o4_0000,1 130.31 494.32 89.98 39.34 0;1 521.84 535.83 82 36.74 358.8;1 918.025 407.18 36.91 83.12 18.8;1 934.64 253.9 38.04 86.6 0;1 963.265 759.395 82.23 34.97 284.88;1 944.61 551.575 33.98 82.67 0;1 958.17 1039.06 40.8 78.8 0;1 987.1 210.65 36.94 84.38 0;1 1160.72 554.155 85.54 36.49 353.42;1 1573.035 516.355 93.05 34.47 0
v_cu5vdgw0o4_0049,1 128.92 493.73 89.98 39.34 0;1 536.245 533.825 36.91 83.11 88.2;1 806.845 504.43 38.03 86.6 62.7667;1 946 1000.415 82.24 34.97 269.2;1 931.955 284.83 36.25 87.56 0;1 942.475 857.735 33.99 82.67 0;1 958.33 78.76 40.78 88.6 0;1 958.69 461.025 36.94 84.39 20.8294;1 1001.905 743.965 85.55 36.49 274.3;1 1263.635 534.175 86.43 38.91 356;1 1483.83 523.71 94.7 36.42 0;7 1740.905 519.965 109.77 35.47 0
v_cvp7tdcwa2_0000,1 942.645 546.94 52.41 94.6 314.8
v_cvp7tdcwa2_0049,1 476.225 499.64 52.41 94.6 269.8
v_cvxg0ipw1y_0000,1 11.9 512.985 23.8 31.21 0;1 168.115 120.7 76.25 35.34 0.5;1 180.94 420.995 87.68 36.81 0;1 197.205 467.58 80.31 34.78 0;1 213.43 518.605 86.52 32.25 0;1 425.505 420.86 75.67 32.98 0;1 502.305 466.32 86.11 32.32 0;1 533.13 520.41 83.18 32.06 0;1 618.01 416.28 80.7 29.48 0;1 670.35 465.495 83.6 33.61 0;1 741.3 516.365 86.7 32.39 0.32;1 769.615 420.01 84.25 32.48 0;1 837.58 815.59 71.88 29.36 161.2;1 837.34 467.925 69.84 30.21 0;1 878.155 513.795 82.59 32.91 0;1 912.055 863.025 79.95 32.93 91.8;1 1016.495 1026.615 31.45 86.25 0;1 1016.9 912.515 26.8 75.87 0;1 1063.25 1008.85 32.6 83.5 0;1 1062.505 906.85 29.85 87.18 0;1 1183 467.09 77.68 29.32 0;1 1188.475 421.49 85.89 32.7 0;1 1441.545 731.665 82.15 33.83 63.94;1 1597.88 416.59 83.6 33.42 0.1;1 1677.82 524.255 84.4 32.71 0;1 1886.45 418.345 67.1 34.35 359.4;4 993.21 413.835 77.66 30.03 1.05;4 1019.39 474.73 79.74 31.04 3;4 1205.15 517.515 83.4 30.71 0;4 1743.315 466.8 76.29 30.2 359.4;7 1401.38 468.71 102.2 34.36 0;9 1493.74 503.275 43.9 14.37 0
v_cvxg0ipw1y_0049,1 25.25 418.765 50.5 37.09 0;1 122.94 120.92 76.24 35.34 0.5;1 195.595 427.14 84.35 34.82 0;1 389.29 419.95 87.38 34.44 0;1 447.84 466.665 80.14 33.17 0;1 455.06 514.775 71.9 31.21 0;1 599.49 421.19 87.68 36.82 0;1 654.1 467.31 80.32 34.78 0;1 682.725 519.555 86.51 32.25 0.36;1 822.435 422.77 75.67 32.98 0;1 838.94 815.425 71.88 29.37 161.2;1 863.935 522.94 83.17 32.06 0.7;1 912.165 862.87 79.95 32.94 91.8;1 939.555 661.645 81.33 32.39 89.67;1 970.1 471.78 86.12 32.32 2.38;1 1016.495 1026.615 31.45 86.25 0;1 1016.9 912.515 26.8 75.87 0;1 1056.58 418.655 80.7 29.47 0.5;1 1063.21 1007.435 32.6 83.49 0;1 1062.505 906.85 29.85 87.18 0;1 1156.87 464.495 83.6 33.61 0;1 1329.785 468.49 69.83 30.2 0;1 1353.52 419.75 84.24 32.48 0;1 1434.145 514.59 82.59 32.92 0;1 1514.585 779.465 82.15 33.83 19.65;1 1851.46 468.09 77.68 29.32 0;1 1913.85 417.35 12.3 32.7 0;4 1572.81 471.895 79.74 31.05 359.7;4 1662.685 414.43 77.67 30.04 0.4;4 1909.85 514.88 20.3 30.7 0
v_cwux2pnn27_0000,1 188.405 459.585 100.81 38.01 0;1 310.72 471.93 103.6 43.96 0;1 477.29 462.905 97.3 37.37 0;1 653.91 467.56 96.04 41.48 0;1 867.395 393.645 93.49 39.33 308.22;1 869.53 615.51 37.16 94.84 0;1 874.715 1002.665 36.97 85.13 0;1 880.605 177.655 36.29 93.09 0;1 884.98 756.685 37.94 91.21 0;1 934.785 903.8 43.63 90.2 0;1 940.52 555.355 40.3 92.93 0;1 948.63 764.89 37.28 89.88 0;1 1300.085 447.255 89.09 36.21 0;1 1643.715 516.06 84.75 34.68 0;9 474.36 530.61 47.62 12.82 0;9 977.205 950.46 14.87 47.32 0
v_cwux2pnn27_0049,1 237.865 459.005 102.15 38.01 0;1 504.12 471.56 100.82 43.96 0;1 647.79 461.375 95.42 35.59 0;1 760.825 466.04 95.59 41.06 0;1 899.78 226.89 37.16 94.84 0;1 910.565 412.245 37.95 91.21 0;1 910.635 713.54 36.97 91.56 0;1 966.45 124.485 40.6 96.59 0;1 969.28 519.55 37.5 89.28 0;1 970.915 848.6 37.07 93.56 0;1 975.98 1025.4 39.34 95.3 0;1 1186.96 476.09 37.28 89.88 86.6;1 1810.135 447.565 92.03 36.21 0;9 18.71 464.325 37.42 14.43 0;9 870.26 533.79 47.62 12.82 357.9556;9 1008.84 765.555 15.6 48.27 0;9 1047.175 555.555 14.87 43.07 26.8167
v_cxcct50x0i_0000,1 32.69 461.33 65.02 31.6 0;1 188.955 364.87 76.79 30.7 0;1 271.61 1029.485 79.94 27.11 333.3;1 288.69 459.98 82.28 31.9 0;1 311.71 410.64 97.48 30.9 0;1 317.31 302.1 85.7 33.52 0;1 438.52 411.44 74.1 30 0;1 441.945 366.99 71.57 27.2 0;1 476.18 462.09 76.5 28.9 0;1 564.015 408.16 82.19 31.5 0;1 609.06 460.02 79.1 29.8 0;1 722.53 446.765 84.9 30.47 351.5;1 736.68 366.72 84.4 33.2 0;1 833.63 1001.26 85.6 29.1 91.9;1 855.79 252.65 84.8 32.8 0;1 923.23 917.88 28.7 73.3 0;1 924.79 1050.7 30.4 58.6 0;1 967.375 861.575 31.07 70.19 0;1 1006.12 196.36 82.3 33.2 0;1 1161.97 208.16 79.4 30.6 0;1 1194.31 252.47 83.1 33.8 0;1 1245.98 298.95 85.9 32.8 0;1 1343.115 191.41 74.81 34.98 357.4;1 1378.65 239.375 80.1 32.53 0;1 1578.07 400.145 79.8 28.79 0.3;1 1691.685 351.81 77.05 29.7 0;1 1776.66 280.82 97.42 36.82 0;1 1892.415 181.615 55.17 34.79 0;1 1896.07 275.575 47.86 28.93 0;2 25.925 374.98 51.75 31.7 0;2 777.44 201.82 106.5 40.5 0;2 821.98 296.635 81.62 32.15 0;2 885.86 403.22 98.7 30.3 2.2;2 1634.64 187.46 103.84 31.4 359.8;7 90.73 409.47 115.34 32.8 0;7 310.355 105.355 97.07 35.17 359.1;7 336.09 243.425 123.5 35.59 0;7 580.82 239.855 114.42 33.07 0;7 831 503.655 122.74 43.21 52.3353;7 1742.965 230.195 173.07 48.57 0;9 72.21 72.58 31.4 7.5 1.9;9 378.14 474.44 40 8.2 2.8;9 1198.15 374.34 45 10.5 1.1;9 1362.07 471.34 42.64 9.2 356.4;9 1459.03 176.89 38.5 11.5 354.4
v_cxcct50x0i_0049,1 36.45 470.32 72.9 30 0;1 46.26 372.71 79.08 32 0;1 70.04 414.4 89.86 36.3 0;1 83.195 264.34 70.45 32.8 0;1 190.645 456.49 81.33 31.6 0;1 266.175 364.81 84.63 34.6 0;1 405.08 202.03 82.3 33.2 0;1 496.01 408.72 97.48 30.9 0;1 501.35 464.15 82.28 31.9 0;1 523.625 1000.845 79.95 27.11 357.6;1 540 262.68 83.1 33.8 0;1 551.94 218.75 79.4 30.6 0;1 684.37 304 85.9 32.8 0;1 713.99 461.18 76.5 28.9 0;1 740.92 416.96 74.1 30 0;1 763.885 255.385 80.09 32.53 0;1 823.83 523.12 79.1 29.8 47.4429;1 860 200.06 74.8 34.98 357.4;1 923.795 363.39 76.79 30.7 0;1 923.32 919.67 28.7 73.3 0;1 924.6 1016.19 30.4 76.6 0;1 975.105 407.82 82.19 31.5 0;1 967.105 862.185 31.07 70.19 0;1 1047.035 450.79 84.89 30.46 2.02;1 1185.035 370.18 71.57 27.2 0;1 1543.8 289.72 97.42 36.82 0;1 1587.84 242.84 73.3 30.3 0;1 1611.6 189.675 97.78 34.79 0;1 1675.06 363.24 84.4 33.2 0;1 1724.92 202.815 79.2 31.59 349.28;1 1727.47 281.16 73.88 28.92 0;1 1893.5 285.06 53 31 0;2 87.66 209.545 94.56 40.51 0;2 680.94 367.73 103.92 31.7 359.2;2 1164.87 194.4 103.84 31.4 359.8;2 1538.91 425.27 98.7 30.3 359.1;7 370.98 410.51 115.34 32.8 0;7 847.27 764.865 122.74 43.21 90.8;7 1166.805 241.645 171.15 48.57 0;9 371.43 454.83 39.6 12.7 0;9 581.63 467.79 40 8.2 2.8;9 996.81 191.74 38.5 11.5 354.4
v_cydyt6lv4o_0000,1 1615.21 445.635 75.4 32.39 0;1 1667.855 564.265 36.85 90.67 102.5;1 1877.27 497.925 85.28 40.47 2.6;4 402.245 457.365 89.97 34.97 0;5 467.555 524.745 175.47 51.05 0
v_cydyt6lv4o_0049,1 349.77 514.63 97.2 37.62 0;1 972.45 735.21 38.54 89.84 2.7;1 1881.265 601.82 36.85 71.46 92.8;4 1440.255 474.865 85.17 34.97 0;5 685.695 524.515 166.31 51.05 0
v_cys92jyib5_0000,1 1443.565 515.05 105.11 52.56 0
v_cys92jyib5_0049,1 994.215 513.735 105.11 52.55 0;1 1620.875 500.535 109.09 45.99 0
v_d0gty6z8ns_0000,1 777.175 480.83 94.39 33.4 0;1 904.49 1043.45 33.78 73.1 0;1 904.94 884.555 34 88.29 0;1 955.56 1027.24 39.1 89.88 351.5;1 962.855 749.68 36.03 95.9 5.3;1 985.305 940.275 32.43 84.67 0;1 1228.025 494.825 91.91 36.91 0;1 1494.78 553.14 33.5 91.52 89;1 1560.13 495.4 113.24 39.82 0;1 1678.715 505.51 96.53 35.66 0;1 1741.61 551.045 98.24 38.07 0;1 1794.375 510.5 90.45 33.7 0;1 1853.945 568.36 92.55 32.52 1.2;1 1890.07 503.96 59.86 35.16 0;3 768.865 539.23 163.13 41.68 2.8;7 909.445 642.06 34.39 111.94 2.8875;7 910.235 401.19 32.45 116.08 3.4;8 973.28 531.88 28.7 72.26 0;9 1314.645 579.555 43.13 12.91 0
v_d0gty6z8ns_0049,1 895.905 446.1 94.39 33.4 316.6;1 899.62 834.715 33.78 95.21 0.5;1 904.92 1020.065 30.9 82.41 0;1 907.88 664.975 34 83.01 0;1 943.905 877.965 39.11 89.45 0.9;1 958.17 1053.575 32.5 52.55 0;1 985.18 940.885 32.44 84.67 0;1 988.56 263.46 36.02 95.9 2.9;1 1420.325 497.135 91.91 36.91 0;1 1565.26 496.255 113.24 39.81 0;1 1626.685 556.02 33.49 91.52 89;1 1681.77 505.9 96.52 35.66 0;1 1748.515 552.125 98.23 38.07 0;1 1794.375 512.29 90.45 33.7 0;1 1856.86 569.92 92.56 32.52 0.1423;1 1890.535 504.31 58.93 35.16 0;3 948.485 543.74 163.13 41.68 0.2;7 920.745 72.88 34.39 111.94 0.9;9 881.235 926.64 10.87 35.5 9.5;9 1554.015 589.345 43.13 12.91 24.1
v_d0p6z84dd0_0000,1 370.71 463.26 91.74 37.68 0;1 972.365 213.35 42.21 92.7 0;1 1003.31 494.535 89.96 41.75 0;1 1085.42 567.465 34.56 85.67 63.1;1 1707.935 535.795 37.17 90.89 90.9222;1 1754.125 476.025 95.33 39.59 0
v_d0p6z84dd0_0049,1 111.39 477.68 86.8 39 0;1 679.575 506.67 93.55 37.24 0;1 769.565 447.295 90.19 38.17 0;1 1087.595 567.505 34.55 85.67 63.1;1 1223.3 455.455 91.74 37.69 0;1 1901.91 524.445 36.18 41.75 0
v_d1ix3aoh5r_0000,1 457.885 503.285 77.47 30.43 0;1 569.32 510.18 83.92 34.52 0;1 718.77 402.66 81.34 32 0.9;1 838.045 804.93 71.89 29.36 161.2;1 877.365 116.46 77.49 33.16 358.5;1 924.935 951.26 73.69 31.94 88.8;1 936.95 419.61 76.02 32.84 2.9;1 1005.63 1018.665 32.08 71.79 0;1 1018.755 926.865 34.17 83.39 0;1 1057.765 908.46 34.95 83.2 0;1 1196.405 469.15 73.01 32.08 0.58;1 1737.515 515.115 81.07 32.87 359.5;4 913.01 526.845 98.38 36.23 6.4;4 1062.76 1011.53 31.94 75.76 0;7 234.69 452.69 138.38 43.48 0;7 692.475 458.075 162.55 55.03 0;7 1660.33 457.505 175.02 47.47 0;8 1053.715 405.17 51.93 26.7 0;9 756.58 527.3 42.56 13.44 0;9 791.895 511.16 44.79 14.08 0.6;9 1231.475 516.83 38.95 15.12 4.56
v_d1ix3aoh5r_0049,1 629.955 504.745 77.47 30.43 0;1 745.225 507.32 83.67 34.52 359.49;1 838.105 805.83 71.89 29.36 161.2;1 897.72 140.72 77.5 33.16 328.75;1 1005.63 1019.25 32.08 71.8 0;1 1018.885 927.34 34.17 83.4 0;1 1057.905 908.85 34.95 83.2 0;1 1280.275 432.57 78.45 32 1.4;1 1636.075 433.19 78.37 32.84 357.6;1 1872.725 491.47 76.09 32.08 2.6;3 436.35 513.94 92.16 34.68 0;4 1062.83 1011.77 31.94 75.76 0;4 1171.76 556.825 98.38 36.23 1.1;7 551.26 453.03 128.68 43.48 0;7 877.49 497.645 153.02 55.03 25.57;8 1544.595 403.585 51.93 26.69 0;9 936.48 872.395 42.56 13.43 90.3;9 1366.265 503.48 44.79 14.08 359.6
v_d2cox9xesb_0000,none
v_d2cox9xesb_0049,none
v_d2p0at8zjk_0000,1 224.695 462.14 78.19 29.58 0;1 923.29 1019.1 30.4 76.6 0;1 925.78 924.41 28.7 73.3 0;1 968.895 866.715 31.07 70.19 0;1 977.535 969.85 29.11 79.1 0;1 1631.4 414.95 72.6 29.1 0;2 869.78 461.96 107.82 35.8 0;9 997.13 773.105 9.64 36.99 359.1;9 999.215 850.73 10.69 37.38 359.156
v_d2p0at8zjk_0049,1 362.3 1008.33 78.1 31.9 0;1 789.705 512.17 78.19 29.58 41.0786;1 923 1019.25 30.4 76.6 0;1 925.06 926.34 28.7 73.3 0;1 968.165 868.695 31.07 70.19 0;1 977.31 967.84 29.1 79.1 0;2 1798.78 421.28 107.82 35.8 355.0833;9 996.49 766.125 9.64 36.99 359.1;9 998.295 850.53 10.69 37.38 356.9307
v_d4s08f8kyr_0000,1 8.58 500.845 17.16 8.15 91.5;1 376.195 515.43 77.11 29.32 358.3;1 751.78 492.405 32.4 87.33 81.4429;1 933.83 423.805 29.4 78.13 34.3714;1 1010.24 17.7 33 35.4 0;1 1142.445 552.275 74.85 31.59 348.6071;1 1320.705 496.37 89.33 30.9 358.2;1 1452.515 496.25 86.03 28.46 357.6786;1 1671.525 489.04 93.01 33.56 0
v_d4s08f8kyr_0049,1 202.2 514.475 32.4 87.33 89.1;1 444.5 526.59 29.4 78.14 84;1 963.98 388.9 33 86.2 21.2889;1 1027.305 722.875 74.85 31.59 282.2625;1 1197.735 519.99 84.67 30.9 347.2818;1 1328.055 504.86 86.03 28.46 357.5;1 1462.88 492.855 93 33.57 0;1 1642.355 479.94 83.79 32.2 0;1 1890.4 500.03 59.2 30.86 0
v_d4tafb949u_0000,1 33.505 474.83 67.01 38.88 0.3;1 14.76 538.075 29.52 24.15 91;1 657.24 522.69 37.08 87.06 85.53;1 958.38 408.935 36.9 87.37 28.34;1 961.595 49.445 36.51 96.69 0;1 1008.04 960.25 85.9 35.5 268.6;1 991.76 254.445 33.82 83.39 8.56;1 1011.355 704.3 38.11 83.9 1.26;1 1018.37 94.28 38.86 92.28 0;1 1080.795 524.35 69.23 33.54 358.9;1 1294.02 514.74 92.34 38 0.3;1 1422.205 492.555 85.25 36.91 10.01;1 1679.765 478.91 94.57 37.5 0;1 1716.94 527.39 93.24 39.02 358.07;4 315.52 530.775 121.98 43.05 357.15
v_d4tafb949u_0049,1 262.005 530.145 37.07 94.13 89.3;1 657.66 524.765 36.9 87.37 86.94;1 824.475 545.045 69.23 33.53 357.22;1 909.2 458.55 33.82 80.1 42.26;1 962.5 49.125 38.32 96.05 0;1 1000.98 158.81 36.42 95.6 6.5;1 1039.675 600.79 85.67 38 319.02;1 1023.17 310.5 38.86 92.28 0;1 1284.295 495.055 85.25 36.91 351.22;1 1439.57 507.15 93.24 39.02 4;1 1681.915 479.19 94.81 37.5 0
v_d6u9idqt00_0000,1 133.46 486.82 99.88 36.94 0;1 244.74 548.99 106.42 39.26 0;1 436.91 494.01 100.46 39.84 0;1 705.98 489.195 98.64 39.93 0;1 908.545 358.04 97.01 43.64 293.5;1 931.71 121.805 89.76 40.67 267;1 914.3 513.455 43.24 102.89 358.2;1 913.52 878.835 38.5 94.59 0;1 918.555 708.575 36.39 91.95 0;1 920.745 998.425 40.27 95.05 0;1 985.795 804.49 37.13 94.42 0;1 991.965 660.3 37.53 89.6 0;1 995.875 1005.97 44.51 100.7 0;1 1037.275 543.45 39.37 98.2 34.2;9 65.98 551.29 56.1 16.32 0;9 960.97 440.62 11.7 36.14 4.3;9 1547.745 504.58 39.95 11.5 353;9 1607.355 491.88 41.05 10.9 353.1
v_d6u9idqt00_0049,1 80.35 485.695 103.56 38.03 0;1 268.46 488.085 95.6 39.97 0;1 423.62 483.06 95.12 36.94 0;1 652.605 490.51 95.31 39.84 0;1 664.63 550.9 101.02 39.26 0;1 796.03 487.355 95.38 39.93 0;1 905.75 499.87 38.5 90.22 359.4;1 914.25 273.85 36.4 91.94 0;1 917.095 783.965 40.27 95.05 0;1 924.04 993.32 42.2 95.68 0;1 980.495 221.775 37.53 91.75 0;1 982.865 441.8 37.13 94.42 0;1 989.59 744.2 44.5 100.7 0;1 1457.985 470.6 39.37 98.2 88.3;4 990.67 965.755 41.3 102.29 0;9 553.635 546.665 49.95 13.53 0
v_d7t9ngw30t_0000,1 893.545 353.835 84.25 38.55 289.54;1 905.98 891.92 40.9 93.12 0;1 907.825 747.52 40.79 86.2 0;1 907.39 565.54 38.58 89.98 1;1 960.32 691.24 35.12 93.78 0;1 967.32 848.565 36.64 94.09 0;1 971.685 552.57 38.31 92.8 0;1 978.525 1010.06 36.71 89.8 0;1 1185.5 519.87 101.4 44.14 0;1 1364.545 460.66 79.75 36.08 0;1 1594.115 452.185 42.31 92.91 89;1 1736.18 452.24 94.84 39.64 0;1 1775.755 500.525 89.75 37.17 0;1 1783.72 540.19 93 35.54 0;1 1883.415 453.38 40.21 73.1 89.6;1 1907.56 534.985 24.88 38.27 0
v_d7t9ngw30t_0049,1 43.91 516.83 87.82 36.56 0;1 903.335 769.02 40.81 98.32 0;1 904.735 368.4 40.79 86.2 0;1 907.115 528.66 40.89 93.12 0;1 909.315 921.115 40.55 93.51 0;1 909.38 153.87 38.58 89.98 1;1 955.83 244 35.12 90.42 0;1 967.345 9.975 38.31 19.95 0;1 968.81 528.35 36.64 94.1 0;1 976.495 851.68 36.71 89.8 0;1 1433.105 515.55 101.39 44.14 0;1 1514.14 463.75 79.74 36.08 0;1 1660.535 451.39 42.31 92.9 89;1 1776.575 451.55 95.73 39.64 0;1 1783.445 540.12 92.99 35.54 0;1 1886.695 453.36 40.21 66.52 89.6;1 1907.79 497.18 24.42 37.18 0;1 1908.22 534.985 23.56 38.27 0;2 969.22 991.62 39.86 91.3 0
v_d895aaaupd_0000,none
v_d895aaaupd_0049,none
v_d8dcwr4c6h_0000,1 295.5 471.91 89.72 35.48 357.5733;1 528.28 472.845 120.64 43.55 358.3533;1 1775.425 541.27 100.67 38.4 0;1 1901.45 489.9 37.1 38.28 0;3 836.62 526.485 213.44 57.89 5.1556
v_d8dcwr4c6h_0049,1 926.315 450.335 89.71 35.47 0.26;1 1191.2 474.855 120.64 43.55 3.5;3 857.81 528.03 213.44 57.88 5.6
v_d93kakshvf_0000,1 28.825 470.515 57.65 35.01 2.4;1 795.865 513.41 38.05 89.62 71.12;1 965.78 45.395 40.84 90.79 0;1 991.155 827.9 88.07 37 275.74;1 988.62 309.26 38.56 91.1 10.2;1 1017.425 89.435 34.19 87.85 0;1 1120.225 537.54 90.65 35.4 357.1;1 1223.78 477.615 95.18 36.39 0.3;1 1513.32 500.695 95.58 37.97 357.92;1 1740.14 511.285 93.02 37.61 0;9 1047.29 434.375 15.44 49.17 0
v_d93kakshvf_0049,1 28.005 470.485 56.01 35.01 2.4;1 149.685 530.84 38.05 92.76 89.4;1 965.78 45.61 40.84 91.22 0;1 975.87 689.635 38.56 88.73 359.7;1 993.18 222.245 34.12 88.45 5.4;1 996.53 452.955 34.2 87.85 4;1 1009.87 85.86 36.04 92.08 0;1 1117.97 537.09 90.64 35.4 357.1;1 1220.13 478.135 95.18 36.39 0.3;1 1270.535 521.855 95.57 37.97 352.5;1 1399.085 514.295 93.03 37.61 355.9;1 1536.37 517.84 93.42 40.2 0;1 1719.58 514.305 83.7 37.01 0;1 1891.86 513.675 56.28 39.95 0;9 997.53 1073.72 15.44 12.04 0;9 1034.395 279.52 13.95 33.56 0
v_daqso071ui_0000,1 543.25 480.095 103.72 42.71 0;1 713.395 481.375 85.27 38.87 357.4;1 906.05 407.765 94.7 40.33 318;1 918.185 938.11 37.43 96.04 0;1 931.145 1052.5 40.29 55 0;1 999.695 545.09 89.17 37.18 0;1 1159.655 487.315 84.19 40.01 0;1 1599.055 544.99 39.07 96.1 90;1 1661.04 481.12 93.5 37.2 359.5;1 1765.955 491.05 91.45 38.92 358.8;1 1865.095 479.18 93.63 39.18 358.9;2 372.59 482.635 110.92 41.99 0;4 525.61 543.275 104.92 39.69 0;7 75.14 522.72 150.28 47.16 1.7
v_daqso071ui_0049,1 233.82 529.825 114.84 45.63 2.5;1 353.56 481.465 99.54 37.23 359.45;1 874.65 434.595 93.5 42.71 324.79;1 932.52 283.965 79.62 38.87 281.52;1 915.45 663.75 38.02 93.22 0;1 952.295 18.92 94.69 37.84 269.5;1 927.975 850.58 42.49 97.1 0;1 988.1 937.135 36.5 91.69 0;1 1001.36 1054.04 38.62 51.92 0;1 1444.355 532.255 89.17 37.17 358.6;1 1525.52 482.06 85.58 40 0;1 1682.49 479.07 93.5 37.2 359.5;1 1804.335 487.78 91.45 38.92 358.8;1 1798.15 552.43 39.08 96.1 90.8;2 640.295 481.19 103.17 41.98 0;4 932.045 542.975 96.87 36.13 0;7 597.7 536.97 139.04 47.16 0.7
v_dc11gl5xxe_0000,1 133.565 484.235 96.63 37.33 0;1 562.795 507.375 99.03 36.55 0;1 782.86 549.02 93.92 39.04 0;1 811.45 475.145 93.52 37.63 354.6
v_dc11gl5xxe_0049,1 1027.48 118.965 92.74 37.63 272.6;1 1093.265 489.805 96.63 37.33 0;1 1606.725 506.99 99.03 36.56 0;1 1769.74 550.955 83.84 39.03 0
v_dcgc8us83o_0000,1 103.37 456.715 95.5 37.19 0;1 234.775 518.65 104.47 38.86 0;1 457.89 459.615 118.88 41.11 0;1 1316.98 465.41 90.04 33.66 0;1 1877.97 523.84 84.06 39.24 0;3 721.17 516.91 154.02 45.38 0;8 697.495 427.005 58.75 25.35 0;9 1625.155 461.105 41.41 14.19 0
v_dcgc8us83o_0049,1 950.895 456.725 87.43 37.19 0;1 966.89 522.65 95.58 38.86 0;1 967.355 810.515 38.31 99.43 0;1 976.12 1001.73 44.98 102.3 0;1 1285.445 463.615 107.83 41.11 0;3 1563.65 524.725 151.92 48.17 0;8 716.56 492.985 62.12 25.19 0;8 1481.8 438.59 54.9 25.34 0
v_dcjnznbgyl_0000,1 14.265 529.02 28.47 32.2 359;1 757.85 491.06 29.6 87.1 85.375;1 980.665 558.195 72.21 30.87 353.5;1 1011.1 915.885 32.24 79.39 0;1 1154.045 487.04 82.11 29.7 356.4;1 1168.19 541.44 83.3 31.9 351.65;1 1366.005 498.495 83.15 27.79 355.275;1 1860.23 501.11 82.4 26.46 0;9 854.65 466.35 9.92 39.12 62.5875;9 916.625 407.785 10.39 34.21 24.7625;9 933.3 502.375 34.54 11.43 347.5375
v_dcjnznbgyl_0049,1 198.695 499.825 29.59 87.11 89.8;1 508.805 561.81 72.21 30.86 358.5;1 628.98 511.11 82.12 29.7 357.45;1 817.58 561.815 79.42 31.91 359.375;1 1001.34 515.045 80.38 27.79 358.125;1 996.97 5.81 27.3 11.6 0;1 1410.25 491.85 82.4 26.46 0;9 223.58 553.555 34.54 11.43 356.8;9 418.51 487.25 9.92 39.12 86.1273;9 431.985 519.16 10.39 34.22 81.4
v_de89qf3qoo_0000,1 609.225 496.16 98.93 44.3 0;1 728.03 493.545 90.82 36.47 0;1 823.42 546.725 104.72 42.83 0;1 825.86 486.395 93.78 37.27 0;1 916.96 573.635 34.14 87.87 0;1 921.99 79.74 33.5 84.8 0;1 955.845 693 34.69 85.88 345.4;1 961.095 808.04 33.59 85.5 340.1;1 1003.04 496.095 102.7 40.79 0;1 976.57 935.825 37.36 91.81 0;1 1009.3 611.895 34.48 72.29 18.4;1 1080.3 547.74 98.5 36.5 354.8;1 1104.59 486.845 96.7 38.35 0;1 1214.41 496.12 96.4 42.92 0;1 1267.905 543.49 37.99 103.5 90.5;1 1320.94 494.655 96.24 38.79 0;1 1387.095 556.185 101.99 39.07 3.6;1 1420.06 500.21 98.88 38 1.2;1 1525.48 552.4 94.2 38.1 0;1 1565.825 511.635 93.21 37.35 358.2;1 1634.96 558.64 105.08 39.3 0;1 1666.88 507.82 89.04 36.18 0;1 1752.235 559.29 101.91 37.74 0.1;1 1793.49 503.17 101.1 36.24 359.1;1 1858.24 569.375 91.82 32.63 0;1 1889.87 503.035 60.26 36.25 0;9 851.79 582.7 45.4 19.7 0;9 869.295 782.74 15.27 36.64 347.8;9 1015.815 678.935 12.23 40.99 346.2677
v_de89qf3qoo_0049,1 120.61 476.705 86.9 37.07 0;1 228.19 482.16 99.34 38.98 0;1 605.84 493.29 98.92 44.3 0;1 729.06 492.185 90.82 36.47 0;1 823.17 544.575 104.72 42.83 0;1 827.77 484.42 93.78 37.28 0;1 917.465 460.1 33.59 85.5 359.7;1 933.045 33.15 34.13 66.3 0;1 1003.685 493.8 102.69 40.78 0;1 976.715 835.045 37.35 91.81 0;1 979.585 212.44 34.69 85.88 9.82;1 1009.04 610.77 34.48 72.3 18.4;1 1078.93 546.99 98.5 36.5 354.8;1 1103.83 485.675 96.7 38.35 0;1 1214.025 494.885 96.41 42.93 0;1 1267.6 542.55 38 103.5 90.5;1 1320.16 493.325 96.24 38.79 0;1 1386.895 555.095 101.99 39.07 3.6;1 1419.895 499.55 98.89 38 1.2;1 1523.97 551.37 94.2 38.1 0;1 1567.925 510.375 93.21 37.35 358.2;1 1634.52 557.42 105.08 39.3 0;1 1665.315 507.12 89.05 36.18 0;1 1750.545 558.27 101.91 37.74 0.1;1 1790.72 502.43 101.1 36.24 359.1;1 1855.98 568.63 91.82 32.62 0;1 1889.4 502.405 61.2 36.25 0;9 868.225 783.1 15.27 36.64 347.8;9 883.53 583.13 45.4 19.7 0;9 951.21 521.41 12.24 41 356.8
v_dehdpg976n_0000,1 1006.04 504.54 102.48 49.92 0
v_dehdpg976n_0049,1 194.07 511.11 102.48 49.92 0
v_dfalbm0mfs_0000,1 635.42 533.47 89.72 34.5 0;1 808 454.495 100.18 37.75 0;1 988.08 966.86 34.9 99.84 357.12;1 990.325 625.875 36.25 109.09 1.1;1 1043.04 662.715 38.6 96.47 23.8;9 1031.08 740.21 10.1 46.4 19.5
v_dfalbm0mfs_0049,1 966.73 528.39 92.8 32.22 0;1 1016.805 247.895 100.19 37.75 270.9;1 990.325 622.95 36.25 109.1 1.1;1 1007.93 742.285 34.9 99.83 15.85;1 1072.1 616.155 38.6 96.47 32.6667;1 1504.9 534.63 89.72 34.5 3;3 568.885 499.185 213.57 56.99 0;9 282.04 550.97 54.46 10.9 0;9 1322.67 588.04 10.1 46.4 87.94
v_dfs0mpqa9g_0000,1 31.325 474.77 62.65 41.9 0;1 73.68 525.54 101.68 35.2 0;1 149.64 472.31 117.4 40.9 0;1 269.885 476.085 88.89 36.71 0;1 273.405 536.6 94.99 37.8 0;1 384.685 481.565 91.55 35.01 0;1 429.29 530.315 88.3 42.11 2.2;1 491.115 476.68 92.83 37 0;1 561.03 538.365 101.44 35.45 2.4;1 607.155 483.935 110.81 35.13 0;1 676.29 549.575 95.9 34.27 4.3;1 731.495 482.705 95.19 38.29 0;1 816.29 545.66 88.98 34.54 0;1 848.15 488.81 84.08 33.8 0;1 913.73 1046.75 36.44 66.3 0;1 922.17 641.67 31.2 94.3 3.7;1 927.875 899.21 37.21 92.6 0;1 932.15 101 36 97.1 0;1 932.74 290.44 30.3 86.7 0;1 974.23 1043.4 35.16 73.2 0;1 981.11 352.9 35.6 97.7 0;1 985.95 200.82 33.9 85.26 0;1 987.06 841.77 33.4 81.5 0;1 993.42 619.01 31.1 90.4 0;1 1376.38 552.27 35.8 91.1 91.1;1 1450.22 493.945 33.4 91.73 90.6;1 1575.465 569.725 101.17 38.17 1.3;1 1581.21 496.175 102.14 37.91 358.5;1 1743.47 500.745 89.7 34.85 0;1 1847.8 559.99 32.62 88 92.2;1 1877.565 498.595 82.45 36.91 0
v_dfs0mpqa9g_0049,1 30.375 474.77 60.75 41.9 0;1 30.75 529.32 61.5 39.4 0;1 150.47 472.22 117.4 40.9 0;1 161.29 525.425 101.68 35.21 0;1 268.38 476.21 88.9 36.7 0;1 294.375 535.48 94.99 37.8 0;1 387.18 481.61 91.56 35 0;1 436.21 529.81 88.3 42.12 2.2;1 492.505 476.61 92.83 37 0;1 565.565 537.015 101.45 35.45 2.4;1 607.535 482.33 110.81 35.12 0;1 678.16 549.325 95.9 34.27 4.3;1 736.085 482.46 95.19 38.3 0;1 814.64 545.55 88.98 34.54 0;1 849.38 487.83 84.08 33.8 0;1 926.275 697.415 36.45 92.61 0;1 943.865 393.28 37.21 92.6 0;1 991.34 734.435 35.16 80.21 0;1 1277.57 491.05 33.4 81.5 87.1;1 1601.68 497.86 33.4 91.72 90.6;1 1700.57 555.88 35.8 91.1 91.1;1 1746.625 496.8 102.15 37.9 358.5;1 1838.875 563.355 101.17 38.17 0.1;1 1900.35 502.96 39.3 34.86 0;1 1910.23 560.96 19.54 6.42 90
v_dgjxzoy3uq_0000,1 495.79 583.3 34.94 89.74 86.9;1 556.33 517.635 35.6 88.63 89.4;1 793.93 543.025 86.52 31.19 355.2;1 906.47 473.315 30.5 83.51 34.3714;1 952.01 359.355 28.66 78.67 4.1286;1 967.34 135.935 38.2 92.23 0;1 1077.845 527.395 81.39 35.85 0;1 1218.67 552.58 89.38 33.6 359.3;1 1350.605 524.695 93.75 30.55 0
v_dgjxzoy3uq_0049,1 228.16 569.605 86.52 31.19 0.9;1 513.68 569.755 30.5 83.51 87;1 556.7 517.825 35.6 88.63 89.4;1 748.6 547.78 81.4 35.84 358.5;1 841.215 589.61 84.43 30.3 355.6;1 865.83 507.76 28.66 78.66 65.6667;1 976.53 575.375 87.8 30.55 352.7846;1 954.7 374.87 38.2 86 4.4308;1 964.02 201.09 29.7 86.74 0;1 1467.8 541.67 83.4 28.66 0
v_dhcy4nqxmn_0000,1 111.32 514.395 105.16 45.99 0
v_dhcy4nqxmn_0049,none
v_dj505i8aur_0000,1 660.995 552.165 95.71 39.89 0;1 792.63 476.045 103.4 38.91 0;1 1094.32 498.47 118 41.42 0;1 1703.59 499.59 87.2 33.9 0;9 997.11 963.91 13.8 48.7 0;9 1853.93 531.04 55.2 11.9 0
v_dj505i8aur_0049,1 1714.75 564.145 95.7 39.89 0;1 1848.11 495.005 102.28 38.91 0;9 1118.41 608.1 13.8 48.7 48.11
v_dkn85s7mij_0000,1 96.3 521.985 99.04 41.99 358.9
v_dkn85s7mij_0049,1 998.53 1019.275 44.32 100.05 0
v_dl9s8yz1cg_0000,1 198.94 532.005 104.94 43.59 357.8;9 1736.7 606.225 42.68 20.99 26
v_dl9s8yz1cg_0049,none
v_dncbson0ar_0000,none
v_dncbson0ar_0049,1 1540.715 547.29 111.23 54.42 358.9
v_dnmntbkb2r_0000,1 190.26 514.57 32.4 87.34 89.1;1 430.09 527.88 29.4 78.14 84;1 961.02 395.98 33 86.02 22.7667;1 1026.335 728.79 74.85 31.58 281.475;1 1195.205 520.68 84.67 30.9 346.9864;1 1326.21 504.995 86.04 28.47 357.5;1 1460.195 492.955 93.01 33.57 0;1 1636.92 479.9 83.8 32.2 0;1 1886.35 500.03 67.3 30.86 0
v_dnmntbkb2r_0049,1 532.83 539.665 33 85.47 93.0111;1 1016.635 1058.04 44.83 31.58 270.1;1 1017.9 351.395 30.2 77.73 0;1 1051.97 616.55 81.76 30.9 308.4;1 1104.275 507.495 83.25 28.47 356.5;1 1287.86 500.55 86.58 33.56 357.6;1 1426.17 477.57 83.8 32.2 0;1 1577.51 495.595 82.06 30.87 0;1 1882.9 499.045 74.2 31.91 0;9 1590.72 532.64 35.7 13.62 0
v_dp3dwhfdws_0000,1 31.19 540.975 62.38 35.69 359.4;1 725.17 523.61 37.14 87.2 82.1333;1 984.055 868.925 37.41 83.77 0;1 1250.07 510.665 85.54 34.73 0;1 1734.435 485.61 90.33 36.52 0;1 1799.88 525.475 95.18 36.39 355.9667;9 1054.5 526.235 12.8 40.77 348.8
v_dp3dwhfdws_0049,1 970.025 47.985 42.51 95.97 0;1 1019.9 114.21 33.52 86.4 1.29;1 1230.31 511.2 88.48 36.18 359.28;1 1461.79 499.185 95.18 36.39 8.8;1 1604.52 489.33 90.34 36.52 359.01;9 1145.375 583.83 12.81 37.96 277.34
v_dp7u6lkn3b_0000,1 759.51 488.275 45 104.11 271.4;1 930.645 576.12 42.13 91.62 322.8;1 1812.165 519.92 148.43 50.32 349.49
v_dp7u6lkn3b_0049,1 46.89 514.495 45 90.57 270.6;1 329.355 526.745 42.13 95.03 268.8;1 1279.515 537.45 129.57 50.32 359.5
v_dpweezpyhg_0000,1 114.21 369.95 79.8 28.78 0;1 262.135 107.745 32.91 91.79 268.2;1 292.19 466.43 79.1 29.8 0;1 412.95 465.755 84.9 30.47 0;1 449.395 359.45 77.05 29.7 0;1 482.615 209.61 28.11 72.06 270.1;1 521.33 466.47 85.6 29.1 0;1 626.755 465.8 77.53 30.12 0;1 658.59 413.35 81.8 31 0;1 737.86 240.81 30.9 78.8 294.6;1 920.52 516.81 28 74.62 355.6;1 1089.13 197.92 74.1 27.9 0;1 1101.14 296.01 79.1 29.1 0;1 1268.23 292.695 84.4 30.43 0;1 1366.43 192.38 82.3 33.2 0;1 1390.38 292.64 85.7 33.52 0;1 1485.42 239.37 84.8 32.8 0;1 1506.09 191.26 79.4 30.6 0;1 1605.97 236.23 83.1 33.8 0;1 1646.25 288.39 85.9 32.8 0;1 1684.84 449.115 26.9 76.97 89;1 1798.735 279.605 97.43 36.81 0;1 1797.36 178.81 74.8 34.98 0;1 1841.365 227.37 80.09 32.52 0;1 1850.9 91.92 83 35 0;1 1908.45 275.575 23.1 28.93 0;2 43.65 448.26 87.3 30.3 0;2 1019.385 106.595 85.07 26.81 358.6502;2 1214.83 191.125 106.5 40.51 0;2 1542.915 286.045 81.63 32.15 0;7 508.26 410.76 122.74 43.22 0;7 1166.73 236.785 123.5 35.59 0;7 1333.255 233.36 114.43 33.06 0;9 699.53 372.065 40.8 11.71 0;9 708.68 444.44 39.1 9.5 3.8933;9 1106.91 276.58 44.04 12.5 347.6;9 1162.19 56.74 31.4 7.5 357
v_dpweezpyhg_0049,1 17.27 242.315 30.9 34.15 269.1;1 115.95 465.71 76.5 28.9 0;1 215.005 411.71 82.19 31.5 0;1 303.91 467.93 79.1 29.8 0;1 420.64 465.93 84.9 30.46 0;1 487.44 367.13 79.8 28.78 0;1 554.36 467.03 85.6 29.1 0;1 591.47 227.34 28 74.62 273.5778;1 630.305 364.79 77.05 29.7 0;1 680.36 469.42 77.54 30.12 2.5308;1 692.42 412.985 81.8 31.01 0;1 1082.39 297.19 79.1 29.1 0;1 1085.525 197.89 74.09 27.9 0;1 1262.05 293.135 84.4 30.43 0;1 1269.55 64.02 83 35 0;1 1354.33 194.21 82.3 33.2 0;1 1385.64 292.64 85.7 33.52 0;1 1482.48 239.5 84.8 32.8 0;1 1491.055 192.81 79.39 30.6 0;1 1603.82 236.8 83.1 33.8 0;1 1610.8 184.36 74.8 34.98 0;1 1644.69 288.44 85.9 32.8 0;1 1709.23 232.745 80.1 32.53 0;1 1798.375 279.73 97.43 36.82 0;1 1901.805 275.575 36.39 28.93 0;2 387.22 418.45 98.7 30.3 358.3615;2 1001.555 107.345 85.07 26.81 358.3382;2 1211.52 190.78 106.5 40.5 0;2 1539.05 285.825 81.62 32.15 0;2 1834.56 181.25 103.84 31.4 0;7 545.49 412.82 122.74 43.22 0;7 1164.8 236.635 123.5 35.59 0;7 1320.63 234.5 114.42 33.06 0;7 1462.705 89.03 97.07 35.18 357.66;9 182.78 440.46 35.5 9.2 0;9 754.2 375.935 40.8 11.71 0;9 772.67 447.9 39.1 9.5 4.2308;9 787.54 58.27 31.4 7.5 357;9 909.18 291.5 44.04 12.5 351.02;9 1697.07 182.42 38.5 11.5 349.8
v_dqlla9ezqy_0000,1 471.57 510.715 84.38 36.75 356.62;1 925.065 444.65 37.23 91.76 26.58;1 962.72 1054.92 34.64 50.16 0;4 1022.17 970.645 36.96 89.47 0;7 1016.975 754.27 105.93 40.08 282.08;9 1046.245 450.445 10.49 39.59 0
v_dqlla9ezqy_0049,1 681.195 493.03 37.23 91.76 95.29;1 1335.385 512.295 86.01 36.79 0
v_dricsnxpwm_0000,1 176.165 561.42 97.89 37.54 0.8;1 337.53 486.045 108.2 42.15 0;1 457.355 486.26 98.63 38.86 0;1 582.645 495.805 97.71 40.51 0;1 693.795 490.395 101.41 41.05 0;1 704.92 548.72 91.5 36.24 0.8;1 806.435 544.865 92.07 37.35 1.7;1 927.85 17.06 37.98 34.12 0;1 977.54 231.19 40.68 94.64 0;1 1045.62 530.91 36.54 82.96 34.2;1 1144.805 539.215 88.51 35.39 359.7;1 1139.67 492.29 36.84 87.82 81.6;1 1237.36 490.835 84.64 37.65 2;1 1260.675 561.75 87.81 37.8 0.9;1 1356.69 497.415 91.08 38.09 357.9;1 1364.565 446.395 95.15 41.45 358.1;1 1369.985 544.225 40.25 87.67 90.9;1 1460.545 493.83 91.67 38.98 358.5;1 1566.27 484.925 103.8 42.33 359.8;1 1625.055 529.785 89.95 37.17 356.3;1 1728.175 491.17 90.19 40 0;1 1833.4 489.05 91.6 37.2 359.5;4 210.88 481.325 122.08 40.43 0;4 1502.545 544.29 97.95 36.12 359;7 886.345 491.06 106.47 39.4 0;9 930.73 580.03 39.54 10.4 0.3
v_dricsnxpwm_0049,1 31.86 519.1 63.72 36.64 8.8;1 356.83 486.075 108.2 42.15 0;1 379.75 542.595 97.9 37.53 356.84;1 541.44 487.535 96.88 38.87 0;1 695.075 494.5 97.71 40.5 0;1 793.13 549.62 91.5 36.24 0.8;1 803.09 490.815 95.22 41.05 0;1 924.105 545.845 92.07 37.35 359.8;1 915.215 1052.725 39.73 54.55 0;1 1048.02 532.33 36.54 82.96 34.2;1 1145.66 539.545 88.52 35.39 359.7;1 1141.96 493.335 36.84 87.81 81.6;1 1239.755 491.75 84.83 37.66 2;1 1263.23 562.67 87.82 37.8 0.9;1 1359.17 497.865 91.08 38.09 357.9;1 1368.42 447.095 95.16 41.45 358.1;1 1371.635 545.475 40.25 87.67 90.9;1 1462.35 494.63 91.68 38.98 358.5;1 1569.84 485.575 103.8 42.33 359.8;1 1629.745 530.385 89.95 37.17 356.3;1 1731.865 492.26 90.19 40 0;1 1836.54 489.785 91.6 37.21 359.5;4 211.86 481.86 122.08 40.44 0;4 1505.015 545.85 97.95 36.12 359;5 988.085 938.55 65.67 282.9 0;7 954.23 491.67 102.34 39.4 0;9 1246.985 530.675 39.53 10.39 332.4
v_drmwv7yc7f_0000,1 647.51 467.93 102 41.42 0;1 790.91 474.23 99.84 38.98 0;1 902.265 1031.1 37.75 97.8 0;1 918.635 841.34 37.99 92.4 0;1 969.21 450.625 39.02 89.67 0;1 974.765 781.955 40.51 99.19 0;1 979.51 943.78 40.42 94 0;1 1168.275 457.29 74.55 33.9 0;1 1448.15 455.53 87.7 37.9 0;1 1558.165 453.965 99.63 42.01 0;1 1696.35 454.565 92.62 38.21 0;1 1817.28 459.675 94.42 35.77 0;1 1831.87 509.88 96.74 41.72 359.6;4 145.755 458.76 129.87 38.86 0;4 903.085 385 37.67 100.9 0;4 905.13 581.74 39.02 95.54 0
v_drmwv7yc7f_0049,1 624.055 520.45 98.63 39.1 0;1 674.86 469.04 102 41.42 0;1 799.895 475.82 99.85 38.98 0;1 904.325 726.82 37.75 97.8 0;1 908.21 949.33 38.62 95.8 0;1 927.355 258.155 37.99 92.39 0;1 968.05 65.825 40.5 99.19 0;1 968.59 874.43 39.6 94.8 0;1 973.505 1037.475 36.23 85.05 0;1 987.33 623.43 40.42 92.16 5.4;1 1329.38 458.28 76.98 33.9 0;1 1450.035 456.025 87.71 37.89 0;1 1559.29 454.86 99.64 42.02 0;1 1698.38 455.01 92.62 38.22 0;1 1819.42 460.345 94.42 35.77 0;1 1833.555 510.665 96.75 41.73 359.6;4 532.925 461.075 121.29 38.87 0
v_dwr4mu3gfh_0000,8 1240.305 525.15 66.13 22.56 340.2
v_dwr4mu3gfh_0049,1 1507.385 519.33 93.27 42.12 358.8;8 1126.925 535.355 66.13 22.55 354.1
v_dwrqjfch44_0000,1 12.875 415.835 25.75 32.71 0;1 19.56 509.41 39.12 32.72 0;1 120.2 411.33 83.6 33.42 0;1 148.375 518.505 91.63 34.15 0;1 215.88 412.585 89.46 34.35 0;1 299.295 514 89.79 32.06 0;1 335.185 416.96 79.47 32.78 0;1 365.885 467.33 79.43 30.1 0;1 462.11 415.41 87.3 32.7 0;1 446.11 151.72 32.08 71.8 270.2;1 483.01 465.635 78.7 33.57 0;1 466.01 256.685 31.94 81.03 270.5;1 575.445 513.96 82.43 33.16 0;1 577.13 463.915 81.98 34.59 0;1 577.345 414.5 81.99 31.8 0;1 686.58 473.695 87.8 33.83 0;1 698.465 516.425 79.95 32.93 0;1 701.14 421.39 79.16 32.68 0;1 757.57 309.895 33.16 85.57 276.74;1 838.4 814.05 71.88 29.36 161.2;1 922.58 363.67 30.3 71.98 317.84;1 982.075 498.495 30.23 80.61 346.3;1 1007.175 665.725 32.87 82.51 0;1 1010.345 945.69 27.71 75.4 0;1 1041.195 495.29 34.07 83.08 352.3;1 1052.13 787.96 29.74 85 0;1 1057.01 1005.39 29.2 76.9 0;1 1280.815 500.615 37.43 81.73 77.02;1 1318.97 247.415 79.3 35.33 359.3;1 1350.61 295.445 75.96 34.29 0;1 1424.24 245.935 84.8 34.35 0;1 1457.055 339.83 101.29 37.32 0;1 1618.77 291.95 87.02 35.6 0;1 1637.655 490.475 32.15 87.01 87.74;1 1710.22 341.475 101.9 38.17 0;1 1720.805 296.605 91.75 36.91 0;1 1872.14 549.985 30.06 80.09 92.5;2 1222.27 295.345 87.76 38.71 0;2 1551.825 245.635 105.13 36.11 0;4 64.665 157.64 31.93 75.76 269.5;4 212.88 464.41 82.78 30.2 0;4 1244.575 164.535 88.05 39.07 0;4 1489.2 294.785 100.7 39.29 0;7 65.88 462.36 126.3 34.36 0;7 434.83 516.355 136 41.25 0;7 1267.345 344.295 114.59 34.97 0;7 1837.415 288.99 123.19 39.52 0;8 1708.82 146.335 64.8 29.85 0.29;9 767.575 452.48 41.91 11.58 359.2;9 807.18 448.2 44.12 15.9 0;9 1191.545 231.23 40.77 15.86 0
v_dwrqjfch44_0049,1 13.11 416.445 26.22 32.71 0;1 72.65 510.865 84.4 32.71 0;1 120.56 411.98 83.6 33.42 0;1 174.89 518.245 91.62 34.15 0;1 216.55 412.775 89.46 34.35 0;1 300.02 514.59 89.78 32.06 0;1 335.435 417.83 79.47 32.78 0;1 366.635 467.74 79.43 30.1 0;1 383.33 280.365 30.3 71.99 272.6;1 462.19 415.655 87.3 32.71 0;1 483.01 466.01 78.7 33.56 0;1 575.445 514.33 82.43 33.16 0;1 577.23 464.085 81.98 34.59 0;1 577.43 414.71 81.98 31.8 0;1 686.69 474.025 87.8 33.83 0;1 699.265 516.685 79.95 32.93 0;1 701.31 421.49 79.16 32.68 0;1 689.945 326.025 30.23 75.07 271.4;1 740.505 262.485 34.07 78.45 277.88;1 838.33 814.17 71.88 29.36 161.2;1 958.22 311.305 31.6 79.19 339.9;1 995.23 527.93 27.7 75.4 354.4;1 1010.1 701.71 31.7 83.5 0;1 1028.335 435.815 29.73 78.03 352.8;1 1053.53 611.05 29.2 76.9 354.3;1 1057.59 758.49 30.3 83.36 0;1 1065.425 936.485 27.79 76.67 0;1 1319.1 247.53 79.3 35.34 359.3;1 1350.705 295.605 75.97 34.29 0;1 1424.115 246.065 84.81 34.35 0;1 1442.945 339.285 103.03 37.33 0;1 1584.43 342.385 99.74 38.17 0;1 1618.14 292.07 87.02 35.6 0;1 1720.32 296.79 91.76 36.9 0;1 1899.105 464.96 37.43 48.62 88.8;2 1222.25 295.33 87.76 38.7 0;2 1550.955 245.995 105.13 36.11 0;4 213.21 464.99 82.78 30.2 0;4 1014.97 951.28 27.58 78.7 0;4 1245.435 164.135 88.05 39.07 0;4 1489.03 294.905 100.7 39.29 0;7 65.96 463.19 126.3 34.36 0;7 435.19 516.535 136 41.25 0;7 1265.68 340.325 114.58 43.05 0;7 1836.76 289.7 123.2 39.52 0;8 1275.93 111.94 64.8 29.86 1.2;9 767.545 452.81 41.91 11.58 359.2;9 807.18 448.47 44.12 15.9 0;9 1192.025 231.07 41.41 15.12 0
v_dwvsv4sozj_0000,1 24.035 529.515 37.23 45.19 86.1;1 249.275 571.24 35.71 79.16 86.62;1 670.975 529.165 40.21 105.63 82.6;1 843.695 528.06 93.67 37.82 0;1 963.57 46.73 40.46 91.26 0;1 994.71 319.35 38.3 92.92 357.6;1 998.98 134.29 35.48 89.78 6.8;1 1341.645 474.36 90.21 37.5 0;1 1596.465 514.215 93.15 36.59 0;9 1026.89 245 11.62 37.74 356.8
v_dwvsv4sozj_0049,1 175.575 520.97 40.21 109.52 90.64;1 208.275 572.49 35.71 79.16 89.3;1 393.295 513.63 95.83 37.82 1.11;1 940.01 414.28 35.48 89.78 26.07;1 963.43 49.29 40.46 96.3 0;1 1007.03 701.44 38.3 88.88 358.7;1 1061.35 211.47 80.68 37.44 20.3;1 1266.395 534.195 88.03 36.59 357.4;1 1340.275 474.96 90.21 37.5 0;1 1467.345 523 93.75 35.16 356.8;1 1791.12 511.795 94.54 35.51 358.25;4 1012.825 79.685 36.67 93.31 5.9;9 1045.74 549.12 11.62 35.76 4.87
v_dxaiffbde2_0000,1 266.49 274.18 75.66 23.5 0;1 605.6 298.245 64.02 28.03 0;1 833.205 513.885 84.09 30.79 48.0833;1 849.22 412.3 85.38 30.64 0;1 918.03 844.19 28.46 75.5 0;1 970.69 863.04 30.66 71.64 0;1 971.28 960.755 30.62 77.47 0;1 1857.09 397.475 87.6 31.19 0;7 32.2 102.27 64.4 48.62 0;7 887.05 110.86 103.92 36.14 0;7 919.155 982.63 35.31 131.6 0;7 1122.12 453.13 126.38 34.6 0;7 1203.03 57.185 93.7 34.39 359;9 1012.34 106.8 41.1 11.54 358.4
v_dxaiffbde2_0049,1 844.905 845.755 84.09 30.79 90.1;1 918.29 843.8 28.46 75.5 0;1 970.885 861.63 30.65 71.64 0;1 971.615 960.275 30.63 77.47 0;1 1187.45 394.295 94.68 33.79 0;1 1589.98 401.535 85.38 30.65 0;2 216.33 462.95 102.82 34.18 0;7 317.81 109.18 103.92 36.14 0;7 918.995 981.51 35.31 131.6 0;7 1074.37 63.88 93.7 34.38 356.7979;7 1724.51 450.87 126.38 34.6 0;9 394.59 63.54 41.1 11.54 358.4
v_dxbho9fe0e_0000,1 250.64 464.64 101.64 38.84 0;1 508.245 455.195 97.01 38.15 0;1 688.325 461.09 93.21 37.02 0;1 893.865 850.175 43.67 99.21 0;1 892.08 973 37.68 93.4 0;1 904.5 492.56 37.2 88.5 0;1 905.68 647.98 39.4 97.04 0;1 965.73 65.685 39.82 92.61 0;1 966.515 768.1 37.75 93.76 0;1 968.66 533.05 37.58 83.7 0;1 1008.635 459.51 87.51 37.02 0;1 1207.295 526.56 93.47 36.56 0;1 1409.31 463.36 36.7 89.8 90.1;1 1527.325 462.49 79.75 36.08 0;1 1547.07 513.98 101.4 44.14 0;1 1671.6 448.815 42.32 92.91 89;1 1779.17 449.505 95.74 39.65 0;1 1782.59 539.905 93 35.53 0;1 1885.4 451.965 40.2 69.33 89.6;1 1910.245 534.985 19.51 38.27 0;9 931.075 736.105 11.83 37.75 0;9 1001.285 828.97 13.67 45.82 0
v_dxbho9fe0e_0049,1 479.955 478.925 85.67 37.53 0;1 610.845 469.33 97.91 38.84 0;1 777.69 460.815 92.4 38.15 0;1 908.995 457.55 90.69 37.68 0;1 894.33 605.48 43.66 99.22 0;1 894.67 869.61 37.68 93.4 0;1 897.66 1008.2 34.66 88.1 0;1 925.445 33.49 39.39 66.98 0;1 962.97 840.4 36.58 93.48 0;1 965.815 629.345 37.75 92.17 0;1 968 1000.29 34.84 92.8 0;1 976.26 31.46 37.58 62.92 0;1 1265.475 461.61 87.51 37.02 0;1 1415.865 527.35 93.47 36.56 0;1 1411.795 464.475 36.71 88.05 90.1;1 1527.995 462.62 79.75 36.08 0;1 1548.56 514.26 101.4 44.14 0;1 1674.89 448.97 42.32 93.74 89;1 1780.34 450.03 95.74 39.64 0;1 1782.315 539.835 92.99 35.53 0;1 1886.145 453.865 40.21 67.17 89.6;1 1910.905 534.985 18.19 38.27 0;9 947.695 225.4 11.83 40.98 0;9 1142.78 510.71 13.68 42.96 81
v_dy1t2vek0w_0000,1 41.725 525.225 44.33 83.61 269.9;1 732.75 502.11 96.44 42.4 357.2
v_dy1t2vek0w_0049,1 55.405 523.405 92.95 42.41 357.2
v_e02xeg1eb6_0000,1 913.09 486.955 96.7 38.35 0;1 909.94 937.29 35.1 82.9 0;1 915.5 1048.275 34.6 63.45 0;1 974.805 1012.755 34.81 89.35 0;1 980.025 850.93 34.39 94.86 0;1 983.79 633.34 40.16 94.14 0;1 1081.43 549.4 98.5 36.5 354.8;1 1101.6 492.025 96.4 42.93 0;1 1270.34 542.61 38 103.5 89;1 1310.9 491.565 96.24 38.79 0;1 1394.505 555.135 101.99 39.07 3.6;1 1425.53 499.88 98.88 38 1.2;1 1527.24 550.81 94.2 38.1 0;1 1554.555 509.845 93.21 37.35 358.2;1 1635.74 555.64 105.08 39.3 0;1 1658.18 504.13 89.04 36.18 0;1 1765.745 555.67 101.91 37.74 0.1;1 1804.36 499.225 101.1 36.25 359.1;1 1870.28 565.375 96.3 32.63 0;1 1897.77 495.395 44.46 36.25 0;7 912.015 798.52 42.75 162.5 0;9 623.34 565.44 33.34 14.18 0;9 900.635 548.74 32.37 15.24 0;9 1595.68 592.93 11.3 40.9 90.7
v_e02xeg1eb6_0049,1 911.845 1033.83 38.11 92.26 0;1 912.12 714.05 35.1 82.9 0;1 914.925 897.335 34.59 88.57 0;1 976.715 640.36 34.39 94.86 0;1 979.06 815.02 34.8 90.8 0;1 987.77 332.79 40.16 94.14 0;1 1081.97 549.46 98.5 36.5 354.8;1 1087.16 484.475 96.7 38.35 0;1 1195.4 493.19 96.4 42.92 0;1 1270.41 542.29 38 103.5 89.1554;1 1314.36 491.065 96.24 38.79 0;1 1395.455 554.235 101.99 39.07 3.6;1 1424.545 500.18 98.89 38 1.2;1 1528.17 550.48 94.2 38.1 0;1 1556.105 510.185 93.21 37.35 358.2;1 1634.51 556 105.08 39.3 0;1 1659.455 503.405 89.05 36.19 0;1 1768.235 555.67 101.91 37.74 0.1;1 1806.125 499.19 101.11 36.24 359.1;1 1871.44 565.375 96.3 32.63 0;1 1897.52 496.245 44.96 36.25 0;7 907.355 550.81 42.75 162.5 0;9 836.84 579.52 33.34 14.18 13.9083;9 1015.28 918.97 13.8 38.8 0;9 1136.58 584.275 32.38 15.23 354.3
v_e26pxnknij_0000,1 205.7 456.04 109.5 42.18 0;1 587.265 453.385 92.27 38.21 0;1 710.365 519.36 99.89 41.72 0;1 747.025 455.795 96.53 35.77 0;1 901.615 251.28 40.97 92.68 0.6;1 899.7 698.085 36.74 87.47 0;1 915.08 1032.3 37.48 95.4 0;1 955.39 429.915 37.08 88.49 359;1 967.69 837.475 37.8 89.89 0;1 983.005 583.03 34.23 82.86 7.3;1 1322.5 445.235 82.8 38.41 0;1 1530.165 488.845 90.35 35.23 359.9;1 1781.26 533.525 91.28 35.53 0;1 1818.385 475.655 39.47 89.57 90.6;4 902.51 422.345 37.1 86.93 0;9 332.695 516.285 45.15 14.71 0;9 850.68 501.05 43.38 10.96 0
v_e26pxnknij_0049,1 360.535 462.06 97.81 38.96 0;1 592.315 457.72 105.67 41.8 0;1 771.615 454.07 89.77 38.22 0;1 836.255 522.82 95.37 41.72 0;1 910.92 460.735 94.38 35.77 0;1 897.82 118.375 36.74 87.47 0;1 902.195 886.52 38.31 95.68 0;1 911.15 1043.99 38.78 72.02 0;1 912.455 748.5 37.49 90.18 0;1 967.235 1053.66 38.35 52.68 0;1 968.37 605.46 36.18 86.56 0;1 1405.905 478.04 34.23 81.58 90.3;1 1780.885 534.705 91.29 35.53 0;1 1826.77 454.565 87.16 38.41 0;9 714.32 508.285 40.02 14.57 0;9 1000.28 764.28 15.14 41.7 0;9 1031.45 498.995 43.38 10.95 0
v_e3m2cidj4i_0000,1 31.795 513.045 63.41 32.87 0;1 128.97 439.445 79.24 31.93 9.86;1 480.325 412.415 83.95 33.01 0.41;1 511.865 465.55 76.57 30.5 357;1 550.905 509.33 84.09 32.06 359.4;1 570.375 338.005 68.77 32.93 0;1 680.405 449.19 76.77 30.1 359.8;1 687.715 493.3 86.03 34.7 354.6;1 759.075 411.955 65.63 29.57 0;1 814.555 164.61 77.49 33.16 17.22;1 835.91 506.28 80.62 30.98 1.8358;1 856.12 464.155 77 33.11 1.2;1 910.59 764.59 71.88 29.36 110;1 923.175 554.02 79.19 31.06 48.2;1 933.655 649.43 87.51 31.72 87.7;1 1018.205 924.93 34.17 83.4 0;1 1057.185 906.88 34.95 83.2 0;1 1266.38 318.86 70.18 31.88 353.1;1 1324.935 463.705 76.27 31.29 0;1 1435.665 239.75 78.35 34.74 0;1 1512.235 296.54 83.53 33.18 0;1 1703.83 466.305 88.22 34.15 0.86;1 1906.5 457.805 27 34.01 0;4 1059.46 421.255 111.6 39.79 0.88;4 1167.27 235.325 89.8 39.83 359.2;4 1468.205 411.975 73.35 30.83 0;4 1632.225 240.93 105.39 41.64 0;5 462.04 244.45 185.96 50.88 359.4;7 182.48 293.85 281.58 51.28 359.5;7 253.23 460.305 202.94 47.47 0;7 389.465 343.225 114.05 41.41 0;7 800.55 343.26 93.24 37.66 0;7 1047.265 266.735 151.57 44.95 13.5;7 1080.61 336.25 90.5 32.48 0;7 1284.295 241.025 106.73 48.01 359.2;9 767.15 512.705 39.4 12.55 5.4;9 867.845 534.12 44.27 14.3 348.2;9 905.035 705.56 37.71 13.32 81.005
v_e3m2cidj4i_0049,1 233.905 468.37 78.13 32.08 0;1 408.595 463.275 79.25 31.93 0.85;1 423.04 510.055 85.02 32.87 359.8;1 522.685 312.03 66.43 31.88 0;1 609.94 507.505 84.1 32.07 359.4;1 667.96 120.78 77.5 33.16 1.5;1 722.535 485.625 86.03 34.69 349.84;1 727.59 295.945 79.08 33.17 1.61;1 845.455 506.64 80.63 30.98 3.4286;1 850.155 439.19 73.43 30.5 3.8;1 858.56 802.94 71.88 29.36 146.5343;1 934.49 766.25 87.5 31.72 89.17;1 935.845 590.39 79.19 31.06 69.8;1 1018.335 925.405 34.17 83.39 0;1 1078.29 413.745 80.26 33.01 0.4;1 1057.325 907.27 34.95 83.2 0;1 1214.23 460.555 75.9 30.11 0.9;1 1255.705 243.73 78.35 34.74 0;1 1502.385 500.465 76.67 33.11 0.88;1 1558.355 408.785 66.17 29.57 0;1 1898.775 293.385 42.45 27.79 0;4 150.525 407.13 86.55 32.48 0;4 191.455 512.395 110.89 36.23 0;4 441.435 401.815 85.89 32.35 0;4 835.51 240.645 89.8 39.83 357.92;4 1183.33 297.97 98.72 41.64 358.66;7 10.9 456.39 21.8 55.04 0;7 81.6 340.16 93.24 37.66 0;7 272.005 298.09 89.55 32.48 1;7 540.095 457.935 189.59 47.47 0;7 788.57 166.025 143.16 44.95 17.24;7 1080.525 232.885 106.73 48.01 5.8;9 86.1 493.94 44.94 15.12 0;9 94.72 527.995 46.9 13.43 0;9 803.775 481.95 36.59 12.54 319.65;9 927.195 998.44 37.71 13.32 89.8;9 1229.36 536.225 43.78 14.31 1.94
v_e6axzz4gic_0000,1 394.515 514.17 86.71 38.36 0.2;1 958.125 697.63 37.05 88.66 0;1 959.265 401.2 35.71 76.12 18.075;1 963.57 47.285 40.46 92.37 0;1 1018.405 997.34 93.49 38.22 270.3;1 1003.81 195.15 35.7 91 2.8;1 1009.98 48.665 32.38 85.55 0;1 1019.27 710.905 38.72 84.05 0;1 1522.63 480.61 94.8 37.5 0;1 1757.38 522.13 103.44 37.82 0;4 47.62 479.27 93.58 35.02 1.1
v_e6axzz4gic_0049,1 683.46 529.495 35.7 76.11 86.7;1 963.57 47.04 40.46 91.88 0;1 984.32 568.04 35.7 91 2.8;1 989.84 266.76 32.38 85.56 4.6;1 1010.62 94.725 40.2 113.15 3.06;1 1333.98 535.565 103.44 37.81 0;1 1353.225 478.05 94.81 37.5 0;4 40.505 480.79 81.01 35.02 1.1
v_e7mpxse5t0_0000,1 10.95 519.71 21.9 8.28 88.7;1 615.525 566.395 85.51 30.47 0.6;1 766.565 506.77 30.53 78.9 83.3;1 973.755 292 33.03 79.16 7.2;1 1006.335 980.97 63.75 26.84 271.3;1 1123.39 496.71 81.74 34.42 0;1 1241.515 526.69 79.83 32.34 349.2188;1 1383.36 502.895 83.7 30.79 0;1 1676.435 495.62 90.09 30.9 0;7 1017.68 98.51 37.3 111.5 0;9 856.495 467.13 10.43 40.18 54.9833;9 1003.82 384.64 13.32 33.8 0;9 1188.37 459.02 43.24 14.34 0
v_e7mpxse5t0_0049,1 317.86 507.72 30.52 78.9 88.5;1 612.94 565.035 85.5 30.47 0.6;1 695.05 500.055 33.04 79.15 88.7;1 919.74 499.18 81.74 34.42 0;1 948.16 155.485 30.2 86.41 8.6364;1 1042.455 646.6 74.45 32.34 308.4818;1 1133.45 539.25 83.7 30.8 341.2182;1 1332.36 510.16 90.1 30.9 0;1 1703.6 498.27 86.9 31.54 2.5364;7 1018.575 289.04 37.31 111.5 0;9 391.465 534.795 10.43 39.69 83.2
v_e7tw3pbi57_0000,1 1004.15 1068.785 51.88 22.43 0
v_e7tw3pbi57_0049,1 1005.765 732.975 51.87 119.29 0;1 1843.175 501.34 96.79 45.2 353.8
v_e8heli4fnb_0000,none
v_e8heli4fnb_0049,1 1898.53 513.045 42.94 39.41 350.4
v_eaq9flrq1l_0000,1 631.56 520.88 86.96 34 0;1 795.135 526.21 93.45 36 340.3;1 921.55 427.67 29.88 78.22 23.6;1 970.715 32.325 35.61 64.65 0;1 1003.34 983.58 33.28 96.92 0;1 1014.585 243.495 31.71 83.39 0
v_eaq9flrq1l_0049,1 129.045 524.33 86.97 34 0;1 313.785 546.36 100.11 36 359.9;1 589.735 520.95 29.89 78.22 88.1;1 965.305 149.585 32.39 76.85 0;1 970.68 272.645 35.6 90.31 0;1 1015.23 637 31.72 83.38 0;9 965.84 8.63 9.7 17.2 0
v_eav0w7vfia_0000,1 183.16 579.55 31.4 83.16 90.3;1 555.795 517.05 35.61 88.62 89.4;1 629.28 571.39 32.8 82.66 86.3625;1 838.635 554.79 84.25 34.02 0.35;1 957.435 408.29 31.67 83.66 0;1 961.03 188.35 34.94 97.8 0;1 1092.585 585.035 82.69 30.89 345.4;1 1158.1 505.135 86.52 31.19 1.5;1 1622.79 520.28 91.5 35.84 0;1 1805.015 537.04 95.99 33.6 0;9 262.95 549.135 34.62 14.11 0
v_eav0w7vfia_0049,1 268.535 572.705 84.25 34.01 0.1;1 556.055 517.335 35.61 88.63 89.4;1 940.71 424.005 34.94 89.73 15.9667;1 957.27 272.005 30.5 86.61 0;1 958.255 727.125 31.67 77.19 0;1 984.165 933.105 78.25 30.89 270.3222;1 959.705 145.985 28.65 78.67 2.2;1 1062.05 511.155 86.52 31.19 358.819;1 1298.325 521.13 87.45 35.84 0;1 1398 548.44 93.28 33.6 355.2111;1 1533.25 523.025 100.98 30.55 0
v_ebzysvwmau_0000,1 667.065 541.985 102.49 43.35 0;1 1088.815 496 110.37 45.98 0;1 1870.32 507.825 99.36 56.49 0
v_ebzysvwmau_0049,1 456.845 522.275 110.37 45.99 0;1 1304.685 542.01 108.53 48.66 0
v_edolca79vr_0000,1 79.38 525.545 97.84 44.67 359.8571;9 1906.62 461.615 26.76 19.25 337.9
v_edolca79vr_0049,9 1190.7 482.015 47.62 19.25 2.7
v_eea1grnl0f_0000,1 24.45 474.09 48.9 35.82 0;1 506.48 466.465 91.66 38.05 0;4 1672.355 488.09 93.59 39.32 0;6 973.34 721.42 52.5 199.96 0;9 516.9 522.91 54.36 15.42 0
v_eea1grnl0f_0049,1 974.38 1036.65 35.44 86.7 0;1 1231.07 462.8 94.3 35.82 0;1 1780.315 479.715 91.67 38.05 0;6 973.88 642.26 52.5 192.86 0;9 1458.005 533.845 41.87 13.27 0
v_eegu44ulko_0000,1 202.545 490.845 93.97 37.37 0;1 355.675 548.9 94.03 36.6 0;1 362.16 494.45 96.9 39.56 0;1 489.955 485.54 101.03 37.76 359.7;1 515.155 543.615 85.09 34.37 0;1 606.205 484.67 96.87 38.04 0;1 609.595 539.74 91.15 36.82 359.6;1 711.76 542.54 108.74 39.28 359.3;1 721.8 488.06 83.42 39.42 0;1 827.2 472.01 87.62 35.58 347.8868;1 852.68 551.18 92.34 39.38 0;1 920.885 241.41 40.53 92.72 0;1 919.03 817.26 35.98 90 0;1 925.355 686.145 37.71 87.25 0;1 928.485 959.885 38.09 87.85 0;1 932.97 560.625 40.66 100.85 0;1 979.745 498.21 39.65 94.4 0;1 981.17 696.44 35.52 89.08 0;1 1000.205 893.47 37.97 91.3 0;1 1286.15 497.455 85.26 38.05 358.8;1 1487.58 487.165 42.36 91.15 86.9;1 1616.495 487.34 36.57 93.4 89.1;1 1741.695 478.355 96.79 39.93 359.8;1 1887.69 485.895 44.44 87.75 88.7;4 213.77 549.315 148.18 48.01 0.6;7 983.08 264.72 42.74 115.58 0;9 1017.26 221.245 11.66 39.57 357.2
v_eegu44ulko_0049,1 233.085 490.3 91.73 35.16 0;1 374.895 493.315 94.45 39.57 0;1 394.29 548.45 91.96 36.6 0;1 492.335 485.43 98.81 37.76 359.7;1 517.385 544.065 85.09 34.37 0;1 611.21 484.035 94.94 38.03 0;1 610.065 539.74 88.59 36.82 359.6;1 714.565 541.79 107.71 37.48 359.3;1 723.08 487.775 83.42 39.41 0;1 828.94 470.65 87.62 35.58 347.1167;1 854.98 551.14 92.34 39.38 0;1 917.45 25.79 40.66 51.5 0;1 919.785 242.51 37.71 87.24 0;1 921.9 458.77 35.98 90 0;1 927.64 916.06 36.42 91.08 0;1 935.055 669.405 38.09 87.85 0;1 973.145 160.99 37.15 89.08 0;1 984.77 830.355 39.02 100.43 0;1 992.265 974.88 36.65 93.58 0;1 1030.395 594.03 37.97 91.3 26.61;1 1369.655 494.885 86.93 38.05 358.8;1 1488.09 486.655 42.36 91.15 86.9;1 1616.675 487.36 36.57 93.4 89.1;1 1741.355 478.47 96.79 39.94 359.8;1 1887.92 486.035 44.44 87.75 88.7;4 234.29 548.52 143.04 41.46 0.6;9 259.48 517.995 44.28 11.05 0
v_ef3r28lnxa_0000,1 539.205 490.16 113.19 33.7 0;1 598.45 541.34 98.1 39.62 1.7;1 769.66 483.01 96.7 37.26 0;1 894.84 1002.63 31.7 91.7 0;1 898.62 814.02 34.2 95.7 0;1 911.14 35.95 34.7 71.9 0;1 911.44 311.83 32.8 86.1 0;1 949.27 1039.475 36 81.05 351.7;1 963.08 691.665 30.2 84.45 1.4;1 983.47 937.905 32.44 84.67 0;1 1811.53 498.625 94.46 35.17 0;9 385.265 455.03 46.99 16.08 0;9 967.16 227.63 14 37.5 0
v_ef3r28lnxa_0049,1 101.6 467.61 97.3 36.9 0;1 277.805 491.07 96.53 35.66 0;1 714.1 488.64 111.54 33.7 0;1 928.09 485.23 96.7 37.26 0;1 901.265 1022.28 35.47 89.2 0;1 907.64 800.82 31.7 91.7 0;1 916.83 147.71 34.2 95.7 0;1 951.88 544.01 98.1 39.62 1.7;1 946.55 861.66 36 93.22 1;1 951.4 1055.035 36.68 49.93 345.7;1 984.61 937.86 32.44 84.68 0;1 986.29 20.265 30.2 40.47 1.4;1 1828.67 499.66 94.46 35.16 0;9 992.975 448.31 46.99 16.08 0
v_ef7bmdjv8u_0000,1 1581.53 504.975 91.94 38.27 0
v_ef7bmdjv8u_0049,1 694.36 486.98 96.9 36.9 0;8 544.935 439.8 65.55 27.1 0
v_ehncupbcqt_0000,1 9.905 457.525 18.95 36.23 0;1 987.71 502.99 94.16 39.46 0;1 997.56 106.8 92.94 33.14 265.7909;1 971.75 1033.8 38.1 92.4 0;1 1546.265 501.495 93.13 34.63 0;8 373.31 463.47 91.54 33.8 0
v_ehncupbcqt_0049,1 202.925 511.72 98.17 35.3 0;1 496.945 456.185 90.13 36.23 0;1 972.95 629.18 38.1 92.4 0;1 976.655 1053.585 36.65 52.17 0;8 810.18 462.46 91.54 33.8 0
v_eilhfkjezh_0000,1 14.78 420.825 29.56 32.71 0;1 78.91 513.6 84.4 32.72 0;1 125.04 416.19 83.6 33.42 0;1 177.41 521.855 91.62 34.15 0;1 220.995 415.765 89.47 34.35 0;1 303.785 518.575 89.79 32.07 0;1 343.27 422.63 79.46 32.78 0;1 374.38 471.09 79.44 30.1 0;1 462.72 417.395 87.3 32.71 0;1 494.19 468.6 78.7 33.56 0;1 576.685 517.005 82.43 33.15 0;1 577.96 465.295 81.98 34.59 0;1 578.04 416.235 81.98 31.79 0;1 687.49 476.405 87.8 33.83 0;1 702.56 422.2 79.16 32.68 0;1 704.975 518.595 79.95 32.93 0;1 837.84 815.01 71.88 29.36 161.2;1 926.09 353.44 27.88 60.52 319.5;1 1320.035 248.36 79.31 35.34 359.3;1 1349.4 300.18 75.96 34.3 0;1 1421.275 247.285 84.81 34.35 0;1 1440.14 342.14 103.04 37.32 0;1 1579.99 342.405 99.74 38.17 0;1 1612.86 292.64 87.02 35.6 0;1 1684.375 244.415 87.55 35.43 0;1 1714.59 298.23 91.76 36.9 0;1 1755.85 348.295 102.26 38.61 0;2 1222.11 298.15 87.76 38.7 0;2 1547.965 246.98 105.13 36.12 0;4 218.345 468.91 82.79 30.2 0;4 1224.595 164.5 88.05 39.06 0;4 1487.84 295.695 100.7 39.29 0;7 72.18 468.43 126.3 34.36 0;7 440.33 520.415 136 41.25 0;7 1251.975 348.535 114.59 34.97 0;7 1832.095 294.42 123.19 39.52 0;9 772.2 456.11 41.92 11.58 1.12;9 817.315 451.15 38.99 14 0;9 1184.585 234.61 38.91 18.04 0
v_eilhfkjezh_0049,1 15.015 421.435 30.03 32.71 0;1 79.7 513.86 84.4 32.72 0;1 125.99 417.14 83.6 33.42 0;1 177.52 522.885 91.62 34.15 0;1 227.02 417.085 89.46 34.35 0;1 303.57 519 89.78 32.06 0;1 346.175 423.49 79.47 32.78 0;1 382.195 471.48 79.43 30.1 0;1 373.45 297.77 26.26 59.02 272;1 462.8 417.64 87.3 32.7 0;1 501.405 468.905 78.69 33.57 0;1 578.125 416.45 81.99 31.8 0;1 664.22 466.865 81.98 34.59 0;1 684.78 517.03 82.44 33.16 0;1 738.49 422.755 79.16 32.69 0;1 790.94 481.165 87.8 33.83 1.3;1 837.775 815.13 71.89 29.36 161.2;1 888.365 548.66 79.95 32.94 33.25;1 1015.36 1037.015 31.44 82.29 0;1 1016.9 912.515 26.8 75.87 0;1 1062.675 910.83 29.85 87.18 0;1 1185.03 302.255 72.3 34.29 0;1 1232.955 250.845 79.31 35.33 359.3;1 1292.08 344.195 103.04 37.33 0;1 1354.065 250.655 84.81 34.35 0;1 1538.57 343.595 99.74 38.17 0;1 1607.58 294.335 87.02 35.59 0;1 1680.88 245.24 87.54 35.42 0;1 1712.65 346.875 102.26 38.61 0;1 1711.05 298.605 91.76 36.91 0;2 1033.575 299.785 83.55 38.71 0;2 1546.455 249.295 105.13 36.11 0;4 226.245 469.82 82.79 30.2 0;4 1187.925 165.745 88.05 39.07 0;4 1410.46 298.65 100.7 39.3 0;7 74.46 468.98 126.3 34.36 0;7 442.33 522.255 136 41.25 0;7 1072.49 348.735 109.06 34.97 0;7 1831.475 294.62 123.19 39.52 0;9 1000.825 226.335 38.91 18.03 6.56;9 1129.2 470.87 41.92 11.58 1;9 1259.86 454.75 44.12 15.9 359.6
v_ejaqunqygk_0000,1 364.73 521.795 93.86 40.45 357.7;1 659.825 535.025 89.57 38.87 0.2
v_ejaqunqygk_0049,1 74.285 530.495 94.25 38.87 0.2;1 1381.74 518.17 96.76 40.66 1.4
v_ekggzx1t6n_0000,1 576.82 1019.755 87.22 38.65 359.65;1 918.145 861.19 31.41 79.1 0;1 923.465 987.76 37.95 85.88 0;1 969.51 816.485 33.74 78.65 0;1 971.645 1033.235 31.29 81.33 0;1 975.27 915.395 31.5 82.19 0;7 731.225 469.905 80.47 29.73 0;9 925.035 678.57 10.75 34.04 357.8;9 948.66 1044.84 11.6 36.3 0
v_ekggzx1t6n_0049,1 568.91 1013.995 87.22 38.65 359.3;1 913.32 812.765 37.26 85.19 0;1 915.915 599.315 31.41 79.09 357.76;1 958.24 719.395 33.74 78.65 356.3;1 964.07 1031.845 31.28 81.33 0;1 967.76 845.305 31.5 82.19 0;7 730.93 469.265 80.46 29.73 0;9 798.585 284.215 10.75 33.73 320.03;9 927.895 911.265 11.47 39.49 356.25;9 940.9 776.48 11.6 36.3 0
v_en1337d17s_0000,1 311.21 573.11 29.7 86.74 88.7;1 500.105 576.25 71.91 28.66 359.2;1 559.24 515.63 35.6 88.62 89.4;1 744.59 516.88 38.2 86 84.7689;1 781.915 573.395 83.87 34.41 354;1 964.67 185.25 35.94 92.8 0;1 967.735 347.695 31.29 83.61 0
v_en1337d17s_0049,1 35.81 573.04 71.62 28.66 359.2;1 251.685 571.345 83.87 34.41 359.7;1 559.795 513.805 35.61 88.63 89.4;1 713.87 521.46 38.2 86 80.1783;1 947.255 431.995 35.93 84.99 13.7;1 970.61 259.16 32.1 84.1 0;1 975.655 711.74 31.29 78.76 358.0667
v_endcg53tby_0000,1 47.48 453.03 94.96 40.78 0;1 337.835 449.88 94.47 36.5 0;1 562.52 446.125 96.52 37.67 0;1 930.955 175.415 104.97 39.11 271.16;1 954.05 853.06 39.78 89.7 0;1 970.325 471.55 36.99 90.66 0;1 1392.585 495.345 91.37 35.87 0;1 1616.32 463.71 86.7 35.32 359.2;1 1781.325 537.405 92.99 35.53 0;1 1805 485.825 87.48 39.65 0;2 717.06 449.86 67.5 31.52 0
v_endcg53tby_0049,1 164.13 498.84 103.6 37.1 0;1 468.03 454.905 107.24 40.77 0;1 663.595 454.945 92.41 36.49 0;1 889.165 451.265 93.37 37.67 0;1 952.215 621.01 39.79 89.7 0;1 956.11 45.89 38.8 91.48 0;1 1782.255 538.085 92.99 35.53 0;2 1156.045 448.99 65.37 31.16 0
v_eoh93jsr7p_0000,1 31.385 469.96 62.77 36.94 0.1;1 458.555 534.905 36.13 90.71 89.6;1 618.825 470.42 86.19 38.88 356.88;1 689.46 532.25 86.82 35.16 357.5;1 856.08 485.365 36.92 75.85 58.8;1 962.12 45.42 40.84 90.84 0;1 1003.1 512.125 75.78 33.61 0;1 1012.405 23.5 35.73 47 0;1 1021.82 320.89 34.34 78.08 6.06;1 1432.375 510.64 96.71 36.02 0;1 1589.06 505.63 77.32 33.54 0;1 1686.51 474.54 93.2 37.5 0;1 1824.585 513.81 97.01 35.88 0;4 1310.535 499.99 122.57 43.4 0.2
v_eoh93jsr7p_0049,1 105.825 529.485 91.05 36.49 0;1 349.44 535.92 36.92 77.26 90.9;1 462.54 487.92 86.18 38.88 356.8;1 677.15 533.68 75.78 33.62 356.3;1 912.91 475.52 34.34 78.08 59.3;1 960.395 46.1 37.39 92.2 0;1 977.525 295.02 37.07 92.3 7.4;1 1022.43 161.86 38.12 89.6 0.4;1 1368.17 514.76 92.1 35.5 356.3;1 1531.19 505.805 77.32 33.53 0;1 1649.51 521.61 97 35.88 358.9;1 1680.65 474.03 93.2 37.5 0;1 1810.39 511.85 88.76 39.46 354.9;4 1191.585 500.74 122.57 43.4 0.2
v_ep91iqevu2_0000,1 1736.24 564.465 95.7 39.89 0;1 1868.925 495.805 102.15 38.91 0;9 1124.05 604.01 13.8 48.7 49.3
v_ep91iqevu2_0049,1 438.97 491.86 96.1 40.56 0;9 1733.755 589.83 13.81 48.7 89.7
v_epabhznuqh_0000,1 981.12 990.845 37.9 96.01 0;1 990.495 766.58 34.13 92.24 0.525;1 1075.67 612.615 36.56 102.03 43.9;1 1237.985 561.915 96.77 34.59 0;1 1483.705 546.74 33.33 84.8 87.075;1 1859.825 552.04 32.39 106.82 86.8;9 1432.27 485.385 54.5 13.87 0
v_epabhznuqh_0049,1 999.54 737.305 37.9 96.01 7.9;1 1082.78 553.93 34.14 92.24 51.05;1 1623.215 518.685 36.57 102.03 86.4;1 1888.4 575.59 63.2 34.6 0
v_eq51s4bt3a_0000,1 131.64 476.865 86.9 37.07 0;1 238.485 482.24 99.35 38.98 0;1 605.775 493.23 98.93 44.3 0;1 729.08 492.155 90.82 36.47 0;1 823.16 544.525 104.72 42.83 0;1 827.81 484.38 93.78 37.28 0;1 917.245 450.83 33.59 85.5 359.7;1 933.045 25.5 34.13 51 0;1 1003.65 493.78 102.7 40.78 0;1 976.675 832.64 37.35 91.82 0;1 980.655 194.86 34.69 85.88 8.64;1 1009.04 610.745 34.48 72.29 18.4;1 1078.905 546.97 98.49 36.5 354.8;1 1103.81 485.655 96.7 38.35 0;1 1214.02 494.86 96.4 42.92 0;1 1267.595 542.53 37.99 103.5 90.5;1 1320.15 493.295 96.24 38.79 0;1 1386.895 555.075 101.99 39.07 3.6;1 1419.89 499.53 98.88 38 1.2;1 1523.94 551.34 94.2 38.1 0;1 1567.965 510.345 93.21 37.35 358.2;1 1634.51 557.4 105.08 39.3 0;1 1665.285 507.1 89.05 36.18 0;1 1750.515 558.25 101.91 37.74 0.1;1 1790.66 502.415 101.1 36.25 359.1;1 1855.935 568.615 91.81 32.63 0;1 1889.395 502.395 61.21 36.25 0;9 868.205 783.105 15.27 36.65 347.8;9 884.17 583.14 45.4 19.7 0;9 950.085 515.18 12.23 41 356.8
v_eq51s4bt3a_0049,1 68.35 482.86 91.82 41.04 0;1 229.02 488.16 116.44 38.58 357.7;1 373.27 481.055 86.9 37.07 0;1 484.905 485.785 99.35 38.99 0;1 613.265 494.73 98.93 44.3 0;1 728.26 490.295 90.82 36.47 0;1 822.915 542.37 104.71 42.84 0;1 829.72 482.405 93.78 37.27 0;1 1001.75 492.78 102.7 40.78 0;1 977.815 793.645 37.35 91.81 0;1 1008.78 609.625 34.48 72.29 18.4;1 1077.54 546.22 98.5 36.5 354.8;1 1103.04 484.49 96.7 38.36 0;1 1213.635 493.62 96.41 42.92 0;1 1267.295 541.59 37.99 103.5 90.5;1 1319.37 491.965 96.24 38.79 0;1 1386.695 553.985 101.99 39.07 3.6;1 1419.725 498.88 98.89 38 1.2;1 1522.44 550.31 94.2 38.1 0;1 1570.06 509.085 93.2 37.35 358.2;1 1634.06 556.18 105.08 39.3 0;1 1663.725 506.4 89.05 36.18 0;1 1748.825 557.23 101.91 37.74 0.1;1 1787.89 501.675 101.1 36.25 359.1;1 1853.67 567.875 91.82 32.63 0;1 1888.925 501.775 62.15 36.25 0;9 871.68 767.17 15.26 36.64 0.5703;9 904.78 1023.06 15.76 36.28 0;9 1142.4 587.07 45.4 19.7 2.9
v_eqw2r2olll_0000,1 29.85 573.12 59.7 28.66 359.2;1 241.635 571.125 83.87 34.41 359.7;1 559.795 513.74 35.61 88.62 89.4;1 711.34 522.23 38.2 86 79.6304;1 945.55 438.215 35.94 84.69 15.5;1 970.54 264.83 32.1 84.1 0;1 975.965 720.94 31.29 79.76 358.5
v_eqw2r2olll_0049,1 518.56 565.78 38.2 86 88.6917;1 559.795 510.67 35.61 88.62 89.4;1 733.845 564.45 35.93 87.9 81.1167;1 884.51 514.01 32.1 84.1 50.9417;1 968.44 952.52 31.28 79.24 5.4;1 995.37 127.78 30.12 78.48 0
v_es87pt0iw5_0000,1 199.06 506.49 78.28 33.56 358.7;1 1006.895 123.225 29.71 82.59 0;1 1242.795 474.45 80.25 32.2 0;1 1343.28 503.63 76.52 30.86 350.9357;1 1479.45 500.065 83.3 31.91 358.1;1 1607.615 500.66 91.37 29.7 0;1 1724.555 491.825 83.15 27.79 0;9 636.15 527.24 35.7 13.62 0;9 937.705 368.675 13.07 38.95 13.6667
v_es87pt0iw5_0049,1 980.37 386.835 29.72 82.59 10.0714;1 1009.24 29.75 29.6 59.5 0;1 1025.995 242.71 32.23 79.4 0;1 1179.365 476.08 80.25 32.2 0;1 1298.295 515.33 76.51 30.86 346.575;1 1465.26 501.905 83.3 31.91 358.1;1 1595.255 500.83 91.37 29.7 0;1 1718.865 492.295 83.15 27.79 0;9 684.02 506.26 13.06 38.94 89.2;9 1631.155 459.02 42.09 9.62 0
v_ewmzixv877_0000,1 119.96 534.975 94.3 38.57 359.9;1 702.135 524.965 38.89 92.21 271.1
v_ewmzixv877_0049,1 215.135 536.46 38.89 98.6 269.8
v_eya6npn5oa_0000,1 1359.47 487.46 102.48 44.68 0
v_eya6npn5oa_0049,1 1203.12 484.835 102.48 44.67 0;9 303.125 536.73 44.67 27.6 0
v_ezo72gwc0x_0000,1 159.9 498.945 93.3 41.75 0;1 820.73 492.365 92.24 39.59 0;1 903.77 423.465 90.84 35.99 0;1 958.875 608.21 42.21 92.7 0;1 1085.21 566.51 34.56 85.66 63.1;1 1118.045 512.055 36.31 86.15 75.6;1 1456.37 480.745 94.46 42.73 0
v_ezo72gwc0x_0049,1 353.505 463.925 91.73 37.69 0;1 985.675 494.965 89.97 41.75 0;1 972.155 229.365 42.21 92.69 0;1 1085.435 567.425 34.55 85.67 63.1;1 1693.19 535.18 36.96 90.58 91.1667;1 1731.43 474.785 95.34 39.59 0
v_f10snu2xkp_0000,1 152.66 505.43 95.92 36.2 0;1 608.2 531.215 92.56 37.95 357.2;1 728.125 489.875 101.51 39.43 0;1 1003.485 230.645 102.15 39.39 271.6;1 1386.35 508.425 95.2 40.33 358.3125;2 42.7 549.5 85.4 43.04 0;7 405.53 469.275 101.64 42.47 0;9 373.845 523.27 48.29 14.7 0
v_f10snu2xkp_0049,1 940.21 514.27 95.92 36.2 0;1 1384.845 555.375 92.57 37.95 359.8;1 1503.29 510.88 101.5 39.42 0;2 712.14 518.3 129.36 43.04 358.52;7 892.6 440.33 101.64 42.48 351.88;9 1145.865 508.88 48.29 14.7 0
v_f1lh7z872p_0000,1 1059.34 464.13 98.92 39.46 27.4
v_f1lh7z872p_0049,1 1005.73 64.52 98.92 39.46 91.8
v_f2z13lvspo_0000,1 24.35 544.19 48.7 32.7 0;1 616.99 566.595 85.5 30.47 359.6;1 804.86 510.255 36.1 100.07 75.4;1 995.305 869.74 89.51 33.3 273.3889;1 974.615 235.49 30.53 78.9 5.7;1 1009.78 25.345 33.04 50.31 0;1 1097.17 601.31 63.76 26.84 327.8778;1 1257.57 493.77 86.78 34.42 0;1 1445.26 506.445 83.08 33.69 0;1 1625.66 503.045 83.7 30.79 0;9 957.515 137.96 10.43 42.66 0;9 1446.255 464.795 45.93 14.35 0
v_f2z13lvspo_0049,1 15.31 519.515 30.62 25.73 88.7;1 615.56 566.4 85.5 30.46 0.6;1 777.025 506.1 30.53 78.9 82.1;1 974.405 287.555 33.03 79.15 7.2;1 1006.82 970.92 63.76 26.84 271.3;1 1125.31 496.71 81.74 34.42 0;1 1245.835 525.72 79.83 32.34 349.625;1 1387.14 502.885 83.7 30.79 0;1 1686.17 495.4 90.1 30.9 0;7 1017.74 91.08 37.3 111.5 0;9 863.245 462.39 10.43 40.68 48.2667;9 1005.9 374.02 13.32 33.8 0;9 1191.34 459.305 43.24 14.35 0
v_f3udnghxgk_0000,none
v_f3udnghxgk_0049,1 571.235 450.575 94.41 34.01 356.6;1 618.81 558.71 105.3 35.9 0
v_f48dtu7jdz_0000,1 1340.525 490.43 110.93 46.72 1.2
v_f48dtu7jdz_0049,1 1016.74 407.965 110.94 46.71 58.36
v_f5uw41z68a_0000,1 421.435 550.9 29.99 81.1 89.2;1 635.005 487.86 86.83 30.34 359.7;1 968.545 130.965 30.31 79.99 358.875;1 981.5 349.28 29.98 83.7 358.575;1 1014.45 232 29.2 78.3 3.9;1 1016 1063.8 31.52 32.4 359.4;1 1153.64 530.865 78 33.87 356.7375;1 1222.505 480.27 83.21 30.6 0.4;1 1354.495 520.73 84.17 30.3 352.4125;2 826.74 546.74 104.04 32.68 357.3;7 1558.38 495.125 110.32 36.07 0
v_f5uw41z68a_0049,1 635.045 488.72 86.83 30.34 359.7;1 858.24 482.97 29.2 78.3 58.1;1 946.915 341.87 30.71 81.82 353.2;1 966.73 635.5 29.98 80.38 1.4;1 973.905 210.21 28.21 79.98 357;1 1046.465 531.735 77.07 31.89 357.2;1 1196.81 560.09 83.54 30.3 346.7;1 1222.55 480.64 83.2 30.6 0.4;1 1671.83 500.32 87.1 31 0;2 360.665 556.805 104.05 32.69 358.1;7 1425.545 497.19 105.31 36.38 357.9
v_f8ewm2eskx_0000,1 305.565 535.4 84.61 30.46 0.5;1 634.925 486.1 86.83 30.34 359.7;1 881.275 477.34 34.37 77.84 51.8826;1 967.04 117.81 29.98 83.7 3.1;1 995.635 261.3 29.99 81.1 6.5609;1 1017.71 145.15 31.52 71.3 359.8261;1 1222.41 479.53 83.2 30.6 0.4;1 1496.4 501.58 84.5 34.58 359.7391;1 1676.16 507.5 88.6 30.3 0;2 1346.705 514.82 109.53 32.68 355.0348
v_f8ewm2eskx_0049,1 258.85 547.39 34.36 77.84 89.1;1 634.965 486.96 86.83 30.34 359.7;1 875.975 480.5 29.99 81.1 45.8368;1 968.46 25.64 30.32 51.28 7.2;1 970.32 169.05 29.98 83.7 358.6316;1 1021.155 436.42 31.51 71.3 0.6;1 1025.41 10.4 29.2 20.8 0;1 1222.46 479.9 83.2 30.6 0.4;1 1346.65 512.58 84.5 34.58 352.5263;1 1472.93 507.58 88.6 30.3 0;2 1209.545 525.73 104.05 32.68 354.9632;7 1701.895 496.295 114.85 33.87 0
v_f8qy04g8r7_0000,1 737.31 509.57 71.88 29.36 357.584;1 1006.39 973.285 31.32 76.95 0;1 1009.375 1073.27 33.63 13.46 0;1 1058.92 995.02 31.32 80.3 0;1 1059.6 891.36 27.44 66.84 0;7 1059.565 1063.595 36.81 32.81 0;8 1016.285 888.81 27.79 72.82 0
v_f8qy04g8r7_0049,1 737.195 509.46 71.89 29.36 357.4742;1 1006.105 972.125 31.31 76.95 0;1 1009.375 1073.37 33.63 13.26 0;1 1058.29 995.8 31.32 80.3 0;1 1059.02 891.5 27.44 66.84 0;7 1059.565 1062.47 36.81 35.06 0;8 1016.085 889.41 27.79 72.82 0
v_f9kd5a8snx_0000,1 139.27 543.05 106.2 36.94 0;1 704.51 492.06 101.54 39.5 0;1 872.705 555.73 103.51 38.1 0;1 981.5 989.18 39.1 92.36 0;1 982.43 647.04 33.4 96.4 0;1 990.81 792.69 39.1 89.8 0;1 1819.38 507.36 79.7 37.2 0
v_f9kd5a8snx_0049,1 982.61 890.7 39.1 92.36 0;1 980.56 640.5 33.4 96.4 0;1 985.62 1013.55 37.4 95.1 0;1 990.71 780.04 39.1 89.8 0;1 1192.98 526.215 106.2 36.95 0;1 1646.97 520.35 101.54 39.5 0;8 701.485 491.985 67.45 28.93 0
v_fagig0safe_0000,1 39.22 549.265 34.22 77.47 89.4;1 963.24 47.35 40.46 94.7 0;1 1009.24 58.42 34.7 90.2 0;1 1017.525 206.55 39.19 93.1 0;1 1025.405 1053.825 33.61 52.35 0;1 1072.125 529.77 87.87 36.74 356.6933;1 1264.955 472.09 90.21 37.5 0;7 1017.02 348.645 42.76 101.51 0
v_fagig0safe_0049,1 528.6 535.695 87.76 36.73 0;1 962.33 47.22 40.46 94.44 0;1 969.36 223.36 34.7 88.2 9.2;1 1005.165 536.11 39.19 93.1 1.9;1 1011.395 135.88 36.95 92.64 357.1;1 1089.38 476.275 86.06 34.99 358.4;7 1016.735 695.325 39.15 92.47 0
v_fbotggz6sd_0000,1 533.95 1019.935 77.74 35.87 0;1 523.705 250.75 35.19 77.96 273.35;1 866.58 442.435 34.82 85.13 344.5;1 885.025 364.11 31.47 79.16 341.47;1 903.405 570.465 34.21 79.99 351.5;1 905.56 834.585 31.36 79.85 2.88;1 909.26 1056.07 35.6 47.86 0;1 915.575 695.14 34.79 80 0;1 930.69 473.065 31.14 77.27 344.77;1 955.78 620.325 35.54 79.67 358.16;1 1133.655 277.855 81.43 37.35 0;1 1218.165 233.02 89.31 39.44 0;1 1566.095 425.56 37.99 83.22 86.7;1 1676.725 279.995 86.63 36.89 0;2 1088.425 231.67 93.27 37.2 0;7 1169.805 322.355 102.23 42.39 0;9 45.57 485.32 38.4 11.76 0
v_fbotggz6sd_0049,1 127.87 463.885 82.8 34.71 5.68;1 273.545 424.37 86.17 34.94 0;1 502.725 469.06 81.61 32.06 0.8;1 531.585 1019.035 77.75 35.87 0;1 680.055 130.55 32.19 79.16 285.84;1 710.835 262.5 34.83 85.14 285.3;1 820.015 282.62 28.65 74.5 307.6;1 857.325 396.3 34.21 80 340.62;1 894.725 496.75 34.79 80 349.09;1 907.84 595.94 31.36 77.2 354.78;1 917.135 347.03 35.53 78.28 343.65;1 917.36 744.255 33.1 84.41 0;1 1086.485 277.45 81.43 37.34 0;1 1197.75 229.765 89.3 39.45 0;1 1295.23 279.045 82.2 36.89 0;1 1789.69 275.39 87.56 37.9 0;2 1088.895 229.29 93.27 37.2 0;4 1782.835 325.93 98.89 37.36 0;7 1109.49 319.425 102.24 42.39 0;9 746.15 510.325 38.4 11.75 12.6;9 1612.575 215.595 51.67 14.13 0
v_fbwnufjbee_0000,1 601.545 538.885 89.29 38.57 359.9;1 990.395 640.81 38.89 95.34 347.34
v_fbwnufjbee_0049,1 134.28 535.495 94.3 38.57 359.9;1 713.155 524.905 38.89 92.21 271.1
v_fefmbqbs82_0000,1 175.77 519.72 115.82 46.04 0
v_fefmbqbs82_0049,none
v_fellnhgoex_0000,1 183.345 479.565 92.81 36.39 6.98;1 417.07 535.95 36.18 90.54 88.24;1 796.415 521.16 90.85 35.36 356.4;1 965.78 46.685 40.84 93.37 0;1 1015.665 747.505 74.45 35.57 281.7;1 1013.38 263.485 34.32 92.19 0;1 1018.835 88.02 34.83 93.82 0;1 1247.515 480.535 91.05 37.75 0.7;1 1375.065 520.47 102.59 36.5 355.01;1 1530.565 492.485 96.35 35.15 0;1 1713.09 518.625 91.1 34.53 0;9 604.635 499.765 12.57 36.85 86.3;9 993.205 74.805 10.95 42.43 0
v_fellnhgoex_0049,1 79.94 472.005 92.82 36.39 3.2;1 241.31 545.205 90.86 35.35 0;1 964.855 46.8 40.83 93.6 0;1 994.54 660.505 35.78 86.87 0.9;1 1005.265 260.205 34.83 93.81 10.62;1 1008.24 131.17 36.92 78.3 4.26;1 1040.82 479.075 86.24 34.39 0.7;1 1125.995 540.6 99.23 36.5 355.2;1 1293.61 488.16 91.22 35.16 0;1 1452.07 512.63 87.82 34.98 0;1 1878.89 518.425 82.22 36.03 0;4 1658.51 503.125 139.06 45.97 0.8;9 79.73 504.9 12.58 37.92 89.54;9 908.425 413.15 10.95 39.04 28.48
v_ffgf6zmmpt_0000,1 986.55 519.73 102.38 44.48 0.4
v_ffgf6zmmpt_0049,1 377.55 520.165 102.38 44.47 0.4
v_ffsm6r2786_0000,1 243.89 546.18 29.2 78.3 88.6;1 599.07 537.405 71.62 31.89 2.6727;1 635.075 489.615 86.83 30.35 359.7;1 975.105 6.81 31.01 13.26 0;1 975.55 278.68 28.22 79.98 358.7188;1 979.255 1056.15 29.99 47.7 357.5;1 986.235 662.635 30.71 81.81 354.5438;1 1016.03 926.88 79.16 30.3 272.5812;1 1017.395 120.39 31.13 83.1 358.4;1 1222.6 481.01 83.2 30.6 0.4;1 1409.495 504.72 83.45 31 0;1 1526.63 500.97 88.6 33.32 0;7 1290.03 514.2 103.56 36.38 349
v_ffsm6r2786_0049,1 104.945 494.295 80.01 31.89 2.1091;1 636.465 489.15 86.83 30.34 359.7;1 959.48 256.71 31 85.9 0.1;1 960.785 147.43 28.67 70.26 3.7;1 964.98 619.55 28.22 75.64 1.7667;1 977.07 50.52 30.34 81.6 4.5;1 1021.605 300.67 31.13 83.1 358.4;1 1224.07 480.36 83.2 30.6 358.2;1 1240.31 523.91 82.42 31 354.8;1 1364.63 514.105 84.64 33.31 352.9;7 1079.115 553.41 98.83 36.38 352.7385
v_fgp0mlcifa_0000,1 162.92 491.085 93.98 37.37 0;1 315.36 495.135 96.9 39.57 0;1 344.74 550.43 94.02 36.6 0;1 440.355 488.56 101.03 37.76 359.7;1 462.055 545.695 88.03 36.07 0;1 555.54 541.58 91.6 36.82 359.6;1 571.91 486.02 96.86 38.04 0;1 681.845 543.715 112.77 41.63 359.3;1 691.815 491.565 88.09 39.97 0;1 817.09 475.62 87.62 35.58 348.5;1 829.36 551.175 92.34 39.37 0;1 919.7 890.05 37.72 87.24 0;1 919.14 1046.25 35.98 67.5 0;1 925.69 724.86 40.66 100.84 0;1 926.235 593.17 40.53 92.72 0;1 986.305 490.335 85.27 38.05 356.6833;1 975.075 936.325 35.53 89.09 0;1 976.235 42.995 35.61 85.99 357.1;1 980.135 781.85 39.65 94.4 0;1 1003.705 1055.72 36.33 48.56 0;1 1464.53 488.35 42.36 91.14 86.9;1 1616.76 487.525 36.56 93.41 89.1;1 1745.065 478.63 96.79 39.94 359.8;1 1888.08 486.41 44.44 87.74 88.7;4 72.12 549.615 141.4 48.01 1.8;7 984.165 603.555 42.75 119.41 0;9 1023.24 646.425 11.66 39.57 0.25
v_fgp0mlcifa_0049,1 201.46 490.89 93.98 37.36 0;1 354.42 549.02 94.02 36.6 0;1 361.425 494.475 96.91 39.57 0;1 489.935 485.54 101.03 37.76 359.7;1 515.015 543.615 85.09 34.37 0;1 605.83 484.67 96.86 38.04 0;1 609.58 539.74 91.24 36.82 359.6;1 711.78 542.555 108.78 39.35 359.3;1 721.54 488.045 83.42 39.41 0;1 827.17 472.03 87.62 35.58 347.9113;1 852.59 551.2 92.34 39.38 0;1 921.075 253.98 40.53 92.72 0;1 919.03 822.08 35.98 90 0;1 925.13 690.195 37.72 87.25 0;1 928.545 964.855 38.09 87.85 0;1 932.97 566.665 40.66 100.85 0;1 979.855 506.6 39.65 94.4 0;1 980.875 703.1 35.53 89.08 0;1 1000.27 897.52 37.98 91.3 0;1 1280.35 497.705 85.26 38.05 358.8;1 1487.57 487.175 42.36 91.15 86.9;1 1616.49 487.34 36.56 93.4 89.1;1 1741.765 478.355 96.79 39.93 359.8;1 1887.69 485.895 44.44 87.75 88.7;4 213.58 549.285 148.18 48.01 0.6;7 983.18 277.92 42.74 115.58 0;9 1017.95 235.205 11.66 39.57 357.2
v_fh3g81jzpt_0000,1 81.595 452.71 107.17 41.04 0;1 495.59 503.5 105.16 40.84 0;1 513.575 449.225 81.83 37.37 0;1 897.2 270.65 42.1 96.72 0;1 902.46 1012.015 36.26 89.41 0;1 907.295 545.205 42.63 92.73 0;1 907.01 847.36 38.5 95.2 0;1 971.425 413.8 40.15 94.02 0;1 970.63 719.78 36.74 84.6 0;1 1787.715 531.125 92.99 35.53 0;7 969.565 1006.6 39.85 120.08 0
v_fh3g81jzpt_0049,1 598.825 453.085 104.63 40.33 0;1 764.825 441.41 76.51 37.36 354.51;1 826.925 506.43 98.13 40.84 0;1 899.695 824.145 36.27 89.41 0;1 903.18 301.63 38.08 89.78 0;1 902.595 973.44 35.37 89 0;1 953.665 83.6 36.37 83.64 0;1 967.795 951.14 36.13 95.1 0;1 1789.035 528.635 92.99 35.53 0;4 977.295 1055.83 38.29 48.34 0;7 968.62 832.195 42.74 120.37 0;9 655.935 491.49 45.95 13.9 0
v_fhb1u2nl2i_0000,1 245 494.605 33.2 85.17 90.1;1 426.16 559.775 29.8 74.03 91;1 560.965 491.925 35.61 88.63 89.4;1 961.555 215.305 36.21 86.95 0;1 979.59 654.805 32.68 80.87 0;1 1021.94 480.245 31.72 83.03 357.3;1 1215.025 522.315 90.77 34.27 0
v_fhb1u2nl2i_0023,1 116.75 548.735 29.8 74.03 91;1 245 494.605 33.2 85.17 90.1;1 560.965 491.925 35.61 88.63 89.4;1 960.335 256.465 36.21 86.95 0;1 992.93 962.435 32.68 80.87 0;1 1021.07 751.855 31.72 83.03 357.3;1 1051.44 528.415 85.2 34.27 353.4;7 970.025 62.79 38.11 111.06 0
v_fil9plnxtb_0000,1 485.425 470.165 95.75 39.59 0;1 591.705 459.84 99.55 43.22 0;1 663.355 512.485 86.69 35.53 0;1 977.79 582.27 32.08 85.68 0;1 1097.1 458.325 102 41.41 0;1 1132.55 529.96 92.24 39.56 0;1 1229.115 469.39 91.47 38.98 0;1 1336.64 464.52 76.98 33.9 0;1 1327.87 527.86 38.54 88.38 90.4;1 1449.975 526.915 39.05 93.03 88.9;1 1477.76 461.415 87.7 37.89 0;1 1669.365 503.665 91.93 39.11 348.3625;1 1837.98 514.065 40.42 94.09 88.9;1 1908.835 464.88 22.33 42.02 0;4 514.205 520.665 97.87 41.87 0;4 845.83 459.38 112.74 38.86 0;7 711.275 451.895 126.85 45.93 0;9 1033.875 542.9 47.17 16.38 0;9 1309.48 559.365 39.36 13.67 0;9 1708.405 551.45 14.31 43.12 89.3
v_fil9plnxtb_0049,1 487.8 466.335 95.1 39.59 0;1 592.035 457.985 99.29 40.43 0;1 961.825 514.455 80.91 35.53 0;1 978.05 144.4 32.08 85.8 0;1 1128.505 456.19 100.81 41.42 0;1 1226.18 528.585 92.24 39.55 0;1 1361.39 466.22 98.66 38.98 0;1 1353.6 524.06 38.54 88.38 89;1 1591.895 460.28 79.57 37.4 0;1 1681.435 519.595 39.05 93.03 88.9;4 669.515 517.225 97.45 41.87 0;4 846.465 457.825 112.73 38.87 0;7 708.385 449.035 119.51 45.03 0;9 1140.16 536.795 43.48 13.93 0;9 1812.29 536.935 39.36 13.67 0
v_fjkakptlgz_0000,1 960.715 491.405 95.91 44.67 0
v_fjkakptlgz_0049,1 215.75 504.535 95.92 44.67 0
v_fm3orkiqm3_0000,1 35.26 556.47 33.14 72.26 89.7;1 206.39 501.125 27.3 81.75 87.575;1 324.055 559.985 86.11 31.33 0.6;1 682.63 502.985 80.04 31.11 359.7;1 784.47 532.28 32.1 78.1 74.6429;1 975.33 336.32 29.7 86.3 11.4429;1 1001.585 971.73 80.81 30.1 274.9
v_fm3orkiqm3_0049,1 190.11 505.59 27.3 81.76 81.0154;1 245.41 561.57 32.1 78.1 89.8;1 435.555 503.68 80.03 31.1 359.7;1 742.26 519.05 29.7 81.7 80.3;1 999.82 7.545 32.26 14.99 0;1 1008.785 289.305 30.83 82.29 0
v_fnus3or5uk_0000,1 5.65 538.94 11.3 44.68 0.3;1 1003.34 739.265 44.06 94.09 358
v_fnus3or5uk_0049,1 829.065 531.905 44.05 94.09 281.92;1 1010.435 746.815 37.89 95.93 0
v_fox5lw0r5b_0000,1 449.985 482.96 99.93 41.78 0;1 608.005 489.42 90.49 40 0;1 901.965 630.38 37.07 87.18 0;1 917.52 1054.455 38.98 51.09 0;1 927.98 746.635 36.5 87.79 5.9;1 947.295 622.77 38.39 89.3 5.8;1 965.07 925.935 39.08 95.21 1.58;1 1112.63 554.045 35.88 85.19 79.46;1 1201.68 481.175 87.28 37.21 359.4;1 1390.76 492.87 88.14 37.7 2.5;1 1569.315 489.06 91.77 39.18 358.8;1 1724.05 539.935 92.34 41.59 0;1 1773.545 487.355 97.11 38.63 0
v_fox5lw0r5b_0049,1 87.725 482.785 107.23 42.71 0;1 262.3 491.78 91.66 38.86 0;1 670.245 483.785 94.69 40.33 0;1 779.125 487.805 84.19 40.01 0;1 901.595 591.83 37.07 87.18 0;1 914.3 893.11 38.98 85.5 0;1 931.47 715.635 36.5 87.79 4.6;1 951.115 586.465 38.39 89.31 6.4;1 967.84 833.49 39.08 95.22 1.2;1 1604.18 485.865 92.02 37.21 1;1 1635.645 549.585 35.87 88.15 89.8;1 1710.675 497.39 88.15 37.7 358.8;1 1849.365 485.24 93.63 39.18 358.9
v_fpcpahbxbf_0000,1 31.385 474.77 62.77 41.9 0;1 42.33 529.32 84.66 39.4 0;1 151.33 472.12 117.4 40.9 0;1 162.64 525.325 101.68 35.21 0;1 269.26 476.27 88.9 36.7 0;1 297.015 535.42 94.99 37.8 0;1 389.78 481.655 91.56 35.01 0;1 451.51 530.005 88.3 42.11 2.2;1 493.955 476.55 92.83 37 0;1 584.825 537.57 101.45 35.44 2.4;1 616.085 481.285 110.81 35.13 0;1 689.32 549.255 95.9 34.27 4.3;1 771.815 478.93 95.19 38.3 354.3;1 1000.28 545.53 88.98 34.54 0;1 1021.015 487.49 84.09 33.8 0;1 999.34 46.17 35.16 63.92 0;1 1630.76 494.99 33.4 81.5 91;1 1716.885 556.67 35.81 91.1 91.1;1 1860.875 562.355 92.81 38.17 0.1;1 1857.64 500.145 33.4 91.73 90.6
v_fpcpahbxbf_0049,1 33.92 474.77 67.84 41.9 0;1 42.81 529.32 85.62 39.4 0;1 155.8 472.06 117.4 40.9 0;1 163.93 525.235 101.68 35.21 0;1 282.525 474.875 88.89 36.71 0;1 324.185 535.11 94.99 37.8 0;1 465.235 482.495 91.55 35.01 0;1 516.82 530.98 88.3 42.12 2.2;1 635.78 481.88 92.84 37 0;1 647.26 535.085 101.44 35.45 2.4;1 865.095 487.42 110.81 35.12 0;1 948.215 164.27 95.19 38.3 269.4;1 1066.05 553.465 95.9 34.27 1.5;1 1459.76 547.87 88.98 34.54 0;1 1546.705 498.3 86.05 33.8 0;1 1792.85 558.9 35.8 91.1 91.1
v_fpx8odvwin_0000,1 30.41 476.96 60.8 38.36 0;1 134.66 480.285 91.82 41.05 0;1 265.9 483.68 116.44 38.58 358.0571;1 391.71 478.455 86.9 37.07 0;1 495.085 484.38 99.35 38.98 0;1 609.925 491.22 98.93 44.3 0;1 724.85 487.685 90.82 36.47 0;1 822.03 540.265 104.72 42.83 0;1 831.7 480.35 93.78 37.28 0;1 916.555 865.79 32.63 86.3 0;1 999.78 491.745 102.7 40.79 0;1 977.665 790.835 37.35 91.81 0;1 1008.51 608.455 34.48 72.29 18.4;1 1076.12 545.44 98.5 36.5 354.8;1 1102.24 483.28 96.7 38.36 0;1 1213.24 492.34 96.4 42.92 0;1 1266.615 540.58 37.99 103.5 90.5;1 1318.56 490.585 96.24 38.79 0;1 1389.385 553.105 101.99 39.07 3.6;1 1419.555 498.19 98.89 38 1.2;1 1520.87 549.23 94.2 38.1 0;1 1572.245 507.775 93.21 37.35 358.2;1 1633.6 554.91 105.08 39.3 0;1 1662.505 505.62 89.05 36.18 0;1 1747.285 556.19 101.91 37.74 0.1;1 1786.72 500.955 101.1 36.25 359.1;1 1851.685 567.215 91.43 32.63 0;1 1889.13 501.135 61.74 36.25 0;9 165.85 536.01 40.1 11.5 0;9 490.895 557.845 41.63 15.93 0;9 505.82 538.2 37 12.36 0;9 910.17 709.51 15.76 36.28 0;9 932.445 577.29 15.27 36.64 8.25;9 1639.13 592.37 45.4 19.7 2.9
v_fpx8odvwin_0049,1 30.47 474.43 60.8 38.36 0;1 127.38 479.13 91.82 41.04 0;1 257.91 482.385 116.44 38.57 0.0016;1 384.47 474.965 86.9 37.07 0;1 488.42 482.3 99.34 38.98 0;1 608.845 488.28 98.93 44.3 0;1 721.57 485.175 90.82 36.47 0;1 819.75 538.55 104.72 42.84 0;1 833.18 478.46 93.78 37.28 0;1 919.635 389.89 32.63 86.3 0;1 934.4 959.55 33.7 90.06 352.6;1 997.88 490.745 102.7 40.79 0;1 973.745 790.835 37.35 91.81 0;1 1004.05 607.69 34.48 72.3 18.4;1 1074.75 544.69 98.5 36.5 354.8;1 1101.48 482.115 96.7 38.35 0;1 1212.855 491.1 96.41 42.92 0;1 1264.03 539.31 38 103.5 90.5;1 1321.73 489.005 96.24 38.79 0;1 1405.485 553.325 101.99 39.07 3.6;1 1421.715 497.26 98.89 38 1.2;1 1526.03 548.31 94.2 38.1 0;1 1645.11 553.92 105.08 39.3 0;1 1646.725 503.265 93.21 37.35 358.2;1 1768.97 556.23 101.9 37.74 0.1;1 1858.695 506.88 81.77 36.18 0;9 690.05 561.49 40.1 11.5 0;9 843.12 577.61 37 12.36 0;9 925.745 567.895 41.63 15.93 0;9 925.64 43.085 15.76 36.27 0
v_fqwsjzvsfv_0000,1 1484.315 494.5 106.69 52.8 0;1 1903.4 488.32 33.2 42.04 354.81
v_fqwsjzvsfv_0049,1 1183.16 492.08 96.98 46.84 0;1 1374.04 500.91 98.98 44.42 359.45
v_fufsxgtl1z_0000,1 729.755 525.345 93.91 34.79 0;1 981.53 1048.4 33.4 63.2 0;1 991.85 563.97 36.24 109.1 1.1;1 1428.925 495.61 100.33 36.1 358.05;1 1666.145 499.795 103.61 38.19 0;1 1684.76 578.05 34.9 99.84 90.1;8 1285.21 454.33 63.54 25.3 0;9 1339.405 543.49 48.99 17.8 0
v_fufsxgtl1z_0049,1 516.965 514.42 96.29 41.66 0;1 981.27 850.57 33.4 96.4 0;1 990.155 246.44 36.25 109.1 359.5;1 995.13 1048.5 39.1 63 0;1 1196.96 531.385 93.9 34.79 0
v_fvjarpq65z_0000,1 558.675 504.535 114.31 44.67 0
v_fvjarpq65z_0049,1 1351.34 485.49 104.62 56.5 0
v_fvlzadc8cr_0000,1 128.13 493.115 89.98 39.33 0;1 129.21 564.23 38.04 86.6 89.8333;1 651.635 559.14 36.95 84.38 87.3111;1 846.52 527.1 34.4 87.56 59.6462;1 923.32 414 40.78 88.6 15.6727;1 945.735 1007.975 82.23 34.97 269.2;1 943.83 901.225 33.98 89.65 0;1 994.79 1028.25 85.54 36.48 270.8;1 1031.715 602.31 86.43 38.9 328.28;1 1256.055 534.7 90.57 37.46 0;1 1828.395 521.255 89.91 36.17 0;7 1377.79 514.725 107.54 36.73 0
v_fvlzadc8cr_0049,1 14.345 549.24 28.69 21.6 91;1 127.37 492.525 89.98 39.33 0;1 433.36 554.85 34.4 87.56 89.3;1 647.21 538.77 40.78 88.6 87.78;1 945.415 1007.94 82.23 34.98 269.2;1 959.705 723.005 86.43 38.91 285.5541;1 936.31 276.8 37 80.6 0;1 940.215 158.94 32.33 72.6 0;1 941.815 901.33 33.99 89.66 0;1 994.87 562.51 87.46 37.02 355.31;1 1246.905 551.23 83.67 37.88 0;7 1162.835 508.88 101.19 38.46 0
v_fvma7iy17p_0000,1 848.34 488.33 90.72 41.86 0;1 1015.77 985.765 48.84 104.65 0;9 766.695 545.535 39.07 30.69 0;9 1902.185 476.465 35.63 34.89 0
v_fvma7iy17p_0049,1 306.945 507.86 90.73 41.86 0;1 1010.19 709.485 48.84 104.65 0;9 1084.835 519.025 39.07 30.69 0;9 1178.01 484.84 60.78 34.88 0
v_fvnjjs1zdp_0000,1 359.995 512.195 88.59 37.73 0.2;1 579.7 562.855 86.52 32.99 359.6;1 601.435 511.835 80.65 34.81 0;1 966.235 46.265 41.75 92.53 0;1 1017.105 313.215 36.41 86.05 0;1 1223 477.305 95.18 36.39 0.3;1 1532.67 507.17 90.12 37 359.7
v_fvnjjs1zdp_0049,1 137.575 484.455 86.59 35.01 10.9;1 965.91 45.4 41.1 90.8 0;1 1007.835 763.525 36.41 86.05 0;1 1223.85 476.175 95.18 36.39 0.3;1 1270.595 526.3 90.11 37 352.9;1 1404.395 506.98 95.89 35.4 355.8
v_fw861t0iss_0000,none
v_fw861t0iss_0049,none
v_fx5a3x4e3l_0000,1 28.035 560.22 27.83 56.16 88.1;1 600.74 542.41 29.04 82.9 89.86;1 971.75 214.15 32.08 84.84 4.3;1 1066.56 603.17 82.1 31.46 319.95;1 1158.185 553.91 86.29 32.66 348.9;1 1227.255 478.08 83.21 30.6 358.2;1 1524.61 505.805 83.28 33.55 0;1 1670.425 500.465 90.65 36.25 0;1 1859.04 496.73 92.8 31.46 0;7 1354.515 505.125 161.99 45.67 347.9;9 932.16 422.22 7 28.9 5.2;9 1438.415 458.265 40.03 14.19 0
v_fx5a3x4e3l_0049,1 760.33 519.56 32.08 83.16 72.53;1 1016.4 744.34 82.1 31.46 278.25;1 1019.745 33.92 30.11 66.76 0;1 1054.605 615.265 86.29 32.67 314.765;1 1226.925 478.69 83.21 30.6 358.2;1 1406 515.25 83.28 33.56 358.7727;1 1538.565 506.715 88.05 34.07 0;1 1733.56 506.97 92.8 31.46 0;1 1894.265 506.11 51.47 31.2 0;7 1239.435 529.165 153.91 45.67 351.4833;9 944.18 641.86 7 28.9 352.5;9 1329.155 484.54 40.03 14.18 346.6
v_fxa8p8uih4_0000,1 246.08 540.275 98.88 40.15 359.9;9 1247.26 534.31 43.36 17.2 359.4
v_fxa8p8uih4_0049,9 638.275 533.61 43.35 17.2 359.4
v_fxaamod873_0000,1 92 530.125 91.06 36.49 0;1 337.575 535.685 36.93 77.67 90.9;1 457.945 488.12 86.19 38.88 356.99;1 668.48 534.375 75.88 33.67 356.3;1 906.39 477.49 34.34 78.08 61.15;1 960.345 46.135 37.29 92.27 0;1 976.565 299.73 37.07 91.72 7.62;1 1022.36 165.44 38.12 89.6 0.4;1 1363.94 515.3 91.98 35.5 356.16;1 1528.73 505.915 77.32 33.53 359.89;1 1647.88 521.64 97 35.88 358.9;1 1680.5 474.08 93.2 37.5 0;1 1808.17 512.02 88.76 39.46 354.9;4 1184.6 500.82 122 43.4 0.2
v_fxaamod873_0049,1 231.46 553.12 81.28 34.18 359.7;1 234.965 494.05 87.25 38.88 0;1 502.065 523.25 34.33 81.68 86.2;1 932.905 437.285 37.07 86.53 28.9;1 960.65 47.82 36.4 94.64 0;1 1002.715 196.525 36.89 87.37 7;1 1011.065 40.15 33.83 80.3 0;1 1022.05 373.405 38.12 89.61 0.4;1 1142.57 554.69 90.94 35.5 344.8;1 1328.62 514.615 77.32 33.53 358.9;1 1506.32 518.59 92.34 38 0.3;1 1677.21 476.81 93.2 37.5 0;1 1689.06 527.17 88.76 39.46 355.8;1 1863.645 514.06 91.85 38.3 0;4 809.51 505.355 116.84 43.41 359.2
v_fyo63znn4z_0000,1 519.66 271.83 77.5 33.16 359.3;1 784.21 501.28 77.04 30.44 358;1 838.17 806.76 71.88 29.36 161.2;1 973.095 506.09 81.45 34.52 1.04;1 1005.63 1019.85 32.08 71.8 0;1 1019.03 927.83 34.18 83.4 0;1 1058.05 909.25 34.94 83.2 0;3 649.685 507.685 88.97 34.69 358.1;4 1062.905 1012.67 31.93 75.76 0;4 1189.195 558.135 98.37 36.23 359.4;7 911.665 449.345 119.27 43.47 0;7 933.45 683.235 150.14 55.03 89.3
v_fyo63znn4z_0049,1 838.235 807.66 71.89 29.36 161.2;1 934.915 679.97 74.73 30.44 86.85;1 1005.63 1020.43 32.08 71.8 0;1 1019.165 928.305 34.17 83.39 0;1 1058.19 909.64 34.94 83.2 0;1 1605.615 497.52 82.51 34.52 359.8;3 905.915 503.365 83.01 34.69 359.93;4 1062.975 1013.525 31.93 75.77 0;4 1492.605 541.405 99.59 36.23 358.6;7 932.78 1012.485 136.82 55.03 91.3;7 1425.905 455.245 116.75 43.47 0
v_g0gia3odd4_0000,1 978.81 392.475 29.72 82.59 11.0286;1 1009.24 33.75 29.6 67.5 0;1 1026.2 248.7 32.24 79.4 0;1 1174.985 476.17 80.25 32.2 0;1 1295.66 515.9 76.52 30.86 346.8062;1 1464.06 501.955 83.3 31.91 358.1;1 1595.095 500.83 91.37 29.7 0;1 1718.965 492.375 83.15 27.79 0;9 673.87 506.115 13.06 38.95 90.75;9 1622.975 459.295 42.09 9.81 0
v_g0gia3odd4_0049,1 822.93 496.66 77 32.2 357.5;1 961.98 716.84 29.72 79.42 355.4;1 985.12 309.21 29.6 87.1 11.65;1 1017.09 458.975 32.24 79.39 1.4;1 1146.055 540.89 73.39 30.86 352.4909;1 1306.83 518.185 83.3 31.91 355.5;1 1426.205 486.41 91.37 29.7 6.4;1 1709.615 493.755 83.15 27.79 0;9 967.665 232.595 9.91 42.67 6.1333;9 994.635 45.25 10.39 34.22 0;9 1267.7 473.02 34.54 12.5 354.225
v_g0otn7zr63_0000,1 246 546.785 94.5 36.81 0;1 560.24 521.06 92.78 35.94 0;1 820.09 499.355 100.12 35.81 0;1 1117.535 593.87 34.69 89.7 64.1429;1 1248.07 468.94 96.1 35.52 0;1 1881.4 503.84 77.2 35.04 0
v_g0otn7zr63_0049,1 485.33 475.75 102.1 36.1 0;1 576.59 526.17 97.08 37.4 358.9;1 822.67 512.72 94.5 36.82 0;1 1174.165 526.735 92.77 35.93 0;1 1615.52 577.46 34.7 89.7 89.3;1 1698.855 494.325 100.13 35.81 0
v_g0w4h0n5lv_0000,1 128.17 493.01 89.98 39.34 0;1 269.05 546.42 35.3 85.6 88;1 712.55 549.6 36.4 83.38 84.4;1 997.165 979.015 102.93 35.77 268;1 1017.91 608.345 84.36 37.21 319.85;1 1072.89 511.89 86.84 35.16 0;1 1283.905 505.215 91.21 36.95 0;1 1455.11 517.375 101.08 38.59 0;1 1662.325 515.005 89.95 38.87 0;4 991.475 808.5 32.69 80.46 0
v_g0w4h0n5lv_0049,1 82.73 544.405 36.4 90.77 90;1 127.85 493.055 89.98 39.33 0;1 539.175 524.865 80.29 36.37 0;1 941.05 884.76 84.36 37.22 270.9;1 967.055 511.88 85.33 35.6 0;1 999.04 1049.865 60.92 35.77 268.9;1 1206.755 524.125 92.87 38.09 0;1 1365.34 515.13 83.68 36.46 0;4 993.115 870.31 32.69 80.46 0;9 974.63 138.46 12.44 42.18 0
v_g0zgqmhzgh_0000,1 94.605 495.94 77.23 29.36 0;1 376.565 161.785 65.49 30.95 359.2;1 812.12 503.475 78 31.05 0.6;1 1006.7 988.695 31.32 76.95 0;1 1009.375 1072.65 33.63 14.7 0;1 1058.69 997.09 31.32 80.3 0;1 1060.46 894.065 27.44 66.83 0;2 1692.58 503.53 100.24 35.94 359.2;7 27.8 449.81 55.6 32.1 0;7 1059.565 1070.49 36.81 19.02 0;8 1015.885 890.65 27.79 72.82 0;9 1496.365 462.31 55.65 19.84 0
v_g0zgqmhzgh_0049,1 529.96 508.79 76.42 29.36 0;1 811.11 505.265 78 31.05 0.6;1 1007.325 991.635 31.31 76.95 0;1 1009.375 1072.75 33.63 14.5 0;1 1059.32 1000.66 31.32 80.3 0;1 1061.51 897.42 27.44 66.84 0;1 1518.015 285.445 83.37 31.41 359.1;1 1640.08 150.885 104.48 37.77 0;7 857.98 457.84 92.96 32.1 0;7 1059.565 1069.365 36.81 21.27 0;8 1016.515 893.58 27.79 72.82 0
v_g2h9nhfs3e_0000,1 122.99 545.155 30.5 84.23 87.9667;1 834.49 482.815 27.56 67.13 69.0167;1 980.07 305.68 31.3 79.7 5.2;1 999.92 107.235 32.4 87.33 0;1 1004.64 589.065 31 81.91 5.3;1 1252.12 503.565 77.12 29.31 358.7;1 1544.375 516.34 77.97 31.58 0;1 1819.15 485.32 91.82 27.54 358.2;7 488.71 509.385 178.08 52.23 359.0333
v_g2h9nhfs3e_0049,1 452.8 504.96 27.56 67.14 86.7;1 947.235 506.475 77.11 29.31 0.8412;1 972.925 1066.92 31.01 26.04 3.1;1 978.9 314.505 32.4 87.33 9.75;1 986.06 824.71 31.3 79.7 357.8;1 991.5 184.615 29.4 78.13 0;1 1308.36 525.415 77.4 31.59 354.8667;1 1505.995 488.77 91.81 30.9 358.2;1 1784.32 500.465 90.8 28.47 0;7 26.45 502.935 52.9 52.23 0.1
v_g3fmj2chol_0000,1 1138.67 525.075 112.04 49.93 359.8;9 305.415 517.355 22.83 51.59 269.2
v_g3fmj2chol_0049,1 621.5 526.685 101.82 49.93 359.8;1 1612.475 538.625 87.99 43.15 357.18
v_g5b5ouzen4_0000,1 913.03 539.92 90.74 42.72 359.4;1 1808.935 520.185 85.47 38.21 352.8
v_g5b5ouzen4_0049,1 527.96 534.26 90.74 42.72 12;1 998.085 710.2 39.19 91.32 357.4;1 1220.615 528.57 75.15 37.04 1.1;1 1790.22 526.09 104.76 37.86 352.6;9 1495.515 506.51 51.99 14.92 0.5
v_g5ispywgbm_0000,1 955.54 514.835 98.3 37.17 0;1 1603.13 485.48 98.4 40.86 0;8 575.79 448.86 66.8 31.1 0;9 1764.995 559.45 46.19 15.6 0
v_g5ispywgbm_0049,1 12.52 492.8 25.04 37.64 0;8 1257.91 454.09 66.8 31.1 0
v_g7cepuuszn_0000,1 709.77 509.14 98.54 43.36 0;1 1076.99 499.94 107.74 48.62 0;1 1191.955 548.555 103.79 43.35 0;1 1888.06 509.12 63.88 48.64 0
v_g7cepuuszn_0049,1 442.395 520.965 107.73 48.61 0;1 1218.23 545.925 103.8 43.35 0;1 1428.2 495.345 98.04 52.63 0
v_g7n43q3us9_0000,1 196.925 538.13 92.05 40.66 0;1 994.915 648.545 41.11 93.03 349.61;1 1190.865 509.29 94.23 37.64 359.9;1 1887.73 498.45 64.54 42.48 339.53
v_g7n43q3us9_0049,1 651.19 530.11 41.12 89.04 269.6;1 835.155 517.18 92.31 37.64 359.9;1 1314.64 505.38 96.96 42.48 0;1 1646.975 539.91 91.19 41.06 1
v_g8n7gev0de_0000,1 14.065 418.95 28.13 32.7 0;1 76.33 512.565 84.4 32.71 0;1 122.03 414.63 83.6 33.42 0;1 176.6 519.715 91.62 34.15 0;1 219.31 413.565 89.46 34.35 0;1 303.01 517.02 89.78 32.06 0;1 336.455 421.39 79.47 32.78 0;1 331.62 291.045 27.88 73.03 269.8;1 369.695 469.45 79.43 30.1 0;1 462.5 416.65 87.3 32.7 0;1 483.01 467.555 78.7 33.57 0;1 575.445 515.83 82.43 33.16 0;1 577.65 464.775 81.98 34.59 0;1 577.78 415.585 81.98 31.79 0;1 687.15 475.385 87.8 33.83 0;1 702.025 421.895 79.15 32.69 0;1 702.535 517.775 79.95 32.93 0;1 783.77 331.29 25.8 81.26 278.4;1 838.05 814.65 71.88 29.36 161.2;1 957.135 355.005 34.27 100.21 322.4;1 1319.635 248.005 79.31 35.33 359.3;1 1349.96 298.225 75.96 34.29 0;1 1422.49 246.765 84.8 34.35 0;1 1441 341.08 103.04 37.32 0;1 1581.81 342.675 99.74 38.17 0;1 1615.545 292.54 87.03 35.6 0;1 1688.95 243.815 87.54 35.43 0;1 1718.325 297.535 91.75 36.91 0;2 1222.17 296.945 87.76 38.71 0;2 1549.385 246.585 105.13 36.11 0;4 214.57 467.37 82.78 30.2 0;4 402.24 150.72 27.58 78.7 265.6;4 577.07 159.46 27 70.1 269.4;4 1245.165 163.19 88.05 39.06 0;4 1488.35 295.355 100.7 39.29 0;7 66.3 466.6 126.3 34.36 0;7 436.69 517.285 136 41.25 0;7 582.78 328.13 29.32 90.74 268.8;7 780.27 251.015 34.4 98.11 273.9;7 1262.625 343.695 114.59 36.93 0;7 1834.07 292.615 123.2 39.53 0;9 767.445 454.165 41.91 11.59 359.2;9 807.18 449.6 44.12 15.9 0;9 1193.97 230.42 44.04 12.04 0
v_g8n7gev0de_0049,1 14.3 419.565 28.6 32.71 0;1 77.23 512.98 84.4 32.72 0;1 65.2 311.76 25.8 81.26 270.6;1 124.75 414.96 83.6 33.42 0;1 177.02 520.07 91.62 34.16 0;1 219.91 414.065 89.46 34.35 0;1 303.74 517.61 89.78 32.06 0;1 337.645 421.57 79.47 32.78 0;1 370.905 469.93 79.43 30.1 0;1 462.57 416.895 87.3 32.71 0;1 483.01 467.93 78.7 33.56 0;1 508.495 293.295 34.27 96.53 270.7;1 575.445 516.2 82.43 33.16 0;1 577.75 464.945 81.98 34.59 0;1 577.865 415.795 81.99 31.79 0;1 687.26 475.715 87.8 33.83 0;1 702.2 421.995 79.16 32.69 0;1 703.335 518.045 79.95 32.93 0;1 837.985 814.77 71.89 29.36 161.2;1 1319.765 248.12 79.31 35.34 359.3;1 1349.78 298.865 75.96 34.29 0;1 1422.095 246.935 84.81 34.35 0;1 1440.72 341.43 103.04 37.32 0;1 1581.17 342.745 99.74 38.17 0;1 1614.88 292.64 87.02 35.6 0;1 1688.085 243.815 87.55 35.43 0;1 1717.84 297.72 91.76 36.9 0;2 1222.15 297.335 87.76 38.71 0;2 1548.995 246.725 105.13 36.11 0;4 217.72 467.67 82.78 30.2 0;4 1239.635 163.51 88.05 39.06 0;4 1488.19 295.465 100.7 39.29 0;7 67.46 467.29 126.3 34.36 0;7 124.59 254.865 34.4 98.11 271.2;7 437.05 517.465 136 41.25 0;7 1261.885 344.515 114.59 35.43 0;7 1833.415 293.325 123.19 39.53 0;9 767.415 454.495 41.91 11.59 359.2;9 807.18 449.88 44.12 15.9 0;9 1193.46 231.405 42.72 13.59 0
v_g95ni4t3w3_0000,1 232.03 533.725 38.58 94.29 268.5;1 1357.28 510.335 108.12 38.31 2.8;7 830.395 502.24 40.79 106.3 280.7
v_g95ni4t3w3_0049,1 1043.36 503.395 108.12 38.31 0.4;7 553.715 500.74 40.79 106.3 267.7
v_gayqytmy29_0000,1 918.36 69.62 35.1 82.9 0;1 920.06 454.59 34.6 88.56 0;1 922.695 683.74 38.11 92.26 0;1 982.915 387.59 34.81 90.8 0;1 983.585 61.61 34.39 94.86 0;1 1082.53 549.53 98.5 36.5 354.8;1 1092.76 486.615 96.7 38.35 0;1 1201.765 492.65 96.41 42.92 0;1 1269.905 543.37 37.99 103.5 89.5518;1 1317.96 490.545 96.24 38.79 0;1 1395.245 554.615 101.99 39.07 3.6;1 1423.525 500.49 98.89 38 1.2;1 1529.14 550.14 94.2 38.1 0;1 1557.715 510.535 93.21 37.35 358.2;1 1633.23 556.39 105.08 39.3 0;1 1660.78 502.65 89.04 36.18 0;1 1763.53 556.38 101.9 37.74 0.1;1 1803.77 499.875 101.1 36.25 359.1;1 1870.23 565.92 91.82 32.62 0;1 1895.22 497.515 49.56 36.25 0;2 902.84 981.08 34.78 98.2 0;2 976.09 1021.72 35.64 115.64 0;7 982.68 871.46 36.56 121.7 0;9 849.08 580.16 33.34 14.18 7.2;9 1025.23 431.25 13.8 38.8 0;9 1773.7 594.08 32.38 15.24 1.1
v_gayqytmy29_0049,1 295.07 493.805 102.7 40.79 0;1 935.105 25.05 38.11 50.1 0;1 981.74 996.565 35.1 89.87 0;1 1083.07 549.6 98.5 36.5 354.8;1 1097.69 488.725 96.7 38.35 0;1 1212 494.44 96.4 42.92 0;1 1269.415 544.41 37.99 103.5 89.9326;1 1319.69 490.975 96.24 38.79 0;1 1394.235 555.845 101.99 39.07 3.6;1 1422.54 500.79 98.88 38 1.2;1 1526.79 550.59 94.2 38.1 0;1 1559.265 510.865 93.21 37.35 358.2;1 1632 556.76 105.08 39.3 0;1 1662.145 503.1 89.05 36.18 0;1 1758.865 557.08 101.91 37.74 0.1;1 1798.68 501.015 101.1 36.25 359.1;1 1864.54 566.805 91.82 32.63 0;1 1893.015 498.735 53.97 36.25 0;2 917.56 539.63 34.78 98.2 0;2 986.4 707.815 35.64 115.63 0;7 912.87 991.25 35.8 116.7 0;7 985.76 377.255 36.56 121.69 0;9 855.7 585.8 33.34 14.18 7.2;9 944.16 829.79 14.52 34.38 0
v_gdr9qz613a_0000,1 1077.005 486.805 99.83 40.73 0
v_gdr9qz613a_0049,1 573.785 501.255 99.83 40.73 0
v_geaqsc39cv_0000,1 129.7 460.465 82.7 30.31 0;1 512.605 414.05 79.87 33.16 0;1 535.155 465.855 84.71 32.45 0;1 541.995 137.51 33.63 79 270.26;1 686.74 465.295 82.98 34.77 0;1 770.715 504.66 71.89 29.36 353.1;1 915.04 357.315 30.22 79.17 315.67;1 976.86 489.995 31.34 78.39 349.85;1 997.385 608.97 31.27 81.3 354.96;1 999.995 396.16 31.13 76.1 344.98;1 1014.45 754.025 32.74 71.75 359.7;1 1035.565 497.535 32.93 86.57 355.51;1 1053.15 893.83 33.96 97 0;1 1096.025 607.37 29.75 79.48 27.72;1 1121.61 914.76 71.5 34.3 4.5;1 1221.805 295.225 72.43 33.11 359.2;1 1539.53 339.91 83.78 34.16 0;1 1587.25 295.36 82.4 31.72 0;1 1796.7 254.5 84.92 34.98 0;5 1519.405 241.635 178.27 54.13 0;7 779.915 258.305 36.81 126.29 276.74;9 58.91 407.935 49.74 16.05 0;9 788.345 476.24 35.53 14.8 359.3;9 1260.23 247.395 47.92 19.85 359.6
v_geaqsc39cv_0049,1 132.27 408.215 99.3 33.61 0;1 330.89 507.34 91.24 31.72 0;1 371 328.16 30.22 79.18 269.3;1 464.89 463.475 80.02 30.31 0;1 584.775 465.625 82.07 32.45 0;1 664.89 284.11 31.14 76.1 268.9;1 704.65 466.575 80.24 34.77 0;1 736.195 414.78 78.11 33.16 0;1 770.785 504.54 71.89 29.36 353.1;1 877.73 338.54 31.34 78.4 297.2;1 934.51 207.74 32.94 86.58 318.3;1 958.46 421.1 31.28 81.3 341.1;1 989.54 523.355 32.74 71.75 348.4;1 1068.79 654.945 30.22 77.83 6.4071;1 1102.53 908.165 71.5 34.31 18.37;1 1155.97 527.8 33.96 97 52.2;1 1221.335 295.275 72.43 33.11 359.2;1 1278.76 343.065 80.1 34.15 0;1 1312.63 297.75 79 31.72 0;1 1514.38 247.28 84.92 34.98 0;1 1623.56 336.27 89.9 32.4 0;1 1642.61 291.235 79.9 32.23 0;1 1649.97 498.475 29.76 79.49 90;1 1807.19 290.13 108.78 37.8 0;4 1010.235 762.195 38.89 110.75 358.9786;4 1009.315 959.665 31.31 78.41 0;5 1361.77 241.615 175.02 54.13 0;7 126.78 257.235 36.82 126.29 269.9;9 245.05 439.405 44.4 11.25 0;9 673.33 392.535 44.3 16.05 0;9 786.03 476.06 35.52 14.8 359.3;9 1218.22 246.865 47.92 19.85 359.6;9 1722.01 319.23 46 16.28 0
v_gg03blsv5u_0000,1 315.795 484.175 102.15 37.91 0;1 764.24 489.195 89.7 34.85 0;1 909.1 1046.47 37.2 67.06 0;1 910.57 780.04 34.9 90.4 0;1 928.83 233.915 30.9 82.41 0;1 939.975 913.38 32.63 88 358.0706;1 975.85 481.315 32.5 83.85 6.6;1 985.355 939.865 32.43 84.67 0;1 1339.385 548.49 39.11 89.44 93.9437;1 1438.625 496.335 91.91 36.91 0;1 1566.575 496.545 113.25 39.81 0;1 1634.14 556.64 33.5 91.52 89;1 1682.63 506.21 96.52 35.66 0;1 1752.25 551.845 98.24 38.07 0;1 1795.68 513.28 90.46 33.7 0;1 1859.675 571.235 92.55 32.51 0.9316;1 1892.125 504.31 55.75 35.16 0;3 1482.32 549.07 163.14 41.68 0.2;9 229.99 530.56 32.48 14.74 0;9 904.195 376.06 14.61 35.38 0;9 1603.94 590.57 43.14 12.9 3.1638
v_gg03blsv5u_0049,1 170.8 479.67 98.58 33.8 0;1 687.09 482.805 102.14 37.91 0;1 905.82 856.71 37.2 90.78 0;1 914.42 1067.3 33.3 25.4 0;1 918.43 427.61 34.9 90.4 0;1 939.92 985.415 33.4 91.73 354.0778;1 985.81 939.365 32.44 85.05 0;1 1030.425 578.24 32.63 88 41.89;1 1183.14 490.955 89.7 34.85 0;1 1342.31 547.38 39.1 89.44 93.4;1 1439.555 494.985 91.91 36.91 0;1 1567.21 496.68 113.24 39.82 0;1 1635.505 556.24 33.49 91.52 89;1 1683.045 506.36 96.53 35.66 0;1 1754.34 550.78 98.24 38.06 0;1 1796.955 512.43 90.45 33.7 0;1 1861.045 568.245 92.55 32.51 1.0863;1 1892.9 504.31 54.2 35.16 0;3 1486.305 547.07 163.13 41.68 0.2;9 720.06 532.66 32.48 14.74 0;9 1664.8 586.35 43.14 12.9 1.0517
v_ghbpt8zf27_0000,1 633.765 466.69 95.79 40.26 0;1 816.94 518.52 92.28 36.36 0;1 835.875 462.725 83.55 33.33 0;1 905.27 889.38 38.86 88.36 0;1 963.635 1019.99 41.01 100.4 0;1 970.065 829.675 42.23 87.95 0;7 912.605 541.165 41.45 102.39 0;9 890.48 647.565 11.1 47.13 0;9 905.315 83.06 15.83 46.38 0;9 979.685 904.73 15.49 47.6 0;9 991.615 215.595 15.05 43.21 0
v_ghbpt8zf27_0049,1 692.655 466.82 95.79 40.26 0;1 905.125 609.05 38.87 88.36 0;1 905.455 811.145 35.33 91.19 0;1 978.24 516.53 92.28 36.36 0;1 981.535 459.43 83.55 33.32 0;1 968.235 974.81 39.21 88.1 0;1 972.755 807.505 41.01 102.15 0;1 976.905 610.535 42.23 84.31 0;9 921.845 942.24 15.55 41.06 0;9 982.755 683.22 15.49 47.6 0
v_gi0x00vg1v_0000,1 27.195 419.82 54.39 31.46 0;1 73.07 64.785 76.9 34.75 0;1 151.4 1011.8 88.06 39.08 0;1 409.15 471.27 83.22 31.38 0;1 752.46 1069.965 60.2 20.07 34.65;1 839.355 1067.415 16.27 25.17 90.2;1 913.22 861.345 31.42 79.09 0;1 965.6 806.315 33.74 78.65 0;2 529.585 473.445 98.79 32.83 0;2 537.06 428.955 99.62 35.31 0.02;2 921.5 473.12 109.44 38.12 1.06;2 1053 207.615 95.44 38.51 358.6;4 148.86 377.6 100.02 36.72 0;7 249.245 420.25 140.67 46.54 0;7 705.2 419.56 114.8 40.4 0;9 159.8 465.445 43.08 11.13 0;9 1645.04 356.095 37.84 9.55 0
v_gi0x00vg1v_0049,1 70.955 66.255 76.89 34.75 0;1 176.435 474.48 71.93 29.24 0;1 324.105 1012.245 88.99 38.33 0;1 470.51 473.04 81.16 30.54 0;1 666.31 1027.74 88.06 39.08 6.72;1 666.93 377.675 78.36 31.45 0.2;1 913.36 862.395 31.42 79.09 0;1 965.67 807.3 33.74 78.64 0;1 971.98 1014.94 31.5 82.18 0;2 622.005 472.37 98.79 32.84 358.7;2 1024.05 459.02 98.2 35.36 1.76;2 1052.115 208.525 95.43 38.51 358.6;2 1602.365 437.63 113.67 38.12 356.4;4 906.185 382.02 90.69 34.24 0;7 599.68 422.19 133.7 43.1 0;7 1212.945 415.875 109.01 40.41 357.9;9 488.21 444.625 42 11.11 0;9 936.045 797.84 10.75 34.04 353.6
v_gig403rlnb_0000,1 139.125 475.39 105.59 38.36 0;1 308.32 480.4 91.82 41.04 0;1 470 480.795 116.44 38.57 0.2;1 749.425 538.56 115.69 41.7 358.7;1 741.24 482.285 94 37.07 0;1 894.985 481.84 99.35 38.98 0;1 986.8 938.475 32.44 84.67 0;1 1306.605 487.68 98.93 44.3 0;1 1366.26 549.915 104.72 42.83 0;1 1599.88 526.305 37.34 91.81 82.2;1 1854.375 493.605 93.33 37.27 0;1 1852.93 557.265 34.48 72.29 89.3;3 974.055 700.88 40.61 147.2 1.8
v_gig403rlnb_0049,1 189.385 478.53 93.05 36.2 0;1 264.875 532.3 92.43 35.9 0.4;1 404.225 478.27 105.59 38.36 0;1 494.545 535.445 99.47 37.67 0;1 580.77 483.51 91.82 41.04 0;1 761.11 479.575 116.44 38.57 359.28;1 917.6 1041.1 37.82 77.6 0;1 986.25 937.605 32.44 84.67 0;1 1190.73 542.15 115.7 41.7 358.7;1 1478.485 537.26 99.35 38.98 2.3;1 1800.065 555.755 104.71 42.83 0;1 1822.255 495.87 98.93 44.3 0;3 978.205 567.84 40.61 147.2 1.8
v_gj8zwy1hlm_0000,1 820.64 502.555 103.46 49.45 358.7;1 1793.84 499.625 97.84 44.67 353.76
v_gj8zwy1hlm_0049,1 254.13 521.12 103.46 49.46 358.7;1 1226.82 487.705 97.84 44.67 359.4
v_gjiimdfyfo_0000,1 165.195 560.07 96.25 37.54 0.8;1 329.3 483.435 108.2 42.15 0;1 451.265 484.73 98.63 38.86 0;1 576.725 492.935 97.71 40.51 0;1 677.995 488.87 101.41 41.06 0;1 701.03 547.43 91.5 36.24 0.8;1 805.675 543.085 92.07 37.35 1.7;1 916.87 845.7 36.94 80.28 0;1 922.85 95.615 42.12 92.25 0;1 929.64 984.725 37.98 96.41 0;1 984.995 390.46 42.47 92.14 0;1 990.19 1021.52 40.68 101.2 0;1 1046.96 529.11 36.54 82.96 34.2;1 1145.545 537.22 88.51 35.38 359.7;1 1142.13 490.85 36.84 87.82 81.6;1 1240.53 489.035 84.64 37.65 2;1 1262.895 560.055 87.81 37.81 0.9;1 1361.26 494.995 91.08 38.09 357.9;1 1369.215 443.755 95.15 41.45 358.1;1 1373.525 542.435 40.25 87.67 90.9;1 1465.6 490.97 91.68 38.98 358.5;1 1571.64 482.955 103.8 42.33 359.8;1 1630.695 527.125 89.95 37.17 356.3;1 1733.535 488.895 90.19 40.01 0;1 1841.5 486.4 91.6 37.2 359.5;4 164.43 479.04 122.08 40.44 0;4 1506.745 542.375 97.95 36.13 359;7 818.325 488.89 106.47 39.4 0;9 44.145 507.64 50.75 15.74 0
v_gjiimdfyfo_0049,1 168.725 559.955 97.89 37.53 0.8;1 333.13 484.075 108.2 42.15 0;1 454.795 483.94 98.63 38.86 0;1 578.685 494.195 97.71 40.51 0;1 679.545 488.57 101.41 41.06 0;1 701.835 547.48 91.51 36.24 0.8;1 806.015 543.31 92.07 37.36 1.7;1 919.75 294.6 36.94 76.84 0;1 928.66 581.96 37.98 93.38 0;1 981.02 737.455 40.68 97.67 0;1 1046.42 529.29 36.54 82.96 34.2;1 1145.6 538.035 88.52 35.39 359.7;1 1141.29 490.82 36.84 87.82 81.6;1 1239.86 489.26 84.64 37.66 2;1 1262.895 560.76 87.81 37.8 0.9;1 1359.64 496.035 91.08 38.09 357.9;1 1368.315 444.2 95.15 41.46 358.1;1 1373.545 542.935 40.25 87.67 90.9;1 1463.89 492.34 91.68 38.98 358.5;1 1570.345 483.415 103.79 42.33 359.8;1 1630.88 528 89.96 37.18 356.3;1 1730.865 489.085 90.19 40.01 0;1 1838.585 487.41 91.59 37.2 359.5;4 206.235 479.105 122.09 40.43 0;4 1506.795 543.03 97.95 36.12 359;7 823.675 489.02 106.47 39.4 0;9 599.575 572.845 39.53 10.39 3.5
v_gjy3oi2hxt_0000,1 794.04 535.605 97.68 38.11 0;1 983.55 768.41 36.24 109.1 0;1 1011.085 126.04 37.99 93.2 0;1 1744.655 559.31 93.71 34.04 357.66
v_gjy3oi2hxt_0049,1 46.55 475.185 93.1 37.75 0;1 984.29 857.125 38.6 96.47 0;1 987.9 659.29 36.24 109.1 0;1 1705.065 536.7 97.67 38.1 0;9 1010.27 931.81 10.1 46.4 5.7
v_glc8bthskp_0000,1 204.585 511.765 99.85 45.99 0;1 1218.235 504.54 95.91 42.04 0
v_glc8bthskp_0049,1 762.32 515.05 95.92 42.04 0
v_gmx64gg2j7_0000,1 996.73 700.295 44.32 100.05 353.6;1 1488.08 498.73 107.28 42.4 0.6
v_gmx64gg2j7_0049,1 743.2 514.785 44.32 100.05 275;1 1158.225 488.36 96.43 42.4 0.6
v_gowtdh4du4_0000,1 74.15 489.64 90.5 33.1 0;1 614.33 520.045 90.7 33.59 0;1 992.105 897.135 36.57 102.03 0;1 991.875 1038.08 34.13 81.28 0;1 1002.535 766.76 33.33 84.8 7.6;1 1034.08 648.005 32.4 105.27 21.5188;1 1299.41 557.85 97.4 36.5 0;1 1603.185 489.17 94.23 38.82 0;1 1749.37 558.14 96.68 34.82 359.6;9 872.605 466.14 46.69 17.2 0
v_gowtdh4du4_0049,1 573.445 554.265 96.77 34.59 0;1 989.44 963.24 34.14 92.24 0;1 990.685 823.885 36.57 102.03 0;1 1026.06 672.91 33.34 84.8 20.6765;1 1103.24 485.445 90.5 33.09 0;1 1160.44 577.06 32.4 105.26 70.8647;1 1598.83 541.095 90.7 33.59 0;1 1899.3 577.18 41.4 36.5 0
v_gq0p9x65ku_0000,1 579.035 501.915 99.85 44.67 0;1 1262.25 509.135 102.48 48.61 0
v_gq0p9x65ku_0049,1 810.28 510.45 102.48 48.62 0
v_gqi2xjy8wt_0000,1 95.555 520.65 76.73 39.46 0;1 745.06 537.07 95.46 40.3 0;1 1379.25 527.61 98.38 40.3 357.6;9 1446.495 484.255 55.37 15.85 0.2
v_gqi2xjy8wt_0049,1 6.5 530.78 13 40.3 0;1 1010.8 540.9 98.38 40.3 357.6;9 876.425 504.91 55.37 15.84 348
v_gqiu3rgs6w_0000,1 1806.445 526.33 101.55 42.72 350.2
v_gqiu3rgs6w_0049,1 1256.875 534.725 101.55 42.73 359.4
v_gtevypxgze_0000,none
v_gtevypxgze_0049,1 1002.755 750.81 48.61 103.9 0
v_gtlysat334_0000,1 898.56 439.83 94.38 33.4 313.3;1 899.86 829.485 33.78 95.21 0.5;1 904.87 1016.13 30.9 82.4 0;1 908.2 660.17 34 83 0;1 945.025 872.25 39.11 89.44 1.3636;1 958.17 1052.475 32.5 54.75 0;1 985.18 940.895 32.44 84.67 0;1 988.85 249.845 36.02 95.91 2.9;1 1420.995 497.185 91.91 36.91 0;1 1565.27 496.26 113.24 39.82 0;1 1626.88 556.06 33.5 91.52 89;1 1681.775 505.905 96.53 35.67 0;1 1748.545 552.14 98.23 38.06 0;1 1794.375 512.33 90.45 33.7 0;1 1856.86 569.945 92.56 32.51 0.1846;1 1890.55 504.31 58.9 35.16 0;3 957.415 543.88 163.13 41.68 0.2;7 921.385 58.425 34.39 111.95 0.9;9 881.625 922.72 10.87 35.5 9.5;9 1554.485 589.52 43.13 12.9 24.1
v_gtlysat334_0049,1 446.71 484.615 89.7 34.85 0;1 906.53 1015.34 34.9 90.4 0;1 911.16 478.05 33.78 95.2 0.5;1 913.23 759.41 30.9 82.4 0;1 927.26 304.05 34 83 3.5;1 945.69 900.82 32.5 83.86 359.7;1 955.495 1057.565 32.63 44.87 0;1 985.16 938.425 32.44 84.67 0;1 1067.075 545.51 39.11 89.44 58.6;1 1437.655 497.745 91.91 36.91 0;1 1565.91 496.4 113.24 39.82 0;1 1632.715 557.05 33.49 91.52 89;1 1682.195 506.055 96.53 35.67 0;1 1750.085 552.915 98.23 38.07 0;1 1794.375 514.11 90.45 33.7 0;1 1857.825 571.075 92.55 32.51 1.0864;1 1891.32 504.31 57.36 35.16 0;3 1395.025 548.6 163.13 41.68 0.2;9 866.595 879.76 14.61 35.38 0;9 940.475 576.25 10.87 35.5 9.5;9 1565.49 593.335 43.14 12.91 24.1
v_gtpkrv8up1_0000,1 633.845 486.79 86.83 30.34 359.7;1 898.51 483.03 32.4 83.9 44.8;1 962.01 829 33.4 82.08 359;1 1002.625 1014.855 79.47 31.89 274.1;1 1008.97 865.63 32.52 83.6 358.5;1 1024.16 290.435 31.5 83.29 0.2;1 1256.95 501.82 88.8 30.46 0;1 1507.6 495.62 86.8 30.6 0;9 980.68 442.53 11.3 44.5 0
v_gtpkrv8up1_0049,1 198.03 549.03 32.4 83.9 89.9;1 634.465 486.24 86.83 30.34 359.7;1 990.045 509.12 84.61 30.46 356.3;1 966.83 111.07 29.98 83.7 3.1;1 1005.255 194.23 34.37 77.84 1.3571;1 1007.04 731.695 31.5 83.29 0.2;1 1006.695 53.58 29.99 81.1 358.3;1 1307.55 478.86 86.8 30.6 4.8579;2 1704.495 500.95 114.57 32.68 0
v_gur784uswy_0000,1 990.81 527.975 92.8 32.21 0;1 1016.325 241.115 100.19 37.75 270.9;1 990.325 622.89 36.25 109.1 1.1;1 1008.56 740.215 34.9 99.83 16.5625;1 1072.51 615.845 38.6 96.47 32.9636;1 1525.42 535.88 89.72 34.5 3;3 589.53 498.735 213.58 56.99 0;9 303.19 551.15 54.46 10.9 0;9 1336.975 588.11 10.09 46.4 88.4
v_gur784uswy_0049,1 16.5 486.555 33 38.19 0;1 726.33 502.75 103.48 35.94 0;1 990.325 619.96 36.25 109.1 1.1;1 1026.31 696.725 34.9 99.83 21.1774;1 1093.04 600.87 38.6 96.48 47.5152;3 1707.46 518.665 213.58 56.99 0;8 373.23 540.43 65.68 22.62 0;9 1453.15 554.82 54.46 10.9 0
v_gushgvh1y5_0000,1 961.335 599.62 40.53 99.62 330.1
v_gushgvh1y5_0049,1 636.57 512.6 40.54 99.62 270.6
v_gv39eyu2it_0000,1 416.58 498.38 90.7 35.9 1.2;1 524.72 451.505 97.94 38.65 0;1 825.11 487.34 100.94 36.04 0;1 967.095 608.475 89.43 35.59 268.5;1 965.9 805.115 30.12 82.07 0;1 1079.93 530.045 86.3 35.59 0.1;1 1497.64 531.915 169.06 47.07 0
v_gv39eyu2it_0049,1 193.13 527.06 90.6 38.2 0;1 483.14 492.87 90.9 37.6 0;1 970.665 473.405 89.43 35.59 271;1 1017.93 576.255 30.12 82.07 3.2222;1 1367.61 496.01 90.7 35.9 359.6;1 1419.4 547.445 86.3 35.59 0.1;1 1501.26 454.785 97.94 38.65 0;1 1627.99 507.67 100.94 36.04 0
v_gvk6mfop1q_0000,1 77.105 381.01 86.41 33.4 0;1 168.525 290.24 34.79 80 270.02;1 253.46 422.66 86.18 35.24 2.1;1 253.43 473.955 82.6 34.05 0;1 398.32 478.21 82.86 33.7 0;1 466.48 289.025 34.48 76.65 271.2;1 501.41 382.86 77.94 33.38 1.2;1 507.4 480.135 86 35.89 1.9;1 528.81 1020.155 77.74 35.87 0;1 619.84 479.3 82.62 34.42 0.5;1 639.83 383.535 84.2 33.17 2;1 647.165 431.76 83.61 34.94 0.7;1 638.68 232.71 33.1 81.6 272;1 1088.105 278.605 81.43 37.35 0;1 1156.385 144.235 81.49 37.11 0;1 1189.315 85.795 93.77 42.33 359.5;1 1193.555 231.175 89.31 39.45 0;1 1205.27 282.74 82.2 36.9 0;1 1315.01 279.49 80.92 37.9 0;1 1435.365 329.315 90.73 37.11 0;1 1510.98 290.635 71.9 33.73 0;1 1619.805 268.735 88.45 36.67 0;2 1080.715 230.655 93.27 37.21 0;2 1423.64 229.03 109.76 42.4 0;4 1278.925 326.955 84.83 37.35 0;7 1109.885 321.655 102.23 42.39 0;7 1850.64 277.44 119.24 47.96 0;9 1029.585 203.475 40.41 12.31 0
v_gvk6mfop1q_0049,1 160.015 384.205 86.19 34.31 0;1 299.23 477.525 82.6 34.05 0;1 399.39 480.07 82.86 33.7 0;1 431.9 381.115 86.44 34.63 0;1 505.655 481.25 86.01 35.9 1.9;1 513.21 432.87 86.18 35.24 1.91;1 528.29 1022.975 77.74 35.87 0;1 535.745 384.99 78.55 33.38 1.2;1 619.575 479.975 82.07 33.57 0.5;1 639.655 384.175 84.21 33.17 2;1 646.665 432.63 83.61 34.94 0.7;1 1087.785 278.885 81.43 37.35 0;1 1132.875 85.635 93.77 42.33 359.5;1 1143.525 142.935 81.49 37.11 0;1 1181.415 230.425 89.31 39.45 0;1 1206.06 282.74 82.2 36.9 0;1 1313.665 280.015 80.91 37.91 0;1 1397.905 285.22 70.23 33.44 0;1 1436.995 329.53 90.73 37.12 0;1 1494.645 272.45 88.45 36.68 0;1 1571.855 229.44 92.69 35.76 0;1 1812.92 297.635 94.34 39.65 4.15;1 1850.285 235.16 98.03 38.36 0;2 1080.715 230.29 93.27 37.2 0;2 1325.605 229.29 109.75 42.4 0;4 1278.015 326.8 84.83 37.36 0;4 1648.415 329.95 104.71 39.8 0;7 31.21 475.67 62.42 33.42 0;7 913.51 777.375 34.4 87.25 1.32;7 1111.705 321.625 102.23 42.39 0;7 1608.65 273.62 120.52 47.96 0;9 291.835 439.475 44.41 13.63 0;9 1025.605 203.4 40.41 12.3 0
v_gvxtl15uol_0000,1 29.065 474.72 37.23 58.42 90.5;1 881.64 465 35.98 90.68 44.48;1 954.375 157.8 34.45 86.8 8.36;1 958.085 312.675 33.73 91.99 4.84;1 1020.64 310.17 36.66 82.7 1;1 1105.665 521.665 84.71 34.75 352.34
v_gvxtl15uol_0049,1 28.945 476.285 37.23 58.03 90.5;1 375.555 532.715 37.89 93.09 89.47;1 583.225 543.34 83.81 35.58 0;1 771.455 512.275 34.65 87.57 75.93;1 943.635 267.225 34.45 86.79 2.4;1 1011.61 699.01 36.66 80.36 0.4;1 1012.495 163.89 36.11 89.88 0
v_gwe497m3w7_0000,1 1000.305 731.83 44.09 95.74 0;9 1225.295 500.77 50.17 25.84 0
v_gwe497m3w7_0049,1 741.11 512.95 48.64 104.9 272.4;9 221.97 507.62 50.16 27.36 0
v_gxycf3xw4r_0000,1 1179.12 492.02 96.74 46.48 0;1 1367.49 500.89 98.98 44.42 359.5925
v_gxycf3xw4r_0049,1 1002.52 350.05 95.36 44.44 77.4;1 1112.855 491.15 98.97 44.42 9.6
v_gyd9ekns6t_0000,9 205.955 473.425 42.61 19.21 0
v_gyd9ekns6t_0049,1 269.89 470.645 92.94 33.15 355.6;9 1571.535 465.855 42.61 19.21 0
v_gyul6am8ea_0000,1 70.89 66.305 76.9 34.75 0;1 182.845 474.395 71.93 29.25 0;1 335.675 1012.3 88.77 38.34 0;1 474.285 473.095 81.15 30.55 0;1 674.15 1028.635 88.06 39.07 7.68;1 682.82 378.1 78.36 31.46 0.2;1 913.365 862.415 31.41 79.09 0;1 965.67 807.32 33.74 78.64 0;1 971.98 1008.92 31.5 82.18 0;2 625.485 472.18 98.79 32.84 358.7;2 1037.825 459.35 98.21 35.36 1.68;2 1052.115 208.54 95.43 38.5 358.6;2 1621.74 436.66 113.96 38.12 356.4;4 924.14 382.295 90.7 34.25 0;7 608.03 422.26 133.7 43.1 0;7 1225.255 415.295 109.01 40.41 357.9;9 493.895 444.605 41.79 11.11 0;9 935.845 796.82 10.75 34.04 353.6
v_gyul6am8ea_0049,1 66.14 66.045 76.9 34.75 0;1 535.18 472.555 71.94 30.87 0;1 627.205 420.85 89.59 34.22 0;1 737.285 470.06 79.41 31.44 0;1 761.93 1067.535 82.44 24.93 35.775;1 913.505 863.465 31.41 79.09 0;1 965.74 808.3 33.74 78.64 0;1 971.39 913.485 31.5 82.19 0;1 1631.985 378.565 80.31 30.59 359.5;2 970.13 470.3 93.4 32.84 359.85;2 1004.97 209.595 95.44 38.51 358.46;2 1796.425 455.65 104.57 35.36 359.6;5 75.77 466.99 151.54 45.62 0;7 1172.27 421.28 124.9 43.1 0;7 1901.295 403.665 37.41 40.41 358.9;9 886.42 432.495 40.92 11.09 0;9 935.605 797.2 10.75 34.04 353.6
v_gz2ih75d5m_0000,1 637.89 1060.92 73.62 36.42 5;1 908.875 886.26 35.85 86.44 0;1 908.955 1000.26 32.91 81.16 0;1 953.225 987.185 30.39 82.41 0;1 964.035 873.525 33.57 75.39 0;7 597.74 255.895 88.18 35.53 359.2
v_gz2ih75d5m_0049,1 637.775 1061.485 73.63 36.41 5;1 909.03 886.42 35.84 86.44 0;1 909.525 1000.01 32.91 81.16 0;1 953.515 987.325 30.39 82.41 0;1 964.215 873.245 33.57 75.39 0
v_h4isw54q4j_0000,1 899.99 497.525 99.04 41.99 358.9
v_h4isw54q4j_0049,1 116.82 521.7 99.04 42 358.9
v_h7qqm11iv8_0000,1 12.72 509.15 25.44 42.12 0;1 107.38 467.12 117.4 40.9 0;1 261.14 472.685 88.9 36.71 0;1 382.205 478.075 91.55 35.01 0;1 480.825 531.81 101.45 35.44 2.4;1 489.495 474.88 92.83 37 0;1 605.285 481.425 110.81 35.13 0;1 672.3 547.985 95.9 34.27 4.3;1 727.875 481.18 95.19 38.3 0;1 812.42 544.97 88.98 34.54 0;1 845.78 489.07 84.08 33.8 0;1 904.65 1071.045 36 17.91 0;1 923.635 474.17 35.87 88.92 0;1 963.7 609.665 30.5 96.89 358.0875;1 971.72 777.155 32.9 89.81 0;1 977.86 986.32 31.6 87.88 0;1 980.67 67.325 34.6 90.49 1.2;1 1021.59 589.54 35.8 91.1 31.9;1 1129.485 558.865 101.17 38.17 1.3;1 1122.79 504.925 33.4 91.73 67.9;1 1229.1 488.74 102.14 37.9 0;1 1242.585 546.045 32.63 87.99 89.3;1 1366.35 494.44 89.7 34.86 0;1 1352.075 546.89 39.11 89.44 93.4;1 1460.66 499.085 91.9 36.91 0;1 1579.225 498.205 113.25 39.81 0;1 1696.205 507.56 96.53 35.66 0;1 1744.66 559.78 33.5 91.52 89;1 1830.12 551.53 98.24 38.06 0;1 1832.48 456.675 95 39.81 15.9167;1 1900.625 512.44 38.75 33.7 0;1 1915.38 571.49 8.96 32.52 1.2;3 909.32 824.78 50.2 256.74 2.3;3 1522.395 549.73 163.13 41.68 0.2;9 1009.28 972.88 9.9 25.4 1.2;9 1782.385 580.97 36.23 10.84 343.9231;9 1817.66 594.55 43.14 12.9 359.5
v_h7qqm11iv8_0049,1 31.8 474.77 63.6 41.9 0;1 139.51 471.3 117.4 40.9 0;1 271.66 473.995 88.9 36.71 0;1 311.54 524.685 88.3 42.11 2.2;1 382.885 479.46 91.55 35 0;1 489.975 475.55 92.83 37 0;1 496.925 534.11 101.45 35.44 2.4;1 606.035 482.865 110.81 35.13 0;1 674.92 548.915 95.9 34.27 4.3;1 729.055 481.68 95.19 38.3 0;1 814.77 545.47 88.98 34.54 0;1 846.33 489.44 84.08 33.8 0;1 915.01 897.345 36 97.13 0;1 916.59 1038.6 30.3 82.8 0;1 962.495 1036.4 35.61 87.2 0;1 966.68 612.755 32.9 89.81 358.1;1 972.06 914.485 33.9 85.25 0;1 977.46 786.25 31.6 87.88 0;1 988 46.565 30.5 92.47 1.9;1 1026.42 589.4 35.8 91.1 31.9;1 1133.455 559.025 101.17 38.17 1.3;1 1132.46 505.435 33.4 91.73 69.96;1 1229.13 488.92 102.14 37.9 2.6273;1 1254.545 547.655 32.63 87.99 89.3;1 1371.42 494.525 89.7 34.85 0;1 1413.295 553.01 39.11 89.44 93.4;1 1521.525 501.475 91.91 36.91 0;1 1656.655 501.72 113.25 39.82 0;1 1785.135 507.56 96.53 35.66 0;1 1899.56 496.245 40.88 39.81 24.6;1 1902.08 563.38 33.5 34.34 89;3 923.69 450.01 50.2 256.74 2.3;3 1660.115 553.34 163.13 41.68 0.2;9 1043.76 641.16 9.9 25.4 18.9211
v_h86pmd8atw_0000,1 7.59 424.36 15.18 32.98 0;1 5.085 470.45 10.17 32.32 0;1 43.715 520.18 83.17 32.06 0;1 173.16 418.655 80.7 29.47 0;1 185.2 270.335 79.9 35.43 359.1;1 202.02 466.535 83.6 33.61 0;1 223.17 515.965 86.7 32.39 0;1 243.745 123.91 76.25 35.34 0.5;1 340.84 420.14 84.24 32.48 0;1 352.055 470.505 69.83 30.21 0;1 389.255 512.205 82.59 32.91 0;1 680.89 421.885 85.88 32.71 0;1 783.52 258.05 76.2 36.34 359.9;1 837.565 815.49 71.89 29.36 161.2;1 883.98 469.965 77.68 29.33 0;1 911.955 863.18 79.95 32.94 91.8;1 925.45 420.78 83.6 33.42 359.1;1 943.365 1027.9 81.41 32.06 90.7;1 1002.25 523.515 84.4 32.71 0;1 1016.495 1026.615 31.45 86.25 0;1 1016.9 912.515 26.8 75.87 0;1 1063.5 1017.705 32.6 83.49 0;1 1062.505 906.85 29.85 87.18 0;1 1116.86 420.355 83.96 34.35 359.4;1 1239.755 531.46 86.33 34.16 359.4;1 1265.975 424.45 79.47 32.78 0;1 1323.36 482.51 76.26 30.1 0.4;1 1409.285 642.615 82.15 33.83 62.68;4 514.19 416.005 82.18 30.03 0;4 651.61 518.25 91 30.7 0;4 667.165 466.795 82.75 31.05 0;4 1194.335 470.13 76.29 30.2 358.9;7 695.18 302.245 96.92 39.53 0;7 1047.335 469.91 102.19 34.36 0;7 1556.27 512.005 114.92 41.25 0.8;9 883.99 500.615 43.9 14.37 0
v_h86pmd8atw_0049,1 8.6 512.985 17.2 31.21 0;1 170.765 421.075 87.67 36.81 0;1 169.695 120.81 76.25 35.34 0.5;1 186.48 468.05 80.32 34.78 0;1 202.605 518.965 86.51 32.25 0;1 417.365 421.02 75.67 32.98 0;1 493.43 466.4 86.12 32.32 0;1 523.035 520.45 83.17 32.06 0;1 610.44 416.325 80.7 29.47 0;1 661.28 465.535 83.6 33.61 0;1 733.84 516.255 86.7 32.39 0.16;1 761.28 419.915 84.24 32.47 0;1 828.105 468.02 69.83 30.2 0;1 837.555 815.6 71.89 29.36 161.2;1 868.805 513.695 82.59 32.91 0;1 912.055 863.025 79.95 32.93 91.8;1 1016.495 1026.615 31.45 86.25 0;1 1016.9 912.515 26.8 75.87 0;1 1063.25 1009.025 32.6 83.49 0;1 1062.505 906.85 29.85 87.18 0;1 1176.005 421.615 85.89 32.71 0;1 1174.155 467.03 77.67 29.32 0;1 1440.695 730.325 82.15 33.83 64.5;1 1581.03 416.59 83.6 33.42 0.1;1 1659.72 524.295 84.4 32.71 0;1 1876.21 418.435 83.96 34.35 359.4;4 981.465 413.795 77.67 30.03 1.18;4 1011.665 474.215 79.73 31.05 3;4 1192.29 517.515 83.4 30.71 0;4 1727.76 466.89 76.3 30.2 359.4;7 1389.45 468.76 102.2 34.36 0;9 1476.575 503.845 43.91 14.37 0
v_h92ktj7wpi_0000,1 1007.36 482.865 94.6 40.73 0;1 1836.405 515.05 105.11 47.3 350.6
v_h92ktj7wpi_0049,1 224.29 509.135 94.6 40.73 0;1 1226.775 504.54 105.11 47.3 0.1
v_hbiqlkdjo7_0000,none
v_hbiqlkdjo7_0049,none
v_hd3ztj49lt_0000,1 283.19 529.86 102.1 42.08 357.3;1 898.65 547.225 39.14 97.99 307.12;1 1116.335 540.5 79.31 33.46 359
v_hd3ztj49lt_0049,1 262.06 530.285 39.14 97.99 269.3;1 582.695 545.12 79.31 33.46 359
v_helcprhhci_0000,none
v_helcprhhci_0049,1 208.45 458.87 95.7 37.82 0;1 269.8 523.05 105.8 39.58 0;1 981.82 714.175 37.48 91.55 9.76
v_hf4wwzqpqn_0000,9 936.41 605.05 26.28 51.24 336.3
v_hf4wwzqpqn_0049,9 504.145 477.605 26.27 51.25 276.3
v_hgs9gkp3jd_0000,1 568.92 1013.95 87.22 38.64 359.3;1 913.435 810.98 37.03 84.96 0;1 915.185 590.38 31.41 79.1 357.29;1 957.615 713.785 33.75 78.65 356.1;1 964.07 1031.68 31.28 81.32 0;1 967.79 841.825 31.5 82.19 0;7 730.925 469.255 80.47 29.73 0;9 793.15 277.19 10.76 33.62 321.04;9 927.485 905.195 11.47 39.49 356.34;9 940.76 771.42 11.6 36.3 0
v_hgs9gkp3jd_0049,1 569.35 1011.815 87.22 38.65 359.3;1 686.705 272.52 31.41 74.54 279.72;1 893.52 320.22 33.74 78.64 340.26;1 901.64 498.89 35.66 81.68 351.6625;1 913.295 1048.545 32.53 62.91 0;1 915.14 785.09 35.84 90.5 359.9;1 964.925 762.275 31.29 78.07 0;1 970.49 963.4 31.3 78.3 0;1 1017.6 561.555 31.5 76.81 35.06;7 30.74 387.695 61.48 39.97 0;7 730.625 468.61 80.47 29.74 0;9 324.825 105.3 10.75 33 277.23;9 845.96 378.39 11.6 36.3 323.58;9 935.24 551.295 11.48 36.05 354.45
v_hh9febk2cz_0000,1 1007.355 873.08 36.79 93.28 0
v_hh9febk2cz_0049,1 1002.1 690.455 36.78 93.29 0;9 1543.42 501.285 55.18 27.53 0
v_hi3l3kkd9z_0000,none
v_hi3l3kkd9z_0049,none
v_hj8h7die0v_0000,1 735.695 529.495 80.29 43.15 359.9;1 1005.405 718.4 48.75 111.9 0;8 949.505 572.66 25.15 84.26 325.6
v_hj8h7die0v_0049,1 46.44 520.865 68.78 43.15 359.9;1 1002.645 134.135 48.75 104.85 0;8 519.56 486.76 27.18 84.68 270.7
v_hj9saknm6k_0000,1 99.89 490.34 89.98 39.34 0;1 254.155 561.73 37.69 91.18 89.6;1 932.94 712.15 37.5 101.7 0.75;1 933.275 404.55 35.01 91.04 3.45;1 936.16 184.465 34.34 85.39 0;1 1002.965 742.45 87.13 35.36 275.01;1 976.28 600.55 32.1 81 0.39;1 983.4 303.47 34.98 79.1 5.9;1 1052.095 496.02 84.51 34.76 0;1 1272.095 508.57 92.15 35.24 355.21;1 1341.615 547.23 90.37 37.98 358.2;1 1444.96 510.22 76 34.1 0;1 1554.1 502.19 89.12 34.3 0;1 1682.605 508.49 76.61 35.42 0;1 1787.45 574.23 98.14 37.56 5.036;7 1000.905 903.49 42.17 103.16 359.6;9 901.115 315.9 13.79 39.38 0;9 922.635 313.62 13.19 44.92 352.85
v_hj9saknm6k_0049,1 99.89 490.34 89.98 39.34 0;1 915.97 514.22 84.52 34.76 352.22;1 929.48 351.55 33.14 81.26 6.18;1 939.01 1048.355 37.5 62.27 0.2;1 939.62 692.98 35 91.04 359;1 953.79 922.73 32.1 81 2.7;1 960.665 427.31 34.99 79.1 13.58;1 992.485 982.4 87.13 35.36 271.8;1 968.905 210.38 33.57 80.8 0;1 1031.43 597.05 83.96 35.24 322.5;1 1341.345 547.23 90.37 37.98 358.2;1 1338.81 504.25 76 34.1 359.66;1 1508.87 503.79 89.12 34.3 0;1 1641.475 506.905 76.61 35.41 0;1 1735.68 517.1 83.56 35.82 0;1 1771.34 576.03 98.14 37.56 0.2;9 901.955 324.56 13.69 39.38 0;9 902.555 652.05 13.19 44.92 0.8
v_hkv0lgkqsg_0000,1 558.165 496.06 35.61 88.62 89.4;1 818.03 536.32 32.8 88.04 71.4;1 958.825 299.945 31.37 82.97 0;1 962.13 151.42 32.9 85.3 0;1 1009.75 335.405 35.9 92.69 0;1 1018.89 772.33 33.7 85.6 0;1 1017.84 63.12 29.9 85.8 0
v_hkv0lgkqsg_0049,1 444.81 536.795 32.8 88.05 101.7;1 557.325 496.57 35.61 88.62 89.4;1 774.595 516.93 31.37 82.98 70.8;1 918.48 448.52 32.9 85.3 33.3;1 1010.06 977.755 35.9 87.65 0;1 1017.45 79.265 35.8 97.31 0;1 1017.75 321.55 29.9 85.8 0;1 1318.68 536.935 90.56 34.27 356.9;1 1836.39 515.785 93.36 30.19 0;7 960.92 186.43 30.3 107.06 0
v_hp0fgwmq93_0000,1 988.75 75.64 36.64 85.28 0;1 1042.02 577.16 39.34 109.14 35.5375;1 1071.59 460.445 89.7 36.17 0;1 1679.6 486.935 89.2 38.31 355.1;1 1892.405 462.935 54.41 36.23 0;1 1917.1 528.39 5.8 35.3 0;8 299.3 519.325 62.3 26.19 0
v_hp0fgwmq93_0049,1 323.11 465.48 99.4 37.6 0;1 787.01 393.37 87.36 40.74 7.2;1 1454.61 517.1 39.34 109.14 94.9136;1 1908.45 484.545 22.7 36.17 0;8 874.58 513.84 62.3 26.2 0
v_hr8fepbf14_0000,1 33.035 448.185 66.07 36.49 0;1 128.6 447.365 103.9 37.67 0;1 418.685 501.87 102.79 38.72 0;1 465.36 444.34 117.06 41.3 0;1 617.725 505.33 86.57 35.06 0;1 659.745 448.98 94.73 38.92 0;1 789.465 512.225 91.05 37.97 0;1 838.45 418.365 86.22 35.13 338.68;1 965.5 981.55 37 97.16 0;1 967.695 555.315 39.57 86.71 0;1 1072.17 514.4 89.42 36.68 0;1 1085.85 453.095 78.1 37.53 0;1 1759.715 450.975 97.59 38.15 0;1 1780.395 537.545 92.99 35.53 0;2 239.335 452.895 83.65 33.29 0;4 1478.695 472.43 36.39 95.06 89.1
v_hr8fepbf14_0049,1 41.29 444.575 82.58 36.49 0;1 234.66 443.795 103.9 37.67 0;1 731.755 440.18 110.21 39.1 0;1 747.195 500.275 95.17 35.87 0;1 914.28 325.035 89.54 34.27 292.475;1 948.455 95.24 39.57 87.96 0;1 981.4 478.725 86.56 35.07 353.2;1 970.15 693.09 37 93.74 0;1 1181.29 487.725 86.5 39.65 0;1 1677.14 486.92 91.48 39.54 0;1 1780.395 536.75 92.99 35.54 0;1 1902.29 469.03 35.42 38.82 0;2 490.525 445.345 75.79 32.07 0
v_hwlrgksij1_0000,1 60.985 517.91 98.45 37.46 0;1 263.74 541.825 36.34 90.57 90;1 451.165 522.575 86.63 35.65 0.1;1 676.305 526.775 33.35 84.03 85.33;1 965.16 47.7 40.46 95.4 0;1 1026.13 549.62 33.6 85.96 0;1 1249.705 528.015 92.87 36.73 358.1;1 1348.705 473.89 90.21 37.5 0;7 1022.91 125.82 42.76 108.46 0
v_hwlrgksij1_0049,1 47.645 549.185 34.21 85.15 89.4;1 963.28 47.36 40.46 94.72 0;1 1009.7 54.12 34.7 90.2 0;1 1017.635 202 39.19 93.1 0;1 1025.44 1049.76 33.6 60.48 0;1 1079.23 529.43 88.32 36.74 356.9667;1 1267.955 472.09 90.21 37.5 0;7 1017.2 343.255 42.76 101.51 0
v_hx7dn7qak1_0000,1 183.38 531.065 44.06 94.09 269.4;1 1005.515 317.03 37.89 93.24 357.7
v_hx7dn7qak1_0049,1 1389.185 528.13 116.01 44.22 359.3
v_hxbdibucjl_0000,none
v_hxbdibucjl_0049,none
v_hxgwnzuh81_0000,1 233.28 462.395 93.6 35.61 0;1 380.905 510.155 92.57 34.91 0;1 826.915 474.625 97.45 42.13 0;1 971.895 741.89 39.95 88.02 0;1 1120.1 458.15 79.04 39 0;1 1121.935 554.725 34.55 85.67 68.68;1 1610.445 518.115 90.09 38.67 0;1 1696.92 459.81 93.2 39.22 0
v_hxgwnzuh81_0049,1 971.365 539.145 39.95 87.55 0;1 1204.09 492.82 88.22 36.8 0;1 1229.68 440.675 87.6 35.61 0;1 1439.61 530.89 34.56 90.54 88.7714;1 1823.075 508.68 103.69 45.5 0
v_hxhjthxc4s_0000,1 333.145 491.2 96.41 42.92 0;1 918.085 818.465 33.77 89.07 0;1 981.89 961.67 40.16 94.14 0;1 1052.28 552.58 98.5 36.5 354.8;1 1091.64 491.335 96.24 38.79 0;1 1237.75 544.01 38 103.5 89;1 1392.285 556.465 101.99 39.07 3.6;1 1408.005 498.7 98.89 38 1.2;1 1525.3 551.42 94.2 38.1 0;1 1551.49 509.115 93.2 37.35 358.2;1 1638.26 554.88 105.08 39.3 0;1 1655.64 505.53 89.04 36.18 0;1 1760.895 555.63 101.91 37.74 0.1;1 1800.75 499.295 101.1 36.25 359.1;1 1867.91 565.375 96.3 32.63 0;1 1895.355 495.395 49.29 36.25 0;9 905.36 432.63 10.64 40.8 0;9 990.52 631.46 11.3 40.9 21.42
v_hxhjthxc4s_0049,1 585.5 496.635 96.7 38.35 0;1 731.035 494.09 96.41 42.92 0;1 929.465 271.035 33.77 89.07 0;1 983.645 794.37 40.17 94.14 0;1 982.275 1073.355 34.39 13.17 0;1 1081.255 551 98.49 36.5 354.8;1 1269.87 543.9 38 103.5 89;1 1307.3 492.095 96.24 38.79 0;1 1393.52 556.065 102 39.07 3.6;1 1426.555 499.57 98.89 38 1.2;1 1526.26 551.16 94.2 38.1 0;1 1552.945 509.495 93.21 37.35 358.2;1 1637.025 555.25 105.09 39.3 0;1 1656.855 504.89 89.05 36.18 0;1 1763.155 555.67 101.91 37.74 0.1;1 1802.52 499.26 101.1 36.24 359.1;1 1869.07 565.375 96.3 32.63 0;1 1896.13 495.395 47.74 36.25 0;7 909.755 981.535 42.75 162.49 0;9 548.925 540.81 32.37 15.24 0;9 1198.37 571.35 11.3 40.9 85.2667
v_hxstucb9uf_0000,1 146.165 496.705 93.97 37.37 0;1 277.725 499.2 96.91 39.56 0;1 390.425 493.09 101.03 37.76 358.4;1 417.5 548.05 93.78 38.06 0;1 507.21 490.33 96.86 38.04 0;1 556.495 545.12 92.83 37.54 359.6;1 614.725 497.845 88.09 39.97 0;1 665.13 546.5 112.76 41.64 359.3;1 720.1 492.38 90.44 36.72 0;1 780.31 554.895 92.34 39.37 0;1 823.145 498.05 90.41 39.84 0;1 918.04 663.84 39.02 89.42 0;1 923.125 113.375 35.47 90.53 0;1 941.59 880.73 33.72 86.7 0;1 985.23 463.07 40.84 99.5 0;1 989.5 194.09 36.34 87.6 0;1 1605.82 490.89 36.56 93.4 89.1;1 1739.455 482.065 96.79 39.93 359.8;1 1866.89 488.82 44.44 100.88 88.7;9 1020.56 571.15 13 38.3 1.34;9 1311.79 477.555 12.86 40.23 94
v_hxstucb9uf_0049,1 75.03 550.46 94.02 41.34 0;1 141.565 494.96 93.97 37.36 0;1 272.855 497.235 96.91 39.57 0;1 388.185 492.495 101.03 37.75 358.4;1 458.525 547.05 88.03 36.06 0;1 502.88 488.96 96.86 38.04 0;1 554.395 544.165 92.83 37.53 359.6;1 612.455 496.655 88.09 39.97 0;1 664.065 545.87 112.77 41.64 359.3;1 722.03 491.115 87.62 35.57 0;1 778.93 553.86 92.34 39.38 0;1 841.385 497.34 90.41 39.84 0;1 912.275 30.4 39.03 60.8 0;1 926.535 1047.375 40.53 65.25 0;1 929.67 850.745 40.64 91.11 0;1 931.16 416.02 34.46 85.46 0;1 986.175 789.2 40.45 106.88 0;1 988.995 955.96 35.61 90.28 0;1 1615.97 490.28 36.56 93.4 89.1;1 1744.995 480.725 96.79 39.93 359.8;1 1881.48 487.25 44.44 87.74 88.7
v_hy2wirmd0a_0000,1 40.15 460.32 80.3 40.9 0;1 241.23 468.515 88.9 36.71 0;1 383.975 525.49 101.45 35.44 2.4;1 379.615 476.33 91.55 35 0;1 487.91 474.65 92.84 37 0;1 550.115 538.685 95.91 34.27 4.3;1 603.555 478.4 110.81 35.12 0;1 726.675 480.675 95.19 38.29 0;1 809.55 542.6 88.98 34.54 0;1 845.23 488.7 84.08 33.8 0;1 910.12 839.915 35.88 88.93 0;1 935.995 266.11 35.25 90.9 0;1 961.41 653.73 34.6 90.5 352.0923;1 968.97 1000.605 32.9 89.81 0;1 975.64 857.765 30.5 96.89 0;1 1017.77 589.96 35.8 91.1 28.9;1 1128.955 558.455 101.17 38.17 1.3;1 1121.08 504.095 33.4 91.73 67.9;1 1229.05 488.46 102.14 37.9 0;1 1241.395 544.5 32.63 88 89.3;1 1361.18 494.35 89.7 34.86 0;1 1350.145 546.54 39.11 89.44 93.4;1 1452.71 498.165 91.9 36.91 0;1 1571.785 497.67 113.25 39.82 0;1 1686.035 507.425 96.53 35.67 0;1 1700.94 559.245 33.5 91.51 89;1 1765.24 554.2 98.24 38.06 0;1 1797.13 513.18 90.46 33.7 0;1 1867.475 572.435 92.55 32.51 1.2;1 1898.43 504.31 43.14 35.16 0;3 901.25 1013.025 50.2 133.95 0;3 1503.96 549.35 163.14 41.68 0.2;9 1645.985 593.16 30.31 10.84 2.1733;9 1803.26 597.06 43.14 12.9 359.5
v_hy2wirmd0a_0049,1 106.91 467.05 117.4 40.9 0;1 260.545 472.595 88.89 36.71 0;1 382.15 478.04 91.56 35 0;1 480.495 531.76 101.45 35.44 2.4;1 489.465 474.88 92.83 37 0;1 605.245 481.365 110.81 35.13 0;1 672.25 547.975 95.9 34.27 4.3;1 727.855 481.17 95.19 38.3 0;1 812.37 544.92 88.98 34.54 0;1 845.77 489.06 84.08 33.8 0;1 923.495 483.88 35.87 88.92 0;1 963.95 616.075 30.5 96.89 357.8;1 971.74 780.615 32.9 89.81 0;1 977.72 990.64 31.6 87.88 0;1 980.07 83.55 34.6 90.5 1.2;1 1021.5 589.52 35.8 91.1 31.9;1 1129.475 558.86 101.17 38.18 1.3;1 1122.75 504.875 33.4 91.73 67.9;1 1229.095 488.735 102.15 37.91 0;1 1242.555 546.015 32.63 87.99 89.3;1 1366.25 494.435 89.7 34.85 0;1 1352.035 546.88 39.11 89.44 93.4;1 1460.505 499.075 91.91 36.91 0;1 1577.855 498.125 113.25 39.81 0;1 1694.245 507.56 96.53 35.66 0;1 1743.79 559.765 33.5 91.51 89;1 1826.985 551.89 98.23 38.06 0;1 1831.295 456.045 94.57 39.81 15.175;1 1898.7 512.44 42.6 33.7 0;1 1913.18 571.445 13.36 32.51 1.2;3 909.11 829.4 50.2 256.74 2.3;3 1520.395 549.68 163.13 41.68 0.2;9 1008.71 979.355 9.9 25.41 1.2;9 1779.245 581.45 36.23 10.84 343.1615;9 1815.045 594.75 43.13 12.9 359.5
v_hzkxd754wa_0000,1 606.95 480.625 91.9 36.91 0;1 898.25 620.57 35.4 92.9 0;1 898.025 772.52 34.29 89.8 0;1 943.175 901.13 33.49 91.52 0;1 977.73 59.59 97.3 36.9 272.8;1 955.055 609.865 35.61 87.53 0;1 957.36 742.85 34.6 83.5 0;1 985.55 939.045 32.44 84.67 0;1 1042.69 484.805 113.24 39.81 0;1 1043.47 545.36 98.24 38.06 0;1 1299.085 506.46 96.53 35.66 0;1 1332.905 556.265 92.55 32.51 1.2;1 1620.295 507.43 90.45 33.7 0;1 1746.19 502.805 96.7 37.25 4.15;1 1889.09 502.44 61.82 35.16 0;3 438.035 525.46 163.13 41.68 2.8;7 891.885 941.915 32.45 116.07 0;7 899.405 1056.65 34.39 46.7 0;8 942.15 1048.4 28.7 63.2 0;9 744.525 554.18 43.13 12.9 0;9 1629.085 572.86 42.35 13.2 0
v_hzkxd754wa_0049,1 452.515 483.41 94.39 33.4 0;1 819.395 488.165 91.91 36.91 0;1 906.82 1054.755 34 50.49 0;1 912.37 118.605 35.4 92.89 0;1 912.225 404.13 34.29 89.8 0;1 943.425 965.45 36.03 95.9 355.7;1 975.135 153.635 35.61 87.53 0;1 978.29 386.33 34.6 83.5 0;1 985.43 939.645 32.44 84.67 0;1 1015.805 587.06 33.49 91.52 31.15;1 1417.295 491.985 113.25 39.81 0;1 1554.54 508.56 96.52 35.66 0;1 1594.64 553.84 98.24 38.06 0;1 1746.35 509.4 90.46 33.7 0;1 1769.67 566.255 92.56 32.51 1.2;1 1878.685 554.96 82.63 37.26 20.9;1 1889.975 503.14 60.05 35.16 0;3 638.315 534.63 163.13 41.68 2.8;7 897.845 752.195 32.45 116.07 2.975;7 899.255 932.75 34.39 111.94 0;8 947.315 855.97 28.71 67.1 0;9 907.285 572.645 43.13 12.91 0
v_i0q42z9wgi_0000,1 8.705 458.41 17.41 32 0;1 85.78 508.38 86.9 34.52 0;1 413.39 461.71 76.1 32.08 0;1 581.235 461.325 77.43 31.93 1.28;1 614.91 116.57 77.5 33.16 2.2;1 642.235 507.425 82.75 32.87 0;1 839.36 803.57 71.88 29.36 160.5;1 866.615 512.615 80.47 32.07 359.8;1 914.735 259.67 78.35 34.74 358.6;1 929.225 985.31 79.19 31.06 90.8;1 932.535 686.465 80.63 30.97 88.5286;1 922.855 318.415 61.05 27.79 357.9;1 999.485 463.45 86.03 34.7 359.9;1 1018.475 925.9 34.17 83.4 0;1 1057.475 907.67 34.95 83.2 0;1 1726.32 503.59 71.96 30.5 0.9;1 1917.75 405.865 4.5 33.01 358.9;4 32.515 239.365 64.43 39.83 359.2;4 382.745 282.63 93.47 41.64 1.6;4 443.24 509.825 104.7 36.23 0;4 690.795 404.28 79.25 32.48 0;4 1001.125 404.005 79.59 32.35 0;7 193.8 455.575 180.16 55.03 0;7 673.75 156.205 143.16 44.95 0.8;7 757.88 457.965 180.9 47.47 0;7 910.345 202.775 106.73 48.01 2.96;8 130.105 406.72 61.03 26.7 0;9 275.22 508.28 49.78 14.08 0;9 343.9 526.45 46.9 13.44 0;9 371.395 486.475 41.43 15.11 0;9 1325.755 533.77 36.59 12.54 1.5
v_i0q42z9wgi_0049,1 155.84 502.21 80.64 30.44 0;1 183.635 257.255 78.35 34.75 0.1;1 238.155 428.95 90.41 32 351.04;1 405.31 510.05 85.06 34.52 0;1 411.47 405.285 79.32 32.85 0;1 658.93 121.16 77.5 33.16 359.3;1 705.33 458.73 74.46 32.08 0;1 837.98 804 71.88 29.36 161.2;1 853.51 524.145 73.68 31.93 27.57;1 989.025 519.285 81.07 32.87 0.7;1 1018.615 926.37 34.17 83.4 0;1 1057.615 908.06 34.95 83.2 0;1 1472.865 512.785 80.47 32.07 359.8;1 1773.92 457.235 87.88 34.69 359.9;4 719.255 512.975 98.37 36.23 0;4 1352.005 407.32 81.61 32.48 0;4 1726.71 399.765 84.08 32.35 0;7 272.02 160.555 143.16 44.95 0;7 436.005 456.35 172.15 55.04 0;7 604.975 244.815 106.73 48.01 358.74;7 1124.18 461.095 173.94 47.47 0;8 568.75 402.735 56.06 26.69 0;9 570.995 503.76 44.79 14.08 0;9 645.4 530.325 42.56 13.43 0;9 661.99 489.465 38.94 15.11 0
v_i1cg1t05hq_0000,1 105.185 497.64 100.45 39.84 0;1 350.93 492.85 101.84 39.94 0;1 612.495 486.075 101.11 43.23 0;1 747.495 482.96 89.75 40.66 0;1 920.77 633.765 43.24 102.89 0;1 918.715 1039.835 38.55 80.33 0;1 923.26 893.87 36.4 91.94 0;1 930.15 356.14 37.8 88.54 20.8;1 987.775 1011.475 37.13 96.49 0;1 996.485 685.185 41.05 99.61 0;1 995.65 865.275 37.82 93.21 0;1 1367.01 497.8 80.6 38.1 0;4 1826.91 522.045 119.06 42.13 0;9 752.585 536.185 39.95 11.49 0;9 933.85 538.535 41.04 13.41 0;9 958.615 832.875 14.77 43.79 0
v_i1cg1t05hq_0049,1 127.105 487.08 100.07 36.94 0;1 229.76 549.14 106.42 39.26 0;1 430.41 494.19 100.46 39.84 0;1 700.09 489.23 98.96 39.94 0;1 904.625 365.15 97.01 43.64 296.28;1 932.095 136.2 89.75 40.66 267.63;1 914.42 517.075 43.24 102.89 358.2;1 913.58 882.26 38.5 94.6 0;1 918.645 713.485 36.39 91.95 0;1 920.865 1001.845 40.27 95.05 0;1 985.835 809.52 37.13 94.62 0;1 992.195 662.81 37.55 89.96 0;1 995.875 1012.04 44.51 100.7 0;1 1035.455 545.835 39.37 98.21 32.87;9 51.26 551.045 56.1 16.31 0;9 960.52 448.66 11.7 36.14 3.87;9 1533.035 505.86 39.95 11.5 353.66;9 1594.265 494.32 41.05 10.9 353.79
v_i1f0mq97o4_0000,1 216.73 526.95 87.28 37.52 0;1 520.52 514.455 96.58 41.37 358;1 736.99 524.74 91.4 34.8 357.84;1 976.55 572.68 36.2 94.3 0;1 1001.975 124.635 85.73 32.17 270.1;1 1416.825 529.945 91.79 34.83 0;1 1441.525 473.24 93.19 34.5 0;1 1726.24 548.855 104.94 38.99 359.6;1 1909.18 488.99 21.56 37.7 0.2;8 385.715 472.71 64.99 25.92 0;8 1052.685 461.64 68.01 30.3 0;9 476.965 552.33 52.49 15.1 0
v_i1f0mq97o4_0049,1 186.365 489.95 100.67 38.4 0;1 562.3 467.275 123.88 38.29 0;1 754.22 502.67 87.28 37.52 358.1133;1 1016.69 510.54 96.58 41.36 358;1 1025.75 43.52 36.2 86.36 0.6;1 1205.19 543.93 91.4 34.8 1.5;8 1116.905 463.295 64.99 25.91 0.8;8 1757.715 482.96 68.01 30.3 0;9 893.645 534.07 52.49 15.1 0
v_i2bd4vwde7_0000,1 782.14 488.925 95.78 39.03 0;1 819.005 547.275 91.35 34.89 359.54;9 299.96 539.315 49.38 17.39 356.9
v_i2bd4vwde7_0049,1 21.38 537.345 41.44 34.89 359.8;1 355.5 509.185 95.78 39.03 355.8
v_i41wbsiepr_0000,1 159.88 551.81 101.44 34.48 0.7;1 435.84 539.41 30.1 83.08 90.5706;1 561.74 496.97 35.6 88.62 89.4;1 588.835 556.4 31.73 80.1 86.5667;1 804.28 549.38 77.48 30.2 354.8222;1 931.575 1030.735 30.79 83.29 27.4;1 940.54 437.71 33.2 85.18 13.4667;1 953.25 305.065 30.4 82.03 0.5111;1 982.14 569.18 84.8 31.16 353;1 959.3 159.145 30.2 86.23 0;1 1005.48 222.56 31.6 76.66 0;1 1014.08 470.745 33.46 80.05 0;9 967.43 822.655 9.14 32.29 359.3
v_i41wbsiepr_0049,1 20.685 543.31 31.73 41.4 90;1 311.47 550.4 77.48 30.2 2.2;1 547.985 567.99 84.79 31.16 2;1 562.175 496.005 35.61 88.63 89.4;1 723.85 546.56 33.2 85.18 86.125;1 868.17 504.245 30.4 82.03 52.1875;1 911.475 1066.755 30.79 26.49 27.4;1 961.59 407.205 30.2 82.29 0;1 966.65 178.925 29.8 74.03 2.7;1 1006.265 916.535 33.47 80.05 0;1 1009.83 581.34 31.6 76.66 0;9 1006.585 370.255 13.47 36.71 0
v_i50aelmzhe_0000,1 122.94 118.165 76.24 35.33 0.5;1 842.37 815.13 71.88 29.36 158.0931;1 912.03 862.205 79.94 32.93 91.8;1 934.47 643.385 68.02 31.21 79.9667;1 945.07 812.95 81.34 32.38 87.6;1 982.04 443.08 90.86 37.1 3.9;1 1016.495 1026.615 31.45 86.25 0;1 1016.9 912.515 26.8 75.87 0;1 1063.21 1007.435 32.6 83.49 0;1 1062.505 906.85 29.85 87.18 0;1 1156.91 428.435 80.3 34.83 359.19;1 1391.525 422.795 83.11 34.43 359;1 1544.235 780.675 82.15 33.83 4.2;1 1631.67 468.01 75.88 33.18 0;1 1638.085 522.445 82.07 32.25 358.38;1 1677.025 252.565 81.55 34.29 0;1 1872.9 418.38 87.54 36.82 0;1 1890.475 471.08 59.05 34.78 0;7 750.965 469.875 149.49 41.05 1.56
v_i50aelmzhe_0049,1 39.135 259.345 71.59 34.29 0;1 124.6 111.24 76.24 35.34 0.5;1 840.36 813.04 71.88 29.36 157.01;1 910.705 860.62 79.95 32.94 91.8;1 940.96 881.305 81.34 32.39 90.9;1 939.295 749.565 68.01 31.21 87.4;1 1016.495 1026.615 31.45 86.25 0;1 1016.9 912.515 26.8 75.87 0;1 1063.21 1007.435 32.6 83.49 0;1 1062.505 906.85 29.85 87.18 0;1 1544.235 780.675 82.15 33.83 4.2;1 1819.63 290.59 87.36 34.36 0;1 1879.55 430.475 80.9 34.83 359.8;1 1881.98 480.19 75.76 37.1 0.5;7 1398.625 471.03 141.39 41.04 0.5;9 1002.665 291.615 40.03 17.71 0
v_i6j2p8a7mw_0000,1 99.66 490.595 89.98 39.33 0;1 908.03 518.34 37.7 88.56 57.1333;1 935.53 383.31 37.5 101.7 2.26;1 938.04 791.615 37.3 88.69 0;1 939.78 159.14 35 92.28 0;1 1002.075 884.9 89.77 39.28 269.3;1 987.405 313.46 35.37 84.5 0;1 991.82 1045.66 34.22 68.68 0;1 992.82 65.51 33.14 83.14 0;1 1064.755 580.12 87.13 35.36 333.58;1 1215.165 494.98 84.51 34.76 0;1 1339.7 504.33 92.52 35.24 0;1 1341.815 547.36 90.37 37.98 358.2;1 1574.08 511.12 82.56 40.44 0;1 1758.03 502.85 89.12 34.3 0;1 1774.015 562.98 98.15 37.56 15.12;7 1000.51 634.02 42.18 103.16 355.86;9 900.305 308.16 13.89 39.38 0;9 915.165 101.7 13.19 46.36 3.5
v_i6j2p8a7mw_0049,1 99.89 490.34 89.98 39.34 0;1 271.72 562.025 37.7 90.71 89.6;1 932.72 704.65 37.5 101.7 1;1 933.5 397.805 35 91.03 3.7;1 936.16 180.325 34.34 85.39 0;1 1003.215 736.495 87.13 35.35 275.3;1 976.75 593.8 32.1 81 0;1 983.825 299.06 34.99 79.1 5.9;1 1053.985 495.95 84.51 34.76 0;1 1276.485 507.69 92.51 35.24 355.8;1 1341.625 547.23 90.37 37.98 358.2;1 1445.14 510.26 76 34.1 0;1 1554.075 502.1 89.11 34.3 0;1 1686.155 508.56 76.61 35.42 0;1 1787.725 574.22 98.15 37.56 5.16;7 1000.905 897.64 42.17 103.16 359.6;9 901.1 315.72 13.8 39.38 0;9 922.59 308.39 13.18 44.92 351.9
v_i6nl9zk5xk_0000,1 676.1 529.985 35.7 76.11 86.7;1 963.57 47.035 40.46 91.87 0;1 983.34 579.81 35.7 91 2.8;1 989.84 268.89 32.38 85.56 4.6;1 1010.27 100.495 40.2 113.15 3.57;1 1331.745 535.565 103.45 37.81 0;1 1351.01 478.09 94.8 37.5 0;4 39.885 480.775 79.77 35.01 1.1
v_i6nl9zk5xk_0049,1 388.515 557.34 35.71 78.08 82.8;1 755.5 515.74 33.44 82.04 81.61;1 963.57 46.79 40.46 91.38 0;1 965.355 323.425 40.21 113.15 11.53;1 1015.34 90.21 38.3 92.92 0.81;1 1147.65 532.195 99.64 37.81 0;1 1338.115 475.26 90.21 37.5 0
v_i7ytmdmi6y_0000,1 565.82 516.87 94.44 36.08 0;1 588.155 453.51 101.19 40.14 0;1 701.3 518.845 92.1 38.99 0;1 712.745 465.87 98.27 37.54 0;1 817.09 466.875 91.56 40.13 0;1 904.425 371.88 38.23 90.44 0;1 906.69 162.835 37.14 87.79 0;1 908.815 928.37 41.09 93.4 0;1 908.975 568.89 37.21 81.7 0;1 958.51 1062.015 33.56 35.97 0;1 964.825 354.225 42.93 88.71 0;1 964.93 689.125 37.98 88.51 0;1 966.68 503.015 38.86 86.21 0;1 969.235 975.655 42.31 96.05 0;1 982.255 862.82 40.21 89.1 0;1 1398.755 456.255 92.53 36.79 0;1 1784.85 540.475 93 35.53 0;1 1881.2 468.52 77.6 39 0;1 1904.875 534.985 30.25 38.27 0;3 1580.34 473.355 137.34 46.93 0
v_i7ytmdmi6y_0049,1 519.075 462.01 84.05 36.08 0;1 668.545 449.68 93.51 39.64 0;1 817.465 517.88 92.67 36.08 0;1 851.33 461.585 90.5 36.87 0;1 906.025 757.99 41.09 93.4 0;1 958.235 963.38 35.19 90.2 0;1 962.965 771.755 42.31 92.91 0;1 965.63 210.225 37.98 88.51 0;1 985.6 599.79 40.2 89.1 6.1;1 1014.23 459.13 89.48 40.14 0;1 1074.55 510.025 88.34 38.99 0;1 1784.575 540.405 92.99 35.53 0;1 1783.24 453.195 90.04 36.79 0;1 1905.535 534.985 28.93 38.27 0
v_i8yooudjzo_0000,1 170.42 524.91 107.74 43.34 0;1 1182.1 490.745 99.86 38.11 0
v_i8yooudjzo_0049,1 1082.245 486.8 99.85 38.1 0
v_ib0w7zpo61_0000,1 437.13 498.26 105.5 41.98 0;1 662.595 492.45 101.41 41.06 0;1 669.27 542.365 94.72 37.35 1.7;1 920.555 894.57 40.61 96.2 0;1 925.8 234.89 37.1 92.88 0;1 987.265 867.41 37.47 95.62 0;1 990.995 206.43 36.47 93.38 0;1 995.395 520.55 38.15 91.76 0;1 1144.94 540.105 88.52 35.39 359.7;1 1133.61 493.935 36.84 87.81 76.23;1 1237.895 492.295 84.63 37.65 2;1 1260.545 564.07 87.81 37.8 0.9;1 1356.22 499.505 91.08 38.09 357.9;1 1364.425 448.605 95.15 41.45 358.1;1 1369.325 546.25 40.25 87.68 90.9;1 1459.97 495.82 91.68 38.98 358.5;1 1564.925 485.45 103.79 42.34 359.8;1 1621.145 531.225 89.95 37.17 356.3;1 1723.805 493.1 90.19 40 0;1 1829.205 491.11 94.45 37.2 359.5;1 1852.78 561.635 39.08 96.11 86.9;4 926.68 645.35 41.1 111.1 0;4 1501.385 545.95 97.95 36.12 359;7 822.165 492.82 106.47 39.4 0;9 918.135 992.57 15.85 52.4 0;9 961.25 297.97 14.5 45.3 0.7
v_ib0w7zpo61_0049,1 559.865 497.725 101.73 41.99 0;1 666.435 492.025 101.41 41.05 0;1 794.025 544.54 92.07 37.36 1.7;1 919.935 444.275 40.61 89.05 0;1 920.915 925.99 40.81 99.1 0;1 976.87 294.275 37.3 89.15 356.13;1 986.39 788.64 36.54 86.5 0;1 995.115 961.38 42.65 98.3 0;1 1144.28 539.155 88.52 35.39 359.7;1 1139.55 493.33 36.84 87.82 81.6;1 1236.875 491.62 84.63 37.66 2;1 1259.695 561.995 87.81 37.81 0.9;1 1355.225 497.955 91.07 38.09 357.9;1 1363.425 447.24 95.15 41.46 358.1;1 1369.09 545.245 40.26 87.67 90.9;1 1459.83 494.91 91.68 38.98 358.5;1 1563.94 484.91 103.8 42.34 359.8;1 1620.3 529.805 89.96 37.17 356.3;1 1722.675 491.87 90.19 40 0;1 1827.685 489.64 94.45 37.2 359.5;1 1850.625 559.64 39.07 96.1 86.9;4 926.945 68.12 41.09 106.78 0;4 1499.665 544.615 97.95 36.13 359;7 821.655 491.97 106.47 39.4 0;9 927.445 593.11 15.85 52.4 0
v_ibmrlotglh_0000,1 94.67 113.44 28.5 67.16 268.7;1 481.715 80.78 28.29 78.52 271.5;1 633.885 120.08 33.11 80.2 276.3;1 701.14 271.025 26.64 72.19 281.5;1 874.38 285.5 28.7 78.7 310.9667;1 904.63 510.3 32.3 82.26 352.5;1 922.01 903.07 27.2 72.1 0;1 927.62 1061.45 33.4 37.1 0;1 927.63 711.61 30.66 87 0;1 952.54 423.435 29.4 78.45 354.5;1 1318.22 299.63 83.4 32.9 0;1 1861.06 237.64 90.3 35.46 0;7 1181.16 249.615 113.3 42.61 0;7 1268.94 193.775 111.02 40.67 0;7 1858.735 361.55 29.39 97.6 92.4;9 897.505 367.26 8.13 37.5 355.1
v_ibmrlotglh_0049,1 11.65 127.03 23.3 14.84 269.9;1 16.67 78.69 28.28 33.76 270.2;1 254.67 221.445 28.7 78.69 270.3;1 673.2 259.21 32.3 82.26 281.8143;1 870.545 377.59 30.65 87 336.1143;1 876.96 281.685 29.4 78.45 313.9714;1 898.41 497 27.2 72.1 353;1 939.26 578.335 33.4 81.61 4.1;1 962.17 1032.22 29 81.04 0;1 1130.89 304.34 83.4 32.9 0;1 1350.52 199.85 90.1 32.7 0;1 1421.13 250.45 90.3 35.46 0;7 1159.88 195.895 111.02 40.67 0;7 1180.48 250.15 113.3 42.62 0;9 10.705 470.035 21.41 10.57 0;9 698.085 84.35 8.13 37.5 288.4545;9 919.33 1072.635 8.6 14.73 0
v_ibqi9h7dtq_0000,1 188.425 503.11 29.45 69.8 90.5;1 273.105 552.62 28.85 66.28 89.2;1 638.49 552.63 92.72 32.94 357.8;1 694.87 502.765 82.34 28.07 357.4;1 898.13 478.54 30.26 80.78 56.1;1 981.86 340.76 31.9 81.78 9.7;1 1030.415 209.145 30.55 82.45 0;1 1284.14 510.6 86.32 29.74 358.85
v_ibqi9h7dtq_0047,1 14.62 495.63 29.24 27.78 90.5;1 90.52 545.525 92.72 32.93 1.9;1 335.595 509.22 82.35 28.08 357.4;1 546.25 515.81 30.26 80.78 84.7;1 772.7 517.845 31.9 81.77 78.5;1 1022.045 645.105 76.99 29.73 299.4;1 1000.355 27.7 30.79 55.4 0;1 1008.12 147.04 30.8 79.28 0;1 1027.8 444.52 30.54 82.44 0;1 1762.14 524.07 92.3 28.82 0
v_icb6pqzzd8_0000,1 73.78 516.375 33.82 86.07 89.8;1 251.69 577.3 90.54 40.56 32.15;1 569.125 516.965 36.41 92.93 89.5;1 887.865 510.515 82.23 38.33 0.3;1 963.57 48.535 40.46 94.87 0;1 986.68 323.64 36.04 89.8 7;1 1020.375 641.925 79.99 36.91 301.5;1 1005.995 854.435 38.85 86.83 0.7;1 1008.22 187.54 38.34 88.22 4.8;1 1013.66 72.37 37.9 89.3 1.19;1 1681.37 480.07 94.8 37.5 0;1 1741.07 528.28 100.48 38.22 0;4 1284.285 529.2 88.47 34.42 3.9
v_icb6pqzzd8_0049,1 38.955 555.28 77.91 38.62 0;1 27.02 499.8 37.64 53.48 90;1 424.49 515.455 84.44 38.33 0.3;1 930.545 443.575 38.33 88.21 36.4;1 963.57 48.29 40.46 94.38 0;1 986.565 978.925 79.99 36.91 269.3;1 968.6 564.04 36.04 87.32 1.1;1 1002.18 258.34 37.9 90.8 1.2;1 1019.005 97.43 37.73 81 0;1 1421.93 536.205 96.94 38.23 0;1 1643.17 521.495 94.92 36.81 359.6;1 1680.62 480.06 94.8 37.5 0;4 1254.49 528.515 88.48 34.41 2.1
v_id6qvskulr_0000,1 579.535 110.22 28.69 73.3 274.8846;1 631.94 240.57 30.4 76.6 280.8308;1 888.61 353.78 28.5 77.42 347.7154;1 912.635 644 28.29 78.52 0;1 921.425 841.69 33.11 80.2 0;1 922.65 1023.375 26.64 71.39 0;1 966.43 1069.3 29.4 21.4 0;1 966.77 943.1 28.7 78.7 0;1 1201.89 466.045 29.1 79.09 83.2;1 1622.325 421.63 31.07 70.2 88.4;7 970.435 758.56 29.05 94.1 0;7 994.475 585.79 29.39 97.6 17.4;7 1181.16 247.38 113.3 42.62 0;9 116.55 102.58 11.3 32 266.2;9 873.16 451.71 8.6 31.7 347.8923
v_id6qvskulr_0049,1 677.69 110.46 28.5 77.42 277.4;1 841.955 253.665 28.29 78.53 337.4714;1 910.155 426.73 33.11 80.2 353.2857;1 915.725 653.215 26.65 72.19 357.9429;1 921.3 915.17 32.3 82.26 0;1 965.23 544.2 28.7 78.7 357.5571;1 965.78 715.4 29.4 78.46 0;1 1638.53 487.76 29.1 79.1 112.95;7 1181.16 248.475 113.3 42.61 0;7 1210.805 452.69 29.05 94.1 79.6714;7 1339.115 378.18 29.39 97.6 81.35;9 397.02 225.18 8.6 31.7 272.5;9 928.315 756.01 8.13 37.5 0
v_ieo9n9k1s2_0000,1 128.195 498.23 89.05 36.18 0;1 276.32 484.13 96.74 38.6 0;1 360.4 549.055 96.3 32.63 0;1 463.84 492.475 101.1 36.25 359.1;1 618.06 491.505 96.96 36.25 0;1 692.08 551.01 95.7 37.64 0;1 805.03 487.265 100.84 37.61 349.1077;1 988.165 632.485 95.63 34.47 284.4;1 970.91 739.14 33.1 89.3 3.1731;1 1037.055 551.43 99.71 40.56 0;1 1082.8 495.135 98.14 37.79 0;1 1282.965 499.695 102.01 40.55 0;1 1353.735 558.435 102.01 37.15 0;1 1496.935 499.775 93.65 37.87 359.3;1 1707.325 573.17 89.17 30.66 0.3;3 1764.915 508.205 54.51 190.61 89.3;9 641.78 577.375 48.2 11.59 0;9 912.21 613.73 16.78 44.3 4.0833
v_ieo9n9k1s2_0049,1 60.28 487.835 102.9 39.19 0;1 308.115 525.91 101.91 37.74 6.6111;1 420.915 498.85 89.05 36.18 0;1 569.4 493.99 96.74 38.6 0;1 717.88 556.075 96.3 32.63 0;1 753.17 492.58 101.1 36.24 359.1;1 950.56 493 96.96 36.26 0;1 922.13 787.69 35.1 92 0;1 970.115 101.17 88.41 37.6 271.3263;1 1002.69 549.42 95.7 37.64 0;1 988.68 650.79 33.1 89.3 13.8313;1 1191.755 517.045 95.63 34.47 345.2056;1 1514.485 556.495 99.71 40.55 0;1 1641.36 499.53 98.14 37.78 0;1 1762.825 563.035 102.01 37.15 0;1 1881.8 507.075 76.4 40.55 0;9 963.28 580.745 48.2 11.59 0;9 988.86 209.23 16.78 44.3 359.7923
v_if64gkr487_0000,1 710.425 1063.08 73.63 33.84 4.38;1 909.515 885.74 35.85 86.44 0.8791;1 909.71 999.98 32.92 81.16 0;1 954.105 988.39 30.39 82.42 0;1 964.575 872.66 33.57 75.38 0;9 1656.07 222.005 44.7 14.81 0
v_if64gkr487_0049,1 909.815 884.98 35.85 86.44 1.6767;1 909.775 999.98 32.91 81.16 0;1 954.105 987.24 30.39 82.42 0;1 964.835 864.455 33.57 75.39 0;9 597.625 220.835 38.91 12.83 0
v_ifn0mds0ry_0000,1 491.08 479.27 108.26 41.08 0;1 656.66 536.6 102.7 38.4 0
v_ifn0mds0ry_0049,1 1246.48 544.87 102.7 38.4 0;1 1619.18 503.295 108.26 41.07 1.6
v_iiy142u5qe_0000,1 566.91 508.95 88.06 37.86 359;7 1017.8 1019.47 38.86 116.16 0
v_iiy142u5qe_0049,1 999.83 870.355 34.14 90.79 0;7 1012.92 733.66 38.86 122.56 357.7
v_ij6h5dqys9_0000,1 310.68 494.245 102.7 40.79 0;1 935.105 16.9 38.11 33.8 0;1 982.33 987.4 35.1 88.2 0;1 1083.08 549.6 98.5 36.5 354.8;1 1097.79 488.77 96.7 38.36 0;1 1212.275 494.51 96.41 42.92 0;1 1269.405 544.43 37.99 103.5 89.9404;1 1319.69 491.005 96.24 38.79 0;1 1394.215 555.875 101.99 39.07 3.6;1 1422.52 500.8 98.88 38 1.2;1 1526.69 550.61 94.2 38.1 0;1 1559.295 510.875 93.21 37.35 358.2;1 1631.98 556.76 105.08 39.3 0;1 1662.175 503.13 89.05 36.18 0;1 1758.775 557.1 101.91 37.74 0.1;1 1798.57 501.04 101.1 36.24 359.1;1 1864.43 566.825 91.82 32.63 0;1 1892.97 498.765 54.06 36.25 0;2 917.91 526.84 34.78 98.2 0;2 986.66 697.95 35.64 115.64 0;7 910.71 985.01 35.8 116.7 0;7 986.095 363.745 36.55 121.69 0;9 855.81 585.95 33.34 14.18 7.2;9 944.115 816.945 14.51 34.39 0
v_ij6h5dqys9_0049,1 23.32 487.565 46.56 36.47 0;1 362.54 535.915 104.72 42.83 0;1 467.17 485.99 93.78 37.28 0;1 683.88 500.95 102.7 40.78 0;1 976.47 893.09 34.6 88.8 0;1 985.05 565.19 35.1 88.2 0;1 1083.615 549.67 98.49 36.5 354.8;1 1103.78 489.535 96.7 38.35 0;1 1213.08 495.12 96.4 42.92 0;1 1268.915 545.46 37.99 103.5 90.3212;1 1320.11 492.135 96.24 38.79 0;1 1393.205 557.115 101.99 39.07 3.6;1 1421.535 501.1 98.89 38 1.2;1 1521.87 551.66 94.2 38.1 0;1 1560.845 511.215 93.21 37.35 358.2;1 1630.745 557.13 105.09 39.3 0;1 1663.615 504.47 89.05 36.18 0;1 1754.115 557.8 101.91 37.74 0.1;1 1793.485 502.18 101.11 36.24 359.1;1 1858.74 567.715 91.82 32.63 0;1 1890.76 499.985 58.48 36.25 0;2 992.03 21.81 35.64 43.38 0;7 918.11 550.86 35.8 116.7 0;9 864.115 585.635 33.33 14.17 6.6
v_ijgefhd2zh_0000,8 1497.335 458.21 60.59 27.1 0
v_ijgefhd2zh_0049,none
v_ijmprmyjjc_0000,1 958.35 514.58 95.92 36.2 0;1 1406.14 556.265 92.56 37.95 359.8;1 1518.81 511.105 101.5 39.43 0;2 725.48 518.315 129.36 43.05 358.88;7 898.62 438.595 101.64 42.47 350.87;9 1164.485 509.15 48.29 14.7 0
v_ijmprmyjjc_0049,1 176.99 525.33 100.6 37.12 0;1 985.87 749.65 35 96.94 0;2 1437.64 577.68 129.36 43.04 2;7 1032.64 185.33 101.64 42.48 270.4
v_initl5umjd_0000,1 569.355 1011.775 87.23 38.65 359.3;1 675.23 271.42 31.42 74.54 278.68;1 889.91 311.515 33.74 78.65 338.98;1 900.13 490.165 35.66 81.67 351.25;1 913.295 1043.97 32.53 72.06 0;1 915.22 774.065 35.84 90.51 359.9;1 964.905 754.925 31.29 78.07 0;1 970.48 954.64 31.3 78.3 0;1 1022.25 557.205 31.5 76.81 37.18;7 36.225 387.5 72.45 40.36 0;7 730.62 468.595 80.46 29.73 0;9 311.465 105.24 10.75 33 276.84;9 840.29 371.4 11.6 36.3 322.76;9 934.545 541.565 11.47 36.05 353.54
v_initl5umjd_0049,1 43.3 1012.63 86.6 36.54 0;1 385.87 123.73 34.78 76.1 269.5;1 569.78 1009.635 87.22 38.65 359.3;1 567.765 268.87 35.65 81.68 273.13;1 831.685 318.075 35.85 84.83 328.02;1 905.955 577.55 32.53 81.82 354.41;1 935.585 1039.365 32.33 75.73 0;1 1003.575 576.55 31.29 78.3 25.92;1 1145.29 464.75 31.22 74.88 66.8;1 1310.84 487.415 31.5 79.51 85.79;1 1556.91 312.14 86.72 39.06 0;7 251.125 1014.12 156.21 55.92 0;7 494.055 380.6 123.95 42.28 0;7 730.325 467.955 80.47 29.73 0;7 927.49 752.55 46.56 137.84 358.02;9 278.05 224.52 11.6 36.3 272.69;9 720.315 174.445 11.47 34.83 293.45
v_ip05pwx481_0000,1 810.96 497.74 77 32.2 357.5;1 962.62 723.56 29.72 79.42 355.4;1 983.9 314.72 29.6 87.1 12.2063;1 1016.655 464.48 32.23 79.4 1.575;1 1142.805 541.29 72.99 30.86 352.8273;1 1304.13 518.625 83.3 31.91 355.5;1 1418.795 485.3 91.37 29.7 6.4;1 1708.345 493.69 83.15 27.78 0;9 966.765 237.19 9.91 42.68 6.9;9 993.83 56.72 10.4 34.22 0;9 1262.55 473.92 34.54 12.14 356.15
v_ip05pwx481_0049,1 24.765 528.84 49.47 32.2 359;1 764.38 490.435 29.6 87.11 84.3125;1 986.425 557.85 72.21 30.86 353.5;1 1011.375 904.2 32.23 79.4 0;1 1160.575 486.75 82.11 29.7 356.4;1 1172.97 540.575 83.3 31.91 352.2;1 1372.805 497.9 83.15 27.78 355.95;1 1870.7 501.63 82.4 26.46 0;9 859.53 463.055 9.92 39.11 59.275;9 920.11 401.19 10.4 34.22 23.125;9 942.585 501.155 34.55 11.43 348.275
v_iquqo5q82r_0000,1 56.98 371.45 78.6 33.8 0;1 117.27 428.17 75.9 29.24 0;1 227.805 470.255 79.79 31.59 0;1 361.94 373.545 97.16 33.63 0;1 401.88 417.15 77.62 28.62 0;1 458.6 472.295 86.1 30.89 0;1 504.43 419.13 79.5 30 0;1 534.08 374.85 78.9 31.8 0;1 559.36 1000.44 91.8 34.3 0;1 612.23 423.34 78.8 30.8 0;1 611.21 477.63 71.2 27.5 0;1 646.47 380.15 74.5 29 0;1 665.19 242.18 29.7 79.5 278.8909;1 680.005 126.98 28.67 75.54 288.6091;1 776.525 104.525 29.91 82.37 298.4455;1 1118.89 304.97 83.4 32.9 0;1 1176.07 67.82 70 32.98 0;1 1212.115 119.81 81.19 33.78 0;1 1226.71 296.875 72.42 27.19 0;1 1269.93 201.47 90.1 32.7 0;1 1318.07 252.87 90.3 35.46 0;1 1386.51 291.03 88.3 33.9 0;1 1381.42 204.05 77.9 32.5 0;1 1426.57 245.64 89.3 29.4 0;1 1486.97 197.03 82 31.6 0;1 1565.53 290.06 85.1 33.5 0;1 1596.985 198.215 84.73 30.31 0;1 1665.97 242.02 81.2 34.2 0;1 1674.85 94.08 89.38 35.9 0;1 1905.85 195.2 28.3 29.72 0;2 1566.1 240.8 89.5 30.7 0;7 1151.04 194.905 111.02 40.67 0;7 1175.24 250.33 113.3 42.62 0;9 363.44 486.31 39.7 6.9 0;9 507.36 447.77 39.5 9 0;9 700.56 438.39 45.58 9.8 351.2557
v_iquqo5q82r_0049,1 14.06 240.245 28.12 28.11 268.2;1 27.75 418.1 55.1 34.8 0;1 179.325 425.72 83.99 29.8 0;1 182.42 474.42 70.28 29.2 0;1 301.42 427.08 75.9 29.24 0;1 317.02 369.6 78.6 33.8 0;1 337.73 469.655 79.78 31.59 0;1 358.07 107.77 29.9 82.36 268.4;1 413.05 416.155 77.62 28.61 0;1 425.405 374.045 97.15 33.63 0;1 474.09 473.235 86.1 30.89 0;1 505.62 419.83 79.5 30 0;1 556.3 375.42 78.9 31.8 0;1 565.27 1002.38 91.8 34.3 0;1 609.94 423.29 78.8 30.8 0;1 622.43 477.63 71.2 27.5 0;1 693.54 380.32 74.5 29 0;1 965.22 918.105 28.4 75.69 0.4936;1 1024.04 120.235 81.2 33.79 0;1 1022.14 69.26 70 32.98 0;1 1047.75 302.59 83.4 32.9 0;1 1216.7 100.8 89.38 35.9 0;1 1208.25 295.145 72.42 27.19 0;1 1239.34 201.47 90.1 32.7 0;1 1313.18 252 90.3 35.46 0;1 1364.37 290.77 88.3 33.9 0;1 1378.21 202.59 77.9 32.5 0;1 1423.815 244.4 89.31 29.4 0;1 1487.96 196.32 82 31.6 0;1 1566.97 289.29 85.1 33.5 0;1 1599.315 197.915 84.73 30.31 0;1 1667.13 240.99 81.2 34.2 0;1 1781.45 194.44 90.3 29.72 0;1 1886.99 191.35 66 30.5 0;2 1566.56 239.3 89.5 30.7 0;7 1131.41 249.955 113.3 42.61 0;7 1148.885 194.665 111.01 40.67 0;9 112.44 452.64 37.1 8.6 0;9 403.26 486.69 39.7 6.9 0;9 791.46 434.65 45.58 9.8 357.7143;9 888.91 471.46 39.5 9 359.2
v_iug0iq1t6z_0000,1 21.28 457.625 42.56 33.11 0;1 30.57 503.73 61.14 34.7 0;1 87.84 455.39 79.2 31.28 0;1 157.16 502.055 89.9 34.15 0;1 178.02 453.215 84.4 34.01 0;1 286.24 453.595 79.54 31.01 0;1 324.855 504.225 83.49 34.77 0;1 368.79 457.83 79.12 32.22 0;1 383.98 407.475 91.4 36.29 0;1 416.365 510.91 83.85 30.98 0;1 468.435 464.305 80.01 30.31 0;1 504.905 409.155 79.91 32.87 0;1 521.185 513.25 82.11 31.06 0;1 594.485 466.115 82.07 32.45 0;1 613.78 411.145 95.66 33.61 0;1 637.155 511.02 90.01 31.72 0;1 709.46 467.255 80.24 34.77 0;1 736.635 415.35 78.57 33.16 0;1 771.28 503.72 71.88 29.36 353.1;1 1217.985 295.625 72.43 33.11 359.2;1 1255.48 341.69 80.1 34.16 0;1 1305.675 297.285 78.99 31.73 0;1 1395.08 338.495 84.38 32.41 0;1 1393.51 294.375 79.9 32.23 0;1 1511.62 293.005 108.78 37.79 0;1 1504.1 340.205 86 35.21 359.2;1 1503.63 245.16 84.92 34.98 0;1 1610.555 341.645 88.67 35.53 0;1 1645.775 236.47 103.05 39.02 0;1 1717.49 343.635 91.98 31.79 0;4 44.075 411.28 88.15 39.78 0;4 156.235 405.055 84.13 30.83 0;4 262.185 408.735 89.35 32.53 0;5 1361.01 241.965 175.02 54.13 0;5 1820.94 234.1 198.12 50.88 0;7 656.445 149.54 31.67 88.74 273.29;7 1764.815 289.62 303.85 51.28 0;7 1853.355 340 133.29 41.42 0;9 249.89 509.195 40.8 12.55 359.6;9 365.005 530.125 44.27 14.31 0;9 579.855 523.985 37.71 13.33 46.6022;9 777.33 445.99 38.18 12.24 13.4896;9 780.58 475 35.52 14.8 359.3;9 803.865 392.26 44.29 16.04 0.5;9 807.105 440.18 39.27 11.24 353.3;9 1209.49 246.925 47.92 19.85 359.6;9 1424.26 316.83 46 16.28 0
v_iug0iq1t6z_0049,1 23.005 457.625 46.01 33.11 0;1 30.45 503.73 60.9 34.7 0;1 87.46 455.39 79.2 31.28 0;1 155.82 502.055 89.9 34.15 0;1 177.83 453.695 84.4 34.01 0;1 285.965 453.89 79.53 31 0;1 324.365 504.455 83.49 34.77 0;1 368.67 457.945 79.12 32.21 0;1 383.89 407.645 91.4 36.29 0;1 416.135 511.1 83.85 30.98 0;1 468.155 464.455 80.01 30.31 0;1 504.59 409.395 79.9 32.87 0;1 520.875 513.25 82.11 31.06 0;1 594.265 466.115 82.07 32.45 0;1 615.025 411.395 95.67 33.61 0;1 640.3 511.39 90 31.72 0;1 709.61 467.245 80.24 34.77 0;1 736.645 415.56 78.57 33.16 0;1 776.825 504.16 71.89 29.36 353.1;1 1017.56 949.51 34.18 83.4 0;1 1055.685 1024.69 34.95 83.2 0;1 1217.515 295.675 72.43 33.11 359.2;1 1253.24 343.315 80.1 34.15 0;1 1305.91 298.225 79 31.73 0;1 1396.035 339.5 84.37 32.4 0;1 1393.86 295.195 79.9 32.23 0;1 1512.905 293.88 108.77 37.8 0;1 1505.125 341.28 85.99 35.22 359.2;1 1505.935 247.155 84.91 34.97 0;1 1610.47 342.495 88.68 35.53 0;1 1645.735 237.12 103.05 39.02 0;1 1717.49 344.69 91.98 31.8 0;4 45.145 411.28 90.29 39.78 0;4 155.645 405 84.13 30.82 0;4 261.725 408.89 89.35 32.52 0;5 1360.9 242.035 175.02 54.13 0;5 1820.56 234.1 198.88 50.88 0;7 56.685 154.925 31.67 88.75 269.3;7 1764.18 289.62 302.68 51.28 0;7 1853.515 340.58 132.97 41.42 0;9 248.9 509.53 40.8 12.54 359.6;9 365.495 530.395 44.27 14.31 0;9 579.855 524.68 37.71 13.32 44.2624;9 783.565 475.18 35.53 14.8 359.3;9 806.1 393.615 44.3 16.05 0.5;9 810.775 440.135 39.27 11.25 354.28;9 822.89 459.6 38.18 12.24 0.8;9 1052.43 562.03 14.16 38.22 352.32;9 1209.94 248.505 47.92 19.85 359.6;9 1423.22 317.245 46 16.27 0
v_iuwpdh52y8_0000,1 363.14 520.13 102.38 44.48 0.4
v_iuwpdh52y8_0049,none
v_iy6ir9y1cc_0000,1 852.005 483.165 31.99 78.17 69.8444;1 1005.96 778.99 32.3 83.24 0;1 1006.7 199.085 33.06 92.33 4.2;1 1010.61 364.985 29.9 81.23 0;1 1023.505 25.55 29.45 51.1 0
v_iy6ir9y1cc_0049,1 483.05 518.105 32 78.17 85.9182;1 877.845 489.155 33.07 85.95 52.4455;1 982.555 740.215 29.89 81.23 3.5273;1 1002.975 220.24 29.45 69.8 8.3;1 1018.24 110.225 28.86 71.81 1.1818;1 1458.39 491.385 88.7 28.07 0;1 1707.58 508.9 100.94 32.94 0
v_izt6xacsae_0000,1 559.135 501.955 35.61 88.63 89.4;1 975.62 303.24 30.1 85 0;1 983.39 185.86 31.32 68.8 2.6;1 991 49.14 29.3 78.2 0;1 1024.855 724.155 88.93 33.61 277.7;1 1007.455 976.635 34.01 87.55 2.1;1 1256.925 513.34 89.41 29.32 0;1 1883 527.085 74 31.19 0;9 934.94 432.05 10.6 39.86 11.7;9 954.58 445.985 10.58 39.97 17.7
v_izt6xacsae_0049,1 556.43 503.33 35.6 88.62 89.4;1 914.135 447.88 31.33 68.8 32.3;1 972.585 99.89 30.61 71.5 0;1 974.855 675.625 30.11 81.31 0;1 983.85 221.81 29.3 78.2 0;1 1016.195 525.26 83.05 29.32 355.7;1 1506.305 518.165 96.59 31.19 0;1 1726.8 535.44 99.8 35.16 0;9 609.01 539.605 10.58 39.97 87.5667;9 927.74 672.44 10.6 39.86 358.05
v_j0s23hfxce_0000,1 440.895 448.455 98.57 35.59 0;1 521.945 519.38 98.57 35.6 0;1 709.215 524.565 160.97 47.07 0;1 968.705 668.55 89.43 35.6 268.5;1 1041.9 555.27 82.44 35.6 308.4
v_j0s23hfxce_0049,1 758.395 533.32 98.57 35.6 1.96;1 990.585 528.085 160.97 47.07 0;1 967.075 616.73 89.43 35.6 268.5;1 1440.46 501.28 88.84 35.6 0.5;1 1496.845 449.32 98.57 35.6 0
v_j1ufhzbjn3_0000,none
v_j1ufhzbjn3_0049,none
v_j1uognqqlf_0000,1 11.74 488.04 22.92 36.24 0;1 123.81 551.01 88.72 39.8 0;1 870.345 505.46 94.25 36.4 0;1 983.215 269.215 92.55 35.73 276.2;1 1043.735 561.91 99.61 41 0;1 1464.16 542.1 33.6 92.2 87.9
v_j1uognqqlf_0049,1 69.7 543.945 102.1 36.21 0;1 330.59 487.36 94.8 36.56 0;1 593.45 465.175 95.44 36.69 0;1 663.08 562.53 88.72 39.8 0;1 878.2 502.48 98.2 36.24 0;1 1434.57 530.08 94.24 36.4 0
v_j3zkrt6psn_0000,1 756.92 490.855 95.38 42.73 0;1 969.755 728.94 38.53 96.66 0;1 996.65 602.48 38.22 86.16 2.2846;1 1075.05 568.235 40.02 87.25 55.8846
v_j3zkrt6psn_0049,1 139.19 498.715 93.3 41.75 0;1 805.28 493.01 92.24 39.58 0;1 882.575 423.375 90.83 35.99 0;1 958.985 610.265 42.21 92.69 0;1 1085.2 566.495 34.56 85.67 63.1;1 1110.895 512.92 36.31 86.16 73.52;1 1440.63 480.135 94.46 42.73 0
v_j4ipunq273_0000,1 1893.4 514 53.2 39.42 348
v_j4ipunq273_0049,1 1326.065 500.42 101.41 39.42 2.4
v_j50haddllf_0000,1 969.13 47.8 42.52 95.6 0;1 974.425 374.94 33.51 86.4 20.2;1 1021.99 611.07 88.48 36.18 308.76;1 1036.725 131.32 37.09 92.82 0;1 1288.91 482.945 95.18 36.39 1.56;1 1361.29 524.83 90.34 36.52 350.86;1 1596.605 507.04 96.07 37.64 0;9 1180.62 676.06 12.8 37.96 329.3
v_j50haddllf_0049,1 687.635 501.995 33.51 82.15 85.93;1 972.75 881.8 88.48 36.18 270.4;1 968.26 47.62 42.52 95.24 0;1 986.21 273.39 38.34 86 9.96;1 1038.26 245.195 37.08 92.83 0;1 1111.745 586.37 86.59 36.52 332.05;1 1229.755 481.96 95.19 36.4 0.3;1 1313.29 520.31 90.94 37.64 351.63;1 1570.25 499.87 90.04 38.84 0;1 1722.33 517.565 93.8 32.99 0;9 1307.52 685.26 12.8 37.96 264.1
v_j62htc5d5i_0000,1 1446.185 496 105.11 53.86 0
v_j62htc5d5i_0049,1 1059.915 485.485 105.11 53.87 0
v_j63s9yvulo_0000,none
v_j63s9yvulo_0049,1 1797.745 524.845 77.77 36.05 349.3
v_j7gyspt5cw_0000,1 360.88 536.64 77.78 36.06 359.7;1 969.075 536.455 91.63 38.87 359.8
v_j7gyspt5cw_0049,1 177.395 531.905 91.63 38.87 359.8
v_j9eiew0wil_0000,1 298.01 424.5 78.8 30.8 0;1 397.65 229.07 29.4 78.46 271;1 543.98 378.94 74.5 29 0;1 569.805 258.96 30.65 87 271.7;1 584.75 109.145 33.4 81.61 282.6;1 772.92 296.84 27.2 72.1 299.3;1 923.39 700.965 33.6 79.89 0;1 934.7 521.24 29 81.04 348.8462;1 963.85 841.9 29.9 82.36 0;1 1129.16 305.26 83.4 32.9 0;1 1287.41 205 90.1 32.7 0;1 1320.095 252.94 90.29 35.46 0;1 1502.96 297.935 88.34 27.19 0;1 1567.6 244.95 89.3 29.4 0;1 1595.21 202.37 77.9 32.5 0;1 1747.5 285.19 88.3 33.9 0;1 1865.4 193.81 82 31.6 0;2 1823.73 239.26 89.5 30.7 0;7 1157.635 195.645 111.01 40.67 0;7 1179.15 250.195 113.3 42.61 0;9 199.135 73.83 8.13 37.5 268.4;9 739.87 481.155 40.9 10.57 17.9;9 928.96 602.225 8.6 38.29 8.3273
v_j9eiew0wil_0049,1 94.52 422.03 79.5 30 0;1 178.75 376.55 78.9 31.8 0;1 182.36 478.19 71.2 27.5 0;1 227.44 1004.81 91.8 34.3 0;1 274.96 295.37 27.2 72.1 267.8;1 507.68 423.25 78.8 30.8 0;1 647.79 381.21 74.5 29 0;1 639.31 267.175 29 81.03 272.3;1 861.63 380.105 33.6 79.89 335.9;1 926.62 789.4 28.68 75.54 0;1 936.71 409.04 29.9 82.36 351.4;1 956.8 1031.15 29.7 79.5 0;1 1125.8 305.16 83.4 32.9 0;1 1286.68 203.62 90.1 32.7 0;1 1291.6 299.975 72.42 27.19 0;1 1318.28 253.11 90.3 35.46 0;1 1388.05 207.07 77.9 32.5 0;1 1432.24 248.2 89.3 29.4 0;1 1468.34 290.12 88.3 33.9 0;1 1493.39 199.87 82 31.6 0;1 1675.5 288.94 85.1 33.5 0;1 1845.2 240.77 81.2 34.2 0;2 1568.79 245.1 89.5 30.7 0;7 1155.48 195.405 111.02 40.67 0;7 1177.87 250.24 113.3 42.62 0;9 508.02 453.61 45.58 9.8 0;9 837.26 1032.555 40.9 10.57 86.5;9 1292.63 429.66 8.6 38.3 83.8
v_j9rmdxsnd6_0000,1 310.615 491.92 98.93 44.3 0;1 568.53 494.66 90.82 36.46 0;1 698.435 545.615 104.71 42.83 0;1 706.25 488.28 93.78 37.28 0;1 838.665 498.985 102.69 40.79 0;1 910.64 891.55 33.5 84.8 0;1 913.38 1049.025 34.14 61.65 0;1 979.84 466.96 34.6 88.8 0;1 980.89 954.945 34.7 85.89 0;1 988.065 824.665 34.49 72.29 3.1;1 1083.09 549.27 98.5 36.5 354.8;1 1106.16 489.215 96.7 38.35 0;1 1213.65 495.69 96.4 42.92 0;1 1268.515 545.41 37.99 103.5 90.5;1 1320.55 493.305 96.24 38.79 0;1 1388.515 558.135 101.99 39.07 3.6;1 1420.51 501.41 98.88 38 1.2;1 1516.86 552.74 94.2 38.1 0;1 1562.455 511.565 93.21 37.35 358.2;1 1629.465 557.52 105.09 39.3 0;1 1665.11 505.87 89.04 36.18 0;1 1749.26 558.53 101.9 37.74 0.1;1 1788.19 503.365 101.1 36.25 359.1;1 1852.825 568.64 91.81 32.62 0;1 1888.465 501.255 63.07 36.25 0;9 98.39 529.77 57.88 19.7 0;9 1269.53 585.415 33.34 14.17 359.8
v_j9rmdxsnd6_0049,1 589.175 496.57 98.93 44.3 0;1 722.74 494.535 90.82 36.47 0;1 822.65 546.04 104.72 42.84 0;1 821.66 487.27 93.78 37.28 0;1 914.28 646.07 33.5 84.8 0;1 916.055 815.27 34.13 87.88 0;1 987.36 498.03 102.7 40.78 0;1 981.21 785.08 34.7 85.88 0;1 981.655 918.77 33.59 85.5 0;1 993.39 659.635 34.48 72.29 3.9571;1 1081.72 548.52 98.5 36.5 354.8;1 1105.39 488.055 96.7 38.35 0;1 1214.2 496.24 96.4 42.92 0;1 1268.215 544.47 37.99 103.5 90.5;1 1320.97 494.435 96.24 38.79 0;1 1387.295 557.315 101.99 39.07 3.6;1 1420.23 500.89 98.88 38 1.2;1 1521.78 552.84 94.2 38.1 0;1 1564.005 511.905 93.21 37.35 358.2;1 1632.605 558.45 105.09 39.3 0;1 1666.545 507.21 89.05 36.18 0;1 1751.035 559.23 101.91 37.74 0.1;1 1791.49 503.49 101.1 36.24 359.1;1 1856.045 569.275 91.81 32.63 0;1 1889.23 502.475 61.54 36.25 0;9 720.48 572.05 45.4 19.7 0;9 904.885 912.8 15.27 36.64 358.2571;9 1018.21 768.28 12.24 41 9;9 1694.1 597.12 33.34 14.18 359.8
v_jan9vil7e9_0000,1 901.68 795.44 42.1 101 0;1 907.045 946.85 42.63 95.9 0;1 968.575 456.335 42.63 95.97 0;1 971.445 1008.96 36.73 84.6 0;1 975.45 837.92 40.16 98.2 0;1 1616.13 470.53 37.34 91.44 89.3;1 1789.615 533.915 92.99 35.53 0;4 897.255 431.77 38.97 106.48 0;7 943.725 20.56 53.39 38 0
v_jan9vil7e9_0049,1 65.415 452.66 107.17 41.04 0;1 485.78 503.32 105.16 40.84 0;1 504.26 449.225 81.84 37.37 0;1 897.485 285.065 42.11 96.71 0;1 902.565 1017.555 36.27 89.41 0;1 907.735 556.9 42.63 92.74 0;1 907.09 853.73 38.5 95.2 0;1 972.285 425.83 40.15 94.02 0;1 970.795 728.7 36.73 84.6 0;1 1787.69 531.175 93 35.53 0;7 969.455 1012.2 39.49 120.04 0
v_jcwrohjewu_0000,1 1309.49 539.24 100.46 43.28 0
v_jcwrohjewu_0049,1 914.605 532.265 100.47 43.29 0
v_je2ivx3fm4_0000,1 836 522.325 103.88 46.59 355.6;1 1353.485 535.67 103.35 42.52 0.6;1 1590.42 499.27 89.08 38.1 0.8
v_je2ivx3fm4_0049,1 236.7 535.435 103.88 46.59 0;1 1065.795 538.645 103.35 42.51 0.6;1 1145.295 490.83 89.07 38.1 0.8
v_jedkzia1gx_0000,1 205.35 369.63 79.5 32.4 0;1 316.645 412.41 98.69 32.5 0;1 401.845 253.6 68.79 30.1 0;1 465.615 423.56 72.47 29.4 354.8;1 491.36 368.75 78.6 33.9 0;1 520.31 465.53 78.8 30.9 0;1 536.87 1001.36 94.1 34.4 0;1 631.37 416.015 71.6 27.79 0;1 705.235 475.18 69.69 31.5 0;1 729.485 1021.165 83.97 35.21 15.8545;1 836.37 488.99 85.4 30.4 34.7714;1 842.135 797.785 96.01 32.53 90;1 841.19 601.445 66 26.17 86.6;1 842.4 1067.79 14.5 24.42 87.3;1 903.575 402.09 66.99 26.2 0;1 924.17 1018.64 30.4 76.6 0;1 925.1 923.37 28.7 73.3 0;1 969.395 867.915 31.07 70.19 0;1 977.23 976.15 29.1 79.1 0;1 1218.63 411.55 83.5 31.2 0;1 1526 199.37 84.58 33.2 0;1 1654.105 384.08 80.75 30.8 353.1;1 1778.245 417.005 79.93 28.85 0;1 1839.975 355.82 77.15 34.5 0;9 999.11 794.465 9.64 36.99 359.1
v_jedkzia1gx_0049,1 199.885 428.75 90.77 35.5 0;1 276.04 373.33 77.44 31.24 0;1 327.09 216.655 84.58 33.21 0;1 638.83 1003.945 94.1 34.41 4.5;1 749.425 1027.345 83.97 35.21 16.6;1 840.41 940.23 85.4 30.4 92.7857;1 841.735 702.5 69.69 31.5 91.4571;1 843.975 1059.205 41.03 26.17 88.2;1 876.57 419.76 98.68 32.5 0;1 905.08 372.18 79.5 32.4 0;1 923.89 1018.79 30.4 76.6 0;1 948.48 469.25 78.8 30.9 0;1 925.99 923.48 28.7 73.3 0;1 969.505 867.6 31.07 70.2 0;1 977.72 974.03 29.1 79.1 0;1 1168.32 365.19 78.6 33.9 0;1 1275.71 460.56 72.48 29.4 359.1;1 1347.86 413.525 71.6 27.79 0;1 1678.39 396.01 67 26.2 0;9 998.46 787.485 9.64 36.99 359.1
v_jgax6nabuw_0000,1 939.28 450.78 89.72 35.48 0.6;1 1205.605 475.775 120.63 43.55 3.5;3 860.83 528.835 213.44 57.89 5.6
v_jgax6nabuw_0049,1 486.82 494.925 101.48 39.11 0;1 765.34 466.48 105.42 41.2 0;1 1679.33 485.25 89.72 35.48 2.7;3 1145.89 550.315 213.44 57.89 3
v_jic85cuptx_0000,1 535.705 509.03 76.25 29.36 0;1 811.09 505.28 78 31.04 0.6;1 1007.34 991.695 31.32 76.95 0;1 1009.375 1072.755 33.63 14.49 0;1 1059.33 1000.73 31.32 80.3 0;1 1061.53 897.49 27.44 66.84 0;1 1494.535 285.78 83.11 31.4 359.1;1 1623.095 150.61 104.15 37.76 0;7 874.37 458.32 92.58 32.1 0;7 1059.565 1069.34 36.81 21.32 0;8 1016.525 893.64 27.79 72.82 0
v_jic85cuptx_0049,1 345.905 283.62 77.23 31.4 0;1 691.515 512.33 73.79 29.36 0;1 829.565 133.785 94.49 37.77 359.62;1 849.32 505.815 78 31.05 0.6;1 1007.47 987.335 31.32 76.95 0;1 1009.375 1072.855 33.63 14.29 0;1 1059.46 999.1 31.32 80.3 0;1 1061.51 896.05 27.44 66.84 0;7 1059.565 1068.215 36.81 23.57 0;7 1741.89 490.36 91.84 32.1 1.1;8 1016.655 892.59 27.79 72.82 0
v_jjnsr5u9r0_0000,1 146.845 483.51 91.69 37.64 0;1 928.035 489.46 96.69 36.3 0;8 510.255 492.26 65.55 25.56 0;9 702.68 535.41 49.5 12.4 0
v_jjnsr5u9r0_0049,1 739.455 557.025 92.97 36.33 0;1 849.295 505.83 98.53 36.9 0;1 1074.295 486.79 91.69 37.64 0;1 1857.865 507.75 96.69 36.3 0;7 9.97 474.43 19.4 39.6 0;8 1418.105 512.665 65.55 25.55 0;9 201.08 535.85 61.5 15.2 0
v_jk3ajckoy1_0000,1 1002.51 730.415 48.84 111.63 0;1 1152.515 544.14 97.67 43.26 0;1 1835.54 502.28 96.28 48.84 0
v_jk3ajckoy1_0049,1 853.21 521.115 48.84 111.63 293.1;1 1014.375 859.755 53.03 102.39 0;1 1045.07 542.745 97.68 43.25 0;1 1262.05 491.12 96.28 48.84 0
v_jl82ite2ww_0000,1 443.34 505.145 27.56 67.13 86.7;1 938.945 506.19 77.11 29.32 0.9235;1 972.74 1070.26 31 19.34 3.1;1 978.04 319.065 32.4 87.33 10.2;1 986.64 836.07 31.3 79.7 357.8;1 991.29 188.275 29.4 78.13 0;1 1305.915 525.67 77.41 31.58 354.7444;1 1500.305 488.9 91.81 30.9 358.2;1 1774.29 500.175 90.8 28.47 0;7 24.625 502.93 49.25 52.24 0.1
v_jl82ite2ww_0049,1 11.905 501.015 23.81 21.45 91.5;1 389.445 515.08 77.11 29.32 358.3;1 760.09 490.815 32.4 87.33 80.0857;1 936.93 417.905 29.4 78.13 32.6429;1 1010.24 12.25 33 24.5 0;1 1146.385 551.345 74.85 31.59 348.9143;1 1323.385 496.14 89.33 30.9 358.2;1 1455.89 496.13 86.04 28.46 357.8571;1 1679.855 488.97 93.01 33.56 0
v_jlm4the7d8_0000,1 15.8 215.8 31.6 28.5 0;1 60.57 368.57 87.9 28.72 0;1 69.17 417.02 79.9 28.9 0;1 70.39 471.225 80.3 31.87 0;1 184.53 372.3 80.3 30.6 0;1 203.46 296.96 74.14 28.08 0;1 250.63 428.21 79.74 30.4 0;1 257.43 469.615 84.6 31.45 0;1 272.4 125.37 71.34 31.92 359.2;1 297.44 241.56 82.66 30.32 1.2;1 338.96 370.91 80.9 30.7 0;1 390.855 419.035 83.05 31.03 0;1 433.89 466.19 79.5 28.4 0;1 514.525 363.95 77.45 32.6 0;1 615.735 416.06 76.39 27.8 0;1 637.14 296.28 79 29.18 0;1 674.65 364.22 85.94 35.18 0;1 698.62 470.825 81.22 33.61 0;1 717.86 411.07 65.86 26.18 0;1 916.44 846.575 28.46 75.49 0;1 952.33 297.77 89.76 36.24 0;1 948.66 371.485 75.82 28.03 0;1 1115.46 247.06 79.92 34.7 0;1 1218.35 248.575 83.04 31.39 0;1 1256.755 289.965 86.55 35.05 0;1 1291.05 192.395 82.62 36.65 0;1 1323.06 241.075 79.76 31.05 0;1 1401.325 289.415 88.53 32.55 0;1 1426.55 242.525 79.36 32.91 0;1 1541.55 241.26 80.82 31.68 0;1 1746.3 287.795 85.84 31.45 0;1 1811.535 192.03 71.39 23.64 0;1 1908.55 234.175 22.9 29.19 0;2 844.555 697.195 120.47 30.43 92.5;2 1077.68 202.1 100.7 36.64 356.7;2 1583.44 283.36 129.4 41.04 0;2 1663.3 188.14 100.4 39.4 0;7 494.12 415.25 110.4 32.74 0;7 529.085 203.485 119.95 39.97 0;7 873.835 136.185 170.57 46.45 344.14;7 1770.97 233.12 153.28 40.38 355.8;9 601.61 452.61 40.46 11.3 0;9 799.215 212.085 42.83 12.37 353.7;9 863.465 393.67 43.45 9.2 8.4;9 915.9 461.59 42.32 11.9 4;9 1228.68 436.83 36.8 11.2 0.4;9 1419.95 190.73 42.84 12.36 352.3571;9 1459.33 440.36 34.8 10 0
v_jlm4the7d8_0049,1 17.2 375.94 34.4 29.2 0;1 114.44 300.715 89.76 36.25 0;1 192.54 367.065 87.9 28.71 0;1 220.35 415.58 79.9 28.9 0;1 338.23 369.08 80.3 30.6 0;1 346.765 429.5 79.73 30.4 0;1 369.16 469.13 80.3 31.86 0;1 491.375 419.775 83.05 31.03 0;1 523.15 370.19 80.9 30.7 0;1 530.66 467.1 84.6 31.44 0;1 600.135 288.62 86.55 35.04 0;1 789.51 205.77 82.62 36.64 0;1 792.49 488.27 79.5 28.4 32.88;1 820.925 367.89 77.45 32.6 0;1 847.955 602.11 81.21 33.62 88.0909;1 875.225 284.495 88.53 32.55 0;1 916.7 846.185 28.46 75.49 0;1 946.405 419.52 76.39 27.8 0;1 972.65 245.59 79.92 34.7 0;1 1124.625 248.55 83.03 31.38 0;1 1140.49 412.31 65.86 26.18 0;1 1232.385 364.675 85.93 35.17 0;1 1279.41 241.385 79.76 31.05 0;1 1359.915 295.44 85.85 31.44 0;1 1401.1 241.09 79.36 32.9 0;1 1427.2 196.2 71.4 23.64 357.5;1 1527.085 241.39 80.81 31.68 0;1 1624.18 289.38 81.9 32.4 357.2;1 1708.435 358.325 75.83 28.03 0;1 1721.08 179.445 79.7 33.47 0;1 1796.74 236.54 71.9 29.18 358.5;1 1804.27 291.06 86.8 31.9 358.9;1 1881.8 214.82 69.38 30.8 6.9;2 371.42 269.44 100.7 36.64 0;2 1089.05 293.01 129.4 41.04 0;2 1259.53 194.73 100.4 39.4 0;7 70.47 414.09 111.32 28.3 0;7 125.94 469.82 103.08 31.4 0;7 526.35 204.145 170.58 46.45 355.5667;7 698.92 412.64 110.4 32.74 0;7 922.17 1030.05 35.3 99.9 0;7 1671.935 231.21 153.29 40.38 359.4;9 69.575 215.585 42.83 12.37 358.7;9 274.42 393.11 39.7 9 0;9 954.225 201.215 42.83 12.37 359.8;9 1183.46 448.64 40.46 11.3 0;9 1639.335 405.12 43.45 9.2 0.9;9 1707.765 444.31 42.31 11.9 0.9
v_jnixee5qd2_0000,1 504.855 470.1 103.45 38.98 0;1 649.955 463.95 80.95 35.22 0;1 796.5 467.23 87.62 38.96 0;1 902.515 675.83 34.59 90.82 0;1 907.55 563.87 37.48 90.18 0;1 914.78 814.29 38.78 89.6 0;1 967.47 1039.275 39 81.45 0;1 970.58 599.605 36.9 98.39 0;1 1072.425 457.04 97.51 38.46 0;1 1115.865 508.3 95.37 41.72 354.8;1 1512.595 452.075 89.77 38.21 0;1 1719.54 457.375 94.42 35.77 0;1 1799.295 533.405 91.29 35.53 354.7612;1 1903.56 454.72 32.88 38.4 0;9 1002.055 509.295 38.81 13.21 0.3;9 1268.86 393.03 13.46 33.04 84.2
v_jnixee5qd2_0049,1 433.66 465.405 106.34 41.95 0;1 577.97 469.35 103.44 38.98 0;1 698.465 463.725 80.95 35.23 0;1 821.83 466.69 87.62 38.96 0;1 895.12 915.31 40.52 96.7 0;1 902.165 1056.76 38.87 44.82 0;1 903.34 280.43 34.6 90.82 0;1 909.395 97.8 37.49 90.18 0;1 935.055 455.24 38.77 89.6 0;1 968.49 166.965 36.9 98.39 0;1 972.89 1060.195 39.18 39.61 0;1 974.045 666.145 39.27 88.95 0;1 1472.005 451.08 99.63 42.02 0;1 1629.495 507.96 95.37 41.72 359.6;1 1690.535 452.82 89.77 38.22 0;1 1813.975 458.535 94.41 35.77 0;1 1878.465 521.23 83.07 32.32 352.9333;1 1905.14 454.72 29.72 38.4 0;4 969.45 892.04 36.5 91.2 0;9 1502.355 539.265 38.81 13.21 0.3;9 1641.2 322.125 12.78 34.43 88.5
v_jqyqscgn3u_0000,1 84.14 455.46 98 37.02 0;1 621.385 523.32 94.93 36.56 0;1 898.17 1054.575 39.4 50.85 0;1 902.03 326.17 40.8 98.32 0;1 902.615 749.44 40.29 93.74 0;1 902.35 894.76 37.2 88.5 0;1 904.875 91.87 40.79 86.2 0;1 906.22 205.255 39.48 93.13 0;1 909.89 9.905 38.58 17.99 1;1 942.775 373.725 42.23 89.63 0;1 949.06 1044.9 37.58 70.2 0;1 972.23 911.62 39.82 92.2 0;1 1014.035 562.45 36.71 89.8 27.25;1 1525.97 462.22 79.74 36.08 0;1 1540.815 513.84 101.39 44.14 0;1 1659.99 450.755 42.32 92.91 89;1 1778.065 450.565 95.73 39.65 0;1 1783.155 540.045 92.99 35.53 0;1 1884.935 453.37 40.21 70.06 89.6;1 1908.905 534.985 22.19 38.27 0;2 966.48 708.475 39.86 91.29 0
v_jqyqscgn3u_0049,1 157.28 463.44 100.66 37.02 0;1 633.66 459.91 95.34 37.02 0;1 849.595 520.445 93.47 36.57 0;1 892.79 946.19 43.66 99.22 0;1 902.96 734.73 39.4 97.04 0;1 906.005 223.72 40.81 98.32 0;1 905.34 621.43 37.2 88.5 0;1 917.945 28.515 39.51 57.03 0;1 944.34 347.65 40.3 89.6 9.6;1 957.48 766.545 37.58 83.69 0;1 964.7 1036.05 37.76 87.9 0;1 972.885 572.925 39.83 92.61 0;1 1307.745 464.175 36.71 89.79 90.1;1 1526.635 462.35 79.75 36.08 0;1 1545.515 513.68 101.39 44.14 0;1 1670.39 448.815 42.32 92.91 89;1 1778.265 449.56 95.73 39.64 0;1 1782.88 539.98 93 35.54 0;1 1885.225 451.4 40.21 69.98 89.6;1 1909.56 534.985 20.88 38.27 0;2 967.63 181.72 39.86 91.3 0;9 921.895 1056.55 11.83 31.5 0
v_jryyut66bt_0000,1 32.72 557.71 27.6 66.6 88.2088;1 117.77 507.27 29.7 81.7 95.9;1 977.29 388.925 32.26 79.61 13.3667;1 989.01 240.575 30.1 72.13 0;1 997.395 107.01 33.15 86.94 1.28;1 1038.695 36.24 35.49 72.48 352.2;1 1481.77 498.29 87.4 29.74 0
v_jryyut66bt_0049,1 73.76 559.23 28.76 83.3 128.55;1 769.195 501.72 32.27 79.6 85.4091;1 911.16 472.065 30.1 72.13 46.9;1 977.905 334.9 33.15 86.94 6.5091;1 1000.085 18.75 28.51 37.5 0;1 1001.15 198.75 28.92 67.6 0;1 1032.8 373.795 35.48 85.75 2.8;1 1177.7 499.61 84.18 29.74 0;1 1819.91 504.075 83.98 30.05 0
v_js8ndwx5mg_0000,1 395.02 559.3 78.84 31.14 0.2;1 697.695 526.48 31.13 80.7 84.9889;1 1008.22 251.6 33.8 91.58 0;1 1007.465 1013.98 30.43 82.7 0;1 1068.42 513.47 82.54 30.9 357.4;1 1278.085 498.07 75.71 27.82 0;1 1429.74 501 92.36 32.7 0;1 1667.39 501.425 96.42 30.47 358;1 1880.95 494.56 78.1 33.3 0
v_js8ndwx5mg_0049,1 12.52 538.405 25.04 18.37 89.9;1 581.205 528.15 79.61 30.9 357.9333;1 1010.2 651.66 33.8 86 0;1 1076.53 504.07 75.72 27.82 0;1 1236.2 504.63 92.36 32.7 0;1 1394.775 515.325 96.43 30.47 358;1 1683.18 502.34 97.12 33.3 357.5;1 1810.16 517.25 67.74 26.84 359.7222
v_jsn7m5mvui_0000,1 269.39 499.59 99.8 43.72 0;1 314.62 579.84 102.16 39.4 352.9;1 1464.705 488.895 101.49 39.11 0;1 1751.44 483.4 105.42 41.2 2.5667;3 1674.41 559.365 213.44 57.89 1.9;7 44.675 483.82 88.65 40.14 0;8 646.57 484.08 63.16 29.2 0
v_jsn7m5mvui_0049,1 379.59 490.925 95.2 40.33 357.5;1 736.8 506.315 102.16 39.39 347.28;1 1227.35 510.065 99.8 43.73 0;7 961.065 479.845 138.97 40.15 0;8 1593.86 498.65 63.16 29.2 0
v_jsv4gx9cu8_0000,1 911.665 1029.89 38.11 92.26 0;1 911.95 708.81 35.1 82.9 0;1 914.85 892.8 34.6 88.56 0;1 976.63 635.145 34.38 94.87 0;1 979.345 811.6 34.81 90.8 0;1 988 324.33 40.16 94.14 0;1 1081.98 549.46 98.5 36.5 354.8;1 1087.73 484.455 96.7 38.35 0;1 1195.525 493.18 96.41 42.92 0;1 1270.4 542.31 38 103.5 89.1632;1 1314.43 491.055 96.24 38.79 0;1 1395.475 554.215 101.99 39.07 3.6;1 1424.525 500.19 98.89 38 1.2;1 1528.19 550.47 94.2 38.1 0;1 1556.135 510.185 93.21 37.35 358.2;1 1634.49 556.01 105.08 39.3 0;1 1659.48 503.39 89.04 36.18 0;1 1768.285 555.67 101.91 37.74 0.1;1 1806.16 499.19 101.1 36.24 359.1;1 1871.47 565.375 96.3 32.63 0;1 1897.475 496.265 45.05 36.25 0;7 907.995 544.815 42.75 162.49 0;9 837.13 579.53 33.34 14.18 13.6167;9 1015.4 909.85 13.8 38.8 0;9 1148.29 583.72 32.38 15.24 354.3
v_jsv4gx9cu8_0049,1 918.62 87.72 35.1 82.9 0;1 919.485 467.12 34.59 88.56 0;1 922.615 693.65 38.11 92.26 0;1 982.635 400.305 34.81 90.81 0;1 983.855 75.155 34.39 94.87 0;1 1082.52 549.53 98.5 36.5 354.8;1 1092.66 486.57 96.7 38.36 0;1 1201.64 492.66 96.4 42.92 0;1 1269.91 543.35 38 103.5 89.544;1 1317.89 490.555 96.24 38.79 0;1 1395.265 554.585 101.99 39.07 3.6;1 1423.545 500.49 98.89 38 1.2;1 1529.12 550.14 94.2 38.1 0;1 1557.685 510.525 93.21 37.35 358.2;1 1633.26 556.38 105.08 39.3 0;1 1660.755 502.66 89.05 36.18 0;1 1763.625 556.37 101.91 37.74 0.1;1 1803.87 499.85 101.1 36.24 359.1;1 1870.345 565.905 91.81 32.63 0;1 1895.265 497.485 49.47 36.25 0;2 902.66 988.5 34.78 98.2 0;2 976.09 1024.92 35.64 109.24 0;7 983.04 875.655 36.56 121.69 0;9 848.88 580.145 33.34 14.17 7.2;9 1025.06 441.85 13.8 38.8 0;9 1761.87 593.8 32.38 15.24 1.1
v_jubd7zkr5d_0000,1 57.24 531.02 34.56 88.78 267.3;1 565.52 530.895 94.44 39.35 359.3
v_jubd7zkr5d_0049,none
v_jv0vemnih4_0000,1 27.5 462.67 55 30.4 0;1 919.57 828.495 28.46 75.49 0;1 972.57 836.76 30.66 71.64 0;1 973.105 937.36 30.63 77.46 0;2 1470.08 433.675 102.82 34.19 0;7 920.445 970.01 35.31 131.6 0;7 974.71 1060.735 34.9 38.19 0;9 715.775 130.905 44.49 10.51 13.4429;9 1885.925 291.805 32.99 10.23 352.7
v_jv0vemnih4_0049,1 653.1 458.81 77.9 30.4 0;1 919.7 822.555 28.46 75.49 0;1 972.44 827.655 30.66 71.63 0;1 973.19 928.3 30.62 77.46 0;7 920.805 958.51 35.31 131.6 0;7 974.71 1058.32 34.9 43.02 0;9 1036.085 297.33 39.03 10.22 356.7
v_jvsiy316ux_0000,9 591.215 493.285 47.61 19.25 358.4
v_jvsiy316ux_0049,1 1403.21 493.045 97.58 42.13 0.2
v_jwv6aqex43_0000,1 134.5 523.105 100.42 39.53 1.2;1 427.79 482.1 103.72 42.72 0;1 554.31 487.665 86.02 38.87 0;1 708.015 482.005 94.69 40.33 0;1 816.475 488.04 84.19 40 0;1 899.87 395.035 37.06 87.19 0;1 914.04 692.06 38.98 85.5 0;1 941.78 946.565 36.7 90.05 0;1 952.365 102.075 38.39 91.15 359.8;1 956.645 375.545 36.49 87.79 1.61;1 1021.405 601.73 39.07 93.1 31.66;1 1659.66 482.965 93.5 37.21 359.5;1 1765.215 492.69 91.45 38.92 358.8;1 1863.86 482.85 93.64 39.18 358.9;2 266.525 481.695 114.83 41.99 0
v_jwv6aqex43_0049,1 471.92 483.495 103.72 42.71 0;1 593.515 488.5 86.03 38.86 0;1 597.555 541.41 93.15 37.18 0.95;1 731.98 482.175 94.7 40.33 0;1 840.53 489.95 84.2 40 0;1 900.985 41.44 37.07 82.88 0;1 930.99 219.5 38.98 85.5 2.6;1 950.42 580.435 36.7 90.05 0;1 1321.51 545.72 39.08 96.1 92.91;1 1662.975 482.4 93.49 37.2 359.5;1 1767.615 492.72 91.45 38.92 358.8;1 1866.315 481.955 93.63 39.17 358.9;2 337.07 483.215 110.92 41.99 0
v_jxtvkmlxlg_0000,1 121.81 530.815 113 44.67 0
v_jxtvkmlxlg_0049,none
v_jyf2wrmys4_0000,1 905.655 927.04 38.17 86.5 0;1 914.555 1038.14 32.35 77.3 0;1 959.97 988.665 33.82 76.87 0;1 961.055 884.52 35.25 85.9 0;7 161.665 426.065 199.65 49.81 0
v_jyf2wrmys4_0049,1 906.015 927.28 38.17 86.5 0;1 914.195 1039.1 32.35 77.3 0;1 959.975 989.385 33.83 76.87 0;1 961.055 885.48 35.25 85.9 0;1 1656.355 506.635 83.59 33.87 338.3;7 797.105 437.835 176.81 49.81 0
v_jznh6ammij_0000,1 110.085 515.04 85.85 32.06 0;1 120.97 411.29 83.6 33.42 0;1 217.14 412.575 89.46 34.35 0;1 336.545 417.54 79.47 32.78 0;1 337.135 468.12 79.43 30.1 0;1 462.04 415.165 87.3 32.71 0;1 483.01 465.25 78.7 33.56 0;1 461.245 149.09 34.95 83.2 265.36;1 564.565 513.96 82.43 33.16 0;1 577.03 463.735 81.98 34.59 0;1 577.255 414.28 81.99 31.8 0;1 686.47 473.355 87.8 33.83 0;1 674.125 305.195 34.17 83.39 270.9;1 697.405 515.995 79.95 32.93 0;1 700.96 421.285 79.16 32.69 0;1 838.47 813.93 71.88 29.36 161.2;1 934.46 285.74 32.08 71.8 332.77;1 949.55 416.925 31.94 81.03 337.35;1 990.27 542.645 33.16 85.57 349.8;1 1001.385 916.88 30.23 80.6 0;1 1013.585 707.735 37.53 82.15 359;1 1058.465 998.375 34.07 83.07 0;1 1060.86 798.39 37.42 77.18 0;1 1115.765 594.86 32.15 84.36 34.48;1 1271.765 528.1 30.07 80.1 88.59;1 1318.835 247.3 79.31 35.34 359.3;1 1350.15 295.935 75.96 34.29 0;1 1421.215 246.275 84.81 34.35 0;1 1615.53 292.16 87.02 35.6 0;1 1643.165 343.63 106.51 37.32 0;1 1717.09 296.545 91.76 36.91 0;2 1222.29 295.915 87.76 38.71 0;2 1566.695 247.425 105.13 36.11 0;4 148.315 466.34 82.79 30.2 0;4 779.66 169.62 31.94 75.76 281.46;4 1243.71 164.945 88.04 39.07 0;4 1487.33 294.945 100.7 39.29 0;7 28 462.86 56 34.36 0;7 402.15 515.04 136 41.26 0;7 1395.16 344.075 121.6 34.97 0;7 1866.68 288.67 106.64 39.52 0;9 728.865 448.965 50.27 11.59 359.2;9 805.48 447.97 44.12 15.9 0;9 1191.06 231.395 40.12 16.63 0
v_jznh6ammij_0049,1 13.395 297.265 26.79 18.45 270.9;1 12.87 415.82 25.74 32.7 0;1 17.635 509.41 35.27 32.72 0;1 120.19 411.32 83.6 33.42 0;1 146.21 518.595 91.62 34.15 0;1 215.87 412.585 89.46 34.35 0;1 299.28 513.985 89.78 32.07 0;1 335.18 416.95 79.46 32.78 0;1 365.865 467.32 79.43 30.1 0;1 462.11 415.405 87.3 32.71 0;1 483.01 465.625 78.7 33.57 0;1 460.18 151.6 32.08 71.8 270.2;1 480.93 257.115 31.94 81.03 270.5;1 575.445 513.95 82.43 33.16 0;1 577.13 463.905 81.98 34.59 0;1 577.34 414.49 81.98 31.8 0;1 686.58 473.685 87.8 33.83 0;1 698.455 516.415 79.95 32.93 0;1 701.13 421.385 79.16 32.69 0;1 768.28 310.905 33.16 85.57 277.96;1 838.4 814.05 71.88 29.36 161.2;1 928 369.33 30.3 71.98 320.56;1 983.465 504.925 30.23 80.61 346.3;1 1007.275 673.21 32.87 82.52 0;1 1010.51 954.77 27.7 75.4 0;1 1042.685 503.115 34.07 83.07 352.3;1 1052.465 797.22 29.73 85 0;1 1056.71 1015.87 29.2 76.9 0;1 1271.48 503.065 37.42 81.29 75.74;1 1318.965 247.41 79.31 35.34 359.3;1 1350.6 295.455 75.96 34.29 0;1 1424.18 245.945 84.8 34.35 0;1 1458.775 339.97 100.85 37.32 0;1 1618.78 291.95 87.02 35.6 0;1 1623.515 491.035 32.15 87.01 87.7;1 1715.92 341.375 101.9 38.17 0;1 1720.815 296.6 91.75 36.9 0;1 1861.585 549.025 30.07 80.09 92.5;2 1222.27 295.355 87.76 38.71 0;2 1551.955 245.575 105.13 36.11 0;4 81.53 158.13 31.94 75.76 269.5;4 212.87 464.4 82.78 30.2 0;4 1244.565 164.545 88.05 39.07 0;4 1489.2 294.785 100.7 39.29 0;7 65.88 462.345 126.3 34.35 0;7 434.82 516.35 136 41.26 0;7 1267.585 344.295 114.59 34.97 0;7 1837.43 288.975 123.2 39.53 0;8 1721.11 147.14 64.8 29.86 0;9 767.575 452.47 41.91 11.58 359.2;9 807.18 448.19 44.12 15.9 0;9 1191.54 231.23 40.76 15.88 0
v_k0507pril4_0000,1 303.12 508.485 94.6 44.67 0
v_k0507pril4_0049,none
v_k10iuc2ten_0000,1 66.72 572.525 77.06 29.65 44.4;1 584.395 561.115 85.51 30.47 1.7714;1 945.49 184.295 30.2 86.41 4;1 981.685 846.58 79.21 30.9 277.1895;1 989.49 126.34 29.54 71.24 343.2;1 991.79 300.62 30.5 88.58 11.3;1 1019.04 34.845 31 69.17 358.2;1 1074.475 604.235 78.31 31.55 318.7111;7 1006.44 1037.4 37.3 85.2 0;7 1297.585 493.17 195.23 52.24 0
v_k10iuc2ten_0049,1 289.925 550.58 85.51 30.46 0.5;1 676.47 511.205 30.5 84.23 83.5;1 979.355 999.165 78.31 31.55 269.1;1 977.87 305.38 29.54 71.24 9.9462;1 1006.65 78.94 31.3 79.7 1.2;1 1031.09 200.995 31 81.91 356.1077;1 1573.12 500.24 80.66 29.32 0;7 1013.36 493.125 178.08 52.23 0
v_k27cij6khm_0000,1 70.75 495.745 109.34 37.39 0;1 233.89 487.265 91.74 35.15 0;1 370.44 490.62 94.46 39.56 0;1 389.19 545.76 91.96 36.6 0;1 486.1 483.33 98.8 37.76 359.7;1 513.29 542.315 85.1 34.37 0;1 615.405 536.39 88.59 36.82 359.6;1 629.96 480.65 94.94 38.04 0;1 744.295 540.255 107.71 37.47 359.3;1 754.435 484.03 84.67 39.42 358.6;1 878.07 430.32 87.62 35.58 318.74;1 923.26 546.66 92.34 39.38 358;1 919.67 841.52 39 96.7 0;1 919.77 1006.51 39.2 111.52 0;1 921.395 31.025 37.01 62.05 0;1 932.925 651.73 38.59 90.28 0;1 976.805 344.005 39.03 97.99 0;1 984.44 910.41 35.74 91.64 0;1 986.87 666.55 36.66 87.56 0;1 1308.495 543.995 34.19 89.05 95.06;1 1370.99 495.035 86.94 38.05 358.8;1 1488.63 486.17 42.36 91.14 86.9277;1 1616.86 487.38 36.56 93.4 89.1;1 1743.185 478.665 96.79 39.93 359.8;1 1888.165 486.185 44.43 87.75 88.7;4 254.71 544.93 140.54 41.46 0.6;9 459.04 559.11 44.28 11.06 57.8333
v_k27cij6khm_0049,1 103.705 493.69 112.55 37.4 0;1 237.305 486.27 91.73 35.16 0;1 391.405 488.965 94.45 39.57 0;1 414.98 544.26 91.96 36.6 0;1 597.095 539.2 85.09 34.36 0;1 618.46 479.535 98.8 37.75 359.7;1 825.42 525.16 88.6 36.82 354.77;1 901.205 479.205 94.15 38.03 359.02;1 932.93 290.765 82.72 39.41 272.975;1 918.05 768.16 39 96.7 0;1 919.86 906.49 39.2 111.52 0;1 930.705 619.195 38.59 90.29 0;1 975.39 94.06 89.62 35.58 277.0727;1 984.98 731.11 35.74 91.64 0;1 987.28 610.895 36.66 87.55 0;1 990.115 1043.135 37.81 73.73 0;1 1045.99 533.045 106.4 40.75 359.16;1 1284.31 545 87.84 39.24 3.15;1 1371.915 495.095 86.97 38.05 358.8;1 1489.175 486.285 42.35 91.15 87.2673;1 1617.04 487.395 36.56 93.41 89.1;1 1648.515 541.45 34.19 90.7 89;1 1743.695 478.665 96.79 39.93 359.8;1 1888.4 486.325 44.44 87.75 88.7;4 257.03 543.905 140.54 43.57 0.6;4 982.22 865.26 36.38 101 0;7 902.78 1021.11 45.52 117.78 0;9 823.295 558.32 41.31 11.06 354.5
v_k3pqsortkz_0000,1 236.57 557.17 38.2 86 91.9;1 470.74 566.54 35.94 87.9 90.6;1 560.045 508.965 35.61 88.63 89.4;1 623.96 567.81 32.1 84.1 89.7947;1 969.135 946.475 31.29 79.23 5.4;1 1014.72 506.12 30.12 78.48 357.5
v_k3pqsortkz_0049,1 150.585 566.74 35.93 95.4 90.6;1 360.58 565.25 32.1 84.1 91.1;1 560.575 507.785 35.61 88.63 89.4;1 955.285 1059.285 30.79 41.43 0;1 972.705 920.835 31.29 79.23 5.4;1 1027.41 998.415 30.12 78.49 357.5;1 1350.395 538.39 85.19 28.38 357.2;1 1726.84 519.315 93.2 34.31 0;9 1020.565 572.18 11.45 37.1 0;9 1470.865 499.1 44.45 15.06 0
v_k4mbw0dedd_0000,1 1021.375 437.41 97.57 42.12 41.12;9 1539.805 550 45.43 20.74 355.12
v_k4mbw0dedd_0049,1 1009.34 967.375 45 104.11 0;9 1030.645 551.47 45.43 20.74 358
v_k9yel41a4n_0000,none
v_k9yel41a4n_0049,none
v_ka2mah9fb2_0000,1 23.53 486.675 46.74 38.79 0;1 511.785 496.32 98.89 38 0;1 706.095 502.385 101.99 39.07 0;1 900.905 976.185 33.45 86.87 0;1 909.145 840.33 38.15 89.8 0;1 911.64 501.35 34.94 99.3 0;1 945.865 305.22 103.15 40.58 282.5;1 922.435 65.48 40.59 96.9 0;1 966.63 892.75 38.54 100.9 0;1 972.95 1037.5 29.6 66.8 0;1 975.65 715.02 34.5 89.6 0;1 1516.82 546.78 94.2 38.1 0;1 1551.295 503.085 93.21 37.35 358.2;1 1640.38 549.43 105.08 39.3 0;1 1654.015 500.65 89.05 36.18 0;1 1760.965 551.35 101.91 37.74 0.1;1 1799.92 495.305 101.1 36.25 359.1;1 1867.2 561.165 96.3 32.63 0;1 1893.415 491.115 53.17 36.25 0;9 1289.19 522.84 11.4 45.6 77.4
v_ka2mah9fb2_0049,1 504.945 493.165 96.25 38.79 0;1 728.35 504.71 98.88 38 0;1 904.27 724.31 33.46 86.86 0;1 907.12 598.675 38.14 89.79 0;1 908.46 877.6 38.1 92.76 0;1 908.08 1042.45 35.62 75.1 0;1 969.035 511.615 101.99 39.07 0;1 971.62 613.785 38.54 100.91 0;1 973.44 153.56 34.5 89.6 0;1 976.045 948.26 34.97 93.3 0;1 980.82 773.22 29.6 66.8 0;1 1518.21 547.54 94.2 38.1 0;1 1551.325 504.075 93.21 37.35 358.2;1 1640.725 550.79 105.09 39.3 0;1 1654.285 501.45 89.05 36.18 0;1 1760.795 552.19 101.91 37.74 0.1;1 1799.92 496.015 101.1 36.25 359.1;1 1867.26 561.895 96.3 32.63 0;1 1894.745 491.115 50.51 36.25 0;9 1747.29 468.65 11.4 45.6 86.9
v_kb75zilx4a_0000,1 217.94 479.115 96.7 37.25 0;1 670.01 484.32 94.46 35.16 0;1 717.78 542.2 93.44 37.18 1;1 918.475 500.72 97.83 36.4 0;1 984.25 935.895 32.44 84.67 0;1 1239.97 498.52 93.04 36.2 4;1 1422.065 544.45 97.63 35.5 0;1 1651.575 553.27 92.43 35.9 0.4;1 1767.765 497.33 105.59 38.36 0;1 1851.44 549.95 37.82 87.6 89.1
v_kb75zilx4a_0049,1 549.29 479.98 96.7 37.26 0;1 895.14 997.02 34.7 88.8 0;1 983.41 935.565 32.44 84.67 0;1 1051.55 484.26 94.46 35.16 0;1 1220.935 550.695 93.45 37.17 1;1 1400.705 510.92 97.83 36.4 0;1 1858.78 528.29 84.46 36.2 0.6;9 957.125 1033.935 14.35 37.51 0
v_kbate8w30c_0000,1 186.03 487.28 97.4 37.7 0;1 689.6 524.97 96.38 35.74 349.3;1 977.225 540.11 40.49 101.1 0;1 1144.31 494.75 100.6 37.72 1.6875;1 1273.55 467.565 90.8 33.61 3.6875;1 1508.325 530.285 96.37 35.75 2.2;1 1731.795 504.33 94.09 39.1 0.0333;1 1917.485 516.48 4.99 35.62 2;7 1001.93 729.215 57.34 202.65 10.7583;8 593.76 476.83 62.56 25.5 356.3
v_kbate8w30c_0049,1 156.185 474.16 93.19 34.5 0;1 196.28 523.205 91.8 34.83 0;1 430.14 536.275 104.94 38.99 0;1 483.66 469.315 85.74 32.17 0;1 768.31 462.53 97.4 37.7 0;1 863.135 528.57 96.37 35.74 1.2;1 976.42 878.71 36.2 94.3 0;7 1184.75 544.685 57.34 202.65 67.1;8 990.97 468.33 62.56 25.5 0
v_kcttnq3eit_0000,1 49.13 1012.075 89.94 36.55 0;1 368.37 124.16 34.78 76.32 269.5;1 569.79 1009.595 87.22 38.65 359.3;1 554.055 268.42 35.65 81.68 272.74;1 827.28 311.45 35.84 84.84 327.69;1 904.955 567.215 32.53 81.59 353.84;1 935.385 1025.725 32.33 75.73 0;1 1006.91 569.58 31.3 78.3 27.86;1 1154.73 461.65 31.22 74.88 68.15;1 1318.08 486.73 31.5 79.64 85.72;1 1539.73 312.27 86.72 39.06 0;7 256.845 1014.225 155.25 55.71 0;7 501.175 380.54 123.75 42.28 0;7 730.315 467.945 80.47 29.73 0;7 927.08 741.7 46.56 137.84 357.96;9 261.24 224.56 11.6 36.3 272.58;9 710.585 169.615 11.47 34.83 290.82
v_kcttnq3eit_0049,1 262.19 1007.355 89.94 36.55 0;1 425.305 111.875 37.15 84.27 269.2;1 569.83 1009.085 87.22 38.65 359.3;1 580.09 233.79 32.52 81.14 274.75;1 906.905 475.525 32.33 75.73 348.2;1 1101.6 315.405 78.6 39.07 0;1 1543.81 422.655 32.12 78.31 86.8;1 1694.23 308.08 78.36 33.82 0;1 1700.785 468.98 31.69 80.4 89.8;1 1811.32 388.435 31.22 81.11 89.1;1 1870.25 210.2 88.3 34.04 0;7 403.125 1014.455 151.13 55.09 0;7 637 381.185 122.6 42.27 0;7 730.025 467.3 80.47 29.74 0;7 847.6 335.595 46.56 125.55 325.51;7 1750.375 255.795 112.61 40.51 0
v_kdmdd1d3bi_0000,1 86.81 485.585 103.56 38.03 0;1 275.33 488.115 95.6 39.97 0;1 429.06 483.105 95.12 36.95 0;1 655.11 490.51 95.32 39.84 0;1 669.01 550.9 101.02 39.26 0;1 796.435 487.335 95.37 39.93 0;1 905.5 489.655 38.5 90.21 359.4;1 914.25 260.46 36.4 91.94 0;1 917.01 776.505 40.26 95.05 0;1 923.95 990.395 42.2 95.69 0;1 980.055 208.385 37.53 91.75 0;1 982.735 431.21 37.13 94.42 0;1 989.465 737.33 44.51 100.7 0;1 1468.795 470.415 39.37 98.21 88.3;4 990.58 961.475 41.3 102.29 0;9 559.065 546.745 49.87 13.53 0
v_kdmdd1d3bi_0049,1 167.24 490.475 105.3 37.75 0;1 177.13 549.675 104.1 39.81 358.5;1 326.635 485.35 103.57 38.04 0;1 448.73 491.085 95.6 39.97 0;1 567.61 484.29 91 36.94 0;1 693.275 492.545 90.41 39.85 0;1 899.165 485.985 94.73 39.93 0;1 922.53 740.455 42.2 95.69 0;1 927.45 1050.37 38.98 59.26 0;1 935.295 118.615 40.27 94.35 0;1 962.83 546.76 94.06 39.26 0;1 938.48 902.755 35.16 77.03 0;1 991.31 930.75 36.56 93.4 0;1 1226.29 507.745 39.58 95.49 84.65;1 1852.335 475.84 39.37 102.8 89.5;4 988.73 725.245 41.3 102.29 0;9 840.155 536.06 43.01 13.8 0
v_ke1pth6jke_0000,1 527.47 525.94 80.86 28.46 0;1 948.63 507.235 80.82 33.57 1.4;1 991.25 891.17 81.76 30.9 278;1 1000.5 733.855 30.2 75.81 355.54;1 1263.105 474.16 80.25 32.2 0;1 1363.79 497.995 76.52 30.87 0;1 1529.7 497.265 83.3 31.91 0;1 1689.045 502.1 91.37 29.7 0;1 1868.66 495.33 89.4 27.78 0;9 1199.77 526.7 35.7 13.62 0
v_ke1pth6jke_0049,1 217.02 506.49 78.28 33.56 358.7;1 1007.27 115.635 29.72 82.59 0;1 1243.195 474.44 80.25 32.2 0;1 1343.64 503.5 76.52 30.86 351.1286;1 1479.45 500.025 83.3 31.91 358.1;1 1607.985 500.65 91.37 29.7 0;1 1724.825 491.845 83.15 27.79 0;9 651.33 527.12 35.7 13.62 0;9 941.685 360.715 13.07 38.95 11.7333
v_kf1dimgfp6_0000,1 203.935 550.765 78.75 32.33 358.5;1 548.17 540.47 37.88 85.38 89.2;1 634.955 487.39 86.83 30.34 359.7;1 927.335 462.42 30.21 86.8 32.4467;1 1008.49 710.74 30.22 78.38 3.1765;1 1012.4 77.67 32.52 83.6 0;1 1021.2 359.63 31.62 83.72 2.0133;1 1078.5 589.085 78.92 31.07 327.6667;1 1378.63 502.555 88.44 31.89 0;3 983.6 969.63 147.62 45.6 269;9 951.475 357.525 10.43 36.13 8.0733
v_kf1dimgfp6_0049,1 389.89 555.45 30.22 86.8 89.9429;1 633.275 487.67 86.83 30.34 359.7;1 967.855 892.655 31.63 83.71 5.1;1 1009.12 965.545 78.92 31.07 272.9;1 1008.15 363.65 32.52 83.6 0;1 1008.92 204.13 33.4 85.4 0;1 1199.99 517.985 85.6 31.89 350.1714;9 547.275 539.595 10.43 36.13 90.1857
v_kgp4uv8vzv_0000,1 124.995 546.78 30.11 85.76 90.6;1 747.505 551.745 77.41 33.55 358.5957;1 862.88 498.02 79.6 30.6 358.2;1 1011.91 364.6 29.74 83.5 0;1 1016.805 236.93 25.45 70.1 0;1 1089.68 529.955 82.3 31.45 356.4;1 1301.09 522.26 90.44 31.46 357.3;1 1476.83 493.5 93.42 31.2 0;1 1650.4 517.265 91.74 31.13 0;9 635.58 512.37 38.9 15.34 356.9
v_kgp4uv8vzv_0049,1 52.235 545.445 77.41 33.55 359.9;1 218.825 520.46 79.61 30.6 358.2;1 533.04 531.885 82.3 31.45 359.6;1 1002.125 562.31 25.45 70.1 0;1 1011.07 695.46 29.74 83.5 0;1 1097.355 529.41 90.43 31.46 357.3;1 1300.89 488.15 88.76 31.2 0;1 1433.84 513.42 84.18 31.14 0;1 1768.41 504.475 90.62 30.89 0;1 1898.785 496.995 42.43 27.81 0
v_khizc5a770_0000,1 18.8 409.875 37.6 30.65 0;1 324.165 247.99 76.23 33.4 0;1 336.24 298.43 83.8 28.7 0;1 429.085 457.035 84.09 30.79 0;1 840.845 877.49 74.41 28.6 87.6;1 917.765 844.59 28.47 75.5 0;1 970.495 864.485 30.65 71.63 0;1 970.885 961.63 30.63 77.46 0;1 1061.14 415.55 87.6 31.18 0;1 1154.34 363.21 79.24 31.92 0;1 1342.24 387.01 80 32.9 0;1 1352.17 238.45 75.66 23.5 0;1 1350 458.04 69 28.4 0;1 1540.79 402.72 81.4 32.6 0;1 1690.51 277.585 64.02 28.03 0;1 1802.36 400.39 79.38 31.5 0;7 211.33 242.67 79.4 41.2 0;7 433.045 89.86 148.71 48.62 358.7;7 586.83 451.85 126.38 34.6 0;7 595.3 199.425 92.7 33.77 0;7 919.32 983.78 35.3 131.6 0;7 1413.46 92.265 103.92 36.15 0;7 1720.165 68.8 93.69 34.38 4.2;7 1880.5 445.58 79 31.4 0;9 1514.27 118.81 41.1 11.54 0
v_khizc5a770_0049,1 289.31 273.26 75.66 23.5 0;1 628.37 298.14 64.02 28.04 0;1 828.725 508.435 84.09 30.79 44.9667;1 834.09 412.195 85.38 30.65 0;1 918.02 844.2 28.46 75.5 0;1 970.69 863.07 30.66 71.64 0;1 971.275 960.765 30.63 77.47 0;1 1840.63 397.965 87.6 31.19 0;7 36.41 101.29 72.82 48.62 0;7 897.81 110.86 103.92 36.14 0;7 919.155 982.66 35.31 131.6 0;7 1110.48 453.05 126.38 34.6 0;7 1209.635 56.895 93.69 34.39 359;9 1023.19 107.5 41.1 11.54 358.4
v_kj3sqhrkny_0000,1 1136.115 541.33 105.11 47.3 0;1 1398.23 497.31 106.42 51.24 0
v_kj3sqhrkny_0049,1 681.515 542.64 105.11 47.3 0;1 1101.3 493.37 106.42 51.24 0;1 1880.2 509.15 79.6 51.3 0
v_kjpk4f5oj6_0000,1 931.295 494.995 83.61 45.61 0;1 1306.015 498.035 103.37 42.57 0
v_kjpk4f5oj6_0049,1 221.37 517.8 89.7 45.6 0;1 915.325 501.075 103.37 42.57 0
v_kl82trymp8_0000,1 27.12 375.75 54.16 34 0;1 104.02 424.38 79.92 28.86 0;1 201.5 460.82 85.4 30.4 0;1 258.37 367.78 81.3 31.6 0;1 270.4 107.12 77.6 29 0.4;1 284.735 415.27 86.07 30.66 0;1 314.14 469.75 66 26.18 0;1 470.34 466.775 96 32.53 0;1 640.6 463.59 112.2 35.3 357.8;1 628.13 376.9 76.18 28.7 0;1 655.23 417.38 73.56 28.3 0;1 663.515 1026.24 76.27 34.6 5.9;1 753.295 480.69 63.81 28.1 8.9;1 779.485 1070.3 40.37 19.4 32.1;1 815.27 365.135 79.54 28.85 0;1 847.48 628.01 77.76 30 90.125;1 925.06 1018.18 30.4 76.6 0;1 925.25 925.75 28.7 73.3 0;1 968.085 866.165 31.07 70.19 0;1 976.855 998.26 29.11 79.1 0;1 1207.55 361.58 84.48 33.2 0;1 1393.7 450.09 81.34 31.6 0;1 1563.875 362.905 81.77 34.85 0;1 1832.35 415.01 92.74 36.3 0;1 1843.6 355.53 74.12 28.66 0;7 1152.525 411.56 378.67 49.2 0;9 848.44 980.68 32.56 10.7 91.8154;9 926.71 381.83 39 10 359.7
v_kl82trymp8_0049,1 172.575 372.96 77.15 34.5 0;1 273.975 470.5 69.69 31.5 0;1 340.015 414.4 80.75 30.8 0;1 402.43 460.37 85.4 30.4 0;1 473.32 374.7 68.54 28.58 2.6;1 516.05 469.65 66 26.18 0;1 625.195 414.185 79.93 28.85 0;1 641.77 460.205 96 32.53 0;1 726.73 364.25 87.36 34 0;1 746.3 1050.63 76.28 34.6 18.32;1 783.61 482.37 112.2 35.3 14.9;1 849.585 415.28 86.07 30.66 0;1 854.415 615.74 63.81 28.1 77.7846;1 924.77 1018.33 30.4 76.6 0;1 924.79 925 28.7 73.3 0;1 969.185 868.565 31.07 70.19 0;1 977.245 979.9 29.11 79.1 0;1 1103.71 407.85 81.3 31.6 6.4;1 1355.9 453.05 73.56 28.3 2.2;1 1545.485 358.92 76.19 28.7 0;1 1759.375 350.335 79.55 28.85 0;7 1640.205 402.56 378.67 49.2 359.3;9 356.105 1023.095 46.05 10.93 356.6;9 981.18 915.355 9.64 36.99 53.7
v_kltit1l47h_0000,1 125.72 490.09 89.98 39.34 0;1 176.92 552.65 32.34 70.76 89.7;1 944.44 1007.815 82.24 34.97 269.2;1 934.78 37.33 37.68 74.66 0;1 941.53 899.83 33.98 89.66 0;1 991.115 949.55 86.43 38.9 270.4;1 989.505 812.215 34.21 87.51 0;1 1017.735 637.39 89.77 39.28 306.8;1 1091.75 509.68 89.72 39.4 359.1;1 1374.98 534.405 83.56 33.11 0;1 1439.335 493.955 93.23 33.59 0;1 1839.66 518.325 93.12 36.09 0;4 624.815 530.865 37.49 92.83 84.9;7 987.3 390.49 42.18 109.82 359.2;7 1261.435 514.4 108.51 36.22 0
v_kltit1l47h_0049,1 123.99 490.41 89.98 39.34 0;1 591.385 541.055 89.71 39.39 359.1;1 944.125 1007.775 82.23 34.97 269.2;1 927.45 329.13 37.68 94.42 0;1 941.64 899.4 33.98 89.66 0;1 991.175 949.355 86.43 38.91 270.4;1 998.09 721.77 89.76 39.28 275;1 989.38 843.975 34.22 87.51 0;1 1113.135 538.72 76.87 33.12 0;1 1218.665 495.265 89.21 33.59 0;1 1328.89 532.25 89.56 36.1 0;1 1754.8 513.325 95.2 36.21 0;7 866.6 524.37 98.1 37.76 0;7 985.965 395.73 42.17 109.82 359.2
v_kobcrm4tc6_0000,1 206.425 536.805 38.89 98.75 269.8
v_kobcrm4tc6_0049,none
v_kq269jyo7m_0000,1 977.3 477.36 90.56 40.1 0;1 1827.47 501.255 103.4 42.15 0
v_kq269jyo7m_0049,1 290.575 456.285 102.13 39.73 0;1 327.25 514.79 100.8 38.32 0;1 719.46 471.355 92.64 35.51 0;9 502.86 550.945 44.48 14.19 0
v_krcbxf1mgh_0000,1 1000.86 732.31 37.9 96.02 7.9;1 1089.155 550.185 34.13 92.25 53.6625;1 1638.68 518.405 36.56 102.03 86.4;1 1896.65 575.59 46.7 34.6 0
v_krcbxf1mgh_0049,1 1349.54 523.065 37.9 96.01 87.07;1 1667.055 519.05 34.13 92.24 90.3
v_kse1f16zqz_0000,1 177.69 498.12 96.9 39.56 0;1 347.975 494.22 101.03 37.76 0;1 448.515 545.595 92.83 37.53 359.6;1 495.495 489.53 96.87 38.04 0;1 606.58 497.825 88.08 39.97 0;1 634.21 547.07 112.76 41.64 359.3;1 715.595 491.89 91.01 36.94 0;1 771.545 554.5 92.33 39.38 0;1 822.235 497.37 90.41 39.84 0;1 918.105 245.18 38.99 80 0;1 918.7 1021.55 39.02 89.42 0;1 929.435 486.385 37.95 87.59 0;1 929.445 760.6 35.47 90.54 0;1 984.64 930.84 40.84 99.5 0;1 994.45 511.14 37.22 87.8 0;1 994.58 702 36.34 87.6 0;1 1309.555 495.625 36.57 93.41 87.12;1 1710.995 479.845 96.79 39.93 359.8;1 1849.88 488.34 44.44 100.88 88.7;9 987.765 63.72 10.93 38.68 0;9 1015.34 1053.99 13 38.3 0;9 1021.43 764.76 12.86 46.48 0;9 1882.19 542.975 43.02 13.79 0
v_kse1f16zqz_0049,1 146.165 496.73 93.97 37.36 0;1 277.76 499.235 96.9 39.57 0;1 390.485 493.095 101.03 37.75 358.4;1 411.78 548.02 93.78 38.06 0;1 507.3 490.375 96.86 38.03 0;1 556.385 545.23 92.83 37.54 359.6;1 614.79 497.875 88.08 39.97 0;1 665.15 546.52 112.76 41.64 359.3;1 720.15 492.395 90.54 36.75 0;1 780.29 554.91 92.34 39.38 0;1 823.13 498.04 90.42 39.84 0;1 917.975 675.065 39.03 89.41 0;1 923.125 128.45 35.47 90.54 0;1 941.655 886.69 33.73 86.7 0;1 985.36 475.45 40.84 99.5 0;1 989.59 205.62 36.34 87.6 0;1 1604.08 490.95 36.56 93.4 89.1;1 1739.355 482.045 96.79 39.93 359.8;1 1866.64 488.84 44.44 100.88 88.7;9 1020.23 582.94 13 38.3 2;9 1299.25 477.035 12.86 40.23 92.3
v_ktl59nnvxf_0000,1 10.375 538.415 20.75 9.79 89.9;1 570.675 528.345 79.61 30.89 357.9667;1 1010.22 662.065 33.8 86.01 0;1 1071.805 504.15 75.71 27.82 0;1 1232.775 504.65 92.35 32.7 0;1 1389.58 515.635 96.42 30.47 358;1 1679.005 502.37 97.13 33.3 357.5;1 1805.89 517.38 67.74 26.84 359.9111
v_ktl59nnvxf_0049,1 86.055 518.88 79.61 30.9 1;1 593.01 514.885 75.72 27.81 0;1 823.005 516.2 89.15 32.7 0;1 1118.74 536.985 91.2 30.47 353.1;1 1444.085 508.84 97.13 33.3 357.5;1 1598.3 519.56 67.74 26.84 0.1;1 1881.55 499.455 76.9 32.21 0
v_kyc1clybql_0000,1 616.315 491.17 95.57 38.74 0;1 625.41 544.4 93.2 35.9 0;1 772.48 490.595 88.48 38.53 0;1 823.98 547.29 91.08 38.1 0;1 919.07 155.195 37.02 86.75 0;1 923.175 391.975 40.15 95.63 0;1 927.175 557.86 40.45 95.06 0;1 929.39 901.91 35.3 96.1 0;1 973.795 219.495 90.61 37.63 277.92;1 983.16 969.37 39.4 94.6 0;1 1217.84 561.94 87.82 37.8 1;1 1364.385 446.8 95.15 41.46 358.1;1 1365.295 544.665 40.25 87.67 90.9;1 1398.77 497.155 91.68 36.89 357.54;1 1566.5 484.52 103.8 42.34 359.8;1 1623.925 529.15 89.95 37.18 356.3;1 1727.585 490.5 90.19 40 0;1 1832.965 488.245 94.45 37.21 359.5;1 1857.015 558.725 39.07 96.11 86.9;4 1502.62 543.355 97.94 36.13 359;7 31.29 498.605 62.58 45.19 0;9 985.445 367.185 14.51 45.37 0;9 1917.17 523.585 5.66 39.79 92.2
v_kyc1clybql_0049,1 130.665 486.71 110.17 41.06 0;1 811.95 475.935 89.78 37.35 348.92;1 922.695 542.385 89.87 35.39 359.1;1 922.845 836.005 42.47 96.21 0;1 927.065 188.365 40.45 95.07 0;1 927.25 974.01 40.64 97.12 0;1 928.385 683.61 35.31 89.22 0;1 985.48 744.68 39.4 94.6 0;1 991 919.95 36.46 97.62 0;1 1022.02 487.215 86.14 38.53 0.4;1 1147.8 514.735 91.08 38.09 352.73;1 1262.13 562.6 87.82 37.8 0.9;1 1366.81 446.57 95.16 41.46 358.1;1 1371.555 543.87 40.25 87.68 90.9;1 1461.025 493.49 91.67 38.98 358.5;1 1569.52 484.965 103.8 42.33 359.8;1 1626.205 530.17 89.95 37.18 356.3;1 1728.535 490.4 90.19 40 0;1 1836.505 489.27 94.45 37.2 359.5;1 1859.23 559.22 39.08 96.1 86.9;4 1504.405 544.81 97.95 36.12 359;7 572.3 493.25 116.68 41.8 0;9 982.77 1056.205 14.5 47.59 0
v_kz8k32qnxe_0000,1 490.24 468.465 90.42 35.63 0;1 927.83 525.675 99.98 39.59 0;1 1284.675 459.515 89.21 37.81 0;1 1316.2 524.175 37.48 91.77 87.48
v_kz8k32qnxe_0049,1 81.31 525.185 96.22 34.95 0;1 170.39 453.685 101.4 39.45 0;1 756.65 466.53 86.92 32.5 0;1 967.755 655.22 39.83 86.58 0;1 1452.99 465.945 87.56 35.63 0;1 1555.745 529.115 100.55 39.59 0
v_kzkgwsi6bd_0000,1 181.59 513.74 103.8 47.3 0
v_kzkgwsi6bd_0049,1 1458.005 489.44 118.27 45.96 0
v_l2k20habzo_0000,1 890.125 490.985 90.37 36.39 358.5;1 940.135 548.92 87.17 33.86 358.1;1 965.78 46.255 40.84 92.51 0;1 1021.22 184.63 35.36 90.54 0;1 1146.77 546.135 86.96 37.61 355.8875;1 1298.76 532.66 87.08 34.46 354.0875;1 1441.13 514.455 83.12 36.83 0;1 1531.805 482.825 90.85 35.35 7.4;1 1711.27 478.17 93.1 39.18 0.7;1 1870.85 514.18 92.54 36.5 0;9 1000.92 46.585 14.66 46.11 0
v_l2k20habzo_0049,1 234.94 544.46 92.68 33.86 359.9;1 466.115 496.055 90.37 36.39 359.7;1 535.49 559.365 86.96 37.61 358.26;1 952.27 446.165 36.18 90.53 37.76;1 965.78 46.465 40.84 92.93 0;1 1013.78 724.315 87.08 34.47 292.9;1 1242.59 532.75 79.1 35.56 350.42;1 1255.555 476.595 90.85 35.35 358.98;1 1465.265 481.535 93.11 39.19 0.7;1 1616.27 515.33 104.02 36.5 0;1 1823.035 493.785 96.35 35.15 0;9 946.81 326.75 14.66 45.34 16.38
v_l3rubwusjo_0000,1 90.06 428.29 88.3 34.22 0;1 206.225 385.055 83.13 33.43 0;1 226.905 430.4 84.53 33.72 0;1 291.45 480.665 83.52 33.41 0;1 294.065 1009.605 86.75 36.55 0;1 345.2 382.04 80.9 32.76 0;1 351.1 432.545 88.7 35.03 0;1 458.055 430.855 86.39 30.71 0;1 470.45 384.035 89.8 31.31 0;1 501.165 478.545 83.21 33.87 0;1 584.38 1012.395 87.22 38.65 359.3;1 606.775 477.045 81.23 33.35 1.68;1 815.21 433.885 78.74 29.41 0;1 1030.37 316.335 78.6 39.07 0;1 1130.255 216.53 81.51 34.04 0;1 1188.22 314.28 73.1 33.82 0;1 1205.22 266.31 104.32 42.7 0;1 1236.095 217.04 82.61 34.74 0.2;1 1295.125 312.63 87.45 36.56 0;1 1326 214.96 84.3 37.26 0;1 1321.22 264.34 68.56 32.62 0;1 1393.155 312.855 84.63 32.97 0;1 1458.38 212.765 92.16 41.03 0;1 1507.53 316.28 91.72 34.22 0;1 1571.42 263.185 91.94 37.97 0;1 1579.265 214.62 90.91 35.46 0;1 1690.23 263.865 86.9 33.99 0;1 1808.32 208.145 88.7 32.93 0;4 394.625 476.63 80.77 32.26 0;4 646.93 432.335 101.62 34.55 0;4 1809.76 261.655 95.8 35.63 0;7 115.655 482 142.73 43.24 0;7 413.305 1018.81 150.29 55.08 0;7 716.11 383.89 122.6 42.28 0;7 762.945 467.215 80.47 29.73 0;7 1090.625 264.22 90.95 42.4 0;7 1457.525 261.08 112.09 46.2 0;7 1695.705 205.66 118.75 47.42 0;9 114.99 452.925 41.28 11.77 0;9 804.24 231.54 34.84 11.1 0.3;9 863.28 634.31 38.68 11.2 93.5
v_l3rubwusjo_0049,1 28.005 382.545 56.01 34.37 0;1 126.42 428.575 88.3 34.21 0;1 175.64 381.285 86.36 35.03 0;1 229.12 308.83 78.6 39.06 0;1 271.395 430.02 84.53 33.72 0;1 381.735 385.15 83.13 33.44 0;1 389.905 1008.685 86.75 36.55 0;1 406.455 480.335 83.53 33.41 0;1 437.72 430.235 88.7 35.03 0;1 562.49 382.82 80.9 32.76 0;1 570.03 429.695 86.38 30.71 0;1 767.295 384.945 89.79 31.31 0;1 767.985 461.89 83.21 33.88 356.12;1 770.13 1066.94 55.68 26.12 43.575;1 820.875 529.465 77.93 33.35 36.68;1 857.155 229.415 81.51 34.05 359;1 892.82 315.08 73.1 33.82 0;1 995.855 269.805 100.71 42.71 0;1 1016.385 224.34 82.61 34.74 0.2;1 1150.295 314.64 87.45 36.56 0;1 1153.575 216.1 84.29 37.26 0;1 1225.135 264.025 68.55 32.61 0;1 1324.005 310.985 84.63 32.97 0;1 1358.315 213.015 92.17 41.03 0;1 1480.93 314.775 91.72 34.21 0;1 1497.275 121.265 90.01 38.59 0;1 1562.985 213.205 90.91 35.47 0;1 1569.95 262.385 91.94 37.97 0;1 1683.25 262.175 86.9 33.99 0;1 1681.23 431.84 79.74 29.42 0;1 1782.585 310.41 86.63 33.9 0;1 1806.7 206.765 88.7 32.93 0;4 592.485 475.85 80.77 32.26 0;4 1257.05 432.555 94.92 34.55 0;4 1805.83 261.385 95.8 35.63 0;7 172.54 480.865 142.72 43.23 0;7 560.585 1022.06 141.63 55.08 2.0571;7 701.37 264.635 90.5 42.43 0;7 1036.765 468.765 80.47 29.73 359.3;7 1102.7 384.79 112.62 42.28 0;7 1386.44 260.52 112.1 46.2 0;7 1693.07 204.645 118.74 47.43 0;9 218 451.78 37.3 12.14 359.7;9 304.7 464.245 44.82 12.83 6.4;9 395.78 455.985 41.04 11.69 0.14
v_l5s9jvl1jc_0000,1 228.52 458.005 95.7 37.81 0;1 284.09 523.34 105.8 39.58 0;1 983.3 706.57 37.48 91.26 10.98
v_l5s9jvl1jc_0049,1 470.915 468.725 90.41 35.63 0;1 916.09 525.805 99.98 39.59 0;1 1260.6 459.735 88.98 37.81 0;1 1304.905 524.29 37.47 91.78 87.09
v_l6bxvtn603_0000,1 342.25 540.005 40.68 86.85 89;1 810.7 517.4 34.22 82.32 61.4667;1 934.88 1048.925 61.78 33.63 269.3;1 945.405 694.705 36.59 74.85 0;1 984.875 995.155 81.83 35.25 270.4;1 978.885 245.19 35.71 88.9 0;1 1003.385 857.835 36.03 85.35 0;1 1250.265 499.475 93.97 31.79 0;1 1380.29 517.785 87.58 36.73 0;1 1608.01 532.685 94 38.31 359.5;4 937.03 245.105 36.84 86.75 0;7 941.98 845.375 52.6 168.59 0;7 1031.75 522.085 101.42 42.93 0;9 909.115 248.905 12.29 40.91 0;9 954.795 59.87 12.75 39 0
v_l6bxvtn603_0049,1 193.165 551.25 34.21 90.5 90.2;1 933.055 178.58 33.29 84.84 0;1 964.84 498.465 89.38 31.79 0;1 946.685 855.09 36.59 77.5 0;1 952.95 89.14 36.7 84.48 0;1 982.97 336.67 36.36 86.82 0;1 999.23 1063.33 36.02 33.34 0;1 1264.285 515.98 87.59 36.72 0;1 1436.93 534.255 94 38.31 359.5;1 1609.75 528.085 114.82 35.77 0;4 931.52 285.175 36.84 86.75 0;7 480.98 538.32 101.42 42.92 358.5;7 941.54 1006.5 52.6 145.38 0;9 666.41 513.29 12.3 40.92 87.7;9 903.25 309.195 12.76 35.99 355.79
v_l7x0ahucbv_0000,1 950.83 549.87 43.48 91.28 321.4
v_l7x0ahucbv_0049,1 435.835 514.35 43.47 97.18 269.7
v_l80snfk4hi_0000,1 128.72 470.765 82.86 33.69 0;1 172.385 244.085 36.43 87.41 270.5;1 271.635 285.225 32.09 76.53 267.46;1 392.89 475.415 86.58 35.65 0;1 510.98 379.545 86.6 33.17 0;1 530.58 1018.975 77.74 35.87 0;1 518.2 307.4 34.22 80 270.1;1 521.62 226.305 35.54 78.29 270.8;1 578.695 479.255 82.81 34.71 0.5;1 623.815 430.27 83.61 34.94 0.7;1 784.115 313.1 34.79 80 296.4;1 837.34 613.86 76.48 32.06 81.3;1 867.055 403.235 31.37 75.33 342.3;1 912.77 505.08 33.1 81.6 357.9;1 1087.305 278.035 81.43 37.35 0;1 1195.955 230.145 89.31 39.45 0;1 1205.72 282.74 82.2 36.9 0;1 1390.21 277.18 80.92 37.9 0;1 1626.515 143.025 90.07 39.83 0;1 1631.605 328.75 90.73 37.12 0;1 1867.77 131.06 101.1 42.32 3.4;2 1089.005 229.57 93.27 37.2 0;4 1336.565 327.84 89.67 37.36 0;7 1109.655 320.575 102.23 42.39 0;9 828.515 1056.225 35.33 11.75 93.4;9 1170.23 202.435 40.4 12.31 0
v_l80snfk4hi_0049,1 64.385 381.075 86.17 33.39 0;1 185.735 290.41 34.79 80 269.93;1 243.44 422.355 86.18 35.23 2.1;1 250.19 473.805 82.6 34.05 0;1 396.91 478.25 82.86 33.7 0;1 498.05 382.72 77.84 33.38 1.2;1 478.855 289.335 34.47 76.65 271.2;1 507.435 480.115 86.01 35.89 1.9;1 528.83 1020.085 77.74 35.87 0;1 619.845 479.285 82.63 34.43 0.5;1 639.835 383.515 84.21 33.17 2;1 647.175 431.74 83.61 34.94 0.7;1 650.67 233.015 33.1 81.61 272.48;1 1088.095 278.595 81.43 37.35 0;1 1158.17 144.235 81.48 37.11 0;1 1194.19 85.97 93.78 42.32 359.5;1 1193.6 231.15 89.3 39.44 0;1 1205.255 282.74 82.21 36.9 0;1 1315.705 279.39 80.91 37.9 0;1 1436.265 329.27 90.73 37.12 0;1 1521.045 291.305 72.45 33.83 0;1 1627.495 268.405 88.45 36.67 0;2 1080.715 230.48 93.27 37.2 0;2 1428.885 229.075 109.75 42.39 0;4 1278.945 326.96 84.83 37.36 0;7 1109.845 321.655 102.23 42.39 0;7 1860.45 277.58 119.1 47.96 0;9 1030.315 203.365 40.41 12.31 0
v_l87qohjefj_0000,1 48.335 479.215 96.53 39.81 0;1 42.345 531.455 80.31 38.07 0;1 258.47 497.795 92.56 32.51 3.5;1 495.22 478.74 97.3 36.9 0;1 680.655 490.765 96.53 35.67 0;1 897.81 1036.825 35.4 86.25 0;1 909.175 738.25 35.47 89.2 0;1 917.19 487.64 31.7 91.7 0;1 934.36 889.715 36.68 94.65 359.8;1 946.755 1041.9 35.61 76.2 0;1 977.71 516.595 36 93.23 4.9;1 985.8 937.805 32.44 84.67 0;1 1157.79 492.33 113.18 33.7 0;1 1364.19 490.52 96.7 37.26 0;1 1640.58 555.285 98.1 39.63 1.7;1 1844.77 500 94.46 35.16 0;9 573.595 540.94 42.35 13.2 0;9 1839.895 532.47 46.99 16.08 3.7
v_l87qohjefj_0049,1 104 470.925 91.9 36.91 0;1 607.63 543.61 98.24 38.06 0;1 620.79 482.155 113.24 39.81 0;1 750.545 539.725 92.55 32.51 4.5;1 783.82 457.28 97.3 36.9 342.3;1 870.465 494.885 96.53 35.67 0;1 894.045 991.46 34.29 89.8 0;1 899.2 853.875 35.4 92.89 0;1 930.325 272.45 35.47 89.2 0;1 942.21 986.7 34.6 83.5 0;1 948.245 854.875 35.61 87.53 0;1 979.36 428.21 36.68 94.64 3.7;1 985.68 938.415 32.44 84.67 0;1 1536.995 502.66 113.19 33.7 0;1 1674.865 495.18 96.71 37.26 0;1 1873.04 502.48 92.72 35.16 0;9 289.725 534.64 43.13 12.9 0;9 928.985 549.09 42.35 13.2 0
v_l8vofatkq8_0000,1 577.025 487.69 35.61 88.62 89.4;1 686.845 536.205 32.39 76.85 80.5667;1 970.03 98.44 30.3 82.6 6.4;9 809.96 528.375 9.7 38.37 66.7333
v_l8vofatkq8_0049,1 18.375 543.15 32.39 38.2 89.6;1 558.68 491.53 35.6 88.62 89.4;1 958.53 304.37 30.3 82.6 4.4;1 970.17 72.895 30.26 83.25 0;1 1011.105 225.55 31.31 82.82 359.3;1 1414.575 504.1 90.81 32.84 0;1 1855.425 501.85 94.15 32 0;7 1024.47 18.6 29 37.2 0;9 266.88 551.285 9.7 38.37 85.9
v_l98kjdhlf5_0000,1 635.045 488.74 86.83 30.34 359.7;1 848.42 488.25 29.2 78.3 59.4923;1 947.565 346.04 30.71 81.82 353.2;1 966.54 642.84 29.98 80.38 1.4;1 973.945 210.68 28.21 79.98 357;1 1042.585 531.645 77.07 31.89 357.2;1 1188.9 561.69 83.54 30.3 346.7;1 1222.55 480.64 83.2 30.6 0.4;1 1662.52 500.44 87.1 31 0;1 1911.665 498.465 16.67 33.31 0;2 350.415 557.01 104.05 32.68 358.1;7 1422.365 497.31 105.31 36.38 357.9
v_l98kjdhlf5_0049,1 257.07 545.7 29.2 78.3 88.6;1 609.625 537.955 71.61 31.89 1.8909;1 635.075 489.6 86.83 30.34 359.7;1 975.525 275.08 28.21 79.98 358.5625;1 979.13 1053.395 29.98 53.21 357.5;1 985.805 654.16 30.71 81.82 354.3125;1 1016.51 916.52 79.16 30.3 272.7375;1 1017.25 113.77 31.14 83.1 358.4;1 1222.6 481.01 83.2 30.6 0.4;1 1411.575 504.67 83.65 31 0;1 1528.58 500.94 88.6 33.32 0;7 1292.39 513.65 103.72 36.38 349
v_lap54o1udb_0000,1 372.205 477.735 91.55 35.01 0;1 484.58 477.23 92.84 37 0;1 602.125 481.05 110.81 35.12 0;1 692.14 537.735 88.98 34.55 0;1 726.275 481.61 95.19 38.3 0;1 843.56 487.59 84.08 33.8 0;1 904.76 818.565 33.68 104.99 0.1333;1 905.995 1017.05 35.29 86.5 0;1 932.59 486.835 37.5 96.77 2.4242;1 932.9 13.5 35.62 27 0;1 965.07 1034.45 35.8 91.1 0;1 985.53 890.62 32.44 88 0;1 1121.405 557.51 101.17 38.18 1.3;1 1118.68 505.075 33.4 91.73 67.9;1 1228.895 487.625 102.15 37.91 0;1 1240.185 545.715 32.63 87.99 88.2348;1 1345.65 494.075 89.7 34.85 0;1 1346.595 546.445 39.11 89.45 93.4;1 1441.345 495.935 91.91 36.91 0;1 1569.83 497.245 113.24 39.81 0;1 1636.02 556.74 33.5 91.52 89;1 1684.76 506.97 96.52 35.66 0;1 1750.07 552.2 98.24 38.06 0;1 1799.26 511.18 90.46 33.7 0;1 1861.055 572.41 92.55 32.52 1.2;1 1896.065 504.31 47.87 35.16 0;3 1492.015 548.21 163.13 41.68 0.2;9 629.26 563.25 29.4 10.84 15.9429;9 1790.005 593.21 43.13 12.9 359.5
v_lap54o1udb_0049,1 375.715 477.805 91.55 35.01 0;1 485.235 475.4 92.83 37 0;1 603.795 479.65 110.81 35.12 0;1 725.995 480.99 95.19 38.3 0;1 763.38 541.64 88.98 34.54 0;1 844.1 487.95 84.08 33.8 0;1 910.77 993.81 33.4 87.2 0;1 916.805 775.765 35.29 86.49 0;1 921.66 279.035 33.68 104.99 0;1 966.45 1035.135 34.6 86.65 0;1 971.04 887.345 35.8 91.09 0;1 991.1 703.775 32.44 87.99 0;1 1127.895 557.615 101.17 38.17 1.3;1 1118.27 505.015 33.4 91.73 67.9;1 1228.945 487.895 102.15 37.91 0;1 1240.565 545.29 32.63 88 88.5875;1 1350.72 494.165 89.7 34.85 0;1 1347.745 546.47 39.11 89.44 93.4;1 1441.675 496.505 91.91 36.91 0;1 1570.47 497.385 113.24 39.81 0;1 1639.285 557.8 33.49 91.52 89;1 1685.175 507.12 96.53 35.66 0;1 1752.93 553.665 98.24 38.07 0;1 1798.56 511.83 90.46 33.7 0;1 1863.215 573.445 92.55 32.51 1.2;1 1896.84 504.31 46.32 35.16 0;3 1492.845 548.98 163.13 41.68 0.2;9 979.86 566.875 29.4 10.85 0.1;9 1792.07 594.605 43.14 12.91 359.5
v_lb0rzorrvw_0000,1 590.015 496.61 98.93 44.3 0;1 722.92 494.525 90.82 36.47 0;1 822.7 545.995 104.72 42.83 0;1 821.79 487.28 93.78 37.28 0;1 914.09 641.43 33.5 84.8 0;1 916.17 810.65 34.14 87.88 0;1 988.5 498.085 102.7 40.79 0;1 980.8 783.51 34.7 85.88 0;1 981.685 915.89 33.59 85.5 0;1 993.86 657.235 34.48 72.29 4.8143;1 1081.69 548.5 98.5 36.5 354.8;1 1105.38 488.03 96.7 38.36 0;1 1214.21 496.25 96.4 42.92 0;1 1268.21 544.45 38 103.5 90.5;1 1320.97 494.455 96.24 38.79 0;1 1387.295 557.295 101.99 39.07 3.6;1 1420.225 500.88 98.89 38 1.2;1 1521.92 552.84 94.2 38.1 0;1 1564.035 511.905 93.21 37.35 358.2;1 1632.685 558.47 105.09 39.3 0;1 1666.575 507.24 89.05 36.18 0;1 1751.09 559.24 101.9 37.74 0.1;1 1791.59 503.49 101.1 36.24 359.1;1 1856.14 569.285 91.82 32.63 0;1 1889.255 502.505 61.49 36.25 0;9 726.07 572.51 45.4 19.7 0;9 903.495 908.09 15.27 36.64 356.5143;9 1018.35 764.48 12.24 41 9;9 1701.92 597.305 33.34 14.17 359.8
v_lb0rzorrvw_0049,1 609.295 496.21 98.93 44.3 0;1 728.01 493.575 90.82 36.47 0;1 823.42 546.775 104.72 42.83 0;1 825.82 486.435 93.78 37.27 0;1 916.925 580.57 34.13 87.88 0;1 921.92 96.27 33.5 84.8 0;1 956.805 695.54 34.69 85.88 345.75;1 961.675 809.45 33.59 85.5 340.1;1 1002.99 496.165 102.7 40.79 0;1 976.475 938.115 37.35 91.81 0;1 1009.31 611.915 34.48 72.29 18.4;1 1080.33 547.75 98.5 36.5 354.8;1 1104.61 486.865 96.7 38.35 0;1 1214.42 496.145 96.4 42.93 0;1 1267.91 543.51 38 103.5 90.5;1 1320.95 494.685 96.24 38.79 0;1 1387.095 556.205 101.99 39.07 3.6;1 1420.065 500.22 98.89 38 1.2;1 1525.51 552.43 94.2 38.1 0;1 1565.785 511.655 93.21 37.35 358.2;1 1634.97 558.67 105.08 39.3 0;1 1666.915 507.83 89.05 36.18 0;1 1752.27 559.31 101.9 37.74 0.1;1 1793.55 503.185 101.1 36.25 359.1;1 1858.29 569.385 91.82 32.63 0;1 1889.88 503.045 60.24 36.25 0;9 851.14 582.69 45.4 19.7 0;9 869.32 782.73 15.26 36.64 347.8;9 1016.005 679.13 12.23 41 347.0516
v_lbwq14v3yi_0000,1 29.745 550.45 36.97 59.36 89.7;1 218.625 546.015 78.91 32.39 359.9;1 449.955 541.405 85.31 36.69 0.9824;1 950.455 842.505 84.11 34.69 276.5429;1 945.02 1060.39 40.92 35.92 270;1 947.23 544.87 37.22 84.8 0;1 953.135 957.06 40.57 95.52 0;1 999.58 1067.19 36.54 25.54 359.4;1 1002.05 950.715 35.04 86.77 0.9;1 1252.58 544.03 90.84 36.7 0;1 1426.065 530.25 95.11 36.5 0;1 1663.29 535.765 87.42 33.11 0;1 1783.95 487.785 92.18 36.61 0;4 982.63 758.34 82.4 38.2 278.1;9 906.31 546.395 13.9 44.61 0;9 930.88 770.065 12.76 41.03 9.0412;9 982.09 493.94 13.7 43.12 0
v_lbwq14v3yi_0049,1 22.895 536.29 45.71 36.7 359.2;1 950.89 844.105 84.1 34.69 275.6;1 935.395 728.04 37.21 81.72 0;1 945.015 1061.04 39.61 35.92 270;1 953.605 957.855 40.57 95.51 0;1 999.58 1067.38 36.54 25.16 359.4;1 1002.1 951.205 35.04 86.77 0.9;1 1079.765 573.335 86.11 36.11 342.56;1 1227.32 531.39 85.8 35.82 0;1 1391.57 530.72 81.8 34.9 0;1 1585.63 530.365 91.7 34.59 0;1 1777.375 488.205 93.05 35.19 0;4 982.375 759.665 82.39 38.19 278.1;9 915.91 677.87 13.7 43.12 29.6;9 916.92 971.04 13.9 44.62 0
v_ldjrn66cfs_0000,1 34.025 559.63 32.87 68.42 88.5;1 175.24 549.06 32.7 81.38 88;1 385.935 511.64 86.83 30.34 359;1 409.875 561.975 29.03 75.59 88.7;1 580.065 537.765 27.83 67.11 88.1;1 951.435 179.265 29.05 82.91 3.88;1 967.47 671.48 30.5 78.88 355.6;1 998.515 203.59 31.93 84.68 0;1 1008.41 367.865 31.24 85.55 0;1 1226.69 532.7 82.1 31.46 351.9;1 1227.925 476.83 83.21 30.6 358.2;1 1347.215 518.17 86.29 32.66 352.6;1 1741.54 501.155 83.28 33.55 0;1 1888.8 496.745 62.4 36.25 0;7 1567.99 486.185 168.34 46.23 0
v_ldjrn66cfs_0049,1 137.45 511.02 91.86 30.34 359;1 118.29 567.635 29.04 75.59 88.7;1 294.195 548.565 27.83 67.11 88.1;1 952.17 342.045 29.04 82.91 359.9933;1 992.43 565.26 31.92 84.68 0;1 999.63 883.545 31.24 85.55 0;1 1183.09 540.46 82.1 31.46 351.1429;1 1227.6 477.44 83.2 30.6 358.2;1 1290.685 525.75 86.29 32.66 352.6;1 1606.42 502.915 83.28 33.55 0;1 1811.325 496.845 90.65 36.25 0;7 1455.975 486.445 161.99 45.67 0;9 941.26 199.32 7 28.9 0
v_levngb8722_0000,1 1256.57 545.2 102.7 38.4 0;1 1644.145 504.325 107.65 41.07 1.5
v_levngb8722_0049,1 444.53 478.26 131.6 39.56 0;1 1859.355 570.19 94.45 38.4 0;9 18.125 498.065 36.25 16.89 0
v_lfij16lwno_0000,1 141.735 494.62 93.97 37.36 0;1 273.42 496.805 96.9 39.57 0;1 341.67 550.86 94.02 36.6 0;1 389.645 490.635 101.03 37.75 358.4;1 459.685 546.46 88.03 36.06 0;1 518.99 487.255 96.86 38.03 0;1 554.91 542.575 92.58 37.39 359.6;1 644.88 495.995 88.08 39.97 0;1 664.52 545.34 112.76 41.64 359.3;1 763.85 487.56 87.62 35.58 0;1 781.385 553.23 92.33 39.38 0;1 888.29 496.26 90.42 39.84 0;1 924.66 953.3 40.66 100.84 0;1 927.875 768.98 40.53 99.08 0;1 985.615 1013.56 39.65 94.4 0;1 986.6 187.975 40.44 106.89 0;1 989.65 676.78 35.62 90.28 0;1 1077.51 544.26 42.36 91.14 58.26;1 1619.92 489.45 36.56 93.4 89.1;1 1748.205 480.57 96.79 39.94 359.8;1 1888.055 487.935 44.43 87.75 88.7;7 986.19 862.08 42.74 129.8 0;9 1020.93 1022.9 11.66 37.98 0
v_lfij16lwno_0049,1 161.475 491.205 93.97 37.37 0;1 314.85 495.105 96.9 39.57 0;1 344.64 550.45 94.02 36.6 0;1 438.855 488.73 101.03 37.76 359.7;1 462.025 545.73 88.03 36.06 0;1 555.53 541.58 91.6 36.82 359.6;1 570.545 486.02 96.87 38.04 0;1 679.49 543.98 112.76 41.64 359.3;1 691.225 491.605 88.09 39.97 0;1 815.86 475.94 87.62 35.58 348.5;1 828.68 551.08 92.34 39.38 0;1 919.675 894.505 37.71 87.25 0;1 919.14 1049.06 35.98 61.88 0;1 925.62 727.325 40.66 100.85 0;1 926.265 595.32 40.53 92.72 0;1 981.33 490.795 85.26 38.05 356.2;1 975.045 939.75 35.53 89.08 0;1 978.13 60.795 35.62 90.29 357.1;1 980.18 786.09 39.64 94.4 0;1 1003.76 1057.145 36.22 45.71 0;1 1462.9 488.455 42.36 91.15 86.9;1 1616.85 487.56 36.56 93.4 89.1;1 1745.135 478.685 96.79 39.93 359.8;1 1888.11 486.45 44.44 87.74 88.7;4 67.925 549.215 133.29 48.01 1.62;7 984.165 605.705 42.75 119.41 0;9 1022.63 652.795 11.66 39.57 0
v_lgfb0446yf_0000,1 260.185 514.14 100.47 48.84 0;1 632.05 496.7 96.28 53.02 0;1 909.025 547.61 94.91 43.18 40.5;1 1010.185 807.165 48.83 99.07 0;1 1562.05 506.465 103.26 53.03 0
v_lgfb0446yf_0049,1 49.87 520.42 99.74 53.02 0;1 382.365 504.69 111.01 43.18 1.9;1 992.045 624.375 48.83 99.07 343;1 1163.7 495.3 104.7 53.02 0;1 1458.1 527.965 113 46.05 359.3
v_lj9l830ql9_0000,1 51.9 1013.845 80 31.11 0;1 130.245 270.24 79.99 28.7 358.2;1 168.77 471.07 77.28 26.9 0;1 215.05 421.75 76.7 31 0;1 290.11 70.89 87.5 30.5 359.5;1 298.99 221.13 83.1 32.84 0;1 317.13 374.23 71.86 28.4 0;1 403.515 440.125 73.39 29.05 348;1 533.11 397.205 77.3 31.59 0;1 850.61 653.89 87.6 33.2 95.8048;1 854.805 414.76 79.95 30.2 0;1 913.7 858.405 28.6 78.97 0;1 966.2 806.02 28.4 75.7 358.4;1 1019.96 438.62 82.4 31.14 0;1 1136.91 371.36 76.5 26.96 0;1 1607.76 368.25 95.8 34.8 359.2;1 1747.655 422.35 73.85 26.1 357.6;1 1887.6 397.46 64.8 29.8 0;2 28.9 431.43 57.8 34.36 0;2 486.46 470.58 99.9 30 0;2 1051.49 207.22 106.8 34.94 0;7 238.045 120.51 201.09 53.96 0.5;7 945.055 125.215 104.67 32.39 358.6;7 1871.65 454.69 96.7 30.52 359.1;9 1030.045 393.57 42.63 9.9 0;9 1282.305 441.23 48.11 12.8 0.1;9 1537.73 456.265 41.68 7.61 0
v_lj9l830ql9_0048,1 95.86 58.35 87.5 30.5 359.3;1 324.88 468.81 77.28 26.9 0;1 430.78 371.44 78.8 31.32 0;1 576.28 422.91 76.7 31 0;1 642.48 1013.085 80 31.11 0;1 715.355 452.225 73.39 29.05 10.5;1 913.7 858.405 28.6 78.97 0;1 966.2 806.02 28.4 75.7 358.4;1 1163.52 370.3 71.86 28.4 0;1 1239.69 418.905 77.3 31.59 0;1 1572.045 410.9 79.95 30.2 0;1 1789.66 435.335 82.4 31.13 0;1 1884.75 364.7 70.5 26.96 0;2 33.3 453.38 66.6 32 0;2 381.57 417.95 120.06 34.36 359.4;2 520.99 471.31 99.9 30 0;2 1055.33 205.21 106.8 34.94 0;7 199.3 422.28 122.4 31.7 0;7 457.92 129.015 104.66 32.39 358.6
v_ljzgjdyt8f_0000,1 588.33 554.35 96.76 34.6 0;1 989.365 961.815 34.13 92.25 0;1 990.7 822.225 36.56 102.03 0;1 1027.105 669.95 33.33 84.8 21.6824;1 1122.7 485.235 90.5 33.09 0;1 1166.94 575 32.4 105.26 72.7235;1 1618.48 541.795 90.7 33.59 0;1 1905.5 577.18 29 36.5 0;9 10.525 500.33 21.05 12.6 0
v_ljzgjdyt8f_0049,1 980.91 996.275 37.9 96.01 0;1 990.105 772.02 34.13 92.24 0;1 1068.79 617.035 36.56 102.03 41.9;1 1226.765 561.705 96.77 34.59 0;1 1468.205 546.83 33.33 84.8 86.7;1 1842.31 552.04 32.4 106.82 86.8;9 1401.9 485.575 54.5 13.87 0
v_lk67j0ha5d_0000,1 97.23 493.3 89.98 39.34 0;1 943.235 717.365 86.05 36.09 287.46;1 944.625 1006.075 82.23 34.97 269.2;1 929.405 245.91 38.95 80.2 0;1 941.97 898.08 33.98 89.66 0;1 991.375 948.765 86.43 38.91 270.4;1 999.825 726.71 89.77 39.28 275;1 990.385 843.975 34.21 87.51 0;1 1126.225 513.445 89.55 36.21 0;1 1245.435 508.115 90.71 34.97 0;1 1357.98 532.635 90.88 35.35 354.4;1 1518.52 518.825 95.26 38.33 0;1 1718.885 566.13 98.15 37.56 355.4177;7 992.695 611.245 42.17 103.15 355.3
v_lk67j0ha5d_0049,1 97.82 492.64 89.98 39.34 0;1 738.755 525.755 89.55 36.21 0;1 867.895 557.02 90.71 34.96 351.5;1 937.56 796.795 86.04 36.09 270.8;1 915.11 433.91 34.76 80.2 18;1 945.01 1005.995 82.24 34.97 269.2;1 942.15 899.245 33.98 89.65 0;1 991.935 950.015 86.43 38.91 270.4;1 1000.415 728.275 89.77 39.27 275;1 990.71 843.975 34.22 87.51 0;1 1205.33 547.335 90.88 35.35 355.6;1 1329.895 507.74 89.23 40 4.6;1 1720.245 565.67 98.15 37.56 356.1;1 1805.155 519.225 95.27 38.03 0;7 994.495 611.6 42.17 103.16 355.3;9 898.265 270.48 13.89 39.38 0
v_lnz5vuvhh3_0000,1 40.275 544.66 80.55 40.24 0;1 173.62 535.67 106.2 44.2 3.3;1 432.18 545.605 98.3 37.77 359.96;1 452.595 487.43 102.73 42.16 0;1 574.79 487.78 96.44 38.86 0;1 647.28 549.92 93.34 35.46 1.44;1 704.535 494.285 97.71 40.51 0;1 804.67 491.02 95.22 41.06 0;1 848.655 550.48 91.51 36.24 0.8;1 914.67 806.91 39.74 95.7 0;1 920.69 973.5 41.7 96.64 0;1 956.025 544.875 92.07 37.35 359.8;1 1048.98 532.04 36.54 82.96 34.2;1 1147.19 539.545 88.52 35.39 359.7;1 1142.85 493.725 36.84 87.81 81.6;1 1242.91 491.825 86.1 37.65 2;1 1264.025 562.65 87.81 37.8 0.9;1 1360.82 498.315 91.08 38.09 357.9;1 1368.745 446.89 95.15 41.46 358.1;1 1373.38 546.775 40.26 87.67 90.9;1 1464.305 494.64 91.67 38.98 358.5;1 1571.98 486.415 103.8 42.33 359.8;1 1731.845 491.89 90.19 40 0;1 1761.005 537.4 92.29 37.18 2.14;1 1879.365 489.105 81.27 37.21 359.5;4 268.07 482.645 122.08 40.43 0;4 1545.885 546.16 97.95 36.12 359.6;5 990.9 868.3 65.68 324.7 0;7 955.53 491.67 102.34 39.4 0;9 1493.175 580.16 39.53 10.4 0.6
v_lnz5vuvhh3_0049,1 34.59 478.695 69.18 38.87 0;1 155.275 489.32 105.37 42.9 0;1 265.695 541.33 103.33 39.64 0;1 377.845 538.71 104.33 44.2 0;1 451.675 487.235 102.73 42.15 0;1 572.665 544.415 98.29 37.77 359.7;1 573.51 487.105 96.44 38.87 0;1 703.935 494.325 97.71 40.51 0;1 710.67 549.81 93.34 35.46 359.5;1 803.53 491.37 95.22 41.06 0;1 848.545 549.08 91.51 36.24 0.8;1 917.845 673.73 39.73 95.7 0;1 923.18 834.15 41.7 96.64 0;1 922.715 978.07 37.81 95.2 0;1 956.755 544.375 92.07 37.35 359.8;1 1049.9 531.77 36.54 82.96 34.2;1 1143.6 493.85 36.84 87.82 81.6;1 1177.375 539.405 88.51 35.39 359.7;1 1269.78 492.755 86.1 37.65 2;1 1393.64 449.21 95.16 41.46 2.1;1 1406.39 563.56 88.86 37.8 0.1;1 1474.125 495.275 92.09 38.09 359;1 1528.735 548.315 40.25 87.67 90.9;1 1645.62 513.07 91.68 38.98 7.7;1 1851.355 489.075 103.51 44.95 359.8;4 309.49 481.98 117.64 40.44 0;4 1899.815 551.7 40.37 37.18 0.1;5 990.925 862.61 65.67 324.7 0;7 956.775 491.67 102.35 39.4 0
v_lokbebedv7_0000,1 400.055 470.32 93.07 35.3 0;1 792.525 457.05 86.85 34.68 0;1 909.625 522.835 88.11 34.95 0;1 967.07 603.995 39.84 86.57 0;1 1274.33 446.63 95.68 39.46 0;1 1759.7 477.48 89.82 32.5 0
v_lokbebedv7_0049,1 601.295 506.255 94.41 38.27 0;1 966.37 402.5 39.84 89.88 0;1 1493.905 466.17 87.95 35.3 0;1 1714.1 536.515 91 34.95 0;1 1853.99 469.295 92.96 34.69 0
v_lpqla9nimx_0000,1 555.375 509 93.25 37.2 0;1 564.805 451.425 89.89 38.41 0;1 893.975 531.755 36.27 89.41 0;1 899.295 789.56 35.37 89 0;1 902.43 1062.815 41.04 34.37 0;1 923.27 150.27 76.28 37.36 269.9;1 937.55 449.325 95.9 42.25 0;1 918.675 934.77 38.83 90.7 0;1 965.66 1054.4 37 51.2 0;1 969.04 704.38 36.14 95.1 0;1 1765.53 473.575 100.74 42.01 0;1 1786.775 529.62 92.45 35.54 0;4 976.88 874.72 38.28 108.8 0;7 965.395 571.97 42.73 109.46 0;9 1006.74 989.08 12.14 41.98 0;9 1458.815 472.06 44.77 13.72 0
v_lpqla9nimx_0049,1 779.2 450.6 82.8 38.4 0;1 862.145 514.595 89.13 37.21 0;1 895.885 307.59 35.37 83.34 0;1 901.3 843.995 38.56 94.67 0;1 906.695 79.54 39.35 83.78 0;1 932.14 688.54 38.82 90.46 5.8333;1 962.53 433.21 36.14 89.4 0;1 965.11 820.14 36.1 89.46 0;1 976.665 987.015 34.23 83.79 0;1 1708.5 453.99 103.12 36.6 0;1 1784.215 530.945 91.87 35.53 0;4 911.76 1002.17 37.1 88.8 0;4 1001.21 589.17 34.1 101.72 18.5;7 957.59 265.65 42.4 106.6 0;9 1013.94 634.285 12.14 38.87 7.1333
v_lps71ppy5y_0000,1 382.93 497.42 92.32 35.62 0;1 672.425 522.27 89.53 36.7 0;1 977.025 737.395 36.85 87.73 7.34;8 416.42 444.955 65.68 26.85 0
v_lps71ppy5y_0049,1 19.11 502.87 38.22 32.76 0;1 348.095 521.135 97.09 37.47 0;1 675.085 437.52 91.63 36.52 0;1 1025.275 604.845 36.85 87.73 30.125;1 1105.795 474.635 88.81 35.61 0;1 1193.23 525.8 87.84 36.7 0;8 1243.24 449.355 55.84 26.85 0
v_lt5a6jthkm_0000,1 228.245 543.99 35.15 91 89.8;1 564.29 543.98 33.32 78.64 89.86;1 860.755 489.99 37.33 85.9 46.18;1 930.81 335.63 38.16 88.36 0;1 947.295 1055.9 49.49 35.92 270;1 956.01 93.89 36.96 90 0;1 970.36 750.7 39.42 95.24 0;1 1017.72 619.145 84.1 34.69 319.7;1 999.41 1051.17 36.54 57.58 359.4;1 1002.505 930.325 35.05 86.77 0.9;1 1049.8 506.385 80.24 35.09 353.66;1 1109.09 545.715 84.94 34.91 353.4;1 1255.29 540.635 78 32.39 358.7;4 1527.625 526.24 94.09 35.3 0;9 143.675 503.075 12.77 41.67 88.3
v_lt5a6jthkm_0049,1 299.445 526.89 37.33 85.9 91.2;1 574.26 536.24 38.16 88.36 90.7;1 801.95 529.565 80.24 35.09 358.72;1 856.795 574.86 84.95 34.92 358.5;1 910.29 430.615 36.96 86.89 22.1;1 957.695 776.165 84.11 34.69 279.68;1 945.015 1059.04 43.61 35.92 270;1 952.765 945.13 40.57 95.52 0;1 999.57 1066.795 36.54 26.33 359.4;1 1001.46 950.095 35.04 86.77 0.9;1 1081.4 547.025 78 32.39 357.9;1 1389.645 517.855 87.09 36.69 0;4 1233.47 541.725 82.4 38.19 358.12;9 964.155 267.795 12.75 45.65 2.08
v_lti3l4x95s_0000,1 73.6 474.865 73.4 29.05 0;1 284.005 416.9 79.95 30.2 0;1 436.07 375.02 76.5 26.96 0;1 474.75 428.335 82.4 31.13 0;1 488.005 70.67 87.49 30.5 5.7;1 646.19 470.95 87.6 33.2 0;1 832.07 377.28 95.8 34.8 359.2;1 934.535 267.25 82.61 28.7 356.7;1 913.7 858.405 28.6 78.97 0;1 966.29 209.835 83.1 32.83 0;1 966.2 806.02 28.4 75.7 358.4;1 1036.155 460.61 73.85 26.1 0;1 1087.765 400.09 83.99 29.8 0;1 1224.825 366.73 82.41 28.6 358.3;1 1222.315 420.37 75.89 29.24 0;1 1657.14 411.6 77.62 28.62 0;2 293.37 469.86 99.9 30 0;2 1181.77 206.03 106.8 34.94 0;7 761.885 160.88 201.09 53.96 20;7 1229.29 469.355 115.82 30.51 359.1;7 1450.56 117.35 104.66 32.4 358.6;9 292.955 382.14 42.63 9.9 0;9 517.515 466.75 48.11 12.8 0;9 861.13 476.415 41.68 7.61 0;9 1482.455 451.35 44.41 7.3 359.1;9 1643.19 453.32 39.9 9.3 0
v_lti3l4x95s_0049,1 38.7 1012.445 77.4 31.11 0;1 149.59 270.6 82.6 28.7 358;1 162.81 471.2 77.28 26.9 0;1 204.91 421.98 76.7 31 0;1 294.465 70.9 87.49 30.5 359.5;1 299.685 374.32 71.85 28.4 0;1 317.2 220.935 83.1 32.83 0;1 399.62 441.085 73.4 29.05 348;1 519.27 397.205 77.3 31.59 0;1 840.645 413.8 79.95 30.2 0;1 851.3 646.42 87.6 33.2 95.8;1 913.7 858.405 28.6 78.97 0;1 966.2 806.02 28.4 75.7 358.4;1 1006.9 436.34 82.4 31.14 0;1 1123.51 372.16 76.5 26.96 0;1 1592.74 369.33 95.8 34.8 359.2;1 1731.46 423.15 73.84 26.1 357.6;1 1874.005 397.33 83.99 29.8 0;2 23.9 431.43 47.8 34.36 0;2 486.13 470.63 99.9 30 0;2 1051.41 207.26 106.8 34.94 0;7 250.9 121.01 201.1 53.96 0.5;7 954.095 125.295 104.67 32.39 358.6;7 1859.12 455.275 104.04 30.51 359.1;9 1014.905 393.57 42.63 9.9 0;9 1266.755 441.51 48.11 12.8 0.1;9 1520.08 457.965 41.68 7.61 0
v_lucv0fydej_0000,1 991.33 626.05 46.9 93.24 339.2
v_lucv0fydej_0049,1 540.67 497.29 46.9 93.24 270.1;1 1839.405 494.76 95.71 49.92 349.1
v_ly006b7syj_0000,1 134.52 477.96 86.8 39 0;1 696.465 506.115 92.63 37.25 0;1 787.055 447.105 89.55 38.17 0;1 1087.72 567.455 34.56 85.67 63.1;1 1241.415 456.01 91.73 37.68 0;1 1911.59 524.03 16.82 41.74 0
v_ly006b7syj_0049,1 213.66 463.065 93.6 35.61 0;1 363.145 510.265 92.57 34.91 0;1 805.815 475.375 97.93 42.13 0;1 971.535 747.505 39.95 88.49 0;1 1102.775 459.125 79.03 39.01 0;1 1120.045 555.3 34.55 85.66 68.06;1 1591.045 517.395 89.87 38.67 0;1 1678.61 459.255 92.86 39.21 0
v_lyruee6zx3_0000,1 90.47 492.83 107.62 41.72 0;1 272.295 455.16 100.61 38.9 0;1 521.545 457.075 97.07 35.77 0;1 880.99 585.41 39.82 89.8 351.4;1 903.22 1053.71 36.74 52.58 0;1 945.585 512.25 86.51 34.7 358;1 956.27 449.39 82.8 38.4 0;1 959.835 608.73 37.07 88.48 0;1 964.67 1005.75 36.08 87.52 0;1 976.345 746.645 34.23 83.79 0;1 1114.98 482.075 38.82 85.37 76.65;1 1781.64 532.315 91.28 35.53 0;4 905.6 713.31 37.1 88.8 0;4 1639.475 451.65 40.13 104.34 89.7;9 687.43 499.57 43.38 10.96 0;9 1305.75 498.59 12.14 40.76 88.65
v_lyruee6zx3_0049,1 194.33 456.075 109.5 42.17 0;1 583.015 453.49 92.27 38.22 0;1 704.56 519.21 99.9 41.72 0;1 742.7 455.855 96.8 35.77 0;1 899.65 706.395 36.74 87.47 0;1 901.69 262.91 40.74 92.1 0.6;1 915.08 1038.36 37.48 83.28 0;1 955.55 437.24 37.08 88.48 359;1 967.64 840.755 37.8 89.89 0;1 981.73 588.575 34.22 82.87 5.84;1 1312.62 445.235 82.8 38.41 0;1 1511.625 489.55 90.35 34.96 359.9;1 1781.265 533.5 91.29 35.54 0;1 1805.66 474.68 38.82 89.4 89.1;4 902.635 431.235 37.09 86.93 0;9 319.805 516.84 45.15 14.72 0;9 850.365 501.04 43.39 10.96 0
v_lywy2c8edt_0000,1 317.45 495.945 95.52 41.87 0;1 443.79 491.15 95.2 37.2 359.4;1 546.22 547.47 96.76 39.18 0;1 552.325 500.47 92.25 37.7 359;1 652.345 489.6 103.51 38.62 0;1 661.72 542.25 95.24 41.6 0;1 910.335 316.23 81.15 35.16 281.65;1 913.535 507.48 41.03 90.84 358.5;1 921.675 836.34 39.91 91.1 0;1 1048.11 479.265 83.76 39.57 0;1 1149.125 473.465 91.49 37.75 2.1;1 1268.37 477.37 91 38.04 359.9;1 1372.685 493.745 88.01 38.05 358.8;1 1382.185 547.64 89.53 36.6 0;1 1511.355 540.115 84.67 34.37 0;1 1508.99 485.195 42.36 91.15 88.3;1 1778.83 535.235 89.34 36.11 359.4;4 795.59 540.625 127.1 47.15 0.6;4 930.55 990.565 36.68 93.35 0;4 976.57 819.25 37.82 91.1 357.7;7 980.035 605.835 42.09 110.35 356.48;9 1013.465 721.11 10.41 34.98 357.68
v_lywy2c8edt_0049,1 107.11 487.415 104.78 41.77 0;1 315.93 493.355 95.52 41.87 0;1 436.885 489.24 95.21 37.2 359.4;1 542.18 546.3 96.76 39.18 0;1 547.815 498.81 92.25 37.7 359;1 648.135 488.04 102.15 38.62 0;1 661.26 542.02 95.24 41.6 0;1 906.565 13.595 41.03 27.19 358.6;1 911.975 410.68 39.91 89 358.5;1 930.145 873.6 42.63 95.2 0;1 988.18 803.23 42.2 96.66 0;1 1052.4 479.29 83.76 39.56 0;1 1202.17 473.085 93.16 37.75 2.1;1 1385.93 476.29 91.28 38.04 359.9;1 1587.915 485.045 90.15 38.05 358.8;1 1618.955 543.53 89.53 36.6 357.84;1 1826.59 533.765 86.16 34.37 359.4;1 1918.98 476.445 2.04 115.69 89.3;4 801.75 539.73 127.1 47.16 0.6;4 928.6 683.475 36.6 87.91 0;4 969.125 429.96 37.81 86.38 359.87;7 966.94 127.125 42.1 109.79 358.6;9 529.185 574.395 46.55 13.13 9.52;9 993.615 302.965 10.41 38.31 2.3
v_m0apv0bhp4_0000,1 737.545 509.8 71.89 29.36 357.8081;1 1007.015 976.31 31.31 76.96 0;1 1009.375 1073.065 33.63 13.87 0;1 1060.37 993.285 31.32 80.29 0;1 1060.75 891.46 27.44 66.84 0;1 1907 491.785 26 31.05 0;7 1059.565 1065.895 36.81 28.21 0;8 1016.655 888.16 27.79 72.82 0
v_m0apv0bhp4_0049,1 737.43 509.69 71.88 29.36 357.6983;1 1006.69 974.485 31.32 76.95 0;1 1009.375 1073.165 33.63 13.67 0;1 1059.84 993.73 31.32 80.3 0;1 1060.2 891.21 27.44 66.84 0;7 1059.565 1064.77 36.81 30.46 0;8 1016.495 888.18 27.79 72.82 0
v_m3cj8gi92l_0000,1 550.93 479.99 96.7 37.26 0;1 895 987.76 34.7 88.8 0;1 983.4 935.585 32.44 84.67 0;1 1060.89 484.42 94.46 35.16 0;1 1234.035 550.775 93.45 37.17 1;1 1411.68 511.03 97.82 36.4 0;1 1868.73 528.24 83.6 36.2 0.6;9 957.125 1025.47 14.35 37.5 0
v_m3cj8gi92l_0049,1 95.76 482.26 113.18 33.7 0;1 633.22 480.98 96.7 37.26 0;1 900.19 698.51 34.7 88.8 0;1 900.89 1050.8 34.2 58.4 0;1 903.58 858.94 32.8 86.1 0;1 939.44 967.715 30.2 84.45 354.8;1 982.28 937.96 32.44 84.68 0;1 1490.2 491.55 94.46 35.16 0;1 1801.845 561.58 93.45 37.18 1;1 1839.69 509.91 97.82 36.4 0;9 954.43 803.94 14 37.5 0;9 963.25 680.22 14.34 37.5 0
v_m3rab2kn06_0000,1 387.52 515.76 98.5 36.5 6.7;1 658.955 497.545 96.25 38.79 0;1 821.965 508.51 98.89 38 0;1 906.35 952.16 34.2 94.16 0;1 908.785 109.73 38.15 89.8 0;1 907.215 342.49 33.45 86.86 0;1 912.97 526.64 38.1 92.76 0;1 914.075 760.075 35.63 92.69 0;1 925.55 1060.75 33.5 38.5 0;1 969.13 1044.335 33.1 71.33 0;1 973.82 906.05 31.46 86.34 0;1 983.91 680.82 34.98 93.3 0;1 986.1 442.87 29.6 66.8 0;1 1340.02 549.245 102 39.07 4.9;1 1519.65 548.33 94.2 38.1 0;1 1551.36 505.095 93.2 37.35 358.2;1 1641.02 552.17 105.08 39.3 0;1 1654.555 502.28 89.05 36.18 0;1 1760.645 553.06 101.91 37.74 0.1;1 1799.92 496.75 101.1 36.24 359.1;1 1867.32 562.65 96.3 32.62 0;1 1896.035 491.185 47.93 36.25 0
v_m3rab2kn06_0049,1 718.55 498.235 96.24 38.79 0;1 745.74 548.21 98.5 36.5 1.6;1 870.535 507.63 98.89 38 358.7833;1 904.94 1051.015 37.62 57.63 0;1 912.07 637.705 34.2 94.17 0;1 920.54 341.155 35.62 92.69 0;1 925.14 903.12 33.5 90.7 0;1 966.31 41.66 34.98 82.68 0;1 971.28 1017.105 35.4 91.61 0;1 975.94 798.9 33.1 89.28 0;1 976.29 441.58 31.46 86.34 0;1 1390.41 551.455 102 39.07 3.6;1 1521.03 549.08 94.2 38.1 0;1 1551.395 506.085 93.21 37.35 358.2;1 1640.39 552.86 105.08 39.3 0;1 1654.825 503.07 89.05 36.18 0;1 1760.815 553.69 101.91 37.74 0.1;1 1799.92 497.46 101.1 36.24 359.1;1 1867.37 563.375 96.3 32.63 0;1 1895.785 492.305 48.43 36.25 0
v_m5g2y8vh0d_0000,1 57.05 414.805 87.3 32.71 0;1 212.46 508.87 94.4 31.8 0;1 240.295 274.98 63.63 32.2 0;1 347.715 413.705 84.71 31.79 0;1 399.25 462.755 85.32 34.59 0;1 443.645 345.67 83.05 36.5 0;1 458.695 260.795 77.93 33.55 0.7;1 596.31 472.185 87.8 33.83 0;1 657.83 421.44 81.24 32.68 0;1 759.74 509.815 81.6 30.71 1.65;1 838.61 813.18 71.88 29.36 161.2;1 911.21 574.145 66.38 30.95 51.3;1 1008.515 1028.35 32.07 71.8 0;1 1019.28 934.485 34.18 83.39 0;1 1060.375 909.65 34.95 83.2 0;1 1559.435 292.475 82.61 34.29 0;1 1788.89 483.945 82.9 33.59 0;2 1250.86 296.845 88.78 38.71 0;4 1064.275 1021.27 31.93 75.76 0;4 1907.78 291.285 24.38 39.29 0;7 114.69 333.03 150.46 50.68 0;9 1338.815 234.15 38.91 18.04 0
v_m5g2y8vh0d_0049,1 154.995 418.78 79.47 32.78 0;1 306.83 465.075 78.7 33.57 0;1 445.48 415.015 87.3 32.71 0;1 466.35 513.735 86.04 32.93 0;1 576.82 463.39 81.98 34.58 0;1 577.08 413.84 81.98 31.8 0;1 686.46 474.965 87.8 33.83 0;1 700.6 421.08 79.16 32.68 0;1 728.02 519.43 94.4 31.8 0;1 838.61 813.69 71.88 29.36 161.2;1 930.445 740.285 81.61 30.71 89.48;1 930.18 1066.065 25.66 27.87 90.1;1 1008.21 929.68 32.08 71.8 0;1 1008.955 1052.03 31.93 55.94 0;1 1012.17 797.88 34.18 83.4 356.72;1 1053.425 730.34 34.95 83.2 356.58;1 1349.78 296.65 75.96 34.3 0;1 1530.875 244.44 84.95 35.34 359.93;2 1222.33 297.065 87.76 38.71 0;4 1061.855 928.56 31.93 75.76 358.6;4 1531.055 160.97 96.47 39.06 0;4 1548.725 294.905 106.65 39.29 0;9 221.27 484.325 50.26 11.59 0;9 446.63 448.91 44.12 15.9 0;9 1192.23 231.215 38.92 18.03 0
v_m5jibd4jgv_0000,1 155.535 541.895 30.29 79.55 89.5;1 560.905 495.405 35.61 88.63 89.4;1 657.85 545.315 30.26 83.25 84.7857;1 960.98 241.58 31.7 86.54 0;1 996.77 529.005 83.1 32.83 357.8;1 1014.2 285.43 32.9 81.32 359.16;1 1154.295 505.82 87.93 32 358.1;1 1369.545 521.2 87.07 35 0;7 1013.66 774.435 29 95.19 0
v_m5jibd4jgv_0049,1 31.985 537.51 30.25 67.4 90.5;1 421.6 550.85 83.1 32.84 357.8;1 562.19 495.66 35.6 88.62 89.4;1 701.75 542.53 87.94 32 356.3;1 920.86 456.55 31.7 86.54 29.7;1 1024.31 592.3 32.9 79.68 357.2;1 1112.04 527.325 82.8 33.07 0
v_m67dsiqymq_0000,1 1079.275 468.56 36.63 88.6 121.84;1 1373.82 492.71 102.36 42.66 0.4;1 1655.465 511.445 95.59 41.15 359.4
v_m67dsiqymq_0049,1 1007.055 28.82 36.63 57.64 180.2;1 1119.75 491.875 102.36 42.65 0.4;1 1294.375 501.605 95.59 41.15 359.4;1 1730.15 532.105 103.02 38.57 357.3
v_m7ptcvlpcd_0000,1 1009.59 958.95 45 104.12 0;9 1021.035 551.875 45.43 20.75 358
v_m7ptcvlpcd_0049,1 995.125 885.625 39.35 98.71 0;1 1011.75 710.905 45 104.11 0;9 324.205 548.79 45.43 20.74 358
v_m7wtyvq3te_0000,1 32.13 513.525 64.26 32.91 0;1 248.535 424.03 85.89 32.7 0;1 274.725 346.735 94.45 38.17 0;1 432.78 259.145 79.52 34.35 0;1 446.84 421.07 83.6 33.42 0;1 451.725 469.135 77.67 29.33 0;1 466.54 521.35 84.4 32.72 0;1 462.79 128.17 76.24 35.34 2.56;1 574.465 311.405 81.01 35.59 359.8;1 596.28 421.945 89.46 34.35 0;1 713.74 352.675 95.42 38.61 359.3;1 715.81 522.175 91.62 34.15 0.72;1 724.615 424.23 79.47 32.78 0;1 837.635 815.37 71.89 29.36 161.2;1 875.41 308.125 84.14 36.91 0;1 912.175 571.3 81.41 32.06 38.84;1 911.685 864.135 79.95 32.93 91.8;1 969.38 262.255 82.36 35.43 359.1;1 1016.495 1026.615 31.45 86.25 0;1 1016.9 912.515 26.8 75.87 0;1 1064.49 479.56 76.26 30.1 0.4;1 1062.2 1041.9 32.6 76.2 0;1 1062.505 906.85 29.85 87.18 0;1 1214.22 420.87 87.3 32.7 359.76;1 1336.575 554.805 82.15 33.83 18.36;1 1337.86 479.81 78.7 33.56 0;1 1487.685 265.64 83.07 36.34 3.66;1 1491.285 422.65 81.99 31.8 359.3;1 1489.05 495.72 77.26 33.16 359;1 1889.89 416.645 60.22 32.69 0;2 679.715 266.795 94.25 36.11 359;4 89.35 416.485 82.18 30.03 0;4 147.32 300.155 91.5 39.29 359.5;4 183.17 514.805 91 30.71 0;4 194.675 464.905 82.75 31.05 0;4 903.85 471.62 76.3 30.2 359.1;7 671.5 468.93 110.9 34.36 0;7 1182.22 520.92 114.92 41.26 357.1;7 1331.085 302.465 108.47 39.53 0;9 394.86 494.155 43.9 14.37 0
v_m7wtyvq3te_0049,1 39.45 520.18 78.9 32.06 0;1 164.02 418.77 80.7 29.48 0;1 192.56 466.535 83.6 33.61 0;1 203.495 269.865 79.91 35.43 359.1;1 212.69 516.085 86.7 32.39 0;1 245.22 123.97 76.24 35.34 0.5;1 331.73 420.175 84.24 32.47 0;1 342.21 470.645 69.84 30.21 0;1 379.93 512.205 82.58 32.91 0;1 671.1 421.85 85.88 32.7 0;1 799.97 258.14 76.2 36.34 359.9;1 837.565 815.49 71.89 29.36 161.2;1 879.705 470.05 77.67 29.32 0;1 911.945 863.185 79.95 32.93 91.8;1 915.36 420.98 83.6 33.42 359.25;1 943.68 1014.555 81.42 32.07 90.7;1 992.36 523.41 84.4 32.72 0;1 1016.495 1026.615 31.45 86.25 0;1 1016.9 912.515 26.8 75.87 0;1 1063.5 1017.88 32.6 83.5 0;1 1062.505 906.85 29.85 87.18 0;1 1104.795 420.535 83.95 34.35 359.4;1 1228.45 531.46 86.32 34.16 359.4;1 1252.835 424.45 79.47 32.78 0;1 1315.26 482.27 76.26 30.1 0.4;1 1408.58 640.965 82.14 33.83 62;4 504.84 416.285 82.18 30.03 0;4 641.42 518.525 91 30.71 0;4 658.25 466.875 82.74 31.05 0;4 1189.54 470.15 76.3 30.2 358.9;7 709.87 302.34 96.92 39.52 0;7 1042.685 469.91 102.19 34.36 0;7 1543.21 511.72 114.92 41.26 0.8;9 875.19 500.375 43.9 14.37 0
v_mbp49m4pdk_0000,1 41.845 444.575 83.69 36.49 0;1 241.01 443.865 103.9 37.67 0;1 737.375 440.26 110.21 39.1 0;1 755.225 500.315 95.17 35.87 0;1 916.86 317.335 89.54 34.27 289.5375;1 947.84 82.98 39.58 88.18 0;1 991.08 477.51 86.56 35.06 353.2;1 970.22 687.4 37 92.96 0;1 1192.895 486.975 86.49 39.65 0;1 1690.945 486.205 91.69 39.65 0;1 1780.395 536.735 92.99 35.53 0;1 1912.245 470.95 15.51 38.82 0;2 498.645 445.24 75.79 32.06 0
v_mbp49m4pdk_0049,1 44.04 453.03 88.08 40.78 0;1 330.195 449.67 94.99 36.5 0;1 557.725 445.895 96.95 37.67 0;1 930.845 187.505 104.97 39.11 272;1 954.16 857 39.78 89.7 0;1 970.23 478.14 37 90.66 0;1 1377.34 495.555 91.38 35.87 0;1 1604.205 463.375 86.67 35.27 359.2;1 1781.305 537.385 92.99 35.53 0;1 1792.385 485.255 87.31 39.65 0;2 711.2 449.75 68.04 31.62 0
v_mcrx7yyvx8_0000,1 110.03 467.54 97.3 36.9 0;1 286.005 491.09 96.53 35.66 0;1 715.855 488.62 112.09 33.7 0;1 901.265 1017.33 35.47 89.2 0;1 934.67 485.175 96.7 37.25 0;1 908.37 795.22 31.7 91.7 0;1 916.83 131.23 34.2 95.7 0;1 962.105 543.64 98.09 39.62 1.7;1 946.93 857.89 36 93.22 1;1 951.13 1053.97 36.68 52.06 345.7;1 984.63 937.855 32.44 84.67 0;1 986.51 11.265 30.2 22.47 1.4;1 1828.97 499.67 94.46 35.16 0;9 1007.155 448.485 46.99 16.09 0
v_mcrx7yyvx8_0049,1 31.205 531.455 62.39 38.07 0;1 41.435 479.215 82.73 39.81 0;1 243.755 496.515 92.55 32.51 3.25;1 488.04 478.17 97.3 36.9 0;1 676.165 490.765 96.53 35.67 0;1 897.81 1038.57 35.4 82.76 0;1 908.665 745.84 35.47 89.2 0;1 917.31 496.675 31.7 91.69 0;1 934.84 894.065 36.68 94.65 359.8;1 946.755 1043.41 35.61 73.18 0;1 977.49 522.155 36 93.23 4.9;1 985.77 937.805 32.44 84.67 0;1 1146.935 491.93 113.19 33.7 0;1 1355.46 490.36 96.7 37.26 0;1 1629.05 554.82 98.1 39.62 1.7;1 1844.57 500 94.46 35.16 0;9 563.305 540.67 42.35 13.2 0;9 1827.605 531.93 46.99 16.08 3.7
v_mfodp4jabi_0000,1 1050.06 486.15 98.54 47.3 0
v_mfodp4jabi_0049,1 320.86 507.17 98.54 47.3 0
v_mh1w1c2mir_0000,1 463.45 478.18 131.6 39.56 0;1 1873.6 570.33 92.8 38.4 0;9 34.13 498.18 46.74 16.9 0
v_mh1w1c2mir_0049,1 768.045 517.66 97.85 38.82 0;1 1388.96 496.75 131.6 39.56 0;9 1214.9 543.095 46.74 16.89 0
v_mh5rq9z6do_0000,1 963.815 562.11 35.49 90.9 315.92;1 1016.965 22.73 39.51 41.74 0;8 983.27 684.725 66.12 22.55 251.8
v_mh5rq9z6do_0049,1 331.37 531.15 35.48 90.9 267.6;8 993.375 795.825 66.13 22.55 263.7
v_miea28mrzi_0000,9 448.535 454.975 50.13 16.87 0;9 987.605 1026.81 15.93 41.94 0
v_miea28mrzi_0049,8 706.625 500.185 58.19 26.17 0;9 1017.19 635.285 12.26 37.29 28.06;9 1402.425 460.01 39.51 15.32 0
v_mixd98kl95_0000,1 743.575 444.395 75.41 32.39 0;1 1014.805 147.545 85.87 37.77 275.1;1 1099.45 509.37 92.18 38.68 0;1 1277.355 448.865 85.61 35.55 0;1 1278.88 533.17 36.84 88.12 87.04;1 1809.825 543.445 92.11 38.29 0
v_mixd98kl95_0049,1 1596.78 444.79 75.4 32.4 0;1 1661.865 562.78 36.85 90.68 102.2;1 1864.17 498.425 94.76 40.47 2.6;4 381.415 457.555 89.97 34.97 0;5 454.745 524.745 175.47 51.05 0
v_mkee1jfqcv_0000,none
v_mkee1jfqcv_0049,none
v_mq9espapy1_0000,1 1027.745 108.17 91.95 37.64 272.3;1 1114.005 489.91 96.63 37.32 0;1 1629.845 506.625 99.03 36.55 0;1 1791.915 551.385 82.83 39.03 0
v_mq9espapy1_0049,1 45.55 418.845 90.92 42.75 0;9 1079.545 509.59 55.79 18.7 0
v_mqxbbyj37q_0000,1 99.635 525.395 96.23 34.95 0;1 193.91 453.685 101.4 39.45 0;1 775.76 466.66 86.92 32.5 0;1 967.595 651.75 39.83 86.58 0;1 1473.53 466.165 88.12 35.63 0;1 1569.875 529.495 100.73 39.59 0
v_mqxbbyj37q_0049,1 377.565 470.62 93.07 35.3 0;1 771.035 457.2 86.85 34.68 0;1 894.83 522.99 88.12 34.94 0;1 967.06 604.095 39.84 86.57 0;1 1253.37 446.325 95.68 39.45 0;1 1739.44 477.14 89.82 32.5 0
v_msro59tnrz_0000,1 838.36 809.51 71.88 29.36 161.2;1 1006.29 1022.62 32.08 71.8 0;1 1019.28 930.025 34.18 83.39 0;1 1058.78 911.125 34.94 83.19 0;1 1404.46 340.845 83.2 32.63 0;1 1712.165 417.19 80.49 33.84 0;4 1063.315 1015.86 31.93 75.76 0;9 1313.495 238.315 40.55 20.39 0
v_msro59tnrz_0049,1 24.935 465.495 49.87 35.75 0;1 161.075 335.615 74.87 32.63 0;1 838.42 810.41 71.88 29.36 161.2;1 1006.83 1024.02 32.08 71.8 0;1 1019.28 931.12 34.18 83.4 0;1 1059.17 912.08 34.94 83.2 0;4 1063.555 1017.185 31.93 75.77 0;9 235.72 237.065 40.56 20.39 0;9 326.045 505.575 43.15 11.51 0;9 656.355 513.555 51.65 15.13 0
v_mtab2n1p50_0000,1 963.57 47.785 40.46 93.37 0;1 965.77 829.41 36.04 87.32 1.1;1 997.25 644.375 37.72 81.01 0;1 1011.055 137.06 35.71 76.12 0;1 1011.85 45.5 35.7 91 0;1 1012.96 234.45 37.34 88.2 0;1 1022.2 897.335 37.9 87.51 358.9;1 1139.34 489.32 89.58 38.74 0.3;1 1271.22 535.035 96.94 38.23 0;1 1683.7 480.53 94.8 37.5 0;4 1036.15 531.095 88.48 34.41 359.6
v_mtab2n1p50_0049,1 826.415 510.89 81.41 38.34 355.7;1 950.44 352.285 37.04 88.65 0;1 963.57 47.54 40.46 92.88 0;1 1006.935 165.495 35.71 76.11 6;1 1010.865 285.92 37.35 88.2 0;1 1011.075 1059.1 37.73 41.8 0;1 1010.29 60.55 35.7 91 0;1 1063.845 593.11 92.13 38.22 320.8;1 1674.34 480.83 94.8 37.5 0;4 377.95 493.995 88.48 34.41 2.6
v_mtcqmvika3_0000,1 87.875 513.375 101.17 38.17 1.3;1 295.555 481.77 107.91 38.3 0;1 644.77 486.71 98.58 33.8 0;1 899.565 1062.255 35.63 35.49 0;1 910.81 456.725 37.2 90.77 0;1 911.87 853.99 33.3 89.1 0;1 942.15 988.7 34.1 89.28 351.4;1 968.31 676.945 33.4 91.73 13.3;1 985.81 938.615 32.44 86.55 0;1 1067.04 483.315 102.14 37.91 0;1 1237.835 544.99 32.63 88 87.4;1 1333.76 491.615 89.7 34.85 0;1 1343.075 546.36 39.11 89.44 93.4;1 1440.335 494.165 91.91 36.91 0;1 1567.875 496.825 113.25 39.81 0;1 1636.93 555.83 33.5 91.52 89;1 1683.485 506.515 96.53 35.67 0;1 1755.01 550.14 98.24 38.06 0;1 1798.28 511.54 90.46 33.7 0;1 1862.215 566.395 92.55 32.51 1.2;1 1893.7 504.31 52.6 35.16 0;3 1489.485 545.85 163.13 41.68 0.2;9 1211.14 473.38 32.48 14.74 346.9;9 1746.66 585.365 43.14 12.91 359.5
v_mtcqmvika3_0049,1 223.725 480.205 110.81 35.13 0;1 681.395 484.735 107.91 38.29 0;1 719.095 543.28 101.17 38.18 1.3;1 819.28 488.23 98.58 33.8 0;1 903.665 920.72 35.63 92.2 0;1 906.47 1068.975 37.5 21.95 0;1 940.54 301.34 33.3 84.86 0;1 953.09 719.74 34.1 89.28 1.8;1 965.07 1059.2 35.8 41.6 0;1 985.81 937.895 32.44 87.99 0;1 1113.36 507.965 33.4 91.73 67.9;1 1218.74 488.335 102.14 37.91 0;1 1239.385 546.59 32.63 88 87.508;1 1335.2 493.895 89.7 34.85 0;1 1344.225 546.39 39.11 89.44 93.4;1 1440.665 494.745 91.91 36.91 0;1 1568.515 496.965 113.25 39.81 0;1 1638.295 555.44 33.49 91.52 89;1 1683.9 506.66 96.52 35.66 0;1 1752.18 550.595 98.24 38.07 0;1 1799.56 510.69 90.46 33.7 0;1 1862.775 567.535 92.55 32.51 1.2;1 1894.475 504.31 51.05 35.16 0;3 1490.315 546.62 163.13 41.68 0.2;9 1624.96 468.21 32.48 14.74 358.8;9 1777.375 589.09 43.13 12.9 359.5
v_mvy5ar09ro_0000,1 62.005 474.915 100.19 37.75 0;1 984.46 851.495 38.6 96.47 0;1 988.085 656.54 36.25 109.1 0;1 1723.69 537.085 97.68 38.11 0;9 1010.41 925 10.1 46.4 5.7
v_mvy5ar09ro_0049,1 618.39 534.36 89.72 34.5 0;1 797.87 454.835 100.18 37.75 0;1 988.42 974.46 34.9 99.84 356.66;1 990.325 625.93 36.25 109.1 1.1;1 1041.46 666.095 38.6 96.47 23.8;9 1030.14 743.33 10.1 46.4 19.5
v_n05s566w3d_0000,1 44.365 553.17 87.31 34.06 0;1 788.295 498.275 83.93 30.35 0;1 887.225 518.385 78.75 32.33 345.7;1 947.07 429.875 37.88 85.39 23.9;1 985.45 211 30.22 86.8 0;1 989.445 88.17 31.63 83.72 351.3;1 1010.84 1028.26 33.98 90.44 0;1 1028.225 286.49 30.21 78.38 0;1 1307.165 520.715 83.83 31.07 351.8;1 1887.005 496.605 65.99 31.89 0;3 1105.915 575.135 150.43 45.59 335.4;9 961.765 150.09 10.43 36.12 0
v_n05s566w3d_0049,1 222.865 550.895 78.75 32.33 358.5;1 563.71 540.5 37.88 85.38 89.2;1 634.985 487.38 86.83 30.34 359.7;1 934.305 457.85 30.21 86.8 29.9733;1 1008.88 698.13 30.22 78.38 3.2882;1 1012.51 69.77 32.52 83.6 0;1 1022.13 350.25 31.62 83.72 1.8067;1 1081.39 585.36 78.92 31.08 329.6333;1 1382.67 502.425 88.44 31.89 0;3 983.045 957.425 147.63 45.59 269;9 955.26 351.3 10.44 36.12 5.7867
v_n0u2nnf1uy_0000,1 171.51 490.57 105.3 37.76 0;1 186.64 549.68 104.1 39.82 358.5;1 327.66 485.38 103.56 38.04 0;1 449.15 491.115 95.6 39.97 0;1 568.32 484.385 91 36.95 0;1 695.62 492.545 90.42 39.85 0;1 905.965 485.635 94.59 39.93 0;1 922.74 734.385 42.2 95.69 0;1 927.45 1047.69 38.98 64.62 0;1 935.435 101.445 40.27 94.35 0;1 938.54 897.815 35.16 77.03 0;1 972.44 546.37 94.06 39.26 0;1 991.52 926.685 36.56 93.41 0;1 1236.12 507.405 39.58 95.49 85.46;1 1857.375 475.84 39.37 102.8 89.5;4 988.81 719.765 41.3 102.29 0;9 849.44 535.775 43.02 13.79 0
v_n0u2nnf1uy_0049,1 140.895 534.455 97.67 36.43 11.26;1 210.8 494.855 105.3 37.75 0;1 351.075 489.79 103.57 38.04 0;1 386.74 545.86 121.28 41.64 359.3;1 481.195 495.465 92.95 39.97 0;1 601.385 552.19 95.21 39.38 0.55;1 677.165 488.095 91.01 36.95 0;1 812.905 495.69 90.41 39.84 0;1 922.14 401.055 42.2 90.69 0;1 926 774.16 38.98 81.46 0;1 933.765 913.33 37.95 91.98 0;1 934.8 563.755 35.16 72.97 0;1 996.13 987.395 36.34 87.59 0;1 998.055 866.795 37.21 87.79 0;1 1001.5 661.595 36.56 93.41 7.28;1 1376.53 479.945 94.08 39.93 359.8;1 1512.31 538.49 94.06 39.26 358.9;1 1679.715 498.29 40.95 97.62 88.7;4 988.6 394.615 41.3 95.01 0;9 1028.645 840.24 10.93 36.74 0;9 1352.41 531.255 43.02 13.79 0
v_n0uigtr3zg_0000,1 14.6 407.48 29.2 33 0;1 174.46 407.265 70.9 29.57 0;1 199.5 342.085 83.04 31.79 0;1 246.105 470.695 83.63 30.11 353.26;1 340.33 505.61 87.2 32.06 0;1 475.99 249.69 92.42 39.02 359.6;1 522.3 455.425 81 33.11 0;1 573.65 498.58 88.22 34.7 358.92;1 680.72 457.985 75.14 31.29 0;1 835.47 503.655 80.62 30.97 2.14;1 888.56 460.2 83.8 34.14 359.3;1 918.79 745.93 71.88 29.36 93.5;1 923.725 550.68 79.19 31.06 48.2;1 933.24 645.69 87.5 31.72 87.7;1 1018.065 924.45 34.17 83.4 0;1 1057.045 906.48 34.95 83.2 0;1 1078.82 455.715 78.14 34.01 0;1 1218.2 340.805 73.72 32.93 0;1 1311.975 485.555 78.71 34.77 2;1 1314.065 238.98 82.39 33.16 0;1 1536.065 456.795 76.47 31.01 0;1 1806.775 235.35 78.35 34.74 0;1 1811.32 289.155 70.18 31.87 0;1 1865.83 456.46 76.32 32.22 0.6;1 1888.15 404.71 63.7 36.28 0;4 397.645 412.585 123.65 39.79 0;4 710.61 408.205 75.8 30.83 0;4 1330.49 412.915 79.76 32.53 0;4 1482.14 233.405 89.8 39.83 359.2;5 12.29 247.345 24.58 54.13 0;5 1095.3 241.41 194 50.88 0;7 25 457.975 50 47.47 0;7 817.03 291.915 283.42 51.29 359.5;7 1039.94 339.41 116.6 41.42 0;7 1314.005 289.405 151.57 44.95 0;7 1448.26 340.9 100.4 37.66 0;7 1640.235 255.62 106.73 48.02 5.2;7 1742.14 333.865 104.9 32.47 0;9 758.415 509.73 39.41 12.54 1.82;9 870.91 538.195 44.28 14.31 13.1;9 904.1 695.14 37.72 13.32 90.3
v_n0uigtr3zg_0049,1 25.895 513.045 51.61 32.87 0;1 121.505 438.05 79.25 31.94 10.15;1 469.625 412.555 83.95 33.01 0.64;1 502.355 466.43 76.57 30.5 357;1 548.77 509.38 84.1 32.06 359.4;1 584.3 338.145 68.76 32.93 0;1 673.445 449.305 76.99 30.11 359.65;1 686.575 493.52 86.03 34.7 354.6;1 745.585 412.035 65.63 29.57 0;1 822.33 167.155 77.5 33.15 16.48;1 835.915 506.285 80.63 30.97 1.8396;1 847.755 463.615 77.17 33.11 1.2;1 911.365 763.54 71.89 29.36 109.1;1 923.165 554 79.19 31.06 48.2;1 933.645 649.375 87.51 31.73 87.7;1 1018.195 924.925 34.17 83.39 0;1 1057.185 906.87 34.95 83.2 0;1 1277.865 317.57 70.19 31.88 353.1;1 1309.53 463.635 76.22 31.29 0;1 1442.935 239.71 78.35 34.74 0;1 1525.06 296.425 83.28 33.17 0;1 1682.775 465.6 87.97 34.14 0.77;1 1896.9 457.805 46.2 34.01 0;4 1042.195 420.62 111.81 39.78 1.07;4 1168.57 235.325 89.8 39.83 359.2;4 1448.955 412.175 73.03 30.83 0;4 1639.1 240.83 105.4 41.64 0;5 476 244.28 185.96 50.88 359.4;7 196.02 294.01 281.58 51.28 359.5;7 246 460.38 203.5 47.46 0;7 402.715 343.14 114.05 41.42 0;7 815.505 343.52 93.25 37.66 0;7 1052.425 268.385 151.57 44.95 12.7;7 1094.605 336.42 90.97 32.48 0;7 1285.815 240.965 106.73 48.01 359.2;9 767.27 512.66 39.4 12.54 5.4;9 865.715 535.26 44.27 14.3 351.3;9 904.93 705.39 37.72 13.32 81.72
v_n1q2cs6cu3_0000,1 101.89 513.865 93.12 34.63 0;1 781.285 514.93 98.17 39.2 0;1 864.94 428.595 92.94 33.15 346.725
v_n1q2cs6cu3_0049,1 962.655 502.99 94.17 39.46 0;1 998.56 117.02 92.94 33.14 266.1091;1 972.75 1040.45 38.1 79.1 0;1 1514.75 501.865 93.12 34.63 0;8 363.315 463.57 91.55 33.8 0
v_n1syss296d_0000,1 294.375 505.07 99.07 58.6 0;1 1008.79 707.395 48.84 94.89 0;9 1093.21 519.72 39.06 29.3 0;9 1168.555 484.84 44.65 23.72 0
v_n1syss296d_0049,1 859.49 524.61 48.84 94.88 286.5;9 399 525.3 46 23.72 0;9 1396.695 529.49 37.69 29.3 0
v_n27nh7bsdb_0000,1 327.93 553.125 33.3 84.15 90.1;1 561.905 501.835 35.61 88.63 89.4;1 973.575 639.97 33.09 85.18 0;1 979.915 101.2 30.11 85 0;1 990.98 1054.275 30.7 51.45 6.4;1 1020.605 530.23 34.01 85.04 359.2;1 1160.675 559.84 91.47 33.6 348.65;1 1587.64 513.55 91 29.32 0;9 953.54 225.3 10.6 45.6 0;9 986.38 243.115 10.58 39.97 3.1
v_n27nh7bsdb_0049,1 559.185 501.95 35.61 88.62 89.4;1 975.62 299.05 30.1 85 0;1 983.645 182.11 31.33 68.8 2.6;1 990.97 44.12 29.3 78.2 0;1 1025.195 716.67 88.93 33.6 279.1;1 1007.71 962.655 34 86.29 2.1;1 1261.775 513.25 89.41 29.32 0;1 1886.95 527.085 66.1 31.19 0;9 935.11 431.52 10.6 39.86 11.7;9 955.51 443.935 10.58 39.97 17.7
v_n2pd1bhie3_0000,1 724.22 509.135 93.28 48.61 0;9 195.39 507.17 47.3 21.02 0
v_n2pd1bhie3_0049,none
v_n2wkb0122u_0000,1 848.765 927.01 78.19 29.58 88.8;1 922.7 1019.41 30.4 76.6 0;1 924.31 928.34 28.7 73.3 0;1 967.395 870.755 31.07 70.19 0;1 977.08 965.745 29.1 79.09 0;9 995.82 758.865 9.64 36.99 359.1;9 997.335 850.33 10.69 37.38 354.6147;9 1026.72 215.2 38.32 15.76 0
v_n2wkb0122u_0049,1 922.43 1019.19 30.4 76.6 0;1 924.41 922.33 28.7 73.3 0;1 967.165 869.115 31.07 70.19 0;1 976.17 962.105 29.1 79.09 0;7 969.335 1054.835 29.39 50.33 0;7 1541.35 229.755 113.3 42.61 0;9 995.17 751.885 9.64 36.99 359.1;9 996.41 850.13 10.68 37.38 352.3894
v_n3c9i6q2j2_0000,1 31.98 521.035 63.84 43.15 359.9;1 1003.365 115.515 48.75 104.85 0;8 506.14 487.37 27.18 84.68 270.7
v_n3c9i6q2j2_0049,1 1875.735 509.5 88.53 44.48 344.4;8 19.175 512.98 27.17 37.98 268.5
v_n3tzq8pnwn_0000,1 270.015 532.88 87.97 35.84 0;1 956.34 882.585 83.86 36.51 269.4;1 938.765 985.03 35.87 86.1 0;1 959.27 498.33 36.54 87.56 6.4;1 980.235 1057.765 37.79 44.47 344.2;1 996.82 769.605 36.9 87.41 0;1 1043.815 235.925 76.85 36.05 19.23;1 1081.61 545.34 82.6 34.6 349;7 779.42 522.085 51.38 150.79 69.5
v_n3tzq8pnwn_0049,1 794.52 568.78 82.6 34.6 359.75;1 955.14 882.325 83.86 34.11 269.4;1 939.125 985.03 35.87 86.1 0;1 984.705 218.225 73.21 36.05 39.94;1 973.35 806.245 36.54 87.57 334.02;1 980.485 1058.675 37.79 42.65 344.2;1 997.76 968.88 36.9 90.58 0;7 267.87 535.335 51.38 151.49 90.2
v_n3wxjglg5m_0000,1 820.815 499.12 36.57 80.4 63.78;1 942.525 856.12 87.55 36.12 271.1;1 935.255 418.29 36.69 84.8 0;1 982.72 1065.435 33.86 29.13 0;1 995.64 714.165 37.12 85.97 0;1 1060.445 1048.245 42.35 63.51 0;1 1297.19 504.955 101.1 36.37 0;9 20.38 568.585 13.96 40.23 269.3;9 1554.345 519.835 46.73 11.31 0
v_n3wxjglg5m_0049,1 265.385 515.985 36.57 87.37 89.16;1 934.32 837.41 36.68 84.8 0;1 932.645 1064.32 25.61 31.36 271.1;1 939.75 46.93 34.3 84.74 0;1 1013.7 511.325 93.2 36.55 0;1 1057.955 1050.615 42.35 58.77 0;1 1427.52 512.465 89.88 36.79 0;9 1194.77 526.65 46.72 11.3 0
v_n4yxetanzq_0000,1 919.17 878.15 30.4 76.6 0;1 918.5 746.77 28.7 73.3 0;1 918.41 1067.8 28.5 24.4 0;1 966.285 835.53 31.07 70.2 0;1 976.845 946.13 29.11 79.1 0;7 969.335 1052.79 29.39 54.42 0;7 1195.15 243.495 113.3 42.61 0;9 958.25 652.9 11.3 32 347.8;9 973.915 728.16 10.69 37.38 352.5143;9 994.5 744.625 9.64 36.99 359.1
v_n4yxetanzq_0049,1 862.6 381.03 28.7 73.3 343.6;1 894.01 517.05 30.4 76.6 353.35;1 917.91 787.15 28.5 77.42 0;1 918.525 1021.54 28.29 78.52 0;1 976.825 715.45 29.11 79.1 0;1 1013.365 529.525 31.07 70.19 29.1;7 972.775 1035.95 29.05 88.1 0;7 975.615 898.11 29.39 97.6 0;7 1181.16 246.24 113.3 42.62 0;9 806.62 165.98 11.3 32 320.35;9 939.54 851.33 8.6 31.7 0;9 1202.29 445.315 9.64 36.99 75.55;9 1427.12 456.195 10.68 37.39 85.55
v_n5ls4wz3qs_0000,1 217.755 486.94 105.43 41.78 0;1 351.55 495.425 93.24 40.19 0;1 658.31 490.46 95.2 37.2 359.4;1 825.835 488.765 92.25 37.71 359;1 905.625 540.9 91.77 39.18 356.4;1 901.755 654.125 37.89 87.99 0;1 913.6 1021.84 36.5 90.16 0.18;1 928.015 790.405 38.39 94.57 3.88;1 985.58 639.33 35.88 87.44 4.02;1 1157.96 544.22 89.34 41.6 0;1 1265.03 488.35 92.06 38.62 0;1 1838.67 493.49 89.32 39.56 0;1 1908.38 546.025 23.24 93.91 90.1;4 1556.525 523.23 122.61 45.22 357.1;9 1326.51 574.55 42.26 13.12 0
v_n5ls4wz3qs_0049,1 443.72 482.96 99.94 41.78 0;1 602.305 489.45 90.49 40 0;1 901.98 630.39 37.06 87.18 0;1 917.52 1056.915 38.98 46.17 0;1 927.94 747.365 36.5 87.79 5.9;1 947.275 623.165 38.39 89.31 5.8;1 964.82 928.58 39.08 95.22 1.32;1 1105.395 554.815 35.87 85.19 78.27;1 1188.49 481 87.24 37.2 359.4;1 1379.685 492.355 88.15 37.71 2.5;1 1558.265 489.375 91.77 39.17 358.66;1 1714.325 539.98 91.91 41.6 0;1 1765.89 487.38 97.1 38.62 0
v_n6l7s4hft6_0000,1 237.84 521.375 103.46 49.45 358.7;1 1218.17 487.705 97.84 44.67 359.4
v_n6l7s4hft6_0049,1 756.21 496.105 97.84 44.67 355.6
v_n7f0v4scts_0000,none
v_n7f0v4scts_0049,1 1005.25 793.46 43.28 95 0
v_n7frhu3odv_0000,1 1340.42 498.625 98.54 45.99 0;1 1900.55 511.13 38.9 47.34 0
v_n7frhu3odv_0049,1 942.32 496 98.54 45.98 0;1 1319.3 496.5 112.28 47.34 2
v_n7htxw20g2_0000,1 538.12 514.455 96.3 41.65 0;1 981.21 847.34 33.4 96.4 0;1 990.05 235.37 36.24 109.1 359.5;1 995.13 1046.7 39.1 66.6 0;1 1210.465 531.615 93.91 34.79 0
v_n7htxw20g2_0049,1 587.95 481.89 90.4 37.2 0;1 980.99 705.715 33.4 96.39 0;1 989.7 911.68 39.1 89.8 0;1 1034.31 510.57 98.54 39.22 0;1 1600.295 528.86 96.29 41.66 0
v_n897cnclxy_0000,1 954.145 485.49 106.43 45.98 0
v_n897cnclxy_0049,1 260.42 519.65 106.42 45.98 0
v_napxlnh1tp_0000,1 192.71 524.88 100.6 37.12 0;1 986.18 745.18 35 96.94 0;2 1450.655 577.93 129.37 43.04 2;7 1032.25 175.725 101.64 42.47 270.4
v_napxlnh1tp_0049,1 212.03 474.635 88.5 35.05 0;1 488.65 512.54 103.06 39.22 0;1 745.605 461.955 89.71 34.07 0;1 865.48 525.29 100.6 37.12 1.0444;1 1003.36 405.48 35 96.94 3.1;2 1864.395 588.835 111.21 43.05 2
v_nasozwjaax_0000,1 1006.185 872.13 38.89 100.76 0;1 1049.815 531.975 87.77 38.57 359.9
v_nasozwjaax_0049,1 612.695 538.885 89.29 38.57 359.9;1 992.385 646.04 38.89 95.34 349.98
v_nezsuyd0pz_0000,3 1055.29 509.13 158.34 48.98 0
v_nezsuyd0pz_0049,3 1875.01 519.87 89.98 48.98 0
v_ng1l0tmo8q_0000,none
v_ng1l0tmo8q_0049,none
v_ngt2uav5ar_0000,1 29.85 418.765 59.7 37.09 0;1 122.94 120.89 76.24 35.34 0.5;1 205.245 427.29 84.35 34.82 0;1 397.875 419.98 87.37 34.44 0;1 456.685 466.745 80.15 33.17 0;1 464.6 514.725 71.9 31.21 0;1 606.33 421.185 87.68 36.81 0;1 663.75 467.19 80.32 34.78 0;1 688.285 519.635 86.51 32.25 0.48;1 833.145 422.83 75.67 32.98 0;1 838.965 815.42 71.89 29.36 161.2;1 870.445 522.95 83.17 32.06 0.7;1 912.165 862.865 79.95 32.93 91.8;1 939.53 667.185 81.34 32.39 89.54;1 981.96 472.92 86.12 32.32 2.76;1 1016.495 1026.615 31.45 86.25 0;1 1016.9 912.515 26.8 75.87 0;1 1068.44 418.665 80.7 29.47 0.5;1 1063.21 1007.435 32.6 83.49 0;1 1062.505 906.85 29.85 87.18 0;1 1168.75 464.45 83.6 33.62 0;1 1341.48 468.54 69.84 30.2 0;1 1368.17 419.83 84.24 32.48 0;1 1447.13 514.225 82.58 32.91 0;1 1516.44 779.765 82.14 33.83 18.4;1 1868.145 468.01 77.67 29.32 0;4 1586.61 471.65 79.74 31.04 359.7;4 1678.21 414.19 77.66 30.04 0.4;4 1915.95 514.88 8.1 30.7 0
v_ngt2uav5ar_0049,1 122.94 119.555 76.24 35.33 0.5;1 403.68 420.155 90.86 37.09 0;1 634.515 423.845 84.35 34.83 359.46;1 776.48 510.615 68.02 31.21 357.31;1 798.555 424.57 83.11 34.44 0.7;1 840.325 815.25 71.89 29.36 161.2;1 912.275 862.715 79.95 32.93 91.8;1 944.38 798.905 81.34 32.39 87.6;1 964.495 526.955 82.07 32.25 1.5;1 967.87 470.555 75.88 33.17 0;1 1016.495 1026.615 31.45 86.25 0;1 1016.9 912.515 26.8 75.87 0;1 1063.21 1007.435 32.6 83.49 0;1 1062.505 906.85 29.85 87.18 0;1 1097.545 422.155 84.37 36.81 0;1 1192.95 471.32 80.32 34.78 0;1 1361.955 519.33 83.17 32.06 359.7;1 1464.415 423.5 75.67 32.98 0;1 1544.235 780.675 82.15 33.83 4.2;1 1700.06 507.845 86.12 32.33 0.3;1 1760.88 412.225 80.7 29.47 359.8;1 1828.65 459.715 83.6 33.61 0;7 161.02 469.7 166.9 41.04 0
v_nh9zu506re_0000,1 120.16 490.725 89.98 39.33 0;1 487.13 541.905 79.08 33.11 0;1 728.215 527.245 83.97 36.41 0;1 888.77 463.315 37.68 94.41 30.4;1 943.795 1007.735 82.23 34.97 269.2;1 941.75 898.95 33.98 89.66 0;1 991.245 949.155 86.43 38.91 270.4;1 998.635 723.53 89.77 39.28 275;1 989.72 843.975 34.22 87.51 0;1 1017.065 602.965 86.05 36.09 326.1;1 1287.92 510.615 95.2 36.21 0;1 1526.645 501.585 90.71 34.97 0;1 1791.875 556.47 98.15 37.56 345.9;7 182.84 542.41 107.52 37.72 0;7 985.235 415.635 42.17 109.81 359.2
v_nh9zu506re_0049,1 81.3 537.97 91.64 36.4 0;1 114.76 490.995 89.98 39.33 0;1 516.32 541.735 37.68 88.87 87.79;1 943.475 1007.695 82.23 34.97 269.2;1 945.85 704.325 86.04 36.09 292.4373;1 941.855 898.525 33.99 89.65 0;1 991.305 948.965 86.43 38.91 270.4;1 999.215 725.09 89.77 39.28 275;1 990.045 843.975 34.21 87.51 0;1 1237.96 511.765 89.54 36.21 0;1 1361.215 506.025 90.71 34.97 0;1 1499.925 516.085 89.55 37.47 0;1 1721.345 567.12 98.15 37.56 355;1 1825.22 519.02 95.26 38.34 0;7 988.5 571.67 42.18 103.82 355.69
v_njdxvi6q31_0000,1 583.615 449.98 94.41 34.02 356.6;1 635.19 559.01 105.3 35.9 0
v_njdxvi6q31_0049,1 281.445 473.815 104.79 38.87 0;1 963.475 430.245 94.41 34.01 339;1 1451.42 566.73 105.3 35.9 0;8 39.6 542.825 79.2 33.09 0;8 371.14 569.41 66.76 26.8 0;8 394.2 523.65 63.7 26.6 0
v_nnkie3gs8k_0000,1 845.98 495.525 96.24 38.79 0;1 858.21 553.33 98.5 36.5 1.6;1 921.21 366.755 37.62 93.43 0;1 980.7 182.955 35.4 88.09 359.7;1 1004.19 628.06 38 103.5 19.075;1 1387.365 496.14 98.89 38 1.2;1 1390.415 553.455 101.99 39.07 3.6;1 1523.89 550.65 94.2 38.1 0;1 1551.455 508.115 93.21 37.35 358.2;1 1639.095 554.28 105.09 39.3 0;1 1655.37 504.71 89.04 36.18 0;1 1761.18 554.99 101.9 37.74 0.1;1 1799.92 498.92 101.1 36.24 359.1;1 1867.49 564.875 96.3 32.63 0;1 1895.275 494.615 49.45 36.25 0;9 907.575 1037.535 10.63 40.79 0;9 989.91 985.24 11.3 40.9 0
v_nnkie3gs8k_0049,1 316.57 491.1 96.4 42.92 0;1 918.045 825.885 33.77 89.07 0;1 981.75 967.38 40.16 94.14 0;1 1048.36 552.68 98.5 36.5 354.8;1 1083.46 491.355 96.24 38.79 0;1 1234.75 543.81 38 103.5 89;1 1392.165 556.315 101.99 39.07 3.6;1 1407.615 498.66 98.89 38 1.2;1 1525.28 551.41 94.2 38.1 0;1 1551.49 509.095 93.2 37.35 358.2;1 1638.28 554.88 105.08 39.3 0;1 1655.635 505.51 89.05 36.18 0;1 1760.925 555.62 101.91 37.74 0.1;1 1800.715 499.295 101.11 36.25 359.1;1 1867.88 565.375 96.3 32.63 0;1 1895.34 495.395 49.32 36.25 0;9 904.545 447.505 10.63 40.79 0;9 986.83 637.89 11.3 40.9 19.96
v_no5kpay4p2_0000,none
v_no5kpay4p2_0049,none
v_nolmtad7q3_0000,1 233.415 289.445 26.87 68.61 268.6;1 401.195 114.05 30.25 76.72 268.7;1 671.59 367.97 75.82 28.04 0;1 675.63 411.26 65.86 26.18 0;1 695.035 286.45 26.87 76.72 270.1;1 705.135 124.96 26.87 76.72 293.7304;1 905.945 435.65 28.15 71.48 350.88;1 912.615 895.18 27.07 80.6 0;1 919.95 718.13 30.7 84.8 0;1 920.89 1059.95 29.62 39.9 0;1 965.865 939.495 29.95 75.83 0;1 972.41 755.34 32.9 74.44 0;1 986.405 575.86 29.21 79.7 11.04;1 1211.88 441.45 33.36 79.4 78.1333;1 1770.835 412.2 26.87 76.72 88.4;9 846.79 677.03 37.14 10.3 88.4;9 961.12 1051.705 11.1 25.85 0
v_nolmtad7q3_0049,1 16.265 114.745 26.87 33.61 268.1;1 23.785 273.8 26.87 47 270.1;1 265.985 414.75 76.39 27.8 0;1 673.16 366.97 75.82 28.04 0;1 675.66 410.45 65.86 26.18 0;1 705.845 123.555 28.15 71.47 295.3;1 831.89 279.28 30.7 84.8 335.1214;1 905.645 494.11 27.07 80.6 353.0071;1 917.95 711.54 29.62 77.4 0;1 967.13 772.17 30.9 83.9 0;1 998.975 551.07 29.95 75.82 29.5647;1 1100.015 468.8 32.91 74.44 64.95;1 1332.185 446.43 29.21 79.7 87.5;2 119.955 465.525 120.47 30.43 0;7 923.16 923.98 31.4 100.56 0;9 946.91 584.735 11.1 25.85 0
v_nos5a59nd1_0000,1 556.375 503.405 35.61 88.63 89.4;1 909.28 453.61 31.32 68.8 34.8;1 972.685 103.43 30.61 71.5 0;1 974.815 685.385 30.11 81.31 0;1 983.49 224.05 29.3 78.2 0;1 1012.495 525.59 83.05 29.32 355.7;1 1498.445 517.875 96.59 31.19 0;1 1717.05 535.44 99.8 35.16 0;9 594.99 540.755 10.58 39.97 88.5333;9 928.63 681.88 10.6 39.86 357.1375
v_nos5a59nd1_0049,1 431.175 558.59 31.33 68.8 89;1 554.065 507.01 35.61 88.62 89.4;1 706.625 551 83.05 29.32 355.7;1 967.955 283.3 30.61 69.78 0;1 969.665 98.265 32.63 84.51 0;1 969.825 1043.05 30.11 73.9 0;1 978.02 534.985 29.3 77.35 0;1 1219.405 505.175 91.11 31.19 4.9;1 1337.74 549.35 91.9 35.16 355.4;1 1677.46 524.62 91.76 30.32 0
v_np1bkr5e9h_0000,1 1247.995 510.655 36.63 88.59 82.3;1 1798.65 503.935 102.36 42.65 357.6
v_np1bkr5e9h_0049,1 1086.185 473.89 36.63 88.6 118.51;1 1383.32 492.565 102.36 42.65 0.4;1 1667.78 512.04 95.58 41.14 359.4
v_nrsuxe1wsf_0000,1 659.17 547.63 95.46 40.3 0;1 873.075 525.335 72.25 39.47 0;1 1206.165 535.5 95.45 40.3 0;1 1840.03 502.62 95.46 40.3 350.3;9 1002.125 349.285 17.53 43.81 337.7
v_nrsuxe1wsf_0049,1 109.675 521.02 76.73 39.46 0;1 760.885 537.625 95.45 40.31 0;1 1388.25 527.935 98.38 40.31 357.6;9 1457.09 485.22 55.38 15.84 0.2
v_nshmna89zd_0000,1 176.41 266.19 30.56 76.82 272.3;1 287.22 1008.46 86.76 36.54 0;1 359.175 469.955 83.85 33.35 0;1 569.19 1010.985 87.22 38.65 359.3;1 662.665 432.49 78.75 29.42 0;1 823.22 325.82 35.04 81 316.15;1 869.875 287.095 33.03 77.71 317.27;1 899.635 434.585 34.95 83.01 346.04;1 1093.29 316.35 78.6 39.06 0;1 1135.825 215.475 81.51 34.05 0;1 1192.15 314.36 73.1 33.82 0;1 1231.64 265.05 104.32 41.34 0;1 1240.535 217.46 82.61 34.74 0.2;1 1335.525 214.25 84.29 37.26 0;1 1483.715 310.1 87.45 36.56 0;1 1531.44 261.9 76.22 32.62 0;7 410.485 1018.975 150.29 55.09 0;7 536.255 106.645 58.83 125.05 273.12;7 637.235 381.655 122.59 42.27 0;7 730.865 468.095 80.47 29.73 0;7 1100.045 263.5 90.95 42.4 0;9 767.86 432.96 38.68 11.2 0.5;9 1215.445 77.575 33.49 12.39 0;9 1750.36 206.635 40.04 13.17 0
v_nshmna89zd_0049,1 78.375 478.235 83.21 33.87 0;1 287.365 1009.535 86.75 36.55 0;1 331.885 287.02 35.05 81 269.62;1 331.205 231.36 33.03 77.72 269;1 467.645 307.705 34.95 83.01 269.62;1 568.88 1011.915 87.22 38.65 359.3;1 580.52 475.265 83.84 33.35 0;1 667.11 433.155 78.74 29.41 0;1 925.175 695.905 34.91 98.91 358;1 963.79 848.05 32.7 79.9 0;1 1093.01 316.68 78.6 39.06 0;1 1135.435 215.815 81.51 34.05 0;1 1191.74 314.36 73.1 33.82 0;1 1210.02 266.31 104.32 42.7 0;1 1240.27 217.13 82.62 34.74 0.2;1 1296.435 314.815 87.45 36.57 0;1 1322.705 264.34 68.55 32.62 0;1 1332.5 214.425 84.3 37.25 0;1 1500.06 213.685 96.3 41.03 0;1 1614.775 312.185 88.15 32.97 0;1 1778.795 262.785 91.93 37.97 0;4 349.46 436.635 103.92 34.55 0;7 410.375 1019.31 150.29 55.08 0;7 637.35 381.88 122.6 42.28 0;7 731.325 468.555 80.47 29.73 0;7 1100.565 264.055 90.95 42.41 0;7 1539.26 262.7 112.1 46.2 0;9 561.725 75.58 32.51 12.38 0;9 580.42 502.585 38.26 10.99 0;9 768.72 433.395 38.68 11.19 0.1;9 1319.38 239.945 34.84 11.11 357.92
v_ntfaiyvo5c_0000,1 900.66 532.28 100.48 43.26 0
v_ntfaiyvo5c_0049,1 189.03 519.72 100.48 43.26 0
v_nu9b9y1600_0000,1 417.44 534.43 94.46 38.5 0;1 978.175 1001.5 37.99 93.2 0;7 954.785 505.73 177.27 46.4 1.2;8 1015.27 354.46 67.94 27.12 294.3
v_nu9b9y1600_0049,1 1000.525 632.57 37.99 93.2 0;1 1270.56 526.13 94.46 38.5 0;7 1627.795 518.86 177.27 46.4 1.2
v_nv3egmlxyz_0000,1 310.065 448 119.97 44.8 0;1 472.57 451.98 97.04 40.6 0;1 596.24 445.78 87.3 34.2 0;1 702.7 469.61 78.1 37.54 0;1 759.58 517.16 89.42 36.68 0;1 810.29 468.145 91.5 38.85 0;1 974.8 591.805 37.68 88.43 9.73;1 1098.11 453.925 89.54 38.15 0;1 1198.39 454.195 89.62 37.97 0;1 1307.87 458.83 87.52 37.02 0;1 1418.985 525.71 93.47 36.56 0;1 1413.19 464.39 36.7 84.78 90.1;1 1539.775 460.36 79.75 36.08 0;1 1556.89 513.75 101.4 44.14 0;1 1732.155 447.97 42.31 94.1 89;1 1780.9 539.485 93 35.53 0;1 1872.37 446.34 95.26 39.64 0;1 1914.275 534.985 11.45 38.27 0
v_nv3egmlxyz_0049,1 23.77 507.275 47.54 41.05 0;1 354.16 448.49 117.06 39.3 0;1 481.16 453.22 97.04 40.6 0;1 616.89 445.03 87.3 34.2 0;1 733.66 468.265 78.1 37.53 0;1 796.96 517.14 89.42 36.68 0;1 848.7 469.165 91.5 38.85 0;1 990.38 521.3 37.68 86.58 7.2;1 1097.185 453.925 87.69 38.15 0;1 1198.665 453.465 89.61 37.97 0;1 1310.625 458.4 87.51 37.02 0;1 1437.03 525.33 93.48 36.56 0;1 1503.705 460.055 36.71 87.27 90.1;1 1640.35 510.115 101.4 44.53 0;1 1745.425 460.37 83.13 36.08 0;1 1780.62 539.415 93 35.53 0;2 126.76 454.305 83.64 33.29 0;5 910.01 903.875 62.5 256.21 0
v_nxo50y3em6_0000,1 325.07 491.965 95.72 40.23 0;1 501.75 539.3 95.24 41.6 0;1 555.88 489.88 103.52 38.62 0;1 685.42 480.53 86.04 35.16 0;1 940.115 483.65 92.09 39.56 0;1 917.67 739.71 39 96.7 0;1 919.73 907.73 39.2 111.52 0;1 963.555 543.09 89.53 36.6 0;1 970.845 1049.4 38.87 61.2 0;1 985.63 662.75 35.74 91.64 0;1 991.815 947.5 37.81 79.4 0;1 1138.98 540.075 83.2 34.37 0;1 1152.2 474.65 91.48 37.76 2.1;1 1257.89 478.75 91 38.04 359.9;1 1369.48 536.785 87.64 36.11 0.8;1 1371.54 494.695 87.32 38.05 358.8;1 1490.3 486.52 42.36 91.14 87.9673;1 1568.685 542.655 110.89 40.75 359.1;1 1617.42 487.435 36.56 93.41 89.1;1 1747.775 480.415 97.69 39.93 359.8;1 1859.485 546.975 91.47 39.25 359.1;1 1894.91 487.78 44.44 87.74 88.7;4 723.61 541.64 127.1 47.16 0.6;4 982.85 826.99 36.38 96.52 0;7 901.655 1021.515 45.53 116.97 0;9 1911.75 578.85 16.5 11.06 0.7
v_nxo50y3em6_0049,1 40.14 493.655 80.28 41.87 0;1 419.46 489.895 97.5 37.21 359.08;1 545.245 500.12 92.25 37.7 359;1 646.88 490.075 99.92 38.63 0;1 656.3 541.565 95.24 41.59 0;1 815.81 465.18 83.18 35.16 348.6;1 911.63 543.49 39 94.54 359.4;1 917.53 721.82 39.2 106.9 0;1 967.01 1048.65 38.86 62.7 0;1 976.095 471.22 35.75 91.64 356.26;1 988.45 880.02 37.82 79.4 0;1 1047.24 481.815 83.76 39.57 0;1 1150.71 474.65 91.48 37.76 2.1;1 1192.815 546.27 89.53 36.6 0;1 1256.6 478.1 91 38.04 359.9;1 1351.145 544.495 83.19 34.37 0.3;1 1371.355 494.5 87.49 38.06 358.8;1 1468.875 538.53 87.63 36.1 0.66;1 1492.14 485.98 42.36 91.14 88.3;1 1617.6 487.455 36.56 93.41 89.1;1 1711.375 541.94 113.31 40.74 359.1;1 1747.82 479.325 97.68 39.93 359.8;1 1861.98 547.11 91.48 39.24 0.1;1 1896.12 487.58 44.44 87.74 88.7;4 791.9 541.965 127.1 47.15 0.6;4 981.09 742.795 36.38 96.51 0;7 900.255 970.38 45.53 118.7 0
v_nyq55ihebt_0000,1 475.86 518.555 32 78.17 86.2818;1 869.945 493.69 33.07 85.96 54.8545;1 982.24 748.33 29.9 81.24 3.2727;1 1002.575 222.16 29.45 69.8 8.3;1 1018.14 113.675 28.86 71.81 1.4182;1 1449.67 491.155 88.7 28.07 0;1 1696.475 508.64 100.95 32.94 0
v_nyq55ihebt_0049,1 178.44 515.865 32 78.17 93.46;1 267.495 560.905 33.07 85.95 86;1 903.555 478.07 29.45 69.8 51.2714;1 991.21 113.41 30.26 80.78 339.8;1 1002.62 255.3 28.86 66.28 6.8286;1 1207.76 487.015 88.7 28.07 0;1 1380.745 513.79 100.95 32.94 357.1
v_o081kolynu_0000,1 982.59 890.64 39.1 92.36 0;1 980.53 640.36 33.4 96.4 0;1 985.61 1012.84 37.4 95.1 0;1 990.7 780 39.1 89.8 0;1 1214.455 527.005 106.19 36.95 0;1 1667.88 520.79 100.06 39.5 0;8 718.38 492.04 67.44 28.92 0
v_o081kolynu_0048,1 265.745 486.195 106.95 40.15 0;1 981.59 877.02 39.1 92.36 0;1 985.25 1001.62 37.4 95.1 0;1 984.76 426.13 33.4 96.4 0;1 990.77 760.55 39.1 89.8 0;8 1555.19 520.045 67.44 28.93 0
v_o2fog423rx_0000,1 315.63 471.15 103.6 43.96 0;1 446.505 462.295 97.31 37.37 0;1 551.745 468.62 97.69 41.48 0;1 742.975 459.61 99.83 42.72 0;1 886.335 452.375 92.69 36.21 0;1 893.09 888.055 37.16 100.57 0;1 894.86 654.2 36.3 93.1 0;1 905.57 1004.175 37.94 91.21 0;1 943.93 279.565 43.04 89.71 0;1 967.535 517.11 79.73 34.68 0;1 955.31 823.91 40.3 98.1 0;1 966.6 1061.86 39.26 36.28 0;1 981.02 963.26 37.26 94.7 0
v_o2fog423rx_0049,1 190.115 459.745 100.81 38.01 0;1 311.86 471.93 103.6 43.96 0;1 474.945 462.905 97.31 37.37 0;1 650.05 467.75 96.04 41.48 0;1 865.435 399.055 93.49 39.33 310.85;1 894.89 622.63 37.16 94.84 0;1 902.915 193.835 36.29 93.09 0;1 906.005 1006.915 36.97 85.13 0;1 911.295 761.64 37.95 91.22 0;1 964.245 908.98 43.63 90.2 0;1 966.555 562.165 40.29 92.93 0;1 977.99 771.01 37.28 89.88 0;1 1291.335 447.21 89.09 36.22 0;1 1630.61 516 84.74 34.68 0;9 461.725 530.45 47.61 12.82 0;9 1005.305 962.68 14.87 47.32 0
v_o30p1gmvq5_0000,1 32.29 474.77 64.58 41.9 0;1 50.855 530.65 94.99 37.8 0;1 148.79 472.4 117.4 40.9 0;1 271.42 475.33 88.9 36.7 0;1 383.265 480.845 91.55 35.01 0;1 385.42 529.465 88.3 42.11 2.2;1 490.28 476.31 92.84 37 0;1 524.245 538.22 101.45 35.44 2.4;1 606.645 484.095 110.81 35.13 0;1 677.645 549.885 95.91 34.27 4.3;1 730.29 482.2 95.2 38.3 0;1 817.13 545.66 88.98 34.54 0;1 846.9 489.81 84.08 33.8 0;1 904.64 990.66 31.2 94.3 0;1 919.4 597.335 36 97.13 0;1 917.81 798.675 30.3 86.69 0;1 971.035 814.75 35.61 97.7 0;1 975.15 661.555 33.9 85.25 0;1 979.31 503.01 31.6 87.88 4;1 982.13 971.93 31.1 90.4 0;1 999.2 4.445 32.9 7.31 1.7;1 1062.62 560.89 35.8 91.1 58.8;1 1241.975 562.365 101.17 38.17 1.3;1 1254.84 492.595 33.4 91.73 88.7;1 1374.46 491.51 102.14 37.9 357.2;1 1499.17 554.865 32.62 87.99 92.2;1 1536.61 497.155 89.7 34.85 0;1 1684.265 500.225 91.91 36.91 0;1 1748.885 576.965 39.11 89.45 93.4;1 1830.435 507.415 109.39 39.81 0;3 1902.05 559.11 35.9 41.68 0.2;9 1031.82 285.85 9.9 25.4 353.3
v_o30p1gmvq5_0049,1 31.345 474.77 62.69 41.9 0;1 69.075 525.615 101.69 35.21 0;1 149.62 472.31 117.4 40.9 0;1 271.68 536.69 95 37.8 0;1 269.94 476.085 88.9 36.71 0;1 384.635 481.565 91.55 35.01 0;1 429.15 530.33 88.3 42.12 2.2;1 491.09 476.68 92.84 37 0;1 561.04 538.41 101.44 35.44 2.4;1 607.145 483.97 110.81 35.12 0;1 676.32 549.575 95.9 34.27 4.3;1 731.475 482.695 95.19 38.29 0;1 816.3 545.66 88.98 34.54 0;1 848.13 488.83 84.08 33.8 0;1 913.73 1049.45 36.44 60.9 0;1 921.68 651.8 31.2 94.3 3.7;1 927.735 904.81 37.21 92.6 0;1 932.06 114.12 36 97.1 0;1 932.6 302.23 30.3 86.7 0;1 974.23 1046.5 35.16 67 0;1 980.695 365.06 35.61 97.7 0;1 985.86 213.76 33.9 85.26 0;1 986.72 851.31 33.4 81.5 0;1 993.27 629.85 31.1 90.4 0;1 1367.92 552.06 35.8 91.1 91.1;1 1447.89 493.945 33.4 91.73 90.6;1 1568.905 569.775 101.17 38.17 1.3;1 1577.09 496.13 102.14 37.9 358.5;1 1739.91 500.495 89.7 34.85 0;1 1840.945 560.065 32.63 87.99 92.2;1 1874.77 498.315 85.6 36.91 0
v_o518sq8n50_0000,1 1192.93 509.655 103.88 46.59 0.7;1 1903.69 514.59 32.62 42.52 344.4
v_o518sq8n50_0049,1 847.02 521.935 103.88 46.59 355.6;1 1363.37 535.885 103.34 42.51 0.6;1 1604.105 499.46 89.07 38.1 0.8
v_o58s34n4v4_0000,1 282.45 617.325 35.7 77.81 89.6;1 342.71 546.385 88.04 35.15 0;1 611.46 546.31 37.9 85.72 87.97;1 800.71 510.41 38.36 87.84 69.42;1 983.71 514.045 90.14 37.45 359.5;1 964.35 49.79 40.46 96.5 0;1 970.495 368.94 34.59 87.3 2.6;1 994.495 205.585 37.75 87.37 7.7;1 1007.925 76.54 33.35 86.12 0.61;1 1021.75 420.55 37.2 84.18 0.8;1 1082.535 545.13 89.85 34.38 350.12;1 1280.04 525.535 85.7 35.65 357.2;1 1344.575 474.1 90.21 37.5 0;9 893.87 573.295 39.42 10.73 0.3;9 1038.515 687.145 38.41 12.71 303.3
v_o58s34n4v4_0049,1 198.12 531.91 38.36 91.32 90;1 295.885 617.13 35.69 79 89.6;1 542.065 563.565 89.85 34.37 0;1 622.215 514.905 90.15 37.45 0;1 869.33 489.55 36.34 83.7 55.7;1 963.765 647.49 34.59 82.1 1.3;1 966.725 48.805 40.45 96.11 0;1 969.245 322.12 33.35 86.12 10.7;1 1039.72 530.515 85.7 35.65 359.3;1 1019.56 692.25 37.2 84.18 0.8;1 1029.51 186.125 33.6 89.15 0;1 1346.725 475.22 90.21 37.5 0;1 1418.59 524.295 97.96 36.73 356.9;9 287.705 569.595 37.01 10.73 0.3
v_o6ptfu1jzu_0000,1 1259.62 474.975 115.62 48.61 0
v_o6ptfu1jzu_0049,1 960.06 484.175 115.62 48.61 0
v_oavjsmzdgx_0000,1 921.29 653.905 28.46 75.49 0;1 967.465 667.765 30.65 71.63 0;1 971.835 888.6 30.63 77.46 0;1 1322.02 447.78 77.9 30.4 0;7 922.265 925.03 35.31 131.6 0;7 974.71 1055.8 34.9 48.06 0;9 146.105 307.25 39.03 10.22 356.7
v_oavjsmzdgx_0049,1 782.425 271.465 28.47 75.49 302.9286;1 901.37 328.715 30.66 71.63 330.0571;1 948.485 454.81 30.63 77.46 348.8714;1 1884.2 448.66 71.6 30.4 0;7 908.155 554.6 35.31 131.6 354.6091;7 924.76 1045.35 43.6 69.3 0;7 978.32 967.89 34.9 133.4 0;7 1827.665 228.045 126.27 35.59 0
v_oelokwlsns_0000,1 10.49 490.065 20.88 31.89 359.2;1 196.46 543.21 77.08 31 0;1 498.66 551.91 31 82.38 88;1 639.385 488.27 86.83 30.34 359.7;1 691.53 542.95 28.68 66.04 84.7375;1 844.8 555.095 77.38 33.31 356.6;1 880.97 466.32 30.34 76.5 52.8;1 966.35 261.845 30.7 77.47 3;1 982.945 97.795 32.87 87.21 3.5;1 983.02 413.44 31.36 85.46 20.525;1 1026.185 236.69 31.13 89.5 358.2;1 1056.16 952.115 31.14 80.25 354.3;1 1226.675 479.15 83.21 30.6 358.2;7 44.56 563.815 87.88 36.39 358.7
v_oelokwlsns_0049,1 8.75 490.095 17.4 31.89 359.2;1 135.675 555.83 28.67 66.04 90;1 345.965 556.81 85.99 33.32 359.5;1 575.12 537 30.34 76.5 85;1 637.995 487.575 86.83 30.35 359.7;1 729.25 546.865 31.36 80.37 84.0158;1 880.04 500.875 30.7 77.47 51.9;1 963.295 372.8 32.87 87.2 8.375;1 979.07 211.44 32.7 83.8 3.5;1 992.295 33.575 29.03 66.85 0;1 1030.52 651.285 31.14 85.61 358.2;1 1060.19 1047.145 31.14 65.41 359.3581;1 1227.785 479.23 83.21 30.6 358.2;9 1036.11 27.775 8.06 39.85 0
v_ofarsuq8vl_0000,1 484.52 459.88 102.6 39.2 0;1 912.095 945.01 36.71 99.7 0;1 1121.49 507.82 40.68 93.1 79.12;1 1430.98 576.85 88.18 35.76 1.8;1 1481.225 464.315 95.25 39.59 0;1 1599.5 520.44 91.3 34.56 0;1 1744.67 452.94 94.26 38 0;4 708.76 461.1 102.14 40.74 0;7 1894.225 453.3 51.55 45.56 0;9 1006.07 646.385 12.4 40.39 0.3
v_ofarsuq8vl_0049,1 795.775 459.88 98.25 39.2 0;1 911.945 805.75 36.71 99.7 0;1 1796.21 529.7 40.68 93.1 89.8;1 1894.555 472.585 50.89 39.59 0;4 1119.47 466.185 102.14 40.73 0;9 1451.54 446.335 12.4 36.61 83.56
v_ofvu7esz8j_0000,1 957.87 209.7 39.06 96.8 0;1 955.755 587.36 32.89 83.82 359;1 1099.035 479.47 87.81 36.76 0;4 1010.825 549.895 35.55 89.01 0;7 1255.91 534.295 123.78 41.49 353.1
v_ofvu7esz8j_0049,1 486.76 510.17 84.38 36.76 356.39;1 928.01 440.63 37.22 91.76 24.71;1 962.72 1050.055 34.64 59.89 0;4 1021.91 960.71 36.96 89.48 0;7 1018.36 745.705 105.94 40.07 283.11;9 1045.715 439.06 10.49 39.58 0
v_ogseyflsei_0000,1 45.945 418.845 91.71 42.75 0;9 1104.995 510.2 55.79 18.7 0
v_ogseyflsei_0049,1 198.17 468.745 125.34 42.75 11.38
v_oiye6mz0h7_0000,1 28.835 477.845 37.23 57.63 90.5;1 819.85 504.465 35.48 85.29 72.12;1 946.575 271.385 34.45 86.79 2.4;1 970.63 129.175 41.04 100.49 351.84;1 1482.435 494.47 102.57 37.82 359.1;1 1485.78 563.38 93.9 38 349.66
v_oiye6mz0h7_0049,1 28.835 477.845 37.23 57.63 90.5;1 88.72 542.09 35.48 93.2 89.7;1 947.035 291.5 34.45 86.8 2.4;1 1080.28 220.31 41.04 92.44 289.95;1 1181.485 504.035 98.05 37.81 359.1;1 1473.08 561.445 93.9 38.01 356.3
v_ojxljjfi6a_0000,1 893.45 437.845 40.68 85.23 28.78;1 934.695 903.845 83.39 33.63 269.3;1 930.49 1043.76 72.84 32.46 269.8;1 926.3 249.975 34.22 88.21 0;1 944.555 516.235 36.59 74.85 0;1 986.945 811.835 78.11 35.25 273.64;1 996.495 969.64 37.35 90.26 0.8;1 1005.545 650.025 36.03 85.35 0;1 1421.585 503.43 93.97 31.8 0;1 1636.39 519.605 93.48 36.73 0;7 946.49 658.31 52.6 168.58 0;7 1219.3 517.425 103.8 42.93 0
v_ojxljjfi6a_0049,1 358.91 539.5 40.68 86.34 89;1 819.03 514.39 34.22 82.32 59.0833;1 934.86 1047.37 64.9 33.62 269.3;1 945.305 690.085 36.59 74.85 0;1 984.965 990.145 81.83 35.25 270.4;1 978.985 244.65 35.71 88.9 0;1 1003.24 852.625 36.02 85.35 0;1 1253.505 499.675 93.97 31.79 0;1 1382.125 517.895 87.59 36.73 0;1 1613.71 532.595 94 38.31 359.5;4 937.33 243.145 36.84 86.75 0;7 941.98 841.81 52.6 168.58 0;7 1038.845 521.735 101.41 42.93 0;9 909.51 241.93 12.3 40.92 0;9 956.73 49.25 12.76 39 0
v_ol0i0552e6_0000,1 1186.015 428.68 87.27 36.44 359.1;4 543.53 462.68 99.1 37.9 0;6 974.155 994.1 49.89 171.8 0
v_ol0i0552e6_0049,1 12.29 474.09 24.58 35.82 0;1 481.19 466.815 91.66 38.05 0;4 1652.865 487.44 92.47 39.32 0;6 973.34 722.55 52.5 199.96 0;9 499.66 522.84 55.4 15.42 0
v_ombin10joq_0000,1 36.715 528.895 73.17 35.75 0;1 316.515 484.4 94.09 39.1 358.9;1 516.115 490.66 95.31 35.62 358.5;1 799.655 468.86 106.67 39.8 357.9;1 935.675 443.355 103.13 41.27 329.55;1 975.61 579.73 40.5 101.1 0;1 1003.565 261.17 96.01 41.26 274.3;8 820.85 522.19 66.68 24.9 0
v_ombin10joq_0049,1 328.16 497.455 100.6 37.71 0;1 506.41 580.415 96.38 35.75 338.7;1 560.19 466.25 90.8 33.6 0;1 723.09 493.475 96.38 35.75 0;1 904.895 461.19 94.09 39.1 358.9;1 975.815 576.74 40.49 101.1 0;1 1098.635 477.55 95.31 35.62 2;1 1334.275 458.83 106.67 39.8 359.5;7 980.555 1024.17 57.35 110.94 0;8 1388.56 555.59 66.68 24.9 6.2
v_omyp1xkhzi_0000,1 249.45 416.37 81.8 31 0;1 350.74 255.94 27.6 74.26 270.6;1 435.96 464.55 85.6 29.1 0;1 429.64 98.165 27.6 73.83 262.6;1 571.18 283.59 28.1 79.3 267.9;1 603.205 465.58 77.53 30.12 0;1 786.75 289.695 32.2 80.63 293.8846;1 864.84 374.255 30.92 81.93 338.1692;1 898.05 499.09 28.9 80.2 352.8;1 922.765 852.41 31.19 66.64 0;1 924.68 683.14 30.8 80 0;1 1100.155 198 74.09 27.9 0;1 1158.52 292.4 79.1 29.1 0;1 1211.32 502.645 26.9 76.97 88.7;1 1287.17 291.335 84.4 30.43 0;1 1404.88 292.64 85.7 33.52 0;1 1509.42 240.77 84.8 32.8 0;2 1073.975 104.305 85.07 26.81 359.6052;2 1287.41 190.33 106.5 40.5 0;2 1681.13 286.76 81.62 32.14 0;7 223.74 102.35 43.6 180.5 269.8;7 920.57 341.67 30.8 127.9 343.3154;7 1172.64 237.245 123.5 35.59 0;7 1334.745 237.175 114.43 33.07 0;9 158.65 458.68 39.1 9.5 0
v_omyp1xkhzi_0049,1 37.82 258.32 32.2 73.68 270.2;1 52.9 119.92 27.6 73.82 271.6;1 468.275 246.235 30.93 81.93 272.11;1 518.55 465.71 85.6 29.1 0;1 622.215 465.485 77.53 30.13 0;1 636.18 413.5 81.8 31 0;1 734.11 284.04 28.9 80.2 280.52;1 906.275 511.725 31.19 66.63 354.1;1 913.69 378.93 30.8 80 351.6545;1 959.21 714.62 32.9 91.78 0;1 1096.55 197.98 74.1 27.9 0;1 1139.77 293.58 79.1 29.1 0;1 1245.37 504.755 26.9 76.97 94.2182;1 1280.98 291.775 84.4 30.43 0;1 1400.14 292.64 85.7 33.52 0;1 1492.59 240.2 84.8 32.8 0;1 1677.23 288.49 85.9 32.8 0;2 1056.145 105.055 85.07 26.81 359.2933;2 1222.86 191.75 106.5 40.5 0;2 1544.09 288.885 81.62 32.15 0;7 678.245 202.87 42.17 115.06 270.1455;7 1170.71 237.095 123.5 35.59 0;7 1335.355 235.715 114.43 33.07 0;9 526.37 370.64 40.8 12.6 0;9 545.43 438.38 39.1 9.5 0;9 1369.95 198.55 44.04 12.5 352.26
v_onj8w2w89n_0000,1 1044.33 521.36 84.54 35.5 0;9 157.28 462.06 48.7 15.22 0;9 949.055 559.33 56.49 17.9 0;9 957.63 447.725 55.36 16.59 0
v_onj8w2w89n_0049,1 1904.2 538.2 31.6 35.5 0;9 1275.37 460.98 48.7 15.22 0;9 1614.705 551.93 56.49 17.9 0
v_onwdxdo1bs_0000,1 1113.1 499.375 99.86 44.67 0
v_onwdxdo1bs_0049,1 702.97 499.865 99.86 44.67 0
v_opa4udnhwj_0000,1 746.425 530.425 109.05 45.99 0;1 1630.26 484.17 132.7 47.3 0;9 1026.935 492.975 52.55 23.65 0
v_opa4udnhwj_0049,1 176.205 527.795 109.05 45.99 0;1 1205.89 482.86 132.7 47.3 0;9 339.78 494.33 52.56 23.58 0
v_opv1ww967s_0000,none
v_opv1ww967s_0049,1 1011.3 966.35 39.42 98.5 0
v_orw9zvkgmm_0000,1 123.94 490.41 89.98 39.34 0;1 577.25 541.81 89.72 39.4 359.1;1 944.115 1007.775 82.23 34.97 269.2;1 927.23 334.2 37.68 94.42 0;1 941.64 899.39 33.98 89.66 0;1 991.175 949.355 86.43 38.91 270.4;1 998.035 721.94 89.77 39.28 275;1 989.39 843.975 34.22 87.51 0;1 1105.505 538.685 76.87 33.11 0;1 1214.43 495.435 89.2 33.59 0;1 1321.55 532.7 89.56 36.1 0;1 1743 513.675 95.2 36.21 0;7 855.61 524.655 98.1 37.75 0;7 985.94 395.83 42.18 109.82 359.2
v_orw9zvkgmm_0049,1 120.27 490.72 89.98 39.34 0;1 501.91 541.905 79.08 33.11 0;1 739.845 526.805 83.97 36.41 0;1 890.21 461.14 37.68 94.42 29.26;1 943.795 1007.735 82.23 34.97 269.2;1 941.745 898.96 33.99 89.66 0;1 991.245 949.165 86.43 38.91 270.4;1 998.62 723.5 89.76 39.28 275;1 989.715 843.975 34.21 87.51 0;1 1022.185 599.895 86.05 36.09 327.38;1 1290.89 510.655 95.2 36.21 0;1 1538.52 501.145 90.88 34.91 0;1 1794.745 555.68 98.15 37.56 346.41;7 196.975 542.31 107.11 37.72 0;7 985.235 414.875 42.17 109.81 359.2
v_orxdogwhrp_0000,1 1001.445 681.91 51.25 97.22 0;9 1528.305 500.6 53.87 26.28 0
v_orxdogwhrp_0049,1 755.75 530.82 51.24 97.22 269.2;1 1642.61 485.49 130.08 51.24 0;9 1032.975 493.365 53.87 22.35 0
v_ottj4hz78a_0000,1 88.35 544.41 102.1 36.22 0;1 347.44 487.44 94.8 36.56 0;1 606.79 464.675 95.44 36.69 0;1 673.08 562.58 88.72 39.8 0;1 894.42 502.735 98.2 36.25 0;1 1448.67 530.78 94.24 36.4 0
v_ottj4hz78a_0049,1 156.11 529.54 96.68 34.82 2.4;1 925.54 548.315 102.1 36.21 0;1 1006.075 287.175 95.45 36.69 288.2571;1 988.55 1053.55 33.34 52.9 0;1 989.76 815.065 32.4 105.27 5.1;1 1115.805 488.19 94.81 36.56 0;1 1228.03 560.48 88.72 39.8 0;1 1784.14 521.315 98.2 36.25 0;8 338.55 470.115 70.42 28.67 0
v_ovul7e0w8r_0000,1 203.365 489.79 100.67 38.4 0;1 572.215 467.015 123.89 38.29 0;1 765.13 502.925 87.28 37.53 358.3867;1 1029.795 511.255 96.59 41.37 358;1 1025.84 34.82 36.2 68.96 0.6;1 1218.52 544.46 91.4 34.8 1.5;8 1132.225 464.04 64.99 25.92 0.8;8 1773.735 483.43 68.01 30.3 0;9 904.495 534.54 52.49 15.1 0
v_ovul7e0w8r_0049,1 874.585 496.23 100.67 38.4 0;1 1148.12 463.59 123.88 38.28 0;1 1404.84 514.02 87.28 37.52 0.3;1 1757.935 532.715 96.59 41.37 1.8;1 1914.545 563.23 9.49 34.8 1.5;3 495.35 526.165 213.44 57.89 357.1;9 1598.465 560.15 52.49 15.1 0
v_ow21xl0j8b_0000,1 345.39 465.18 99.4 37.6 0;1 792.94 393.64 87.36 40.74 7.2;1 1465.045 517.43 39.35 109.14 95.4;8 885.04 513.65 62.3 26.2 0
v_ow21xl0j8b_0049,1 578.27 479.7 98.9 35.12 0;1 1213.065 410.515 87.37 40.73 0.7;1 1519.59 467.1 99.4 37.6 0;8 1442.345 519.05 62.29 26.2 0;9 762.715 478.13 47.49 20.32 0
v_ow9mk4cegm_0000,1 962.9 681.405 38.58 94.29 359;7 1012.735 754.47 40.79 106.3 0.7
v_ow9mk4cegm_0049,1 769.35 508.495 38.58 94.29 271.12;7 996.095 633.63 40.79 106.3 343.82
v_ox8c8upqpj_0000,1 381.545 496.175 37.23 95.25 89.8;1 718.605 542.375 85.99 37.01 0
v_ox8c8upqpj_0049,1 110.485 478.65 37.23 96.94 94.25;1 967.17 235.905 35.98 94.49 4.3;1 974.72 112.045 33.08 93.93 4.6;1 1025.38 36.22 36.66 72.44 0;1 1759.6 494.655 89.4 34.75 0
v_oxn1ezy3cr_0000,8 1588.735 495.16 66.13 22.56 0
v_oxn1ezy3cr_0049,8 1472.06 488.415 66.12 22.55 0
v_p2fz0yzjbc_0000,1 221.955 553.005 81.45 34.17 359.7;1 230.165 493.61 87.25 38.88 0.41;1 491.93 524.07 34.34 81.68 86.2;1 930.165 439.83 37.07 86.54 30.5;1 960.665 47.85 36.41 94.68 0;1 1002.55 200.575 36.9 87.37 6.66;1 1011.065 45.005 33.83 83.39 0;1 1021.915 379.48 38.11 89.6 0.4;1 1136.765 557.32 90.95 35.5 343.63;1 1325.545 514.635 77.31 33.53 358.9;1 1500.88 518.23 92.34 38 0.3;1 1677.21 476.85 93.2 37.5 0;1 1684.52 527.19 88.76 39.46 356.27;1 1861.545 514.355 91.99 38.37 0;4 800.1 505.495 116.84 43.41 359.2
v_p2fz0yzjbc_0049,1 34.86 474.84 69.72 38.88 0.3;1 18.56 538.185 34.34 36.57 91;1 665.185 522.19 37.07 86.88 85.32;1 960.82 405.645 36.9 87.37 27.26;1 961.58 49.45 36.48 96.7 0;1 1008.04 947.8 85.9 35.5 268.6;1 992.45 251.035 33.82 83.39 8.34;1 1011.52 694.33 38.12 83.9 1.44;1 1018.23 90.33 38.86 92.28 0;1 1086.255 524.185 69.23 33.53 358.9;1 1297.99 514.74 92.34 38 0.3;1 1427.435 493.35 85.25 36.92 10.34;1 1679.7 478.87 94.54 37.5 0;1 1723.455 527.34 93.23 39.02 357.68;4 325.715 530.425 121.99 43.05 357
v_p3goz5vvrj_0000,1 971.115 532.605 39.95 87.55 0;1 1220.8 492.2 88.22 37.18 0;1 1250.34 440.675 87.6 35.61 0;1 1449.785 530.83 34.55 90.54 88.8857;1 1844.355 510.35 103.69 45.5 0
v_p3goz5vvrj_0049,1 376.32 462.19 95.2 36.44 0;1 974.085 4.125 39.95 8.25 0;1 1057.12 513.52 90.2 36 0
v_p95655ode0_0000,1 1312.745 501.915 36.63 88.59 67
v_p95655ode0_0049,1 1252.235 510.85 36.63 88.6 82.3;1 1808.96 504.605 102.36 42.65 357.6
v_patj5eslks_0000,1 772.14 267.88 28.46 75.5 300.75;1 896.19 323.01 30.66 71.64 327.95;1 946.825 446.35 30.63 77.46 348.35;1 1889.8 448.66 60.4 30.4 0;7 907.235 546.73 35.31 131.6 354.0773;7 924.76 1043.8 43.6 72.4 0;7 977.58 962.69 34.9 133.4 0;7 1811.65 228.045 123.5 35.59 0
v_patj5eslks_0049,1 81.6 251.955 28.46 68.39 268.6;1 451.535 235.79 30.65 71.64 267.8462;1 704.295 122.51 30.63 77.46 294.0172;1 923.76 1059.75 30.5 40.5 0;1 971.05 953.63 27.6 73.82 0;7 734.385 260.39 35.31 131.6 297.369;7 924.76 856.89 43.6 180.5 0;7 964.44 592.68 34.9 133.4 354.7778;7 1249.38 235.095 123.5 35.59 0
v_pbu8a4tco7_0000,1 204.63 469.775 125.34 42.75 10.54
v_pbu8a4tco7_0049,1 658.67 489.865 125.34 42.75 2.6;9 433.17 539.395 47.72 19.15 0
v_pcna9gras7_0000,1 735.69 490.45 34.56 88.78 280.26;1 1156.465 529.645 94.43 39.35 359.3
v_pcna9gras7_0049,1 70.34 530.295 34.56 88.79 266.3;1 579.25 530.715 94.44 39.35 359.3
v_pcszczxqnd_0000,1 770.48 504.77 71.88 29.36 353.1;1 955.475 414.705 31.31 76.95 334.72;1 1002.53 658.64 33.64 79 356.49;1 1006.72 899.695 30.22 79.17 0;1 1035.73 442.55 27.44 66.84 345.57;1 1049.755 1063.73 31.13 32.54 0;1 1074.68 635.76 31.32 80.3 14.6;7 1055.15 851.575 36.82 137.03 0;8 1573.745 454.11 27.79 72.82 86.9;9 187.825 477.7 40.85 14.8 0
v_pcszczxqnd_0049,1 324.58 466.085 86.2 34.77 0;1 546.27 256.965 31.32 76.95 272.5;1 722.74 162.14 27.44 66.84 279.68;1 770.645 504.78 71.89 29.36 353.1;1 929.125 288.42 33.63 79 334.62;1 983.37 532.55 30.22 79.18 351.24;1 1002.17 790.55 31.34 78.4 359.25;1 1007.615 986.54 31.27 81.3 0;1 1038.43 642.52 31.14 76.1 355.8;1 1055.555 877.34 32.93 86.58 0;1 1056.765 1059.895 29.75 40.21 0;1 1128.13 914.235 71.5 34.31 2.6;1 1376.435 295.25 72.95 33.1 359.2;1 1637.875 424.115 31.31 80.29 88.34;7 1020.135 446.745 36.81 126.29 345.26;9 783.44 474.52 35.52 14.8 359.3;9 1813.035 238.405 47.93 19.85 358.95
v_pd7r683evj_0000,1 1442.905 487.46 111.67 47.3 0
v_pd7r683evj_0049,1 1023.78 482.2 111.68 47.3 0;1 1847.45 512.075 101.26 47.27 352.5
v_pdb5up0n67_0000,1 28.835 477.845 37.23 57.63 90.5;1 565.905 532.22 94.63 37.82 357.4;1 960.065 559.425 34.45 86.79 357.55;1 967.545 40.465 41.09 80.93 0;1 977.175 157.92 37.09 89.7 2.2615;1 1097.91 227.44 41.04 92.44 289.6;1 1477.17 561.23 93.9 38 356.3;4 1420.935 507.575 105.13 37.25 0
v_pdb5up0n67_0049,1 28.835 477.845 37.23 57.63 90.5;1 956.435 315.09 37.09 89.7 7.35;1 959.895 194.04 41.09 105.44 1.7;1 1003.79 70.06 38.7 97.46 353.84;1 1013.925 218.295 35.89 87.67 1.7;4 1104.015 514.005 98.81 37.09 359.3
v_pgycvy9w1s_0000,1 1035.03 503.59 108.12 38.3 0.4;7 548.615 501.255 40.79 106.29 267.7
v_pgycvy9w1s_0049,1 597.58 523.665 108.12 38.31 354.1;7 264.18 511.925 40.78 106.29 269.07
v_phhw0nu2ho_0000,1 180.56 549.24 32.4 83.9 89.9;1 634.475 486.23 86.83 30.34 359.7;1 979.645 509.55 84.61 30.46 356.3;1 966.865 111.17 29.99 83.7 3.1;1 1004.845 199.14 34.37 77.84 1.6286;1 1006.76 743.635 31.5 83.29 0.2;1 1006.795 60.62 29.99 81.1 358.3;1 1305.01 478.79 86.8 30.6 4.6895;1 1912.48 493.03 15.04 32.62 0;2 1696.105 501.12 114.57 32.68 0
v_phhw0nu2ho_0049,1 321.955 535.3 84.61 30.46 0.5;1 634.925 486.08 86.83 30.34 359.7;1 891.145 474.55 34.37 77.84 50.6;1 967.07 117.64 29.98 83.7 3.1;1 996.865 256.99 29.99 81.1 6;1 1017.5 141.71 31.52 71.3 0;1 1222.41 479.53 83.2 30.6 0.4;1 1500.48 501.47 84.5 34.58 0;1 1682.3 507.57 88.6 30.3 0;2 1349.41 514.61 109.78 32.68 355.1
v_phrlhacv20_0000,1 127.475 489.77 89.97 39.34 0;1 233.66 565.615 84.88 37.87 0;1 475.77 541.03 37 80.6 89.6;1 741.375 526.205 32.33 66.63 79.8;1 944.765 1007.855 82.23 34.97 269.2;1 941.42 900.27 33.98 89.66 0;1 991.045 949.745 86.43 38.91 270.4;1 982.975 517.695 34.21 87.51 0;1 1181.65 545.71 98.84 39.28 355.7;1 1320.24 509.4 89.72 39.4 0;1 1679.46 528.265 87.14 33.11 0;1 1871.4 503.475 85.6 33.59 0;4 922.845 391.48 37.49 100.5 11.9;7 55.82 547.37 104.1 40.1 358.7;7 987.22 273.74 42.18 115.8 0;7 1545.17 515.715 120.24 36.21 0
v_phrlhacv20_0049,1 125.75 490.09 89.98 39.34 0;1 190.175 552.51 32.33 70.56 89.7;1 944.445 1007.815 82.23 34.97 269.2;1 934.78 33.09 37.68 66.18 0;1 941.53 899.84 33.98 89.66 0;1 991.115 949.555 86.43 38.91 270.4;1 989.535 808.765 34.21 87.51 0;1 1020.235 634.19 89.77 39.28 308.3;1 1096.695 509.38 89.71 39.4 359.1;1 1379.84 534.295 83.56 33.11 0;1 1446.55 494.055 93.24 33.59 0;1 1851.76 518.165 93.12 36.09 0;4 635.075 530.075 37.49 92.83 84.58;7 987.345 390.36 42.17 109.82 359.2;7 1266.36 514.44 108.5 36.22 0
v_pi9kgx1vrf_0000,1 180.57 453.065 106.74 42.71 0;1 532.215 448.3 95.35 36.22 0;1 815.695 464.845 95.79 40.27 0;1 907 989.35 42.72 102.7 0;1 907.515 386.87 35.33 84.5 0;1 917.59 34.14 38.86 68.28 0;1 971.07 835.42 39.2 88.1 0;1 976.655 637.7 41.01 100.2 0;1 1119.72 478.775 37.96 84.31 74.8667;1 1602.475 455.2 91.33 33.32 0;1 1738.375 509.69 93.31 36.36 0;4 901.015 842.4 39.07 110.2 0;9 919.865 521.61 15.55 41.06 0;9 975.95 441 15.5 47.6 0
v_pi9kgx1vrf_0049,1 240.185 506.75 92.83 37.3 0;1 342.485 461.845 99.03 41.47 0;1 551.885 450.98 99.83 42.72 0;1 720.65 448.34 94.7 36.22 0;1 891.265 1049.81 37.91 60.38 0;1 906.38 733.755 41.76 100.17 0;1 908.775 888.135 39.17 95.51 0;1 950.58 1049.73 40.3 60.54 0;1 967.1 21.195 41 42.39 0;1 972.24 779.47 39.2 88.1 0;1 984.265 947.91 37.75 92.9 0;1 1059.46 459.395 93.16 40.27 0;1 1756.075 459.4 37.95 86.88 89.5;4 899.125 548.35 39.07 100.9 0
v_pj5m5n2y5u_0000,1 119.73 384.93 80.9 32.76 0;1 174.875 429.465 84.53 33.73 0;1 273.455 481.305 83.53 33.41 0;1 257.77 258.62 32.7 77.16 269.6;1 287.655 1011.745 86.75 36.55 0;1 347.66 433.415 88.7 35.03 0;1 413.28 385.64 89.8 31.32 0;1 456.9 431.065 86.38 30.71 0;1 496.455 479.655 83.21 33.87 0;1 569.81 1013.685 87.22 38.65 359.3;1 584.85 474.955 81.24 33.35 0;1 667.82 434.755 78.74 29.41 0;1 1092.45 317.35 78.6 39.06 0;1 1134.615 216.51 81.51 34.04 0;1 1190.91 314.36 73.1 33.82 0;1 1206.81 266.31 104.32 42.7 0;1 1239.72 216.44 82.62 34.74 0.2;1 1295.565 313.35 87.45 36.56 0;1 1321.715 264.34 68.55 32.62 0;1 1333.255 215.01 84.29 37.26 0;1 1395.575 312.99 84.63 32.98 0;1 1459.98 212.65 92.16 41.02 0;1 1509.27 317.055 91.72 34.21 0;1 1572.915 264 91.93 37.96 0;1 1579.41 214.825 90.92 35.47 0;1 1704.34 265.505 86.9 33.99 0;1 1878.495 208.48 83.01 32.82 0;4 394.62 478.05 80.78 32.26 0;4 569.845 434.275 101.63 34.55 0;4 1889.435 264.29 61.13 35.62 0;7 410.145 1019.99 150.29 55.08 0;7 637.225 382.57 122.59 42.28 0;7 730.915 469.52 80.47 29.74 0;7 1101.635 265.2 90.95 42.4 0;7 1458.605 261.42 112.09 46.2 0;7 1698.4 206.695 118.74 47.43 0;9 779.51 437.195 38.68 11.19 4.7667;9 1054.585 240.61 34.83 11.1 355.0063;9 1477.88 486.285 38.26 10.99 354.8
v_pj5m5n2y5u_0049,1 88.275 428.415 88.31 34.21 0;1 202.89 385.14 83.14 33.44 0;1 226.815 430.435 84.53 33.73 0;1 291.375 480.685 83.53 33.41 0;1 293.715 1009.635 86.75 36.55 0;1 344.24 382.19 80.9 32.76 0;1 351.07 432.565 88.7 35.03 0;1 458.03 430.855 86.38 30.71 0;1 468.44 384.035 89.8 31.31 0;1 500.445 478.765 83.21 33.87 0;1 582.505 1012.465 87.23 38.65 359.3;1 603.905 476.905 81.23 33.35 1.12;1 806.305 433.885 78.75 29.41 0;1 1036.8 316.595 78.6 39.07 0;1 1130.655 216.555 81.51 34.05 0;1 1188.61 314.32 73.1 33.82 0;1 1205.255 266.31 104.31 42.7 0;1 1237.095 216.87 82.61 34.74 0.2;1 1295.135 312.65 87.45 36.56 0;1 1326.235 214.98 84.29 37.26 0;1 1321.23 264.34 68.56 32.62 0;1 1393.2 312.86 84.64 32.98 0;1 1458.415 212.765 92.17 41.03 0;1 1507.57 316.295 91.72 34.21 0;1 1571.45 263.2 91.94 37.96 0;1 1579.265 214.625 90.91 35.47 0;1 1690.24 263.905 86.9 33.99 0;1 1808.35 208.175 88.7 32.93 0;4 394.625 476.66 80.77 32.26 0;4 640.515 432.335 101.63 34.55 0;4 1809.84 261.66 95.8 35.62 0;7 113.44 482.065 142.72 43.23 0;7 413.115 1018.76 150.29 55.08 0;7 710.235 383.89 122.59 42.28 0;7 759.98 467.19 80.46 29.74 0;7 1091.61 264.37 90.94 42.4 0;7 1457.545 261.08 112.09 46.2 0;7 1695.765 205.68 118.75 47.42 0;9 107.835 452.915 41.27 11.77 0;9 818.435 231.38 34.83 11.1 0.3;9 864.4 626.37 38.68 11.2 93.5
v_pjm5k0bonl_0000,1 238.58 569.975 35.7 80.39 115.9769;1 961.35 49.84 40.46 96.3 0;1 1011.82 196.32 82.06 39.02 51.16;1 1094.415 534.325 85.57 34.65 358.51;1 1318.095 524.555 89.59 35.51 359.1;1 1340.155 475.83 90.21 37.5 0;1 1527.35 521.46 93.74 36.72 0;4 1012.035 78.485 36.67 93.31 4.5519
v_pjm5k0bonl_0049,1 260.56 581.365 35.7 77.81 131.6;1 581.255 531.895 82.73 34.65 1.4;1 960.35 50.11 40.46 96.3 0;1 1009.51 289.02 84.78 39.02 95.2;1 1251.055 521.865 89.59 35.51 359.1;1 1338.875 471.69 90.21 37.5 0;1 1370.955 525.95 89.89 35.9 0;4 1002.185 165.755 36.67 93.31 4.5
v_plbw8b98b4_0000,1 968.565 456.985 87.43 37.19 0;1 982.645 522.65 95.29 38.86 0;1 967.355 802.005 38.31 99.43 0;1 976.085 992.32 44.97 102.3 0;1 1302.65 463.725 107.84 41.11 0;3 1583.77 525.245 152.66 48.51 0;8 733.695 493.025 61.75 25.19 0;8 1498.28 439.355 54.9 25.35 0
v_plbw8b98b4_0049,1 967.42 1010.11 38.26 94.14 0;1 969.625 579.705 38.31 93.67 0;1 980.43 716.945 40.8 98.19 3.55;1 1772.2 536.86 95.48 38.86 0;1 1828.485 471.46 91.75 37.18 0;8 1602.205 498.565 58.57 25.19 0
v_pnlf64rf68_0000,1 1363.22 522.32 37.9 96.02 87.98;1 1682.71 519.435 34.14 92.25 90.3
v_pnlf64rf68_0049,none
v_pnst3nrhe2_0000,1 1001.995 1021.18 39.51 82.78 0;1 1106.515 512.17 93.27 42.12 358.8;8 1027.955 574.615 66.13 22.55 337.3
v_pnst3nrhe2_0049,1 572.625 525.935 93.27 42.11 358.8;1 1008.35 808.48 35.48 90.9 0;1 1021.905 635.48 39.51 91.8 0;8 978.545 632.435 66.13 22.55 286.8
v_pnwb3tdxn2_0000,none
v_pnwb3tdxn2_0049,none
v_ppitvq6as5_0000,1 215.405 569.335 86.51 31.19 0.9;1 502.24 569.945 30.5 83.51 87;1 556.715 517.815 35.61 88.63 89.4;1 739.27 548.7 81.4 35.84 358.5;1 833.38 589.92 84.44 30.3 355.6;1 860.46 510.68 28.66 78.66 68.9;1 968.3 576.495 87.8 30.55 353.1077;1 954.32 378.13 38.2 86 4.9846;1 963.84 205.86 29.7 86.74 0;1 1457.21 541.97 83.4 28.66 0
v_ppitvq6as5_0049,1 199.12 563.97 81.4 35.84 358.775;1 395.16 583.7 84.44 30.3 359.1;1 535.52 591.31 87.8 30.54 358.6556;1 557.625 517.495 35.61 88.63 89.4;1 644.485 551.42 28.65 78.66 78.4;1 839.34 520.485 38.2 86.01 73.9333;1 947.925 1021.555 32.41 79.25 18.3741;1 953.8 390.71 29.7 86.74 10.4333;1 1205.185 542.795 78.89 28.65 0;1 1528.41 546.085 90.32 34.41 0
v_ppw1yrxujo_0000,9 1183.745 481.865 47.61 19.25 2.7
v_ppw1yrxujo_0049,9 612.005 492.33 47.61 19.26 358.4
v_pq1sbhvyhr_0000,1 28.945 476.32 37.23 58.02 90.5;1 362.245 532.615 37.89 93.15 89.58;1 572.335 542.91 83.97 35.62 0;1 761.775 514.03 34.79 87.72 77.62;1 943.685 267.36 34.45 86.8 2.4;1 1011.31 709.89 36.66 80.36 0.4;1 1012.655 169.66 36.11 89.88 0
v_pq1sbhvyhr_0049,1 28.835 477.845 37.23 57.63 90.5;1 179.275 532.68 37.91 96.2 89.8;1 945.115 269.925 34.45 86.79 2.4;1 997.735 224.43 35.47 93.5 0;1 1012.41 496.72 34.82 85.14 0;1 1684.7 511.745 98.04 38.01 356.98
v_pqzvda4stz_0000,1 173.98 547.125 79.42 31.91 2.9;1 366.25 515.595 80.38 27.79 0;1 996.64 238.075 27.3 84.77 0;1 1029.08 75.2 35.6 88.46 0;1 1121.22 495.65 82.4 26.46 0;1 1538.71 490.3 94.7 31.1 0;1 1675.465 514.335 91.77 31.33 0;9 984.385 153.9 11.15 40.58 0;9 987.12 78.675 14.16 42.23 0
v_pqzvda4stz_0049,1 555.685 510.51 75.47 26.46 0;1 913.53 459.935 27.3 84.77 42.6818;1 997.45 151.98 29.86 77.6 0;1 1015.64 16.4 34.2 32.8 0;1 1025.66 290.22 35.6 88.46 0;1 1280.115 485.975 86.35 31.11 0;1 1383.63 524.81 91.76 31.32 356.6545;1 1909.42 509.82 21 30.1 0;9 925.355 396.135 11.15 40.59 16.2545;9 974.7 263.68 12.4 40.5 5.8909
v_pr5u45y450_0000,none
v_pr5u45y450_0049,1 1599.315 506.285 93.51 37.87 359
v_prbs5j0pjg_0000,none
v_prbs5j0pjg_0049,1 997.72 792.04 34.56 88.78 358.29;1 1704.945 535.765 94.43 39.35 356.9
v_pw9jtle8lo_0000,1 288.695 1006.865 88.67 36.55 0;1 301.45 440.35 81.8 29.42 0;1 569.51 1010.045 87.22 38.65 359.3;1 775.53 310.72 30.56 74.84 287.34;1 921.115 794.85 35.05 81 0;1 942.82 1049.18 34.94 61.64 0;1 966.195 730.165 32.75 78.25 0;1 1093.56 316.02 78.6 39.06 0;1 1208.815 213.38 81.51 34.04 0;1 1250.925 312.1 76.77 33.82 0;1 1358.465 218.54 82.61 34.74 0.2;1 1628.09 261.375 109.12 39.97 0;1 1884 207.24 72 37.26 0;7 411.14 1015.465 150.28 55.09 0;7 637.12 381.42 122.6 42.28 0;7 730.395 467.625 80.47 29.73 0;7 742.01 210 46.56 125.56 328;7 1141.245 262.49 93.41 42.4 0;9 558.155 439.99 40.79 12 0
v_pw9jtle8lo_0049,1 193.95 266.585 30.56 76.81 272.5;1 287.215 1008.435 86.75 36.55 0;1 349.285 469.735 83.85 33.35 0;1 569.2 1010.97 87.22 38.64 359.3;1 661.895 432.55 78.75 29.42 0;1 827.565 330.47 35.05 81 318.4;1 873.53 291.44 33.02 77.72 319.66;1 901.275 442.61 34.95 83 346.91;1 1093.29 316.345 78.6 39.07 0;1 1135.835 215.465 81.51 34.05 0;1 1192.155 314.36 73.11 33.82 0;1 1234.19 264.91 104.32 41.06 0;1 1240.54 217.47 82.62 34.74 0.2;1 1336.82 214.25 84.3 37.26 0;1 1493.1 309.96 87.46 36.56 0;1 1542.26 261.79 76.72 32.62 0;7 410.485 1018.97 150.29 55.08 0;7 545.11 106.725 58.48 124.95 273.94;7 637.235 381.65 122.59 42.28 0;7 730.855 468.085 80.47 29.73 0;7 1100.035 263.49 90.95 42.4 0;9 767.84 433 38.68 11.2 0.7;9 1229.45 77.98 33.5 12.38 0;9 1765.95 206.345 40.22 13.17 0
v_pxbeekjz1j_0000,1 205.24 518.99 93.28 42.04 0;1 902.905 497.97 103.79 49.92 0
v_pxbeekjz1j_0049,1 127.72 516.365 103.8 49.93 0
v_pybagppb4s_0000,1 76.775 518.86 79.61 30.9 1;1 581.605 515.02 75.71 27.82 0;1 812.215 516.55 88.83 32.7 0;1 1110.855 537.615 91.19 30.47 353.1;1 1438.68 509.3 97.12 33.3 357.5;1 1593.78 519.62 67.74 26.84 0.1;1 1876.45 499.455 87.1 32.21 0
v_pybagppb4s_0049,1 124.965 511.04 75.71 27.82 0;1 231.21 533.59 84.66 32.7 0;1 761.475 557.695 85.51 30.47 357.8;1 970.33 241.565 36.1 105.85 7.5714;1 1172.455 541.96 91.95 33.3 347.8286;1 1346.085 523.955 63.75 26.85 356.8643;1 1516.81 489.87 86.78 34.42 0;1 1764.93 508.825 87.52 33.69 0;1 1910.88 508.335 18.24 30.79 0
v_q0kpcilcn5_0000,1 421.37 515.05 102.48 47.3 0
v_q0kpcilcn5_0049,9 993.29 948.05 16.68 54.96 0
v_q0m77me4kf_0000,1 559.805 502.815 35.61 88.63 89.4;1 726.415 567.57 81.05 28.38 357.9;1 955.785 1012.88 30.79 83.3 2.1;1 960.7 403.665 30.1 83.09 9.2818;1 995.3 527.59 86.78 34.3 355.1;1 969.625 135.96 31.73 80.1 2.3;1 988.57 278.9 32.9 82.28 359;1 1017.785 764.99 31.77 80.72 356.7692;1 1210.465 547.055 105.87 34.47 351.8;1 1394.285 525.74 88.95 30.2 0;1 1474.45 574.115 84.8 31.15 356.8789;9 772.765 533.89 32.79 15.06 357.3;9 1038.015 280.15 9.15 32.28 357.6455
v_q0m77me4kf_0049,1 122.44 560.71 81.06 28.38 359.4;1 460.37 559.785 86.78 34.31 1.5;1 560.66 498.93 35.6 88.62 89.4;1 772.72 565.315 101.44 34.47 0.7;1 810.865 511.18 30.09 83.08 81.2;1 940.725 453.71 31.73 80.1 20.45;1 955.325 988.8 30.79 83.3 6.6424;1 958.36 244.23 33.2 88.7 0;1 960.26 63.635 30.4 82.03 0;1 1003.795 167.01 33.47 83.4 0;1 1011.35 617.66 32.9 82.28 358;1 1202.77 520.41 84.16 30.2 0;1 1324.21 540.73 84.8 31.16 5.8833;9 301.415 540.01 32.79 15.06 357.3;9 1015.48 515.13 9.14 32.28 8.65
v_q0xa96jrat_0000,1 555.255 516.46 35.61 88.62 89.4;1 961.34 274.72 31.4 86.7 0;1 961.59 486.9 29.4 75.2 0;1 963.95 740.915 31.7 85.33 355.1;1 965.4 984.625 32.64 79.53 0;1 967.58 133.185 32.8 88.59 0;1 1012.005 538.945 31.59 83.15 0;1 1014.32 1047.805 29 64.01 359.2;1 1169.68 506.435 86.52 31.19 1.5;1 1307.595 518.215 90.11 34.01 0;1 1563.275 529.755 91.33 30.89 359.54;9 1247.06 558.425 40.36 14.11 0
v_q0xa96jrat_0049,1 555.515 516.75 35.61 88.62 89.4;1 817.87 535.25 31.4 83.16 63.45;1 959.26 1019.555 31.7 85.33 1.7;1 960.84 371.06 32.8 82.66 0;1 966.61 117.64 31.7 85.1 0;1 1004.36 915.05 29.4 71.68 352.7;1 1142.615 560.625 90.11 34.01 352.275;1 1168.75 504.665 86.52 31.19 1.5;1 1288.275 553.225 91.33 30.89 352.9;9 939.785 563.745 34.61 14.11 0
v_q26jh92rlw_0000,1 161.805 515.56 140.65 52.08 357.9;1 574.835 532.98 104.65 47.44 0;1 930.655 493.21 93.49 40.46 0;1 985.435 630.725 45.85 94.27 340.1;1 1010.185 816.93 37.67 101.86 0
v_q26jh92rlw_0049,1 17.05 528.79 34.1 47.44 0;1 273.445 512.745 93.49 40.47 0;1 644.405 497.765 45.85 104.43 270.6;1 913.23 554.605 44.6 101.87 319.3;1 1008.095 813.465 50.23 89.35 0;1 1579.51 508.61 107.68 47.44 359.8
v_q2wru9u253_0000,1 1000.275 864.445 34.15 90.79 0;7 1012.92 729.64 38.86 122.56 357.7
v_q2wru9u253_0049,1 1002.965 737.905 34.15 90.79 0;7 929.025 548.05 38.87 122.56 311.06
v_q2xw9bmkzp_0000,1 532.445 1016.635 77.75 35.87 0;1 909.935 739.98 38.17 86.5 0;1 913.395 905.55 32.35 77.3 0;1 917.075 1048.55 38.47 62.9 0;1 961.66 809.365 33.82 76.87 0;1 964.835 1050.025 35.01 59.95 0;1 967.22 950.125 38 82.25 0;7 845.89 139.21 96.5 47.06 0.86
v_q2xw9bmkzp_0049,1 532.54 1017.59 77.74 35.88 0;1 853.97 288.47 38.18 86.5 343.12;1 911.69 814.805 36.7 83.95 0;1 911.715 576.15 32.35 77.3 356.36;1 915.835 1059.815 35.51 40.37 0;1 925.39 420.955 33.82 76.87 349.52;1 958.75 745.36 38 82.24 0;1 963.905 932.23 37.13 86.2 0;7 336.19 125.765 96.32 46.77 0.5
v_q4drgeylry_0000,1 64.77 530.435 94.26 38.87 0.2;1 1369.29 517.51 96.76 40.66 1.4
v_q4drgeylry_0049,1 968.025 521.34 89.87 40.66 0;1 1002.975 1027.465 41.11 78.85 0;1 1853.295 501.69 94.23 37.64 346.38
v_q4luc2bv79_0000,1 1227.935 502.08 93.67 38.7 359.6;1 1741.44 509.14 98.92 39.46 357.83
v_q4luc2bv79_0049,1 745.385 504.38 93.67 38.7 359.6;1 1269.92 490.08 98.92 39.46 0.6
v_q4o9vv6itw_0000,1 223.54 535.485 103.88 46.59 0.175;1 1058.215 538.71 103.35 42.52 0.6;1 1140.685 490.83 89.07 38.1 0.8
v_q4o9vv6itw_0049,1 305.685 535.815 103.35 42.51 0.6;1 654.645 519.99 89.07 38.1 357.5
v_qakzfoi9kb_0000,1 847.565 522.06 92.01 58.6 10.4;9 379.49 525.3 48.84 23.72 0;9 1406.465 530.88 40.47 23.72 0
v_qakzfoi9kb_0049,1 216.85 529.005 105.94 58.61 358.7;9 1730.19 600.65 40.46 23.72 22
v_qcgzg9w8js_0000,1 450.17 435.865 72.4 27.93 355.1;1 807.37 364.67 79.3 30.1 358.4;1 918.82 843 28.46 75.5 0;1 971.86 859.505 30.66 71.63 0;1 972.31 959.28 30.62 77.46 0;1 1577.91 357.1 95.12 35.66 0;1 1657.09 414.65 71.9 31.9 0;1 1819.845 95.725 78.19 27.59 0;2 627.965 461.415 102.81 34.19 0;7 403.725 225.62 93.69 34.38 358.7;7 920.59 979.75 35.3 131.6 0;7 1056.575 404.6 106.37 32.4 0
v_qcgzg9w8js_0049,1 282.9 413.695 80.52 28.35 0;1 714.905 409.99 66.63 27.58 0;1 836.1 517.565 72.4 27.93 56.5364;1 919.08 842.61 28.46 75.5 0;1 972.43 858.61 30.66 71.64 0;1 972.645 958.8 30.63 77.46 0;1 1135.335 112.055 78.19 27.59 0;1 1765.95 348.89 70.06 30.1 358.4;2 632.615 460.885 102.81 34.19 0;7 921.685 978.99 35.31 131.6 0;7 1841.44 403.99 92.48 32.4 0
v_qd17ryl7gb_0000,none
v_qd17ryl7gb_0049,none
v_qdwbssk6iw_0000,1 33.81 528.18 36.9 66.34 88.8;1 332.54 529.975 73.6 34.41 359.7;1 567.06 513.44 33.82 81.12 89.8;1 953.215 390.17 36.41 92.94 18.69;1 963.44 48.795 40.2 95.39 0;1 989.865 695.67 85.67 38 288.15;1 1013.89 105.31 36.04 89.8 2.7;1 1016.68 539.055 38.86 86.83 1.7;1 1127.685 549.235 79.99 36.91 334.51;1 1262.09 500.24 88.54 39.02 0.3;1 1684 479.19 94.8 37.5 0;4 1386.145 545.365 92.83 34.41 15.6
v_qdwbssk6iw_0049,1 84.07 515.88 33.82 86.06 89.8;1 253.43 578.275 90.54 40.57 32.3;1 580.155 516.78 36.41 92.94 89.5;1 896.21 510.05 82.22 38.34 0.3;1 963.57 48.54 40.46 94.88 0;1 987.38 319.24 36.04 89.8 7;1 1022.265 638.425 79.99 36.91 303;1 1006.545 845.085 38.85 86.83 0.7;1 1008.66 183.455 38.34 88.21 4.6;1 1013.945 68.16 37.91 88.8 1.02;1 1681.435 480.05 94.81 37.5 0;1 1750.315 527.995 100.49 38.23 0;4 1284.535 529.255 88.47 34.41 3.9
v_qe86wrxwtz_0000,1 46.925 434.25 93.85 37.3 0;1 229.34 482.84 81.06 32.38 0;1 244.805 437.125 89.71 34.71 0;1 403.92 481.25 103.94 35.46 0;1 415.28 437.12 87.9 33.04 0;1 537.38 389.315 88.9 36.49 0;1 561.67 434.47 80.12 32.3 0;1 588.175 1057.035 73.63 36.41 17.79;1 628.04 484.835 79.36 32.29 359;1 720.235 437.06 82.67 35.46 0;1 753.375 483.24 78.15 32.72 8.3;1 836.85 737.725 87.8 33.03 95.2;1 853.785 583.515 76.37 31.01 87;1 862.705 394.165 78.25 31.51 0;1 926.71 437.99 76.92 34.26 0;1 909.555 891.98 35.85 86.44 0.4333;1 908.385 1007.3 32.91 81.16 0;1 963.475 880.51 33.57 75.38 0;1 1494.525 388.195 84.57 32.05 358.9;1 1749.25 393.18 87.1 34.54 358.6;1 1828.595 445.645 101.89 37.79 0;4 1112.925 400.145 84.57 34.07 0.5;5 687.47 270.61 167.52 53.02 1;7 210.26 386.335 187.92 48.71 0;9 526.63 499.485 39.02 13.17 0;9 850.65 492.825 36.38 11.75 2.4
v_qe86wrxwtz_0049,1 184.15 487.525 94.6 37.03 0;1 341.895 478.775 83.63 34.81 0;1 429.965 388.885 86.27 34.95 0;1 456.07 436.465 106.16 37.49 0;1 543.91 482.05 76.94 32.38 0;1 621.565 438.115 83.93 34.71 0;1 636.245 1064.855 73.63 30.29 5;1 682.06 481.51 100.04 35.46 1.24;1 797.465 441.11 86.55 33.04 0;1 831.395 1014.52 79.01 31.64 90.4;1 838.36 733.5 78.16 32.72 91;1 838.935 547.945 76.31 33.31 51.5;1 908.915 890.36 35.85 86.44 2.0667;1 908.545 1005.99 32.91 81.16 0;1 952.89 995.145 30.38 82.41 0;1 963.305 879.455 33.57 75.39 0;1 998.005 439.21 76.91 32.86 0;1 1189.875 394.74 84.33 36.5 0;1 1318.315 439.12 80.53 35.14 0;1 1528.65 389.945 78.24 31.51 0;1 1537.615 438.485 80.17 34.27 0;4 1738.88 388.735 91.7 36.91 359.5;7 281.71 436.125 100.2 35.93 0;7 671.81 385.705 176.68 48.71 0;9 778.39 523.41 36.82 10.66 25.21;9 1423.24 498.21 33.6 11.16 359.96
v_qfj24z0tod_0000,1 8.715 490.095 17.33 31.89 359.2;1 124.57 555.615 28.68 67.61 90;1 331.81 556.855 86.8 33.31 359.5;1 565.13 537.245 30.34 76.51 85;1 637.935 487.55 86.83 30.34 359.7;1 722.61 547.175 31.36 80.37 84.3789;1 874.72 504.42 30.7 77.48 53.5;1 962.175 378.42 32.87 87.2 9.35;1 978.665 216.9 32.71 83.8 3.5;1 992.295 37.425 29.03 74.55 0;1 1030.265 662.795 31.13 85.61 358.2;1 1060.105 1047.125 31.13 65.53 359.5387;1 1227.805 479.23 83.21 30.6 358.2;9 1036.435 39.015 8.07 39.85 0
v_qfj24z0tod_0049,1 29.58 556.66 30.34 58.9 88.6;1 249.03 534.32 31.36 87.34 88.4;1 506.35 560.73 30.7 76.7 89.4;1 606.065 488.89 86.83 30.34 359.546;1 728.125 535.75 32.87 83 81.6714;1 880.685 479.58 32.71 81.38 50.0571;1 965.01 327.56 29.04 79.5 4.6;1 975.845 180.56 27.83 69.4 5.1;1 1028.345 119.71 33.09 91.42 0;1 1063.215 1007.7 31.13 81.52 42.2588;1 1228.06 477.745 83.2 30.59 358.2;1 1693.45 496.06 82.1 31.46 0;1 1887.7 502.435 64.6 32.67 0;9 1044.4 349.515 8.06 34.43 0
v_qfr4z12xqy_0000,1 30.545 471.85 60.83 38.36 0;1 121.53 477.59 91.82 41.04 0;1 251.55 479.055 116.44 38.57 0.2;1 381.72 474.61 87.08 37.06 0;1 487.035 478.36 99.35 38.98 0;1 616.735 487.16 98.93 44.3 0;1 720.19 483.575 90.82 36.47 0;1 817.235 537.305 104.71 42.83 0;1 831.51 477.12 93.78 37.28 0;1 914.655 626.085 33.69 90.05 359.2;1 997.59 487.685 102.7 40.79 0;1 972.085 769.905 37.35 91.81 0;1 1002.17 603.095 34.48 72.29 20.0828;1 1087.59 541.24 98.5 36.5 354.8;1 1110.55 481.505 96.7 38.35 0;1 1252.935 490.525 96.41 42.93 0;1 1277.51 539.69 38 103.5 90.5;1 1407.45 487.665 96.24 38.79 0;1 1573.99 552.695 102 39.07 0.2;1 1604.22 494.84 98.88 38 1.2;1 1848.135 551.66 105.07 39.3 0;1 1875.38 496.91 88.66 38.1 357.8;3 961.195 978.13 40.61 147.2 359.0229;9 993.17 555.81 40.1 11.5 350;9 1178.05 576.23 37 12.36 357.4;9 1388.135 577.555 41.63 15.93 2.2
v_qfr4z12xqy_0049,1 31.12 471.85 61.98 38.36 0;1 120.73 474.76 91.82 41.04 0;1 157.815 527.37 115.69 41.7 2.1091;1 251.65 479.575 116.44 38.57 0.2;1 393.38 474.495 94 37.07 0;1 513.475 478.56 99.35 38.98 0;1 628.195 486.47 98.93 44.3 0;1 770.19 470.395 90.82 36.47 353.3;1 812.91 535.645 104.72 42.83 0;1 893.44 475.3 93.78 37.28 0;1 954.41 182.88 33.7 90.06 7.3;1 980.155 648.315 37.35 91.81 5.5;1 1078.51 563.715 34.48 72.29 70.2;1 1195.285 489.055 102.69 40.79 0;1 1296.87 539.57 98.5 36.5 359.6;1 1419.44 489.135 96.7 38.35 0;1 1592.145 546.05 37.99 103.5 90.5;1 1655.41 490.765 96.4 42.93 0;1 1865.45 495.765 96.24 38.79 0;1 1894.985 551.48 49.57 39.06 0.2;3 959.945 869.8 40.61 147.2 1.8;9 1474.74 582.52 40.1 11.5 2;9 1863.93 582.4 37 12.36 3.3
v_qh610yk9yf_0000,1 969.015 848.65 38.53 99.7 0;1 990.8 684.31 38.22 90.2 12.88;1 1050.71 583.06 40.02 89.84 37.3
v_qh610yk9yf_0049,1 743.68 491.97 95.38 42.74 0;1 969.905 731.4 38.53 96.66 0;1 996.23 603.91 38.22 86.16 1.7;1 1074.54 568.425 40.02 87.25 55.5
v_qhoua2184j_0000,1 14.305 419.575 28.61 32.71 0;1 77.24 512.99 84.4 32.72 0;1 50.56 311.34 25.8 81.26 270.6;1 124.85 414.96 83.6 33.42 0;1 177.025 520.08 91.63 34.16 0;1 219.92 414.085 89.46 34.35 0;1 303.755 517.625 89.79 32.07 0;1 337.69 421.56 79.46 32.78 0;1 370.935 469.95 79.43 30.1 0;1 462.57 416.9 87.3 32.7 0;1 483.01 467.935 78.7 33.57 0;1 494.31 293.295 34.28 96.53 270.7;1 575.445 516.21 82.43 33.16 0;1 577.75 464.945 81.98 34.59 0;1 577.865 415.8 81.99 31.8 0;1 687.26 475.725 87.8 33.83 0;1 702.2 422 79.16 32.68 0;1 703.345 518.045 79.95 32.93 0;1 837.98 814.77 71.88 29.36 161.2;1 1319.765 248.125 79.31 35.33 359.3;1 1349.775 298.875 75.97 34.29 0;1 1422.085 246.935 84.81 34.35 0;1 1440.715 341.435 103.03 37.33 0;1 1581.15 342.745 99.74 38.17 0;1 1614.86 292.64 87.02 35.6 0;1 1688.07 243.815 87.54 35.43 0;1 1717.83 297.72 91.76 36.9 0;2 1222.15 297.345 87.76 38.71 0;2 1548.995 246.725 105.13 36.11 0;4 217.845 467.67 82.79 30.2 0;4 1239.485 163.52 88.05 39.06 0;4 1488.18 295.465 100.7 39.29 0;7 67.51 467.3 126.3 34.36 0;7 108.44 255.145 34.4 98.11 271.2;7 437.06 517.47 136 41.26 0;7 1261.865 344.53 114.59 35.4 0;7 1833.4 293.34 123.2 39.52 0;9 767.415 454.5 41.91 11.58 359.2;9 807.18 449.885 44.12 15.89 0;9 1193.445 231.435 42.69 13.63 0
v_qhoua2184j_0049,1 14.54 420.19 29.08 32.7 0;1 78.09 513.325 84.4 32.71 0;1 126.62 415.36 83.6 33.42 0;1 177.29 520.78 91.62 34.16 0;1 220.45 414.91 89.46 34.36 0;1 304.005 518.13 89.79 32.06 0;1 340.245 421.73 79.47 32.78 0;1 372.625 470.51 79.43 30.1 0;1 462.65 417.145 87.3 32.71 0;1 486.69 468.28 78.7 33.56 0;1 575.855 516.59 82.43 33.16 0;1 577.855 465.115 81.97 34.59 0;1 577.95 416.015 81.98 31.79 0;1 687.37 476.055 87.8 33.83 0;1 702.38 422.095 79.16 32.69 0;1 704.145 518.315 79.95 32.93 0;1 837.915 814.89 71.89 29.36 161.2;1 1017.59 1017.935 27.88 66.57 0;1 1319.9 248.24 79.3 35.34 359.3;1 1349.59 299.515 75.96 34.29 0;1 1421.685 247.105 84.81 34.35 0;1 1440.43 341.78 103.04 37.32 0;1 1580.52 342.815 99.74 38.17 0;1 1613.88 292.64 87.02 35.6 0;1 1687.205 243.815 87.55 35.43 0;1 1717.34 297.9 91.76 36.9 0;2 1222.13 297.74 87.76 38.7 0;2 1548.605 246.875 105.13 36.11 0;4 220.005 468.075 82.79 30.19 0;4 1232.19 164 88.04 39.06 0;4 1488.02 295.575 100.7 39.29 0;7 69.8 467.855 126.3 34.35 0;7 438.26 518.5 136 41.26 0;7 1256.415 346.905 114.59 34.97 0;7 1832.745 294.05 123.19 39.52 0;9 767.69 454.905 41.92 11.59 359.3714;9 807.44 450.125 43.14 15.53 0;9 1192.585 232.835 40.65 16.01 0
v_qhtdy6ja6d_0000,1 802.21 517.76 88.3 37.64 0.2;1 966.565 47.145 42.41 94.29 0;1 1007.7 1041.2 37.64 77.6 0;1 1020.365 45.875 36.41 86.05 0;1 1074.1 522.8 84.64 38.84 0;1 1214.72 533.995 86.52 32.99 351.3;1 1223.17 478.465 95.18 36.39 0.3
v_qhtdy6ja6d_0049,1 369.89 512.53 88.3 37.64 0.2;1 595.98 562.855 86.52 32.99 359.6;1 612.45 512.09 80.64 34.8 0;1 966.245 46.28 41.77 92.56 0;1 1017.305 305.905 36.41 86.05 0;1 1222.985 477.325 95.19 36.39 0.3;1 1542.245 506.8 90.11 37 0
v_qhwdeycz4k_0000,1 158.54 546.925 81.86 31.15 0.3;1 559.495 495.925 35.61 88.63 89.4;1 958.655 331.95 32.79 88.04 0;1 1013.71 70.39 35.9 92.7 0;1 1022.82 311.42 33.7 85.6 0
v_qhwdeycz4k_0049,1 558.195 496.06 35.61 88.62 89.4;1 824.12 534.745 32.8 88.05 71.4;1 958.825 294.765 31.37 82.97 0;1 962.55 145.58 32.9 85.3 0;1 1009.93 327.12 35.9 92.7 0;1 1019.47 758.9 33.7 85.6 0;1 1018.12 53.68 29.9 85.8 0
v_qi3iselwzh_0000,1 905.9 534.8 77.78 36.06 359.7;1 1287.065 540.585 91.63 38.87 359.8
v_qi3iselwzh_0049,1 373.13 536.6 77.78 36.06 359.7;1 981.095 536.695 91.63 38.87 359.8
v_qii1uxp63g_0000,none
v_qii1uxp63g_0049,none
v_qjnmogw2ym_0000,1 19.12 512.425 38.24 37.79 89.9;1 207.035 544.165 34.77 84.53 89.9;1 802.815 524.86 35.15 86.7 69.2;1 928.115 384.515 33.31 79.41 5.68;1 939.355 232.96 37.33 91.04 0;1 947.295 1054.39 52.49 35.92 270;1 945.405 36.785 38.15 73.57 0;1 986.34 404.11 39.42 97.74 0;1 1000.18 986.23 36.54 87.56 359.4;1 1000.72 823.995 35.04 84.23 358.2;1 1102.8 563.735 84.1 34.69 340.24;1 1103.615 499.13 81.33 34.62 4.8;1 1377.21 516.435 87.9 34.53 0;1 1507.78 539.125 83.2 32.39 0;9 241.16 498.4 37.68 11.88 0;9 814.56 475.535 13.8 41.67 65.02
v_qjnmogw2ym_0049,1 241.34 544.035 35.14 90.71 89.8;1 576.805 543.85 33.31 78.64 89.44;1 865.695 485.16 37.33 85.9 44.02;1 931.25 329.08 38.16 88.36 0;1 947.295 1055.87 49.55 35.92 270;1 956.21 84.41 36.96 90 0;1 970.91 743.525 39.42 95.11 0;1 1020.3 617.005 84.1 34.69 320.45;1 999.4 1050.545 36.54 58.83 359.4;1 1002.505 928.825 35.05 86.77 0.9;1 1052.22 505.97 80.24 35.1 354.44;1 1112.7 545.13 84.94 34.92 353.4;1 1257.76 540.405 78 32.39 358.7;4 1540.665 525.95 94.49 35.3 0;9 159.895 503.165 12.77 41.67 88.3
v_ql3fxinb9c_0000,1 908.53 573.16 36.7 93.52 0;1 1353.205 457.21 98.25 39.2 0;4 1648.935 463.42 102.13 40.74 0;9 631.995 431.325 46.31 17.05 0
v_ql3fxinb9c_0049,1 47.65 467.47 95.3 37.84 0;1 922.405 869.485 39.97 91.25 0;1 1884.695 462.145 70.61 39.19 0;9 153.11 519.52 45.3 12.8 0;9 1374.245 515.885 41.53 13.73 0.7
v_ql3p1khdu1_0000,1 144.5 486.645 110.18 41.05 0;1 819.04 474.605 89.38 37.17 347.71;1 930.65 542.205 89.88 35.39 359.1;1 922.945 831.08 42.47 96.2 0;1 927.065 179.5 40.45 95.06 0;1 927.285 968.025 40.65 97.11 0;1 928.31 678.36 35.3 89.22 0;1 985.54 739.88 39.4 94.6 0;1 991.05 915.92 36.46 97.62 0;1 1028.55 487.235 86.14 38.53 0.4;1 1156.725 513.22 91.07 38.1 353;1 1262.2 562.655 87.82 37.81 0.9;1 1366.78 446.58 95.16 41.46 358.1;1 1371.58 543.895 40.26 87.67 90.9;1 1461.02 493.525 91.68 38.97 358.5;1 1569.52 484.87 103.8 42.34 359.8;1 1626.245 530.19 89.95 37.18 356.3;1 1728.635 490.45 90.19 40 0;1 1836.555 489.39 94.45 37.2 359.5;1 1859.3 559.275 39.08 96.11 86.9;4 1504.485 544.81 97.95 36.12 359;7 578.155 493.25 116.39 41.8 0;9 982.15 1051.645 14.5 47.59 0
v_ql3p1khdu1_0049,1 314.84 518.845 98.68 37.37 1.98;1 552.215 490.84 101.41 41.06 0;1 926.115 503.09 40.69 90.96 0;1 925.69 261.685 35.3 89.23 359;1 928.13 723.96 37.24 90.9 0;1 969.245 46.83 90.79 37 272.86;1 987.175 674.705 36.47 93.09 0;1 996.635 922.805 38.15 95.33 0;1 1037.61 544.92 39.4 91.46 33;1 1143.46 539.935 89.34 35.39 359.7;1 1237.13 492.055 84.64 37.65 2;1 1261.395 563.31 87.81 37.8 0.9;1 1357.24 498.59 91.08 38.1 357.9;1 1365.535 447.19 95.15 41.46 358.1;1 1370.69 545.865 40.26 87.67 90.9;1 1460.725 495.28 91.67 38.98 358.5;1 1566.375 486.985 103.79 42.33 359.8;1 1623.925 530.795 89.95 37.17 356.3;1 1726.03 491.68 90.2 40 0;1 1832.565 490.555 94.45 37.21 359.5;1 1855.15 560.55 39.08 96.1 86.9;4 927.72 965.98 41.1 119 0;4 1503.045 545.14 97.95 36.12 359;7 727.63 492.845 108.96 38.89 0;9 964.51 741.545 14.5 47.59 359.3
v_qnqoa748uc_0000,1 106.285 560.39 81.05 28.38 359.4;1 448.665 559.485 86.77 34.31 1.5;1 560.735 498.815 35.61 88.63 89.4;1 762.29 564.815 101.44 34.47 0.7;1 806.49 511.9 30.1 83.08 81.2;1 936.125 459.22 31.73 80.1 22.925;1 955.205 989.025 30.79 83.29 6.7727;1 958.28 247.9 33.2 88.7 0;1 960.11 71.775 30.4 82.03 0;1 1003.945 172.91 33.47 83.4 0;1 1011.18 629.155 32.9 82.29 358;1 1198.155 520.34 84.17 30.2 0;1 1320.58 540.68 84.8 31.16 5.225;9 289.72 540.81 32.8 15.06 357.3;9 1013.68 521.35 9.14 32.28 9.525
v_qnqoa748uc_0049,1 173.72 552.105 101.44 34.47 0.7;1 447.81 540.17 30.1 83.08 90.3235;1 561.73 496.99 35.6 88.62 89.4;1 599.35 556.48 31.72 80.1 86.2333;1 813.35 549.06 77.48 30.2 354.5611;1 932.455 1029.735 30.79 83.29 27.4;1 942.63 434.22 33.2 85.18 12.2333;1 953.5 300.645 30.4 82.03 0.2556;1 959.32 154.005 30.2 86.23 0;1 991.15 568.755 84.8 31.15 352.7;1 1005.425 217.67 31.59 76.66 0;1 1013.995 464.225 33.47 80.05 0;9 967.315 816.29 9.13 32.28 359.3
v_qnz9ljiztb_0000,none
v_qnz9ljiztb_0049,none
v_qophc60wi2_0000,1 34.27 533.73 40.54 68 269.5
v_qophc60wi2_0049,1 1867.205 497.8 91.19 38.7 347.7
v_qpk6shm347_0000,1 135.84 480.905 32.8 88.05 93.3;1 556.135 498.08 35.61 88.62 89.4;1 630.19 563.145 86.38 34.27 358.7;1 895.68 464.22 29.7 82.48 40.88;1 960.07 221.545 33.3 84.15 0;1 959.505 382.92 31.47 83.5 2.66;1 975.38 4.805 33.1 9.49 0;1 1012.23 744.17 78.8 30.2 286.62;1 1017.99 557.96 35.8 90.68 0;1 1019.645 418.21 31.91 78.4 0;1 1021.69 241.975 30.7 86.61 0;1 1840.935 526.34 101.99 33.6 0;2 1046.445 40.375 31.15 80.75 347.1;7 235.87 546.915 30.3 102.51 91.2
v_qpk6shm347_0049,1 2.855 562.845 5.71 34.27 2.3;1 425.37 554.11 29.7 82.48 90.9;1 557.055 499.175 35.61 88.63 89.4;1 570.125 562.82 31.47 83.5 89.8692;1 873.405 484.465 33.29 84.15 47.0231;1 972.435 287.655 33.09 90.73 0;1 1007.965 157.795 34.01 95.27 355.0154;1 1015.05 963.25 35.8 90.68 0;1 1019.615 725.98 31.91 78.4 0;1 1021.43 522.925 30.7 86.61 0;1 1369.145 534.375 101.99 33.61 358.1538;2 1052.765 103.435 31.15 82.09 355.8
v_qvyqosu3fi_0000,1 606.36 526.725 101.82 49.93 359.8;1 1600.04 538.955 87.98 43.15 357.58
v_qvyqosu3fi_0049,1 1177.265 531.82 80.29 43.16 359.9;8 996.88 855.76 25.14 90.42 0
v_qxwgg5f9u7_0000,1 338.165 466.045 86.19 34.77 0;1 534.35 256.355 31.32 76.95 272.5;1 711.23 159.9 27.44 66.84 278.19;1 770.645 504.78 71.89 29.36 353.1;1 926.345 282.41 33.63 79 333.56;1 982.55 527.7 30.22 79.18 350.96;1 1002.15 782.02 31.34 78.4 359.1;1 1007.495 977.78 31.27 81.3 0;1 1037.71 633.45 31.14 76.1 355.6;1 1055.595 867.245 32.93 86.57 0;1 1056.765 1055.375 29.75 49.25 0;1 1127.745 914.145 71.49 34.31 2.6;1 1366.985 295.375 72.43 33.11 359.2;1 1653.545 423.765 31.31 80.29 88.52;7 1018.52 441.82 36.82 126.28 344.49;9 785.095 474.52 35.53 14.8 359.3;9 1796.91 238.255 47.92 19.85 358.74
v_qxwgg5f9u7_0049,1 117.38 460.38 82.7 30.32 0;1 502.86 414.095 80.16 33.17 0;1 531.755 465.97 84.71 32.46 0;1 554.22 137.44 33.64 79 270.42;1 685 465.235 82.58 34.77 0;1 770.715 504.66 71.89 29.36 353.1;1 919.49 360.18 30.22 79.18 318.48;1 977.81 493.72 31.34 78.4 350.3;1 997.995 613.26 31.27 81.3 355.2;1 1001.955 400.47 31.13 76.1 346.5;1 1014.625 761.94 32.75 71.76 359.9;1 1036.015 501.54 32.93 86.58 355.5;1 1053.23 904.16 33.96 97 0;1 1090.815 614.09 29.75 79.48 25.2;1 1121.66 914.755 71.5 34.31 4.49;1 1221.83 295.255 72.42 33.11 359.2;1 1549.37 339.91 83.78 34.16 0;1 1598.52 295.26 82.4 31.72 0;1 1807.38 254.935 84.92 34.97 0;5 1528.225 241.72 178.27 54.14 0;7 790.295 259.325 36.81 126.29 277.46;9 40.73 408.265 49.74 16.05 0;9 788.39 476.24 35.52 14.8 359.3;9 1265.95 247.485 47.92 19.85 359.6
v_qyqmroaohi_0000,1 524.38 461.98 83.62 36.08 0;1 675.31 449.57 93.5 39.64 0;1 823.425 517.98 92.37 36.08 0;1 860.995 461.17 90.49 36.88 0;1 906.025 752.955 41.09 93.13 0;1 958.275 957.88 35.19 90.2 0;1 962.965 765.895 42.31 92.91 0;1 965.63 198.205 37.98 88.51 0;1 987.05 596.12 40.2 89.1 7.52;1 1025.805 458.63 89.47 40.14 0;1 1088.35 509.595 88.34 38.99 0;1 1784.565 540.405 92.99 35.53 0;1 1790.105 453.24 90.03 36.8 0;1 1905.545 534.985 28.91 38.27 0
v_qyqmroaohi_0049,1 348.67 453.51 99.04 38.54 0;1 528.235 510.64 107.95 44.14 0;1 741.825 459.99 79.75 36.08 0;1 899.265 578.515 42.23 88.61 0;1 901.105 1044.23 38.59 71.54 0;1 963.04 719.22 35.2 90.2 0;1 967.735 596.555 42.31 92.91 0;1 972.925 877.78 38.31 92.8 0;1 1020.55 519.325 89.74 36.09 0;1 1050.73 449.845 93.5 39.65 0;1 1194.535 488.87 40.21 89.1 80.55;1 1422.655 462.59 92.21 37.32 0;1 1663.205 449.2 89.47 40.14 0;1 1784.29 540.335 93 35.53 0;1 1798.91 484.065 88.34 38.99 0;1 1906.205 534.985 27.59 38.27 0
v_qzk918g6sp_0000,1 263.995 1007.355 89.93 36.55 0;1 409.925 112.27 37.37 84.16 268.95;1 569.82 1009.1 87.22 38.64 359.3;1 566.185 232.825 32.53 81.13 274.1;1 905.115 468.455 32.33 75.73 347.07;1 1100.04 315.47 78.6 39.06 0;1 1558.105 421.82 32.11 78.3 86.9;1 1681.965 308.38 78.35 33.82 0;1 1708.81 469.145 31.76 80.39 89.8;1 1851.43 210.115 88.3 34.05 0;1 1827.46 388.12 31.22 81.1 89.1;7 404.01 1014.37 150.92 55.08 0;7 637.005 381.19 122.59 42.28 0;7 730.015 467.285 80.47 29.73 0;7 843.68 331.285 46.56 125.55 324.38;7 1732.45 255.955 112.62 40.51 0
v_qzk918g6sp_0049,1 288.745 1006.825 88.73 36.55 0;1 287.195 440.57 81.81 29.42 0;1 569.51 1010.025 87.22 38.65 359.3;1 781.54 311.715 30.56 74.83 288.6;1 921.46 809.59 35.04 81 0;1 942.82 1058.31 34.94 43.38 0;1 966.295 745.97 32.65 78.42 0;1 1093.57 316.015 78.6 39.07 0;1 1213.245 213.22 81.51 34.04 0;1 1254.01 312.17 77.3 33.82 0;1 1364.395 218.73 82.61 34.74 0.2;1 1641.92 261.45 109.12 39.96 0;1 1895.88 207.24 48.24 37.26 0;7 411.16 1015.43 150.28 55.08 0;7 637.12 381.42 122.6 42.28 0;7 730.385 467.615 80.47 29.73 0;7 743.36 212.22 46.56 125.56 327.9;7 1146.745 262.64 93.41 42.4 0;9 548.535 440.55 40.79 12 0
v_qzknl5ks80_0000,1 178.835 441.045 81.99 32.91 0;1 272.275 1013.155 90.87 37.93 0;1 605.895 426.085 89.45 37.61 0;1 637.35 1061.005 73.62 36.41 5;1 832.855 883.98 85.17 37.02 92.55;1 907.755 1000 32.91 81.16 0;1 909.505 886.69 35.85 86.44 0.6828;1 952.675 985.815 30.39 82.41 0;1 963.495 874.39 33.57 75.38 0;1 1301.295 466.465 77.31 31.59 359.6;1 1439.14 386.52 79.4 34.7 358.7;1 1550.06 427.7 80.32 31.44 0;1 1827.425 430.825 83.41 32.77 359.8;4 875.48 439.235 97.62 38.55 0.8;7 1262.265 257.985 103.63 47.95 0;8 388.895 371.73 60.41 26.5 0
v_qzknl5ks80_0049,1 637.545 1060.94 73.63 36.42 5;1 691.315 1026.37 82.87 40.22 19.1;1 909.155 885.16 35.85 86.44 0;1 907.795 1000.775 32.91 81.17 0;1 952.855 986.26 30.39 82.42 0;1 963.675 874.105 33.57 75.39 0;1 1046.18 439.815 77.56 32.91 0;1 1383.4 424.865 86.66 37.61 0;4 1650.575 447.145 99.75 39.17 0.3;7 236.245 263.435 96.15 44.41 0;8 935.605 380.28 55.81 26.5 0
v_qzyxrmn7gg_0000,1 959.365 504.285 95.03 40.87 0;1 1133.07 542.92 97.9 41.12 0.2
v_qzyxrmn7gg_0049,1 378.47 521.215 93.86 40.45 357.7;1 674.565 535.275 89.57 38.87 0.2
v_r0bgvj4nuz_0000,1 85.38 415.73 95.8 34.8 0;1 137.54 371.945 68.24 27.85 0;1 204.155 425.9 83.99 29.8 0;1 239.5 474.03 70.28 29.2 0;1 293.87 101.425 70 32.97 0;1 325.255 426.59 75.89 29.24 0;1 356.53 469.255 79.78 31.59 0;1 359.91 370.27 78.6 33.8 0;1 418.6 416.83 77.62 28.62 0;1 441.36 301.62 83.4 32.9 0;1 506.85 420.56 79.5 30 0;1 545.005 122.955 81.19 33.79 0;1 587.44 373.935 97.16 33.63 0;1 609.47 424.09 78.8 30.8 0;1 616.51 469.015 86.1 30.89 0;1 669.6 1011.55 91.8 34.3 5.5385;1 747.64 97.78 89.38 35.9 0;1 780.61 496.1 71.2 27.5 17.1;1 925.3 375.53 78.9 31.8 0;1 975.98 205.65 90.1 32.7 0.9;1 966.36 804.81 28.4 75.7 358.4;1 997.99 302.925 72.42 27.19 0;1 1044.17 256.19 90.3 35.46 0;1 1141.64 289.58 88.3 33.9 0;1 1154.59 372.66 74.5 29 0;1 1221.28 249.3 89.3 29.4 0;1 1312.47 205.03 77.9 32.5 0;1 1471.65 196.47 82 31.6 0;1 1503.27 292.17 85.1 33.5 0;1 1588.23 197.4 84.72 30.32 0;1 1651.13 241.19 81.2 34.2 0;1 1767.95 193.68 90.3 29.72 0;1 1824.575 243.88 94.59 34.2 0;1 1884.34 191.35 71.32 30.5 0;2 1506.48 242.59 89.5 30.7 357.3;7 696.425 206.135 111.01 40.67 0;7 702.64 257.835 113.3 42.61 0;9 142.9 476.55 48.1 11.68 0;9 302.05 450.05 37.1 8.6 0;9 457.81 484.96 39.7 6.9 0;9 1424.86 431.375 45.58 9.79 358.6;9 1711.28 443.22 39.5 9 344.5
v_r0bgvj4nuz_0049,1 22.975 429.135 45.95 31.13 0;1 53.165 375.05 77.87 31.06 0;1 128.05 417.28 95.8 34.8 0;1 137.25 115.5 89.38 35.9 0;1 227.705 426.87 83.99 29.8 359.7864;1 255.57 1015.29 78.3 29.8 0;1 299.86 372.98 77 34.4 0;1 328.355 428.41 75.89 29.24 0;1 346.24 475.26 70.28 29.2 0;1 402.88 260.13 90.3 35.46 0;1 421.6 418.885 77.62 28.61 0;1 448.11 306.14 72.42 27.2 0;1 485.505 376.68 68.23 27.84 0;1 499.13 119.11 90.1 32.7 2.4;1 507.31 422.65 79.5 30 0;1 537.04 221.8 89.3 29.4 3.4;1 600.74 287.99 88.3 33.9 0;1 610.66 425.58 78.8 30.8 0;1 649.555 475.125 79.79 31.59 0;1 771.04 373.65 78.6 33.8 0;1 824.34 524.275 86.1 30.89 49.1;1 837.92 720.505 71.2 27.49 89;1 970.94 304.29 85.1 33.5 0;1 966.28 807.13 28.4 75.7 358.4;1 1010.59 213.45 77.9 32.5 0;1 1203.15 206.01 82 31.6 0;1 1220.71 399.77 97.16 33.62 5.5;1 1279.64 248.26 81.2 34.2 0;1 1357.745 207.04 84.73 30.32 0;1 1484.335 253.26 99.47 34.2 0;1 1551.5 202.95 90.3 29.72 0;1 1643.38 368.5 78.9 31.8 0;1 1826.03 191.97 87.5 30.5 0;2 1018.15 258 89.5 30.7 357.3;7 16.4 265.915 32.8 42.61 0;7 40.65 475.045 81.3 30.51 0;7 1858.9 238.65 122.2 53.96 0;9 245.4 487.795 48.1 11.69 6.4;9 552.57 462.74 37.1 8.6 0;9 742.34 479.9 39.7 6.9 7.1
v_r0nqu64v3j_0000,1 737.535 509.115 71.89 29.37 357.1359;1 1009.375 1051 33.63 58 0;1 1011.18 814.42 31.32 76.96 1.5;1 1058.205 969.205 31.31 80.29 0;1 1061.32 831.61 27.44 66.84 0;7 1059.565 1059 36.81 42 0;8 1088.515 607.96 27.79 72.82 40.66
v_r0nqu64v3j_0049,1 770.46 504.75 71.88 29.36 353.1;1 958.85 422.145 31.32 76.95 335.84;1 1002.93 668.88 33.64 79 356.88;1 1006.58 907.165 30.22 79.17 0;1 1037.56 450.99 27.44 66.84 346.24;1 1049.755 1067.275 31.13 25.45 0;1 1071.68 644.72 31.32 80.3 12.6;7 1055.43 860.405 36.82 137.95 0;8 1561.895 455.25 27.79 72.82 86.9;9 166.995 477.2 41.07 14.8 0
v_r1fjqfzkm8_0000,1 15.02 421.45 30.04 32.7 0;1 79.71 513.865 84.4 32.71 0;1 126.45 417.19 83.6 33.42 0;1 177.525 522.905 91.63 34.15 0;1 227.28 417.135 89.46 34.35 0;1 303.565 519.01 89.79 32.06 0;1 346.235 423.51 79.47 32.78 0;1 382.635 471.48 79.43 30.1 0;1 358.69 297.91 26.26 59.02 272;1 462.8 417.645 87.3 32.71 0;1 501.55 468.91 78.7 33.56 0;1 578.125 416.45 81.99 31.8 0;1 670.13 466.865 81.98 34.59 0;1 691.495 517.135 82.43 33.15 0;1 742.22 422.79 79.16 32.68 0;1 797.5 481.505 87.8 33.83 1.46;1 837.77 815.13 71.88 29.36 161.2;1 891.935 552.235 79.95 32.93 35.34;1 1015.64 1035.555 31.44 84.27 0;1 1016.9 912.515 26.8 75.87 0;1 1062.59 908.84 29.86 87.18 0;1 1177.6 302.5 72.3 34.3 0;1 1227.36 250.88 79.3 35.34 359.3;1 1284.34 344.51 103.04 37.32 0;1 1350.125 250.835 84.81 34.35 0;1 1534.15 343.685 99.74 38.17 0;1 1607.32 294.43 87.02 35.6 0;1 1680.805 245.255 87.55 35.43 0;1 1712.19 346.875 102.26 38.61 0;1 1710.98 298.61 91.76 36.9 0;2 1024.365 299.635 83.55 38.71 0;2 1546.465 249.335 105.13 36.11 0;4 227.505 469.77 82.79 30.2 0;4 1181.905 165.91 88.05 39.06 0;4 1405.01 298.755 100.7 39.29 0;7 74.51 468.99 126.3 34.36 0;7 442.37 522.295 136 41.25 0;7 1065.195 348.735 109.07 34.97 0;7 1831.465 294.63 123.19 39.52 0;9 995.28 225.6 38.92 18.04 7.38;9 1144.605 471.54 41.91 11.58 1;9 1273.76 454.54 44.12 15.9 359.6
v_r1fjqfzkm8_0049,1 30.205 467.035 60.41 29.33 0;1 27.305 418.86 52.65 32.7 0;1 87.01 514.81 84.4 32.72 0;1 144.33 418.23 83.6 33.42 0;1 235.94 522.64 91.62 34.16 0;1 269.52 417.645 89.46 34.35 0;1 395.805 423.5 79.47 32.78 0;1 495.005 520.255 86.43 32.07 0;1 602.385 469.77 79.43 30.1 0.8;1 606.78 291.315 72.3 34.29 0;1 635.72 418.59 87.3 32.7 0;1 746.91 344.94 97.36 37.32 0;1 818.775 420.18 81.99 31.8 0.9;1 837.705 815.25 71.89 29.36 161.2;1 859.66 472.995 78.7 33.57 0;1 915.375 803.45 79.95 32.94 93.1;1 929.97 214.705 76.24 35.33 16.62;1 1037.71 258.115 79.52 34.35 0;1 1016.495 1026.615 31.45 86.25 0;1 1016.9 912.515 26.8 75.87 0;1 1067.76 518.32 77.26 33.16 356.95;1 1062.505 906.85 29.85 87.18 0;1 1103.49 344.865 94.46 38.17 0;1 1132.99 422.5 79.16 32.68 0;1 1151.42 470.195 81.98 34.59 0;1 1185.405 524.065 82.15 33.83 6.45;1 1294.205 304.465 83.85 35.59 358.7;1 1417.905 347.865 96.79 38.61 0;1 1510.165 249.995 87.55 35.43 0;1 1547.19 302.84 91.76 36.9 0;1 1896.305 302.135 47.39 36.33 0;2 292.105 264.825 83.55 38.71 1.28;2 1257.765 260.555 100.19 36.11 357.62;4 433.155 467.39 82.79 30.2 0;4 715.575 165.54 88.05 39.06 0;4 932.82 300.515 91.5 39.29 359.5;7 243.7 469.56 126.3 34.36 0;7 450.595 344.83 105.57 34.98 0;7 750.59 524.555 122.58 41.25 0.95;7 1755.185 296.79 123.19 39.52 0;9 533.43 131.96 38.92 18.04 359.3
v_r1nrqpv36y_0000,1 260.63 465.21 92.3 33.66 0;1 990.34 501.76 100.8 39.24 0;1 1273.905 459.52 96.37 39.74 0;1 1647.75 478.045 89.06 35.51 0;3 57 528.24 114 45.38 0;9 1013.71 552.025 41.42 14.19 0
v_r1nrqpv36y_0049,1 87.3 456.895 95.5 37.19 0;1 220.285 518.49 104.85 38.86 0;1 441.505 459.615 119.31 41.11 0;1 1296.36 464.68 90.04 33.66 0;1 1866.91 523.84 100.8 39.24 0;3 706.745 517.155 154.01 45.37 0;8 682.075 427.315 58.75 25.35 0;9 1610.265 461.945 41.41 14.19 0
v_r2m4vh7hnl_0000,1 80.67 489.345 90.1 33.39 0;1 450.57 465.115 94.7 35.67 0;1 610.085 511.725 86.47 32.57 0;1 813.78 475.53 92.7 37.1 0;9 677.11 432.63 41.28 14.82 0
v_r2m4vh7hnl_0049,1 1098.61 480.345 83.16 33.39 0;1 1444.155 456.27 94.25 35.66 0;1 1550.1 516.745 82.12 32.57 0;1 1812.49 478.465 98.52 37.09 0;9 25.6 455.925 51.2 17.27 0;9 982.53 817.995 15.1 42.57 0;9 1836.905 433.615 40.51 14.43 0
v_r6tuihtpwu_0000,1 1524.365 550.525 116.93 49.93 0
v_r6tuihtpwu_0049,1 1105.24 534.76 116.94 49.92 0
v_r76sg0ch1d_0000,1 217.57 428.93 90.76 35.5 0;1 295.155 373.15 77.45 31.24 0;1 302.66 216.285 84.58 33.21 0;1 639.1 1003.945 94.1 34.41 4.5;1 749.875 1027.415 83.97 35.21 16.6;1 839.84 951.32 85.4 30.4 93.2143;1 841.05 713.98 69.68 31.5 90.4429;1 844.145 1064.62 30.19 26.18 88.2;1 892.58 419.88 98.68 32.5 0;1 920.85 371.64 79.5 32.4 0;1 923.88 1018.8 30.4 76.6 0;1 926.01 923.49 28.7 73.3 0;1 960.12 469.33 78.8 30.9 0;1 969.505 867.595 31.07 70.19 0;1 977.73 973.99 29.1 79.1 0;1 1184.15 365.26 78.6 33.9 0;1 1297.005 460.43 72.47 29.4 359.1;1 1365.99 413.735 71.6 27.79 0;1 1695.115 396.16 66.99 26.2 0;9 998.45 787.345 9.64 36.99 359.1
v_r76sg0ch1d_0049,1 675.28 421.41 72.6 29.1 0;1 696.83 1010.04 94.1 34.4 9.8333;1 923.59 1018.95 30.4 76.6 0;1 926.53 922.41 28.7 73.3 0;1 969.455 866.095 31.07 70.19 0;1 977.765 971.94 29.11 79.1 0;1 1105 422.14 90.76 35.5 0;1 1147.63 368 77.44 31.24 0;1 1630.37 453.18 78.8 30.9 0;1 1708.06 356.19 79.5 32.4 0;1 1744.12 415.33 98.68 32.5 0;2 19.74 465.22 39.32 35.8 0;9 984.535 910.09 10.69 37.38 45.1;9 997.8 780.365 9.64 36.99 359.1
v_r78ruifguo_0000,1 1314.775 502.77 102.09 42.08 0.4
v_r78ruifguo_0049,1 956 766.395 39.14 97.99 4.76;1 1011.38 506.35 102.1 42.08 0.4;1 1528.67 544.7 79.3 33.46 358.7
v_r797h2rdtv_0000,1 1335.165 481.545 101.17 40.73 0
v_r797h2rdtv_0049,1 973.855 492.055 101.17 40.73 0
v_r8dac4cu6f_0000,1 1514.475 520.675 95.93 40.85 359.8
v_r8dac4cu6f_0049,1 1065.645 520.095 95.93 40.85 359.8
v_r8j0we04o9_0000,1 751.41 521.83 32.08 83.16 74.2;1 1015.48 750.51 82.1 31.46 277.7;1 1019.745 38.22 30.11 75.36 0;1 1051.275 619.005 86.29 32.67 313.06;1 1226.92 478.7 83.2 30.6 358.2;1 1403.23 515.655 83.28 33.55 358.5273;1 1536.66 506.955 87.54 33.63 0;1 1731.29 507.33 92.8 31.46 0;1 1892.95 506.11 54.1 31.2 0;7 1236.3 529.125 153.9 45.67 351.9;9 944.91 646.07 7 28.9 352.5;9 1327.135 485.365 40.03 14.19 346.6;9 1737.945 471.035 51.11 15.33 0
v_r8j0we04o9_0049,1 81.11 537.04 32.08 83.16 89.8273;1 999.495 849.65 81.93 32.66 278.62;1 1001.89 1036.59 82.1 31.46 271.1;1 1002.055 322.61 30.11 85.76 2.8;1 1226.72 477.87 83.2 30.6 358.2;1 1274.1 528.455 83.28 33.55 353;1 1416.115 510.15 84.93 31.44 0;1 1592.98 508 92.8 31.46 0;1 1777.345 498.93 93.41 31.2 0;1 1893.335 512.42 53.33 31.14 0;7 970.435 535.405 141.71 45.67 359.5;9 944.6 890.03 7 28.9 0.4;9 1005.225 483.235 40.03 14.19 4.2;9 1311.755 495.35 45.89 15.34 348.4
v_ra8sg41vpt_0000,1 426.625 521.62 112.99 44.68 0;1 1417.285 494.69 105.11 51.24 0
v_ra8sg41vpt_0049,1 1053.345 496 105.11 51.24 0
v_rapiflf8pk_0000,1 375.555 555.56 30.21 86.8 90.1714;1 633.235 487.675 86.83 30.35 359.7;1 966.955 906.69 31.63 83.72 5.1;1 1008.455 977.205 78.91 31.07 272.9;1 1008.08 368.34 32.52 83.6 0;1 1008.66 208.78 33.4 85.4 0;1 1195.41 518.755 85.6 31.89 349.7357;1 1911.315 496.51 17.37 35.3 0;9 533.905 540.67 10.43 36.12 90.9929
v_rapiflf8pk_0049,1 633.195 487.36 86.83 30.34 359.7;1 953.97 507.49 33.4 85.4 11.0286;1 991.735 169.67 32.39 83.9 0;1 999.65 557.145 32.52 83.59 3.8;1 1014.47 6.82 31.5 13.5 0;1 1048 660.425 85.6 31.89 292.54;1 1421.36 503.46 88.8 30.46 0
v_rbpb03jmmz_0000,1 844.795 855.095 84.09 30.79 90.1;1 918.29 843.795 28.46 75.49 0;1 970.89 861.6 30.66 71.64 0;1 971.625 960.265 30.63 77.47 0;1 1212.035 392.82 94.69 33.8 0;1 1605.99 401.355 85.38 30.65 0;2 233.56 462.63 102.82 34.18 0;7 305.41 109.365 103.92 36.15 0;7 918.99 981.49 35.3 131.6 0;7 1073.315 63.99 93.69 34.38 356.6511;7 1735.61 450.59 126.38 34.6 0;9 379.82 62.36 41.1 11.54 358.4
v_rbpb03jmmz_0049,1 196.605 369.62 95.13 35.66 0;1 686.47 417.63 71.9 31.9 0;1 918.55 843.405 28.46 75.49 0;1 971.265 860.44 30.65 71.64 0;1 971.96 959.785 30.62 77.47 0;1 1047.515 366.78 82.51 31.54 0;2 620.12 461.985 102.82 34.19 0;7 324.67 407.535 106.38 32.39 0;7 923.965 105.865 93.69 34.39 339.8;7 919.445 980.54 35.31 131.6 0
v_rcwswmbb9b_0000,1 890.61 204.695 27.6 73.83 340.4;1 896.07 419.195 30.5 76.07 350.2;1 915.05 867.33 28.1 79.3 0;1 922.02 1055.8 32.2 48.4 0;1 948.25 472.8 27.6 74.26 351.7;1 967.01 757.495 26.9 76.97 2.9;1 996.475 575.36 29.05 77.32 19.1;1 1110.72 194.51 74.1 27.9 0;1 1316.12 290.1 79.1 29.1 0;1 1645.16 283.115 84.4 30.43 0;2 1297.905 98.6 85.07 26.8 0;7 395.99 86.14 34.9 133.4 270.1;7 824.48 256.17 43.6 180.5 335;7 973.84 979.7 30.8 127.9 0;7 1176.575 237.555 123.49 35.59 0;7 1552.99 228.945 114.42 33.07 0
v_rcwswmbb9b_0049,1 32.45 462.88 64.9 30.12 0;1 659 229.57 30.5 76.06 281.2714;1 740.94 75.65 27.6 73.82 283.1143;1 856.02 273.665 27.6 74.27 311.0857;1 892.17 396.13 28.1 79.3 350.8429;1 909.28 528.695 32.2 80.63 359.3429;1 918.69 702.975 30.92 81.93 353.9;1 925.98 865.285 28.9 80.19 0;1 930.7 1062.85 30.8 34.3 0;1 1032.54 521.18 26.9 76.98 40.7;1 1104.17 197.3 74.1 27.9 0;1 1178.03 291.17 79.1 29.1 0;1 1293.605 290.865 84.39 30.43 0;1 1398.895 454.49 29.05 77.32 85.7;1 1536.59 287.59 85.7 33.52 0;1 1900.65 237.88 38.7 32.8 0;2 1092.535 103.525 85.07 26.81 359.93;2 1587.96 186.255 106.5 40.51 0;7 613.88 99.61 43.6 180.5 284.8429;7 964.52 640.145 30.8 127.89 359.7571;7 1174.65 237.405 123.5 35.59 0;7 1335.025 234.525 114.43 33.07 0
v_rd80vwe49j_0000,1 703.88 501.815 78 31.05 0;1 984.645 147.975 61.75 30.95 0;1 1006.055 985.7 31.31 76.96 0;1 1009.375 1072.55 33.63 14.9 0;1 1058.045 993.45 31.31 80.3 0;1 1059.39 890.64 27.44 66.84 0;2 964.165 498.36 94.21 35.94 2.9;7 1059.565 1071.64 36.81 16.72 0;8 1015.245 887.65 27.79 72.82 0;9 795.555 453.3 55.65 19.84 0
v_rd80vwe49j_0049,1 82.455 495.71 77.23 29.36 0;1 389.68 161.555 65.22 30.95 359.09;1 812.12 503.455 78 31.05 0.6;1 1006.685 988.635 31.31 76.95 0;1 1009.375 1072.65 33.63 14.7 0;1 1058.675 997.02 31.31 80.3 0;1 1060.44 894 27.44 66.84 0;2 1673.84 503.665 99.64 35.93 359.2;7 18.7 449.81 37.4 32.1 0;7 1059.565 1070.515 36.81 18.97 0;8 1015.875 890.59 27.79 72.82 0;9 1481.65 462.14 55.64 19.84 0
v_rdkvw3xdhb_0000,1 677.795 502.73 33.51 82.16 86.32;1 972.735 889.7 88.49 36.18 270.4;1 968.245 47.62 42.51 95.24 0;1 985.035 279.63 38.33 86 10.34;1 1038.26 246.395 37.08 92.83 0;1 1106.685 589.18 86.05 36.52 330.7;1 1229.685 481.945 95.19 36.39 0.3;1 1309.18 521.25 90.94 37.64 351.42;1 1561.57 499.69 90.04 38.84 0;1 1713.14 517.49 93.8 33 0;9 1309.69 684.89 12.8 37.96 264.1
v_rdkvw3xdhb_0049,1 36.275 515.945 33.45 74.03 89.4;1 589.185 536.385 38.33 82.77 88.36;1 967.38 47.44 42.52 94.88 0;1 1017.59 961.28 84.98 36.52 272.5;1 1029.73 541.695 37.08 88.95 0;1 1135.35 527.035 90.94 37.63 1.7;1 1228.15 479.675 95.18 36.39 0.3;1 1297.31 523.2 90.04 38.84 349.37;1 1421.24 513.945 86.52 32.99 358.5
v_rdl3k590t8_0000,1 238.615 480.405 110.81 35.13 0;1 684.04 484.64 107.9 38.3 0;1 725.79 543.43 101.16 38.18 1.3;1 821.04 488.22 98.58 33.8 0;1 903.865 916.95 35.63 92.2 0;1 906.47 1067.325 37.5 25.25 0;1 940.95 283.84 33.3 84.4 0;1 953.42 711.835 34.1 89.27 1.8;1 965.07 1059.13 35.8 41.74 0;1 985.765 937.885 32.43 87.99 0;1 1113.61 507.855 33.4 91.73 67.9;1 1219.1 488.295 102.14 37.91 0;1 1239.395 546.58 32.63 88 87.5152;1 1335.31 493.895 89.7 34.85 0;1 1344.245 546.39 39.11 89.44 93.4;1 1440.675 494.755 91.91 36.91 0;1 1568.53 496.965 113.24 39.81 0;1 1638.32 555.43 33.5 91.52 89;1 1683.905 506.665 96.53 35.67 0;1 1752.12 550.605 98.24 38.07 0;1 1799.59 510.68 90.46 33.7 0;1 1862.785 567.56 92.55 32.52 1.2;1 1894.49 504.31 51.02 35.16 0;3 1490.335 546.63 163.13 41.68 0.2;9 1632.77 468.595 32.48 14.73 358.8;9 1778 589.165 43.14 12.91 359.5
v_rdl3k590t8_0049,1 42.745 472.3 85.31 35 0;1 415.55 530.69 88.98 34.54 0;1 447.58 476.32 92.84 37 0;1 603.485 484.685 110.81 35.13 0;1 726.57 482.25 95.2 38.3 0;1 842.47 487.37 84.08 33.8 0;1 896.61 1049.35 33.68 61.3 0;1 910 905.115 37.5 96.77 0;1 913.395 628.43 35.63 92.2 0;1 961.85 171.04 34.1 89.28 1.8;1 965.07 1054.455 35.8 51.09 0;1 983.7 937.48 32.44 88 0;1 1024.915 555.25 101.17 38.18 1.3;1 1119.77 504.99 33.4 91.72 67.9;1 1228.84 487.34 102.14 37.9 0;1 1239.78 546.155 32.62 87.99 87.8678;1 1340.38 493.985 89.7 34.85 0;1 1345.395 546.415 39.11 89.45 93.4;1 1441.005 495.335 91.91 36.91 0;1 1569.165 497.105 113.25 39.81 0;1 1636.29 555.66 33.5 91.52 89;1 1684.325 506.815 96.53 35.67 0;1 1749.3 551.065 98.24 38.07 0;1 1799.98 510.5 90.46 33.7 0;1 1860.205 570.62 92.55 32.52 1.2;1 1895.265 504.31 49.47 35.16 0;3 1491.155 547.4 163.13 41.68 0.2;9 55.64 519.96 29.4 10.84 0;9 1787.36 592.295 43.14 12.91 359.5
v_rfpmi29233_0000,1 618.11 486.485 95.42 38.15 0;9 1139.885 562.31 14.25 39.08 64.64;9 1296.28 443.17 45.06 13.6 0
v_rfpmi29233_0049,1 1599.895 482.025 95.43 38.15 0;3 278.995 510.27 176.95 48.98 0;9 1633.175 548.09 14.25 39.08 90.4
v_rgfangy0gm_0000,1 1277.5 509.83 125.34 42.76 2;9 1896.64 558.78 46.72 19.16 0
v_rgfangy0gm_0049,1 469.155 479.94 108.25 41.08 0;1 642.015 536.37 102.69 38.4 0
v_rhzuui7xg4_0000,1 38.265 545.035 76.53 33.55 359.9;1 203.12 520.75 79.6 30.6 358.2;1 518.2 531.715 82.3 31.45 359.6;1 1001.665 571.25 25.45 70.1 0;1 1010.84 703.71 29.74 83.5 0;1 1094.88 529.41 90.44 31.46 357.3;1 1298.025 488.1 88.75 31.2 0;1 1431.055 513.46 83.63 31.14 0;1 1762.98 504.475 90.62 30.89 0;1 1896.7 496.995 46.6 27.81 0
v_rhzuui7xg4_0049,1 680.665 545.5 84.49 31.46 357.3;1 982.645 1053.1 25.45 53.8 0.8;1 1009.925 20.2 30.43 40.4 0;1 1040.625 493.72 88.75 31.2 0;1 1268.75 522.115 80.32 31.13 357.14;1 1502.39 498.38 88.24 30.9 0;1 1672.43 493.065 80 27.81 0;1 1877.4 504.44 85.2 32.7 0
v_ridp89v7cz_0000,1 250.885 515.79 36.57 87.78 89.25;1 934.32 846.02 36.68 84.8 0;1 932.755 1064.845 23.61 30.31 271.1;1 939.22 53.59 34.3 84.74 0;1 1005.025 511.795 92.95 36.61 0;1 1058.095 1050.615 42.35 58.77 0;1 1419.555 512.31 89.25 36.62 0;9 1188.435 526.46 46.73 11.3 0
v_ridp89v7cz_0049,1 477.43 526.365 95.04 36.63 0;1 922.78 277.84 35.34 84.52 0;1 940.225 1036.725 36.69 83.67 0;1 984.645 195.855 34.23 75.65 0;1 1061.755 1050.66 42.35 58.68 0;1 1250.885 508.16 86.13 35.76 0;9 703.535 540.905 41.27 11.31 0
v_rkx6t5hfzf_0000,1 313.55 531.59 35.48 90.9 267.6;8 992.76 798.13 66.12 22.56 263.7
v_rkx6t5hfzf_0049,8 971.77 913.6 66.12 22.56 268
v_rp40tg8chw_0000,1 712.395 517.675 103.79 49.93 0;1 932.81 548.89 97.22 49.78 44.4
v_rp40tg8chw_0049,1 72.545 512.425 103.79 49.93 0;1 444.055 506.845 97.23 49.77 2.1;1 1006.015 785.715 47.25 113.01 0
v_rp66vqm8t0_0000,1 281.185 528.185 122.19 57.81 0;1 1890.55 487.46 58.9 52.56 0
v_rp66vqm8t0_0049,1 1175.84 498.6 103.5 48.66 0
v_rp6duayuvc_0000,1 320.24 441.545 97.1 36.91 0;1 641.06 458.23 88.18 39.02 0;6 230.58 497.2 243.5 56.12 0
v_rp6duayuvc_0049,1 101.055 482.375 121.73 42.93 0;1 1347.16 456.165 87.94 36.91 0;1 1635.08 471.15 85.36 39.02 0;6 985.14 501.655 201.76 56.11 0
v_rpywb1td9g_0000,none
v_rpywb1td9g_0049,none
v_rrpcqktcpy_0000,1 255.37 500.195 27.3 81.75 91.4;1 416.975 548.87 29.85 77.6 89.9;1 802.665 515.39 33.15 72.26 65.01;1 940.25 559.895 86.12 31.33 355.92;1 1004.34 488.68 85.72 31.1 356.75;1 983.71 328.695 32.1 81.63 3.66;1 995.7 51.2 29.7 86.3 359.75;1 1006.17 964.79 35.6 88.26 0;1 1099.145 555.56 80.81 30.1 335.7;9 943.94 874.7 12.4 40.5 1.9
v_rrpcqktcpy_0049,1 51.535 557.54 33.15 72.26 89.7;1 206.47 501.05 27.3 81.76 87.6625;1 338.23 559.665 86.12 31.33 0.6;1 688.94 502.71 80.04 31.1 359.7;1 793.62 530.325 32.1 78.11 73.6286;1 1002.035 961.24 80.81 30.1 274.9;1 977.61 329.64 29.7 86.3 10.2286
v_rs7wl251t2_0000,1 35.83 388.84 71.66 35.14 0;1 161.715 431.115 85.83 32.55 0;1 291.54 1016.825 85.36 35.13 0;1 346.395 230.76 80.87 34.3 0;1 396.95 431.035 79.3 33.61 0;1 533.5 482.935 87.84 32.67 0;1 610.575 1017.76 69.57 34.94 2.32;1 649.21 389.665 88.22 37.45 0;1 667.03 478.055 80.8 32.75 354.1;1 770.805 1060.885 77.69 36.63 39.03;1 789.77 514.32 78.9 31.68 31.37;1 810.62 435.42 75.48 31.72 0.88;1 914.23 924.89 38.18 86.5 0;1 925.245 1033.88 32.35 77.3 0;1 968.245 881.15 35.25 85.9 0;1 1091.275 474.36 79.11 31.28 0.31;1 1724.845 381.42 82.35 30.88 0;2 41.59 484.915 83.18 40.85 0;4 844.75 737.195 80.54 34.05 93.6;4 844.95 927.025 74.14 31.87 89.9;4 985.36 424.865 90.92 36.03 0.3;7 324.885 489.08 175.83 49.62 0;7 1180.335 384.37 172.03 50.4 0;7 1893.8 428.52 52.4 39.8 0;9 275.8 456.18 49.26 12.9 0;9 840.37 620.885 35.06 11.45 76.44
v_rs7wl251t2_0049,1 104.69 484.24 79.42 33.82 0;1 272.545 1015.84 79.89 32.3 0;1 399.155 385.51 88.93 32.26 0;1 568.23 382.805 97.28 32.01 0;1 694.905 429.18 82.33 32.56 0;1 713.785 1034.745 78.81 35.91 14.72;1 824.535 522.32 81.05 31.78 40.64;1 849 904.74 78.9 31.68 90.7;1 855.085 653.805 77.63 32.75 93.47;1 907.11 435.54 79.3 33.6 0;1 911.065 245.58 73.15 36.84 0;1 914.33 925.32 38.18 86.5 0;1 924.505 1034.29 32.35 77.3 0;1 967.455 881.04 35.25 85.9 0;1 969.92 1046.885 33.82 66.23 0;1 1254.21 389.8 88.22 37.46 0;1 1557.07 460.94 77 31.72 359.8;1 1894.23 445.775 50.54 31.27 358.4;2 406.455 486.025 113.25 40.85 0;4 1706.23 422.47 96.06 36.48 0.3;7 314.045 429.73 132.33 45.96 0;7 613.78 482.655 164.86 49.61 0;7 1833.835 371.68 172.33 54.82 0;9 830.375 460.535 44.07 12.91 0;9 829.4 1046.2 30.92 11.46 89.6
v_rtb3r0rk90_0000,none
v_rtb3r0rk90_0049,none
v_rtdqdcdeju_0000,1 571.87 447.97 87.3 34.2 0;1 652.65 518.375 88.5 39.59 0;1 668.6 472.535 77.8 37.53 0;1 771.08 468.965 91.5 38.85 0;1 891.84 178.525 37 90.69 0;1 893.44 469.99 40.06 92.5 0;1 901.685 1019.04 42.43 91.94 0;1 899.665 800.44 37.77 85.6 0;1 959.13 1023.565 37.68 91.13 0;1 961.835 434.935 37.05 96.73 0;1 963.475 166.785 34.75 85.65 0;1 968.54 6.6 34.84 13.2 0;1 1098.54 453.795 92.4 38.15 0;1 1197.865 455.945 89.61 37.97 0;1 1307.325 460.22 87.51 37.02 0;1 1415.125 527.92 93.47 36.56 0;1 1411.105 464.955 36.71 87.27 90.1;1 1529.205 463.02 79.75 36.08 0;1 1554.935 513.98 101.39 44.14 0;1 1673.91 450.67 42.32 94.1 89;1 1781.455 450.98 95.73 39.64 0;1 1781.465 539.625 92.99 35.53 0;1 1887.665 453.49 40.21 65.98 89.6;1 1912.93 534.985 14.14 38.27 0;4 965.53 823.58 40.3 108.4 0;9 1911.63 497.665 13.68 16.33 89.5
v_rtdqdcdeju_0049,1 251.91 452.815 102.46 41.25 0;1 572.74 448.79 87.3 34.2 0;1 659.955 519.1 88.51 38.52 0;1 695.75 472.515 78.1 37.53 0;1 799.87 469.56 91.5 38.84 0;1 905.585 622.88 42.43 91.94 0;1 908.255 226.66 37.77 85.6 0;1 962.7 791.545 37.68 91.13 0;1 1099.07 453.925 91.46 38.15 0;1 1198.365 455.325 89.61 37.97 0;1 1307.465 460.05 87.51 37.02 0;1 1415.835 527.18 93.47 36.56 0;1 1412.785 464.89 36.71 84.72 90.1;1 1529.255 462.13 79.75 36.08 0;1 1555.895 513.865 101.39 44.13 0;1 1674.865 449.96 42.31 94.1 89;1 1781.185 539.555 92.99 35.53 0;1 1785.39 450.55 95.74 39.64 0;1 1889.1 452.395 40.2 63.97 89.6;1 1913.59 534.985 12.82 38.27 0;4 963.865 387.1 40.29 105.04 0;9 1911.91 499.21 13.68 16.32 89.5
v_rtjr9nfl2l_0000,1 49.61 411.3 83.6 33.42 0;1 208.2 412.575 89.46 34.35 0;1 214.425 467.56 79.43 30.1 0;1 275.49 511.71 82.44 33.16 0;1 338.005 418.2 79.47 32.78 0;1 461.96 414.915 87.3 32.71 0;1 483.01 464.865 78.7 33.57 0;1 576.92 463.565 81.98 34.59 0;1 577.17 414.06 81.98 31.8 0;1 686.46 474.105 87.8 33.83 0;1 686.845 515.15 79.95 32.94 0;1 700.78 421.185 79.16 32.69 0;1 838.54 813.81 71.88 29.36 161.2;1 936.57 719.65 91.08 31.8 91.36;1 962.385 260.37 34.95 83.2 331.74;1 969.735 469.27 34.17 83.4 346.78;1 1003.27 613.97 32.08 71.8 357.27;1 1007.385 723.795 31.93 81.03 359.1;1 1012.61 898.845 33.16 85.57 1.2;1 1056.71 773.86 30.06 80.1 0.72;1 1064.995 996.665 32.15 84.37 0;1 1323.345 247.04 83.07 35.34 359.3;1 1349.68 296.42 75.96 34.3 0;1 1621.735 246.995 91.01 34.35 0;1 1711.335 289.935 89.53 35.59 0;1 1882.965 293.79 74.07 36.9 0;2 1222.31 296.485 87.76 38.71 0;2 1880.8 245.535 78.4 36.11 0;4 1033.295 492.99 31.93 75.76 353.88;4 1245.13 165.15 88.42 39.06 0;4 1485.605 295.125 101.21 39.29 0;7 8.03 513.65 16.06 41.26 0;7 1690.2 338.175 133.4 34.97 0;9 607.185 490.675 50.27 11.59 352;9 714.96 447.64 44.12 15.9 0;9 1190.58 231.555 39.46 17.39 0
v_rtjr9nfl2l_0049,1 102.025 514.87 85.77 32.06 0;1 120.99 411.29 83.6 33.42 0;1 217.17 412.575 89.46 34.35 0;1 335.775 468.11 79.43 30.1 0;1 336.575 417.55 79.47 32.78 0;1 462.04 415.16 87.3 32.7 0;1 483.01 465.245 78.7 33.57 0;1 475.895 148.41 34.95 83.2 264.94;1 562.91 514.06 82.44 33.16 0;1 577.025 463.735 81.97 34.59 0;1 577.255 414.275 81.99 31.79 0;1 686.47 473.35 87.8 33.82 0;1 697.365 515.975 79.95 32.93 0;1 700.955 421.285 79.15 32.69 0;1 685.655 305.26 34.17 83.4 270.9;1 838.47 813.93 71.88 29.36 161.2;1 939.06 292.51 32.08 71.8 334.38;1 952.065 423.135 31.93 81.03 338.5;1 991.77 549.535 33.16 85.57 350.25;1 1001.305 926.71 30.23 80.6 0;1 1013.965 715.345 37.53 82.15 359.25;1 1058.13 1007.145 34.06 83.07 0;1 1060.835 806.665 37.43 77.17 0;1 1110.315 600.02 32.15 84.36 31.61;1 1262.365 527.6 30.07 80.1 87.96;1 1318.835 247.295 79.31 35.33 359.3;1 1350.14 295.945 75.96 34.29 0;1 1421.155 246.275 84.81 34.35 0;1 1615.455 292.165 87.03 35.59 0;1 1649.01 343.65 106.7 37.32 0;1 1716.97 296.545 91.76 36.91 0;2 1222.29 295.925 87.76 38.71 0;2 1569.245 247.425 105.13 36.11 0;4 145.47 466.43 82.78 30.2 0;4 791.505 170.84 31.93 75.76 282.94;4 1243.695 164.955 88.05 39.07 0;4 1487.285 294.955 100.69 39.29 0;7 26.8 462.86 53.6 34.36 0;7 398.89 515.01 136 41.26 0;7 1399.685 344.025 121.61 34.97 0;7 1868.55 288.67 102.9 39.52 0;9 724.89 448.68 50.26 11.58 359.2;9 805.31 447.97 44.12 15.9 0;9 1191.055 231.395 40.11 16.65 0
v_rtswqmqtv8_0000,1 67.935 543.87 36.39 90.78 90;1 127.84 493.06 89.98 39.34 0;1 524.02 525.95 80.56 36.36 0;1 941.01 891.525 84.36 37.21 270.9;1 955.165 511.99 85.33 35.6 0;1 999.075 1051.83 56.99 35.76 268.9;1 1199.895 524.075 92.87 38.09 0;1 1359.23 515.155 83.68 36.45 0;4 993.115 870.45 32.69 80.46 0;9 974.71 151.13 12.44 42.18 0
v_rtswqmqtv8_0049,1 127.86 492.74 89.98 39.34 0;1 229.465 541.495 88.69 37.11 0;1 754.98 537.54 89.64 38.2 0;1 943.15 87.48 38.58 84.26 0;1 980.55 520.8 78.9 34.22 0;4 995.68 1035.975 32.7 79.85 0;4 1322.71 512.095 85.78 31.55 0;9 983.55 433.955 12.44 40.65 0
v_ruccqn4bj4_0000,1 208.78 489.995 97.94 40.55 0;1 330.255 544.245 94.71 38.09 0;1 424.775 491.615 98.59 38.17 359.7;1 584.49 484.325 109.44 40.79 0;1 641.445 547.055 92.71 39.25 2.1;1 820.885 542.24 89.51 40.5 358.1;1 923.72 481.89 98.5 43 358.25;1 915.635 108.72 38.15 92.5 0;1 921.21 21.25 38.88 42.5 0;1 922.61 290.34 35.9 84.6 0;1 979.175 207.495 37.91 93.99 0;1 1024.575 607.82 40.25 88.5 21.09;1 1571.49 483.425 103.8 42.33 359.8;1 1623.84 528.9 89.96 37.18 356.42;1 1732.315 488.98 90.19 40 0;1 1839.905 487.55 94.45 37.2 359.5;1 1863.545 558.29 39.07 96.1 86.9;4 1505.835 543.25 97.95 36.12 358.4;7 761.73 490.7 115.98 44.86 354.71;9 1747.49 541.83 14.66 44.84 78.45
v_ruccqn4bj4_0049,1 142.28 489.75 101.5 38.74 0;1 411.81 492.335 92.58 38.53 0;1 551.45 493.03 95.54 37.52 359.7;1 699.9 548.91 94.7 38.1 0;1 749.42 479.605 106.72 40.79 358.05;1 849.08 547.09 89.82 37.8 359.7;1 916.105 114.02 38.15 92.5 0;1 921.21 24.475 38.88 48.95 0;1 922.585 957.69 40.15 103.4 0;1 922.19 209.71 37.02 86.76 0;1 995.27 538.86 85.62 40.5 359.5;1 1180.455 542.84 40.25 88.5 87.6;1 1239.215 455.695 94.21 41.47 353.8;1 1565.42 486.375 103.8 42.33 359.8;1 1620.295 532.035 89.95 37.17 356.3;1 1725.175 493.62 90.19 40 0;1 1830.945 492.625 94.45 37.21 359.5;1 1855.38 561.38 39.08 96.1 86.9;4 1502.665 546.67 97.95 36.12 358.64;7 924.46 392.08 107.88 44.86 305.96;9 999.555 774.66 15.05 42.56 1.22
v_rw91i4tfyy_0000,1 1003.21 540.66 98.38 40.3 357.6;9 864.395 505.58 55.37 15.84 348
v_rw91i4tfyy_0049,1 534.12 542.03 98.38 40.3 1.2;9 179.63 519.82 55.38 15.84 0.8;9 180.045 456.34 55.37 15.84 23.69
v_rwkobi1oh0_0000,none
v_rwkobi1oh0_0049,1 1641.82 521.405 103.88 46.59 359.09
v_ry7797kbee_0000,none
v_ry7797kbee_0049,none
v_rz7jl1o76i_0000,1 17.77 457.625 35.54 33.11 0;1 30.815 503.73 61.63 34.7 0;1 88.6 455.39 79.2 31.28 0;1 156.51 502.415 89.9 34.15 0;1 178.4 452.24 84.4 34 0;1 286.795 452.985 79.53 31.01 0;1 325.86 503.765 83.5 34.77 0;1 369.03 457.605 79.12 32.21 0;1 384.16 407.135 91.4 36.29 0;1 416.845 510.525 83.85 30.97 0;1 469.005 464.005 80.01 30.31 0;1 505.55 408.665 79.9 32.87 0;1 521.81 513.25 82.1 31.06 0;1 594.94 466.115 82.08 32.45 0;1 611.145 410.645 95.67 33.61 0;1 630.735 510.28 90.01 31.72 0;1 709.165 467.28 80.25 34.76 0;1 736.62 414.925 78.56 33.17 0;1 771.14 503.96 71.88 29.36 353.1;1 1218.94 295.525 72.42 33.11 359.2;1 1264.99 340.96 80.1 34.16 0;1 1305.185 295.37 78.99 31.72 0;1 1392.79 292.695 79.9 32.23 0;1 1398.345 339.05 84.37 32.4 0;1 1513.34 291.215 108.78 37.79 0;1 1504.935 243.77 84.91 34.98 0;1 1505.475 338.87 85.99 35.22 359.2;1 1610.73 339.905 88.68 35.53 0;1 1645.855 235.125 103.05 39.01 0;1 1717.49 341.48 91.98 31.8 0;4 41.895 411.28 83.79 39.78 0;4 157.445 405.16 84.13 30.82 0;4 263.145 408.415 89.35 32.53 0;5 1361.22 241.815 175.02 54.13 0;5 1821.71 234.1 196.58 50.88 0;7 1020.825 901.44 31.67 105.18 0;7 1766.1 289.62 306.26 51.28 0;7 1853.02 338.81 133.96 41.42 0;9 251.91 508.505 40.8 12.55 359.6;9 364.01 529.585 44.28 14.31 0;9 580.4 523.495 37.72 13.33 50.9;9 603.81 231.015 14.72 42.25 270.2;9 777.565 445.045 38.19 12.23 11.059;9 781.605 475.26 35.53 14.8 359.3;9 805.075 391.57 44.29 16.04 0.5;9 805.715 440.32 39.27 11.24 353.3;9 1212.745 246.03 47.93 19.84 359.6;9 1426.39 315.98 46 16.28 0
v_rz7jl1o76i_0049,1 19.49 457.625 38.98 33.11 0;1 30.695 503.73 61.39 34.7 0;1 88.23 455.39 79.2 31.28 0;1 157.96 502.11 89.9 34.14 0;1 178.21 452.715 84.4 34.01 0;1 286.525 453.285 79.53 31.01 0;1 325.37 503.99 83.5 34.76 0;1 368.91 457.72 79.12 32.22 0;1 384.07 407.305 91.4 36.29 0;1 416.615 510.71 83.85 30.98 0;1 468.725 464.155 80.01 30.31 0;1 505.235 408.905 79.91 32.87 0;1 521.505 513.25 82.11 31.06 0;1 594.715 466.115 82.07 32.45 0;1 612.485 410.885 95.67 33.61 0;1 633.88 510.64 90 31.72 0;1 709.31 467.265 80.24 34.77 0;1 736.63 415.135 78.56 33.17 0;1 771.205 503.84 71.89 29.36 353.1;1 1218.475 295.575 72.43 33.11 359.2;1 1264.385 341.32 80.09 34.16 0;1 1305.425 296.31 78.99 31.72 0;1 1393.15 293.515 79.9 32.23 0;1 1396.025 338.415 84.37 32.41 0;1 1511.9 292.09 108.78 37.8 0;1 1503.46 244.08 84.92 34.98 0;1 1504.325 339.405 85.99 35.21 359.2;1 1610.645 340.755 88.67 35.53 0;1 1645.815 235.78 103.05 39.02 0;1 1717.49 342.535 91.98 31.79 0;4 42.965 411.28 85.93 39.78 0;4 156.855 405.11 84.13 30.82 0;4 262.675 408.575 89.35 32.53 0;5 1361.12 241.885 175.02 54.13 0;5 1821.335 234.1 197.33 50.88 0;7 965.055 354.735 31.67 90.37 338.14;7 1765.47 289.62 305.08 51.28 0;7 1853.185 339.39 133.63 41.42 0;9 250.92 508.845 40.8 12.55 359.6;9 364.495 529.85 44.27 14.3 0;9 579.855 523.27 37.71 13.32 49.0376;9 777.23 445.295 38.18 12.23 12.25;9 781.08 475.11 35.52 14.8 359.3;9 803.38 391.515 44.3 16.05 0.5;9 806.395 440.25 39.27 11.24 353.3;9 1211.5 246.045 47.92 19.85 359.6;9 1425.35 316.395 46 16.27 0
v_s4pu77g6f4_0000,1 122.94 119.53 76.24 35.34 0.5;1 412.87 420.11 90.86 37.1 0;1 644.195 423.74 84.35 34.82 359.62;1 779.67 510.355 68.02 31.21 357.18;1 808.015 424.785 83.11 34.43 0.7;1 840.35 815.25 71.88 29.36 161.2;1 912.275 862.71 79.95 32.94 91.8;1 944.42 799.11 81.34 32.38 87.6;1 973.11 527.295 82.08 32.25 1.5;1 979.9 470.655 75.88 33.17 0;1 1016.495 1026.615 31.45 86.25 0;1 1016.9 912.515 26.8 75.87 0;1 1063.21 1007.435 32.6 83.49 0;1 1062.505 906.85 29.85 87.18 0;1 1109.835 422.09 84.37 36.82 0;1 1205.07 471.1 80.32 34.78 0;1 1377.855 519.155 83.17 32.07 359.7;1 1479.215 423.705 75.67 32.97 0;1 1544.235 780.675 82.15 33.83 4.2;1 1718.08 508.09 86.12 32.32 0.3;1 1777.42 412.025 80.7 29.47 359.8;1 1843.1 459.515 83.6 33.61 0;7 172.37 469.575 166.9 41.05 0
v_s4pu77g6f4_0049,1 122.94 118.19 76.24 35.34 0.5;1 842.305 815.13 71.89 29.36 158.2759;1 912.055 862.235 79.95 32.93 91.8;1 934.195 638.665 68.01 31.21 78.6;1 945.11 812.335 81.34 32.39 87.6;1 967.75 441.81 90.86 37.1 3.6;1 1016.495 1026.615 31.45 86.25 0;1 1016.9 912.515 26.8 75.87 0;1 1063.21 1007.435 32.6 83.49 0;1 1062.505 906.85 29.85 87.18 0;1 1144.465 428.735 80.31 34.83 359.32;1 1377.695 422.91 83.11 34.44 359;1 1544.235 780.675 82.15 33.83 4.2;1 1616.425 468.04 75.89 33.18 0;1 1621.305 522.795 82.07 32.25 358.31;1 1709.85 252.045 81.54 34.29 0;1 1855.265 418.38 87.53 36.82 0;1 1882.95 471.08 74.1 34.78 0;7 739.075 469.835 150.03 41.05 1.48
v_s692nbo66u_0000,1 1202.98 533.045 77.78 36.05 359.7;1 1818.465 527.105 91.63 38.87 350.44
v_s692nbo66u_0049,1 914.98 534.78 77.78 36.06 359.7;1 1294.37 540.535 91.64 38.87 359.8
v_s72lvhj6f7_0000,1 241.99 547.67 34.36 77.84 89.1;1 634.965 486.98 86.83 30.34 359.7;1 871.745 483.71 29.99 81.1 47.2421;1 969.66 27.74 30.32 55.48 7.2;1 970.55 171.72 29.98 83.7 358.3789;1 1021.155 448.37 31.51 71.3 0.6;1 1025.41 15.4 29.2 30.8 0;1 1222.46 479.9 83.2 30.6 0.4;1 1344.3 512.95 84.5 34.58 352.3158;1 1470.82 507.64 88.6 30.3 0;2 1204.78 526.1 104.04 32.68 355.1579;7 1695.085 496.265 114.85 33.87 0
v_s72lvhj6f7_0049,1 434.875 550.77 29.99 81.1 89.2;1 635.005 487.84 86.83 30.34 359.7;1 968.48 128.37 30.32 79.98 359.0667;1 981.36 344.84 29.98 83.7 358.4333;1 1014.74 229.2 29.2 78.3 3.9;1 1015.95 1058.8 31.52 42.4 359.4;1 1158.715 530.64 78.31 33.9 356.5833;1 1222.505 480.27 83.21 30.6 0.4;1 1357.08 520.3 84.38 30.3 352.55;2 834.62 546.63 104.04 32.68 357.3;7 1559.585 495.205 110.53 35.97 0
v_s7crh5bdy2_0000,1 1191.3 545.925 97.22 40.73 0
v_s7crh5bdy2_0049,1 1191.3 545.925 97.22 40.73 0;1 1566.16 503.885 92.78 48.61 0
v_s7o4fyc844_0000,1 296.415 534.895 95.93 40.85 359.8
v_s7o4fyc844_0049,none
v_sbauhcgu50_0000,1 669.13 109.81 28.5 77.42 276;1 838.855 246.635 28.29 78.53 336.1286;1 908.225 417.26 33.11 80.2 352.6143;1 914.97 643.825 26.64 72.19 357.2571;1 921.65 907.49 32.3 82.26 0;1 964.71 536.08 28.7 78.7 356.7429;1 965.48 706.105 29.4 78.45 0;1 1642.045 489.41 29.11 79.1 113.8125;7 1181.16 248.495 113.3 42.61 0;7 1223.785 451.205 29.05 94.09 80.8286;7 1349.765 376.93 29.39 97.6 81.9625;9 381.06 225.59 8.6 31.7 272.5;9 928.505 748.39 8.13 37.5 0
v_sbauhcgu50_0049,1 107.19 113.39 28.5 68.02 268.7;1 491.855 80.905 28.29 78.53 271.3;1 643.805 120.12 33.11 80.2 277.9;1 712.11 273.195 26.64 72.19 283.75;1 880.42 290.61 28.7 78.7 314.25;1 906.18 518.6 32.3 82.26 352.5;1 921.81 914.71 27.2 72.1 0;1 927.62 1067.95 33.4 24.1 0;1 928.005 720.28 30.65 87 0;1 953.1 426.37 29.4 78.46 354.5;1 1326.7 299.09 83.4 32.9 0;1 1874.85 237.36 90.3 35.46 0;7 1181.16 249.59 113.3 42.62 0;7 1280.635 194.185 111.01 40.67 0;7 1850.67 360.11 29.4 97.6 92.4;9 898.685 372.85 8.13 37.5 355.1
v_sbms9wp2ax_0000,1 82.29 530.14 100.52 39.4 0;1 166.075 476.44 98.99 41.9 0;1 294.02 524.465 101.68 35.21 0;1 402.47 472.98 117.4 40.9 0;1 553.915 530.73 94.99 37.8 0;1 587.75 477.65 88.9 36.7 0;1 711.22 532.67 88.3 42.12 2.2;1 740.855 486.925 91.55 35.01 0;1 927.655 365.12 92.83 37 301.5;1 983.86 940.33 37.1 92.8 0;1 1039.245 540.005 101.45 35.45 357.7;1 1554.265 495.315 110.81 35.13 0;1 1590.785 556.43 95.91 34.28 1.5;1 1898.8 551.12 42.4 34.54 0;9 1016.83 1032.285 15.24 43.55 346.1
v_sbms9wp2ax_0048,1 100.68 528.235 105.86 38.95 0;1 107.62 473.08 101.24 40.26 0;1 338.675 479.52 94.81 41.1 0;1 431.34 528.8 100.52 39.4 0;1 550.48 478.86 98.98 41.9 0;1 595.38 528.705 101.68 35.21 0;1 706.58 481.36 117.4 40.9 0;1 848.035 530.47 94.99 37.8 0;1 882.75 439.795 88.9 36.71 326.4;1 991.36 727.8 37.1 92.8 0;1 1134.97 525.205 88.3 42.11 357.4;1 1348.935 496.68 91.55 35 0;1 1783.775 512.43 101.45 35.44 357.7;9 910.835 740.015 15.23 43.55 356.8
v_sbx1fdmgyi_0000,1 1800.27 500.405 103.46 43.41 358.7
v_sbx1fdmgyi_0049,1 1242.14 493.89 103.46 49.46 358.7
v_sd11b3qtmn_0000,1 100.15 602.255 77.06 29.65 26.8;1 131.955 527.12 33.03 79.16 88.7;1 510.29 506.595 81.74 34.41 0;1 610.095 563.48 85.51 30.46 0.6;1 947 183.4 30.2 86.4 4;1 980.32 850.305 80.74 30.79 271.8923;1 983.36 1050.73 58.02 32.34 270.4;1 973.79 81.39 29.54 76.04 4.8;1 1009.7 29.28 30.5 58.56 348.9;1 1108.22 561.56 80.7 30.9 334.7308;1 1318.28 510.605 86.9 31.55 357.3231;7 1016.17 644.29 37.3 100.06 0;7 1646.085 495.73 213.13 52.24 0
v_sd11b3qtmn_0049,1 67.85 573.575 77.06 29.65 43.8722;1 587.615 561.355 85.51 30.47 1.4786;1 945.5 184.32 30.2 86.4 4;1 982.155 839.08 79.21 30.9 277.4684;1 988.53 122.78 29.54 71.24 343.2;1 993.4 294.73 30.5 88.58 10.7;1 1018.72 33.945 31 67.09 359.1;1 1079.395 598.785 78.31 31.55 320.2556;7 1006.44 1034.92 37.3 90.16 0;7 1301.19 493.1 195.24 52.24 0
v_sf4vh490up_0000,1 989.44 176.78 98.98 44.42 92.4
v_sf4vh490up_0049,none
v_sfdsgthzec_0000,1 37.35 465.495 74.7 35.75 0;1 134.535 335.755 74.87 32.63 0;1 838.425 810.43 71.89 29.36 161.2;1 1006.84 1024.05 32.08 71.8 0;1 1019.28 931.14 34.18 83.4 0;1 1059.175 912.1 34.95 83.2 0;4 1063.555 1017.21 31.93 75.76 0;9 212.84 237.085 40.56 20.39 0;9 346.225 505.305 43.15 11.51 0;9 683.355 513.61 51.65 15.14 0
v_sfdsgthzec_0049,1 429.745 414.32 88.27 33.76 0;1 838.485 811.325 71.89 29.37 161.2;1 1007.39 1025.46 32.08 71.8 0;1 1019.28 932.235 34.18 83.39 0;1 1060.35 420.86 86.24 34.7 0;1 1059.565 913.06 34.95 83.2 0;1 1181.065 465.135 85.09 35.75 0;1 1539.975 251.165 80.49 34.31 0;1 1714.835 292.49 82.41 34.68 0;1 1892.4 330.38 55.2 32.26 0;4 1063.79 1018.54 31.94 75.76 0;9 912.385 601.08 43.15 11.52 62.72
v_slduobww75_0000,1 116.615 471.145 91.91 36.91 0;1 614.18 544.19 98.24 38.06 0;1 627.985 482.095 113.25 39.81 0;1 758.895 540.27 92.55 32.52 4.5;1 788.41 455.515 97.3 36.91 342.3;1 876.625 495.035 96.53 35.67 0;1 894.135 988.1 34.29 89.8 0;1 899.44 849.315 35.4 92.89 0;1 929.88 258.85 35.48 89.2 0;1 941.73 981.71 34.6 83.5 0;1 948.765 849.075 35.61 87.53 0;1 979.58 413.495 36.68 94.65 3.7;1 985.67 938.425 32.44 84.67 0;1 1541.55 502.75 113.18 33.7 0;1 1678.99 494.92 96.7 37.26 0;1 1873.715 502.44 92.57 35.16 0;9 301.72 535.57 43.14 12.9 0;9 940.92 550.2 42.34 13.2 0
v_slduobww75_0049,1 601.775 480.505 91.91 36.91 0;1 898.13 626.835 35.4 92.89 0;1 897.825 777.18 34.29 89.8 0;1 942.81 905.61 33.5 91.52 0;1 977.48 74.92 97.3 36.9 272.8;1 955.085 613.055 35.61 87.53 0;1 957.34 747.32 34.6 83.5 0;1 985.55 939.035 32.44 84.67 0;1 1031.96 484.655 113.24 39.81 0;1 1030.515 545.02 98.23 38.06 0;1 1292.65 506.37 96.52 35.66 0;1 1320.095 555.99 92.55 32.52 1.2;1 1619.705 507.52 90.45 33.7 0;1 1744.44 502.6 96.7 37.26 3.32;1 1888.955 502.44 62.09 35.16 0;3 425.38 524.98 163.14 41.68 2.8;7 891.945 944.95 32.45 116.08 0;7 899.405 1059.25 34.39 41.5 0;8 942.15 1051.3 28.7 57.4 0;9 737.92 553.85 43.14 12.9 0;9 1614.915 571.885 42.35 13.19 0
v_sn87m0muvo_0000,none
v_sn87m0muvo_0049,1 1349.14 492.04 104.4 47.38 1.5
v_snkfiomqma_0000,1 374.22 1008.73 78.1 31.9 0;1 794.895 515.17 78.19 29.58 43.2607;1 922.99 1019.26 30.4 76.6 0;1 925.05 926.38 28.7 73.3 0;1 968.145 868.735 31.07 70.19 0;1 977.305 967.795 29.11 79.09 0;2 1817.84 420.11 107.82 35.8 354.8375;9 996.47 765.985 9.64 36.99 359.1;9 998.275 850.53 10.69 37.38 356.8853
v_snkfiomqma_0049,1 782.745 1072.6 10.43 14.8 46.7;1 848.73 916.35 78.18 29.58 88.8;1 922.71 1019.41 30.4 76.6 0;1 924.32 928.3 28.7 73.3 0;1 967.415 870.715 31.07 70.19 0;1 977.085 965.79 29.11 79.1 0;9 995.83 759.005 9.64 36.99 359.1;9 997.35 850.33 10.68 37.38 354.6601;9 1052.85 214.99 38.32 15.76 0
v_sofr0v9nlx_0000,1 196.02 478.68 93.04 36.2 0;1 278.125 532.5 92.43 35.9 0.4;1 410.025 477.78 105.59 38.36 0;1 506.11 535.355 99.48 37.67 0;1 585.94 483.2 91.82 41.04 0;1 765.96 479 116.44 38.58 358.36;1 917.6 1036.1 37.82 87.6 0;1 986.25 937.595 32.44 84.67 0;1 1200.66 542.22 115.7 41.7 358.7;1 1490.625 538.025 99.35 38.99 2.3;1 1808.09 555.72 103.16 42.84 0;1 1827.57 495.61 97.96 44.3 0;3 978.465 560.19 40.61 147.2 1.8
v_sofr0v9nlx_0049,1 16.45 475.99 32.9 35.16 0;1 340.595 489.46 97.83 36.4 0;1 438.88 536.62 97.64 35.5 0;1 541.18 486.92 93.04 36.2 0;1 696.895 479.94 105.59 38.36 0;1 714.045 539.8 92.43 35.9 0.4;1 914.235 538.605 99.47 37.67 0;1 914.6 484.06 91.82 41.04 0;1 940.63 256.2 116.44 38.58 274.2;1 946.845 751.08 37.81 87.6 5.4;1 985.985 936.815 32.43 84.67 0;1 1695.46 501.84 115.7 41.7 355.2;1 1912.55 556.97 14.9 38.98 0.8;3 981.615 38.755 40.61 77.29 0
v_sov86wyox7_0000,1 187.86 563.455 81.4 35.85 358.9125;1 385.275 583.505 84.43 30.29 359.1;1 525.52 590.59 87.8 30.54 359.2333;1 557.645 517.485 35.61 88.63 89.4;1 641.215 551.865 28.65 78.67 78.4;1 836.97 520.39 38.2 86 74.9;1 948.025 1021.4 32.41 79.24 18.1444;1 952.16 396.24 29.7 86.74 11.4;1 1200.09 542.795 78.88 28.65 0;1 1517.96 545.98 90.32 34.4 0
v_sov86wyox7_0049,1 61.93 562.845 87.8 30.55 2.7;1 259.28 564.245 28.66 78.67 92.5;1 558.555 517.16 35.61 88.62 89.4;1 755.56 517.86 38.2 86 87.9143;1 782.8 571.165 29.7 86.75 72.7429;1 903.525 561.94 71.91 28.66 354.5;1 952.125 1027.065 32.41 79.25 5.7;1 972.765 99.44 31.29 83.62 0;1 1226.075 545.375 83.87 34.41 0
v_sr4yvyb4w0_0000,1 13.015 78.67 26.03 24.2 270.2;1 239.08 221.445 28.7 78.69 270.3;1 663.51 257.61 32.3 82.26 280.3571;1 868.125 372.48 30.65 87 334.8571;1 872.13 277.32 29.4 78.46 312.1857;1 897.73 491.96 27.2 72.1 353;1 940.09 569.175 33.4 81.61 4.1;1 961.96 1019.05 29 81.04 0;1 1130.5 304.34 83.4 32.9 0;1 1343.41 200.04 90.1 32.7 0;1 1416.2 250.54 90.3 35.46 0;7 1159.835 195.885 111.01 40.67 0;7 1180.45 250.15 113.3 42.62 0;9 24.37 469.345 40.9 10.57 0;9 690.055 82.07 8.13 37.5 286.0455;9 919.33 1065.4 8.6 28.8 0
v_sr4yvyb4w0_0049,1 292.55 424.49 78.8 30.8 0;1 410.38 228.87 29.4 78.46 271;1 537.54 378.7 74.5 29 0;1 580.785 259.345 30.65 86.99 272.3933;1 599.63 112.815 33.4 81.61 284.3933;1 777.79 299.33 27.2 72.1 301.02;1 923.7 707.135 33.6 79.89 0;1 937.24 529.73 29 81.04 349.3846;1 963.62 853.12 29.9 82.36 0;1 1129.22 305.26 83.4 32.9 0;1 1287.47 204.88 90.1 32.7 0;1 1320.61 252.86 90.3 35.46 0;1 1510.96 297.565 88.34 27.19 0;1 1574.26 245.3 89.3 29.4 0;1 1604.78 202.3 77.9 32.5 0;1 1755.8 285.09 88.3 33.9 0;1 1879 193.41 82 31.6 0;2 1833.76 239.49 89.5 30.7 0;7 1157.68 195.645 111.02 40.67 0;7 1179.18 250.195 113.3 42.61 0;9 210.575 73.19 8.13 37.5 268.4;9 733 478.545 40.9 10.57 13.1333;9 927.46 606.94 8.6 38.3 6.2455
v_swspir6x01_0000,1 258.605 467.96 100.29 39.58 0;1 498.52 507.785 90.86 35.53 0;1 580.895 459.87 99.55 43.22 0;1 804.595 528.34 95.31 39.56 0;1 977.75 858.59 32.08 85.68 0;1 1096.58 458.015 102 41.41 0;1 1227.535 469.53 91.59 38.98 0;1 1332.09 464.46 76.98 33.9 0;1 1324.81 526.47 38.54 88.38 90.4;1 1451.73 460.905 87.7 37.89 0;1 1444.485 524.88 39.05 87.26 88.9;1 1574.565 460.88 99.63 42.02 0;1 1577.88 518.605 89.44 39.11 0;1 1718.62 517.31 40.42 94.08 88.9;1 1772.6 462.015 92.62 38.21 0;1 1899.4 515.52 40.4 41.72 359.6;4 49.175 486.76 98.35 39.94 0;4 845.815 460.105 112.89 38.87 0;7 708.705 454.195 126.85 45.93 0;9 689.755 537.26 48.85 16.38 0;9 1042.15 543.19 39.36 13.68 0;9 1192.915 533.675 14.31 46.11 102.6833
v_swspir6x01_0049,1 485.265 470.165 96.07 39.59 0;1 591.69 459.84 99.56 43.22 0;1 662.295 512.545 86.69 35.53 0;1 977.94 589.34 32.08 85.68 0;1 1097.09 458.32 102 41.42 0;1 1127.345 529.99 92.23 39.56 0;1 1229.08 469.39 91.48 38.98 0;1 1336.54 464.52 76.98 33.9 0;1 1327.755 527.88 38.55 88.38 90.4;1 1449.715 526.95 39.05 93.02 88.9;1 1475.9 461.43 87.7 37.9 0;1 1664.44 504.79 91.76 39.1 349.1938;1 1831.19 514.12 40.42 94.08 88.9;1 1904.415 464.88 31.17 42.02 0;4 508.865 520.365 97.87 41.87 0;4 845.83 459.4 112.74 38.86 0;7 711.26 451.925 126.86 45.93 0;9 1027.385 543.18 47.21 16.38 0;9 1302.975 558.895 39.37 13.67 0;9 1694.655 551.66 14.31 43.12 89.3
v_sxrumnp73g_0000,1 368.62 462.14 97.32 38.96 0;1 596.465 457.725 105.41 41.43 0;1 776.825 454.135 89.77 38.21 0;1 838.795 522.75 95.37 41.72 0;1 917.86 460.735 94.38 35.77 0;1 897.82 101.28 36.74 87.48 0;1 902.135 882.02 38.31 95.68 0;1 911.15 1039.345 38.78 81.31 0;1 912.245 740.725 37.49 90.19 0;1 967.235 1047.605 38.35 64.79 0;1 968.52 602.4 36.18 86.56 0;1 1418.815 478.255 34.23 81.59 90.3;1 1780.88 534.735 91.28 35.53 0;1 1833.585 454.565 87.15 38.41 0;9 719.315 508.515 39.89 14.41 0;9 1000.345 758.19 15.13 41.7 0;9 1043.335 498.825 43.39 10.95 0
v_sxrumnp73g_0049,1 145.5 466.15 107.3 40.68 0;1 382.86 466.235 87.06 36.37 0;1 637.745 466.26 89.09 38.96 0;1 831.13 460.04 97.52 38.46 0;1 884.175 523.34 95.37 41.72 0;1 902.86 720.33 34.6 90.82 0;1 909.49 620.175 37.48 90.19 0;1 913.885 858.27 38.77 89.6 0;1 966.57 474.12 36.18 86.56 0;1 972.495 748.065 36.91 98.39 0;1 1161.015 451.655 89.77 38.21 0;1 1327.685 457.975 92.93 35.77 0;1 1780.505 535.915 91.29 35.53 0;1 1864.87 495.83 37.44 87.42 95.9;1 1902.485 454.72 35.03 38.4 0;9 803.05 508.67 38.8 13.2 0;9 1017.665 554.115 14.49 34.69 12.65;9 1707.27 501.305 41.34 10.95 0
v_t0rcxiuav0_0000,none
v_t0rcxiuav0_0049,1 1352.075 499.77 91.29 43.36 0.1;1 1905.15 504.54 29.7 39.42 0
v_t0vb5hzvpj_0000,none
v_t0vb5hzvpj_0049,none
v_t25bnu3oko_0000,1 1307.615 525.36 102.39 44.48 359.95
v_t25bnu3oko_0049,1 996.32 519.895 102.38 44.47 0.4
v_t2qtn50g2a_0000,1 1795.35 525.12 77.78 36.06 349.6
v_t2qtn50g2a_0049,1 1600.25 539.63 77.78 36.06 358.11
v_t33evmw388_0000,none
v_t33evmw388_0049,none
v_t61sy73x7t_0000,1 176.73 551.28 34.22 90.62 90.2;1 956.7 498.43 89.38 31.8 0;1 932.98 178.765 33.28 84.83 0;1 946.875 857.88 36.59 77.5 0;1 952.83 89.14 36.7 84.48 0;1 983.435 342.75 36.53 86.3 0;1 998.96 1065.39 36.02 29.22 0;1 1258.935 515.855 87.59 36.73 0;1 1433.51 534.255 94 38.31 359.5;1 1604.24 527.925 114.82 35.77 0;4 931.52 286.165 36.84 86.75 0;7 465.625 538.445 101.41 42.93 358.5;7 941.54 1008.21 52.6 142.12 0;9 653.06 513.815 12.3 40.91 88.15;9 903.51 309.855 12.76 35.99 355.0625
v_t61sy73x7t_0049,1 517.675 513.525 86.29 35.27 0;1 927.18 281.275 33.28 84.83 0;1 941.21 30.395 35.1 60.79 0;1 943.08 171.565 36.7 84.49 0;1 994.56 516.875 80 36.73 0;1 985.74 756.305 37.34 83.71 0;1 991.96 285.17 35.5 87.3 0;1 1209.64 549.325 87.76 38.35 355.9727;1 1363.365 527.81 105.85 35.76 0;1 1574.72 524.825 89.5 37.85 0;1 1727.61 520.67 92.22 35.16 0;4 887.16 467.505 36.84 86.03 45.0273;9 909.125 396.695 12.75 35.99 14.6909
v_t6e5p362cw_0000,1 334.39 509.125 92.34 36.37 0;1 1384.695 464.44 83.19 36.52 0
v_t6e5p362cw_0049,1 1169.195 511.565 86.03 36.37 0
v_t7190xits8_0000,1 435.03 467.03 96.1 35.52 0;1 996.1 474.965 88.5 35.05 0;1 983.91 804.04 34.7 89.7 4.86;1 1366.92 508.085 103.06 39.23 0;1 1457.66 557.92 100.6 37.12 0;1 1680.77 499.33 89.7 34.08 0.7
v_t7190xits8_0049,1 233.29 547.16 94.5 36.82 0;1 549.105 521.65 92.77 35.94 0;1 803.945 499.215 100.13 35.81 0;1 1111.13 596.36 34.7 89.7 62.6286;1 1229.12 468.09 96.1 35.52 0;1 1863.1 503.16 79.46 35.04 0
v_t8vcih7b0c_0000,1 465.5 526.7 95 36.6 0;1 922.78 281.34 35.34 84.52 0;1 939.915 76.485 38.63 82.77 0;1 940.26 1038.225 36.68 83.55 0;1 984.715 202.48 34.23 75.66 0;1 1061.755 1050.66 42.35 58.68 0;1 1249.2 508.215 86.14 35.77 0;9 691.295 541.32 41.27 11.3 0
v_t8vcih7b0c_0049,1 857.3 483.68 37.32 80.88 42.4545;1 936.265 163.83 35.87 86.1 0;1 941.435 375.115 38.63 82.77 0;1 990.53 487.055 34.94 75.65 0;1 1204.315 512.95 84.31 36.2 0;1 1422.67 532.645 91.26 35.27 0;1 1650.335 519.555 96.97 39.25 0;9 45.45 555.31 45.86 11.3 0
v_t9re5kb4ou_0000,none
v_t9re5kb4ou_0049,1 1367.105 489.43 96.73 51.24 0
v_tbf39o7or8_0000,1 186.205 529.93 92.51 38.08 0.7;1 721.33 519.52 85.46 39.44 0;1 920.695 388.32 37.45 85.12 5.74;1 936.065 815.74 35.87 86.1 0;1 973.255 1038.255 37.79 77.55 329.9;1 1010.32 616.755 83.86 36.51 321.87;1 987.52 27.24 37.14 54.48 0;1 1409.63 525.475 91.1 34.05 0;7 935.205 166.17 48.37 160.14 0
v_tbf39o7or8_0049,1 700.33 520.145 32.92 84.71 87.62;1 956.545 851.585 83.85 36.51 267.3;1 938.215 979.58 35.87 86.1 0;1 979.715 1055.89 37.79 48.22 344.2;1 992.55 260.18 36.9 92.24 0;1 1200.93 525.7 85.86 34.04 0;1 1375.29 527.47 92 34.6 0;7 932.145 236.765 51.39 157.95 0
v_tbk90gflac_0000,none
v_tbk90gflac_0049,1 1532.845 520.735 95.93 40.85 359.8
v_tcgtslg45u_0000,1 427.12 485.695 78.36 33.81 0;1 611.81 438.76 80.2 30.52 0;1 701.77 1042.05 75.62 32.26 17.76;1 835.08 1049.845 60.38 31.55 90.8;1 914.435 925.77 38.17 86.5 0;1 924.49 1034.71 32.34 77.3 0;1 966.995 881.13 35.25 85.9 0;1 967.28 983.995 33.82 76.87 0;1 1058.185 395.46 84.17 34.66 0.65;1 1213.535 387.56 95.37 33.14 359.3;1 1324.72 436.785 77.74 32.55 0;1 1529.55 435.345 79.52 33.61 0;2 99.12 484.725 109.2 33.35 359.16;2 590.015 486.49 106.41 38.74 0;7 349.615 434.58 148.11 48.5 0;7 940.33 435.025 110.34 45.25 0;7 1032.645 488.68 151.29 45.76 359.7;9 1580.765 485.37 36.55 12.9 0.1
v_tcgtslg45u_0049,1 533.6 488.92 75.62 33.82 0;1 539.645 1017.92 86.09 37.8 1.68;1 914.535 926.21 38.17 86.5 0;1 925.505 1035.12 32.35 77.3 0;1 966.1 984.585 33.82 76.87 0;1 967.185 881.61 35.25 85.9 0;1 1102.07 273.785 82.48 36.67 0;1 1251.63 448.74 76.06 30.52 359.9;1 1843.225 421.595 86.23 34.67 359.9;2 665.89 441.69 99.72 33.4 1.08;2 852.965 497.09 98.43 37.76 0.3;4 290.965 480.885 85.39 33.77 0;7 970.1 437.12 142.8 46.24 0;7 1578.44 421.46 117.1 47.94 358.86;7 1661.67 478.35 156.36 45.76 359
v_tg6vviprnt_0000,1 1046.065 495.15 97.29 44.08 0
v_tg6vviprnt_0049,1 428.865 545.315 97.29 44.09 0
v_tg8z52heqy_0000,1 167.02 384.325 86.2 34.31 0;1 299.2 477.55 82.6 34.06 0;1 399.38 480.14 82.86 33.7 0;1 433.79 381.135 86.44 34.63 0;1 505.615 481.27 86.01 35.9 1.9;1 513.895 433.035 86.17 35.23 1.82;1 528.29 1023.025 77.74 35.87 0;1 535.735 385.02 78.55 33.38 1.2;1 619.57 479.985 82.06 33.55 0.5;1 639.655 384.185 84.21 33.17 2;1 646.655 432.65 83.61 34.94 0.7;1 1087.755 278.885 81.43 37.35 0;1 1132.835 85.6 93.77 42.32 359.5;1 1143.475 142.905 81.49 37.11 0;1 1181.415 230.365 89.31 39.45 0;1 1206.075 282.74 82.21 36.9 0;1 1313.63 279.975 80.92 37.91 0;1 1397.865 285.15 70.23 33.44 0;1 1436.995 329.485 90.73 37.11 0;1 1494.645 272.355 88.45 36.67 0;1 1565.98 229.405 92.7 35.77 0;1 1810.015 297.075 94.33 39.65 4;1 1842.315 234.8 98.03 38.36 0;2 1080.715 230.28 93.27 37.2 0;2 1325.58 229.19 109.76 42.4 0;4 1277.995 326.795 84.83 37.35 0;4 1644.115 329.56 104.71 39.8 0;7 34.75 475.785 69.5 33.65 0;7 913.715 760.765 34.39 87.25 1.05;7 1111.675 321.595 102.23 42.39 0;7 1608.67 273.53 120.52 47.96 0;9 299.74 439.205 44.4 13.63 0;9 1025.55 203.395 40.4 12.31 0
v_tg8z52heqy_0049,1 210.315 387.425 85.41 35.63 0;1 298.53 480.72 82.6 34.06 0;1 326.655 389.805 86.19 34.31 0;1 372.37 441.385 82.36 35.23 0;1 398.25 482.725 82.86 33.69 0;1 437.01 384.395 86.44 34.63 0;1 505.08 482.59 86 35.9 1.9;1 521.175 435.875 86.17 35.23 1.1;1 530.44 1025.515 77.74 35.87 0;1 535.22 386.535 78.56 33.39 1.2;1 619.235 482.355 82.81 34.71 0.5;1 639.355 385.145 84.21 33.17 2;1 646.16 433.53 83.6 34.94 0.7;1 879.33 429.825 34.34 76.63 339.7;1 1086.355 278.885 81.43 37.35 0;1 1130.855 84.075 93.77 42.33 359.5;1 1141.01 141.425 81.48 37.11 0;1 1179.545 229.6 89.31 39.44 0;1 1205.25 281.815 82.2 36.89 0;1 1311.865 278.02 80.91 37.9 0;1 1396.015 281.92 70.23 33.44 0;1 1436.775 326.07 90.73 37.12 0;1 1465.48 224.73 92.7 35.76 0;1 1492.265 267.48 88.45 36.68 0;1 1590.915 224.88 91.57 35.24 0;1 1748.065 286.65 94.33 39.64 2.8;2 1075.115 230.91 93.27 37.2 0;2 1323.265 225 109.75 42.4 0;2 1897.39 229.155 45.22 45.11 0;4 1277.08 326.57 84.82 37.36 0;4 1565.785 322.28 99.97 39.8 0;7 178.07 482.39 110.98 34.84 0;7 702.775 274.385 35.47 87.25 289.2;7 1110.245 320.165 102.23 42.39 0;7 1605.185 268.365 120.11 44.77 0;9 565.105 414.175 42.27 13.63 4.2;9 1022.92 203.085 40.4 12.31 0
v_tgr757fi0p_0000,1 261.575 452.825 102.05 41.31 0;1 572.87 448.81 87.3 34.2 0;1 660.33 519.025 88.5 38.45 0;1 695.76 472.455 78.1 37.53 0;1 799.9 469.505 91.5 38.85 0;1 905.54 611.13 42.42 91.94 0;1 908.545 211.36 37.77 85.6 0;1 962.7 786.565 37.68 91.13 0;1 1099.05 453.925 91.42 38.15 0;1 1198.365 455.305 89.61 37.97 0;1 1307.455 460.02 87.51 37.02 0;1 1415.835 527.14 93.47 36.56 0;1 1412.795 464.88 36.71 84.62 90.1;1 1529.24 462.06 79.74 36.08 0;1 1555.915 513.86 101.39 44.14 0;1 1674.855 449.9 42.31 94.1 89;1 1781.18 539.555 93 35.53 0;1 1785.755 450.48 95.73 39.64 0;1 1889.115 452.305 40.21 63.93 89.6;1 1913.605 534.985 12.79 38.27 0;4 963.71 373.675 40.3 105.05 0;9 1911.92 499.17 13.68 16.32 89.5
v_tgr757fi0p_0049,1 305.065 447.94 119.97 44.8 0;1 471.93 452.23 97.04 40.6 0;1 596.11 445.78 87.3 34.2 0;1 702.43 469.665 78.1 37.53 0;1 755.985 517.35 89.43 36.68 0;1 809.905 468.145 91.49 38.85 0;1 974.6 592.43 37.68 88.42 9.64;1 1098.125 453.925 89.57 38.15 0;1 1198.385 454.21 89.61 37.96 0;1 1307.815 458.84 87.51 37.02 0;1 1418.765 525.7 93.47 36.56 0;1 1412.955 464.395 36.71 84.67 90.1;1 1539.04 460.325 79.74 36.09 0;1 1556.875 513.75 101.39 44.14 0;1 1727.345 448.13 42.31 94.1 89;1 1780.905 539.485 92.99 35.53 0;1 1867.37 446.31 95.36 39.64 0;1 1914.26 534.985 11.48 38.27 0
v_tj6g0xelsn_0000,1 612.44 481.95 90.4 37.2 0;1 980.87 702.97 33.4 96.4 0;1 989.75 908.24 39.1 89.8 0;1 1058.34 510.735 98.54 39.23 0;1 1622.775 529.325 96.29 41.65 0
v_tj6g0xelsn_0049,1 116.48 543.625 106.2 36.95 0;1 684.55 492 101.54 39.5 0;1 850.865 555.79 103.51 38.1 0;1 981.52 996.33 39.1 92.36 0;1 982.47 647.165 33.4 96.39 0;1 990.74 793.83 39.1 89.8 0;1 1797.345 506.13 83.27 37.2 0
v_tl1r03aqsa_0000,1 1520.425 515.05 101.17 49.92 0
v_tl1r03aqsa_0049,1 1015.895 504.54 101.17 49.92 0
v_tmtlj3gns9_0000,1 127.87 492.74 89.98 39.34 0;1 211.595 541.715 88.97 37.11 0;1 742.815 537.54 89.97 38.2 0;1 942.06 98.52 38.32 84.16 0;1 969.12 521.11 78.9 34.22 0;4 995.575 1037.035 32.69 78.89 0;4 1316.03 512.145 85.44 31.55 0;9 983.79 439.62 12.44 40.64 0
v_tmtlj3gns9_0049,1 34.96 543.84 69.92 38.2 0;1 128.53 492.74 89.98 39.34 0;1 380.17 543.735 80.32 35.17 0;1 935.545 275.665 38.03 80.49 0;1 935.7 373.03 36.76 83.56 0;1 941.14 54.035 38.4 84.75 5.3;1 1892.66 520.3 54.68 33.3 0;4 996.335 1046.265 32.69 67.47 0;4 1033.94 525.785 76.86 31.55 351.37;9 958.1 946.41 12.44 40.64 0
v_tnr816srce_0000,1 823.18 496.59 36.94 89.32 84.3;1 960.795 46.245 39.13 92.49 0;1 965.12 794.745 34.7 88.21 358.03;1 1001.715 88.4 36.29 86.9 3.2727;1 1006.885 223.78 38.59 92.7 0;1 1026.26 455.075 36.02 89.07 0.21;9 1037.675 61.025 13.09 42.83 0
v_tnr816srce_0049,1 212.115 516.225 36.95 94.23 88.7;1 957.27 1033.815 34.7 83.49 2.1;1 962.455 58.34 39.07 96.8 0;1 962.07 292.285 36.28 86.91 5.9;1 995.58 547.3 38.58 92.7 0.74;1 1001.03 130.82 37.6 88.18 10.08;1 1004.59 957.95 36.02 88.56 355.26;9 1042.81 364.395 13.08 42.83 0
v_tpa7f4x6rz_0000,1 24.29 537.445 30.26 52.01 90.5;1 405.56 551.095 83.1 32.83 357.8;1 562.165 495.66 35.61 88.62 89.4;1 688.975 543.25 87.93 32 356.3;1 917.68 460.85 31.7 86.54 31.72;1 1024.335 602.155 32.89 79.35 357.2;1 1107.345 527.425 82.61 32.69 0
v_tpa7f4x6rz_0049,1 21.05 544.69 41.5 32 0.8;1 531.16 551.47 31.7 86.54 87.7;1 560.855 495.79 35.61 88.62 89.4;1 739.135 553.55 81.85 31.14 356.7
v_tpm3wmkwl7_0000,1 737.085 509.89 71.89 29.36 357.9;1 1007.47 980.85 31.32 76.96 0;1 1009.375 1072.96 33.63 14.08 0;1 1059.46 996.01 31.32 80.3 0;1 1061.2 893.27 27.44 66.84 0;1 1278.905 502.465 78.11 31.05 0;7 1059.565 1067.045 36.81 25.91 0;8 1016.655 890.43 27.79 72.82 0
v_tpm3wmkwl7_0049,1 737.55 509.8 71.88 29.36 357.8104;1 1007.02 976.4 31.32 76.96 0;1 1009.375 1073.06 33.63 13.88 0;1 1060.35 993.34 31.32 80.3 0;1 1060.76 891.49 27.44 66.84 0;1 1900.2 491.785 39.6 31.05 0;7 1059.565 1065.915 36.81 28.17 0;8 1016.655 888.205 27.79 72.81 0
v_ts3xvp0nbr_0000,1 83.64 548.13 84.8 31.16 2;1 330.65 510.24 33.2 85.18 99.9;1 460.56 554.925 30.4 82.03 89.5;1 562.035 494.065 35.61 88.63 89.4;1 894.11 464.005 29.8 74.03 44.1308;1 961.26 1024.96 30.2 80.86 0;1 968.8 261.175 32.68 80.87 0;1 1003.35 125.66 31.72 83.04 358.4667;1 1471.38 525.625 90.78 34.27 357.8;9 1032.11 975.245 13.46 36.71 0
v_ts3xvp0nbr_0049,1 245 494.605 33.2 85.17 90.1;1 437.77 560.395 29.8 74.03 91;1 560.965 491.925 35.61 88.63 89.4;1 961.645 212.505 36.21 86.95 0;1 979.015 642.965 32.69 80.87 0;1 1021.74 470.13 31.72 83.04 357.3;1 1219.34 522.405 90.78 34.27 0
v_tss34ysbrd_0000,1 23.155 542.38 46.31 41.82 356.9;1 862.2 541.745 98.88 40.15 359.9;9 1902.11 485.935 35.78 14.67 334.3
v_tss34ysbrd_0049,1 263.41 540.415 98.88 40.15 359.9;9 1260.1 534.43 43.36 17.2 359.4
v_ttlex0wmoo_0000,1 462.345 483.41 94.39 33.4 0;1 823.985 488.375 91.91 36.91 0;1 906.82 1053.05 34 53.9 0;1 912.91 105.71 35.4 92.9 0;1 912.475 393.02 34.29 89.8 0;1 943.22 961.87 36.02 95.9 355.7;1 975.485 138.745 35.61 87.53 0;1 978.33 375.64 34.6 83.5 0;1 985.43 939.665 32.44 84.67 0;1 1020.43 581.31 33.5 91.52 32.8;1 1422.48 492.135 113.24 39.81 0;1 1558.595 508.715 96.53 35.67 0;1 1602.41 553.785 98.24 38.07 0;1 1749.8 509.46 90.46 33.7 0;1 1772.155 566.375 92.55 32.51 1.2;1 1881.115 555.86 77.77 37.26 20.9;1 1889.98 503.15 60.04 35.16 0;3 638.805 534.735 163.13 41.67 2.8;7 898.055 747.4 32.45 116.08 3.4;7 899.285 930.565 34.39 111.95 0;8 947.5 852.43 28.7 67.1 0;9 912.875 573.505 43.13 12.91 0
v_ttlex0wmoo_0049,1 772.355 481.02 94.39 33.4 0;1 904.49 1044.7 33.78 70.6 0;1 904.89 888.365 34 88.55 0;1 956.025 1028.505 39.11 89.45 351.5;1 961.87 757.63 36.02 95.9 5.3;1 985.31 940.265 32.44 84.67 0;1 1220.345 494.775 91.91 36.91 0;1 1486.95 553.14 33.5 91.52 89;1 1559.37 495.28 113.24 39.82 0;1 1678.265 505.465 96.53 35.67 0;1 1740.68 550.98 98.24 38.06 0;1 1794.375 510.46 90.45 33.7 0;1 1852.825 568.335 92.55 32.51 1.2;1 1890.065 503.94 59.87 35.16 0;3 765.605 538.97 163.13 41.68 2.8;7 908.845 650.98 34.39 111.94 2.625;7 910.235 411.425 32.45 116.07 3.4;8 972.375 541.31 28.71 72.26 0;9 1306.525 579.5 43.13 12.9 0
v_tuurie10h3_0000,1 13.59 417.705 27.18 32.71 0;1 74.5 511.72 84.4 32.72 0;1 121.3 413.31 83.6 33.42 0;1 175.75 518.985 91.62 34.15 0;1 217.94 413.175 89.46 34.35 0;1 301.525 515.81 89.79 32.06 0;1 335.945 419.62 79.47 32.78 0;1 368.175 468.6 79.43 30.1 0;1 462.34 416.155 87.3 32.71 0;1 483.01 466.785 78.7 33.57 0;1 520.9 282.87 29.2 76.9 272.4;1 575.445 515.08 82.43 33.16 0;1 549.485 148.05 27.71 75.4 273.3;1 577.44 464.43 81.98 34.58 0;1 577.605 415.15 81.99 31.8 0;1 686.92 474.71 87.8 33.82 0;1 700.905 517.235 79.95 32.93 0;1 701.67 421.69 79.16 32.68 0;1 742.95 295.195 31.7 80.25 275.8;1 838.19 814.41 71.88 29.36 161.2;1 889.41 219.435 30.3 80.71 313;1 983.43 478.96 27.98 75.3 348;1 1005.86 866.19 25.8 81.26 0;1 1012.59 372.13 29 81.9 343.4;1 1045.25 508.98 27.88 73.04 352.3;1 1319.37 247.77 79.3 35.34 359.3;1 1350.33 296.925 75.96 34.29 0;1 1423.3 246.415 84.8 34.35 0;1 1441.955 340.195 103.03 37.33 0;1 1583.11 342.525 99.74 38.17 0;1 1616.835 292.305 87.03 35.59 0;1 1622.33 481.155 27.8 76.67 84.3;1 1690.705 243.815 87.55 35.43 0;1 1719.32 297.16 91.76 36.9 0;2 1222.21 296.145 87.76 38.71 0;2 1550.165 246.285 105.13 36.11 0;4 213.895 466.19 82.79 30.2 0;4 943.07 368.19 27.58 78.7 327.4;4 1063.385 645.305 27.01 77.43 1.7;4 1246.455 163.445 88.05 39.07 0;4 1488.69 295.125 100.7 39.29 0;7 66.13 464.905 126.3 34.35 0;7 435.94 516.91 136 41.26 0;7 1009.4 658.85 29.32 100.64 358.5;7 1062.99 867.09 29.9 106.46 0;7 1264.145 342.015 114.59 39.97 0;7 1835.41 291.165 123.2 39.53 0;8 223.24 149.565 64.8 29.85 0.3;9 767.495 453.49 41.91 11.58 359.2;9 807.18 449.04 44.12 15.9 0;9 1193 230.745 42.74 13.57 0
v_tuurie10h3_0049,1 13.825 418.315 27.65 32.71 0;1 75.4 512.135 84.4 32.71 0;1 47.125 127.04 27.71 75.4 269.7;1 54 287.505 31.7 80.25 268.7;1 121.65 413.96 83.6 33.42 0;1 176.165 519.34 91.63 34.16 0;1 218.61 413.365 89.46 34.35 0;1 195.37 158.885 30.3 80.71 270.1667;1 302.255 516.405 89.79 32.07 0;1 336.195 420.49 79.47 32.78 0;1 368.915 469.01 79.43 30.1 0;1 462.42 416.4 87.3 32.7 0;1 483.01 467.16 78.7 33.56 0;1 575.445 515.45 82.43 33.16 0;1 577.54 464.595 81.98 34.59 0;1 577.69 415.36 81.98 31.8 0;1 687.03 475.045 87.8 33.83 0;1 662.395 129.355 28.99 77.09 275.2333;1 701.705 517.505 79.95 32.93 0;1 701.84 421.79 79.16 32.68 0;1 720.77 317.97 27.98 75.3 272.05;1 838.12 814.53 71.88 29.36 161.2;1 873.65 285.42 27.88 73.04 283.0667;1 982.14 524.85 25.8 81.26 351.4;1 1022.995 683.375 34.27 100.21 0;1 1319.5 247.885 79.3 35.33 359.3;1 1350.15 297.56 75.96 34.3 0;1 1422.905 246.585 84.81 34.35 0;1 1441.475 340.635 103.03 37.33 0;1 1582.47 342.6 99.74 38.18 0;1 1616.2 292.42 87.02 35.6 0;1 1689.845 243.815 87.55 35.43 0;1 1718.83 297.345 91.76 36.91 0;2 1222.19 296.535 87.76 38.71 0;2 1549.78 246.435 105.14 36.11 0;4 214.225 466.77 82.79 30.2 0;4 818.78 207.97 27.58 78.7 329.3;4 992.975 298.695 27.01 70.09 331.2;4 1245.825 163.32 88.05 39.06 0;4 1488.525 295.235 100.69 39.29 0;7 66.22 465.735 126.3 34.35 0;7 436.31 517.095 136 41.25 0;7 954.99 401.385 29.32 90.75 332.2667;7 1043.06 483.73 34.4 98.12 348.5;7 1263.405 342.84 114.59 38.48 0;7 1834.755 291.875 123.19 39.53 0;9 767.47 453.82 41.92 11.58 359.2;9 807.18 449.32 44.12 15.9 0;9 1193.475 230.585 43.37 12.83 0
v_tuyb2j2uk6_0000,1 247.44 530.455 39.14 97.99 269.3;1 568.29 544.95 79.3 33.46 359
v_tuyb2j2uk6_0049,none
v_tv9kdhbl8a_0000,1 130.5 513.235 99.66 39.55 0;1 904.05 663.69 37.48 95.9 0;1 970.17 461.94 102 41.42 0;1 979.61 928.48 38.28 94.36 0;1 989.88 705.515 38.54 91.29 0;1 1046.96 537.015 36.22 84.83 48.8;1 1150.225 467.05 98.95 38.98 0;1 1300.105 519.995 89.45 39.11 0;1 1335.23 462.29 76.98 33.9 0;1 1453.17 458.59 87.7 37.9 0;1 1563.865 459.35 99.63 42.02 0;1 1702.7 459.095 92.62 38.21 0;1 1717.63 515.835 40.42 94.09 88.9;1 1829.11 463.51 94.42 35.78 0;1 1838.77 514.985 96.74 41.73 359.6;4 654.415 462.3 121.29 38.86 0;9 495.78 522.11 47.76 16.36 0
v_tv9kdhbl8a_0049,1 65.31 456.21 107.58 43.22 0;1 618.13 519.975 95.32 39.55 0;1 973.72 617.245 38.28 88.89 0;1 1096.05 457.7 102 41.42 0;1 1106.26 518.37 38.54 88.38 80.8;1 1226.905 467.38 94.63 38.98 0;1 1334.945 463.03 76.99 33.9 0;1 1379.805 526.235 39.05 84.75 88.9;1 1452.465 459.725 87.71 37.89 0;1 1569.105 460.1 99.63 42.02 0;1 1567.075 517.965 89.45 39.11 0;1 1700.83 459.435 92.62 38.21 0;1 1718.76 515.485 40.42 94.09 88.9;1 1835.11 514.985 96.74 41.73 359.6;1 1854.57 464.775 94.42 35.77 0;4 845.39 458.11 116.84 38.86 0;7 486.83 452.685 132.94 45.93 0;9 362.75 510.62 52.68 16.38 0;9 806.35 538.27 39.36 13.68 0;9 990.265 828.22 14.31 49.1 0
v_tvsey2aqde_0000,1 114.8 495.045 101.1 36.25 356.6273;1 284.09 543.44 95.7 37.64 0;1 292 490.775 96.96 36.25 0;1 460.04 494.94 100.84 37.6 0;1 556.405 550.185 99.71 40.55 0;1 674.12 487.93 98.14 37.78 0;1 821.125 548.895 102.01 37.15 0;1 845.755 494.385 102.01 40.55 0;1 926.055 347.965 102.01 40.55 292.6909;1 981.635 646.365 95.63 34.47 282.6;1 980.845 506.465 93.65 37.87 353.6;1 967.21 769.95 33.1 89.3 0;1 1325.495 568.85 89.17 30.66 0.3;1 1525.62 503.495 82.46 40.55 0;3 1139.855 534.86 54.51 190.62 80.9333;9 132.77 566.345 48.2 11.59 0;9 908.03 776.055 16.78 44.31 0;9 1842.795 581.985 12.71 35.53 92.6
v_tvsey2aqde_0049,1 120.505 498.14 89.05 36.18 0;1 268.58 483.99 96.74 38.6 0;1 347.95 548.865 96.3 32.63 0;1 457.16 492.455 101.1 36.25 359.1;1 613.45 491.45 96.96 36.26 0;1 686.61 551.11 95.7 37.64 0;1 798.02 488.99 100.84 37.6 350.9231;1 988.055 632.735 95.63 34.47 284.4;1 970.9 739.46 33.1 89.3 3.0673;1 1027.205 551.045 99.71 40.55 0;1 1072.98 494.92 98.14 37.78 0;1 1272.03 499.515 102.02 40.55 0;1 1343.865 558.285 102.01 37.15 0;1 1483.005 499.375 93.65 37.87 359.3;1 1701.045 573.11 89.17 30.66 0.3;3 1749.895 508.055 54.51 190.61 89.15;9 636.31 577.415 48.2 11.59 0;9 911.96 615.835 16.78 44.31 3.5
v_tvu36scn1f_0000,1 1015.025 746.45 52.77 98.5 0
v_tvu36scn1f_0049,1 946.43 545.94 52.76 98.5 321.8
v_tyav7i5pg5_0000,1 363.99 466.105 101.88 40.27 0;1 730.145 457.885 90.67 34.71 0;1 795.69 517.185 92.28 36.35 0;1 1178.525 466.77 83.51 33.48 0;7 904.785 909.195 44.13 124.09 0;9 884.32 1017.34 13.62 41.58 0;9 886.55 668.02 15.82 46.38 0;9 947.95 542.995 15.9 43.85 0;9 976.51 407.475 13.32 43.57 0;9 980.755 817.8 16.37 49.82 0;9 1632 517.6 40.9 12.8 0
v_tyav7i5pg5_0049,1 633.58 466.69 95.78 40.26 0;1 816.5 518.51 92.28 36.36 0;1 835.78 462.725 83.56 33.33 0;1 905.3 893.345 38.86 88.37 0;1 962.965 1024.89 41.01 100.4 0;1 970.185 834.815 42.23 87.95 0;7 912.32 551.435 41.46 102.39 0;9 889.45 656.815 11.1 47.13 0;9 904.695 99.73 15.83 46.38 0;9 979.47 908.26 15.5 47.6 0;9 992.715 233.045 15.05 43.21 0
v_u0aw3nym1a_0000,1 64.66 485.98 110.48 43.9 0;1 527.645 523.425 93.21 37.35 0;1 637.935 480.875 104.11 40.15 0;1 673.965 545.3 105.09 39.3 0;1 788.02 478.675 102.9 39.19 355.4;1 925.26 553.18 35.1 92 0;1 1170.035 536.73 101.91 37.74 0.1;1 1329.965 491.82 89.05 36.18 0;1 1532.3 556.77 96.3 32.62 0;1 1700.84 493.26 101.1 36.24 359.1;1 1728.84 548.34 33.1 89.3 91.7;1 1850.9 491.885 96.96 36.25 0
v_u0aw3nym1a_0049,1 438.18 478.75 103.16 40.58 0;1 616.865 485.305 110.47 43.91 0;1 628.06 544.83 94.2 38.1 0;1 841.105 530.055 93.21 37.35 356.7;1 861.2 441.045 104.12 40.15 332.5286;1 944.75 273.055 102.9 39.19 281.7857;1 922.215 913.21 40.59 96.9 0;1 928.84 60.075 35.1 91.99 0;1 1067.06 548.8 105.08 39.3 0;1 1624.41 549.22 101.9 37.74 0.1;1 1651.435 499.18 89.05 36.18 0;1 1797.84 493.89 101.1 36.24 359.1;1 1839.38 559.65 96.3 32.62 0;1 1890.67 491.115 58.66 36.25 0
v_u0dd9s6zum_0000,1 909.825 884.97 35.85 86.44 1.693;1 909.775 999.98 32.91 81.16 0;1 954.105 987.205 30.39 82.41 0;1 964.835 864.415 33.57 75.39 0;9 569.775 220.855 38.87 12.83 0
v_u0dd9s6zum_0049,1 76.06 1014.42 83.7 37.2 0;1 910.125 884.21 35.85 86.44 2.4;1 909.825 999.98 32.91 81.16 0;1 954.105 985.67 30.39 82.42 0;1 964.835 862.465 33.57 75.39 0;1 1261.12 264.61 81.2 34.7 0;1 1317.15 308.835 80.9 33.59 0;1 1614.305 240.145 89.15 37.11 0;1 1826.99 300.74 85.96 35.44 0
v_u0yrf7knef_0000,1 26.49 470.83 52.98 35.84 2.4;1 852.745 479.2 34.11 85.08 63.68;1 965.78 45.825 40.84 91.65 0;1 975.315 976.215 34.19 87.85 1.3;1 1003.75 366.865 36.04 92.07 0;1 1037.675 543.705 90.65 35.39 356.83;1 1034.505 234.605 37.13 84.53 0;1 1216.335 478.675 95.19 36.39 0.3;1 1248.36 526.09 95.58 37.96 352.5;1 1367.675 520.295 93.03 37.61 355.9;1 1469.13 517.115 93.42 40.21 0;1 1585.5 515.515 83.7 37.01 0;1 1694.89 508.895 96.74 37.53 0;1 1860.1 486.86 91 39.18 0;9 905.335 520.66 12.73 33.56 57.34;9 972.21 294.46 14 43.94 3.96
v_u0yrf7knef_0049,1 159.035 528.255 34.11 91.07 89.3;1 518.455 542.35 91.41 35.4 0.2;1 965.78 46.035 40.84 92.07 0;1 990.865 815.86 36.05 89.02 0;1 1023.54 625.6 38.3 81.6 0;1 1181.17 480.46 93.2 36.4 359.5;1 1211.245 530.625 87.17 33.85 353.5;1 1333.055 524.905 93.03 37.61 354.6;1 1438.95 518.19 93.42 40.2 0;1 1566.81 516.405 83.7 37.01 0;1 1670.255 507.65 96.27 37.76 0;1 1772.92 482.14 91.42 39.18 0.7;1 1892.44 514.285 55.12 36.49 0;9 306.145 558.26 12.73 36.46 91.1;9 708.87 521.345 14 39.39 83.92
v_u1nkulogwc_0000,1 70.4 563.47 30.7 76.7 89.4;1 271.605 553.32 32.87 83 88.5;1 443.93 549.12 32.7 81.38 88;1 579.475 493 86.83 30.34 351.6937;1 781.75 534.2 29.04 75.6 70.1118;1 909.395 465.88 27.83 67.12 36.2118;1 960.775 265.38 30.51 83.4 358;1 1009.65 95.605 31.24 85.55 0;1 1021.68 501.925 33.08 87.49 1.6;1 1087.925 983.06 31.13 81.52 17.9;1 1227.89 475.4 83.2 30.6 358.2;1 1360.09 513.36 82.1 31.46 353.6;1 1515.95 502.915 91.72 32.67 0;7 1717.625 487.77 179.37 46.22 0;9 1007.895 1012.435 8.07 34.43 0
v_u1nkulogwc_0049,1 36.265 559.57 32.87 72.88 88.5;1 178.99 549.34 32.7 81.38 88;1 389.905 511.5 86.83 30.34 359;1 416.355 561.615 29.03 75.59 88.7;1 586.405 537.435 27.83 67.11 88.1;1 951.52 175.69 29.04 82.9 4.22;1 967.045 661.07 30.51 78.88 355.6;1 998.6 199.74 31.92 84.68 0;1 1008.47 360.115 31.24 85.55 0;1 1227.93 476.82 83.2 30.6 358.2;1 1227.83 532.47 82.1 31.46 351.9;1 1349.985 517.685 86.29 32.67 352.6;1 1743.44 501.065 83.28 33.55 0;1 1890.35 496.745 59.3 36.25 0;7 1569.73 486.21 168.34 46.22 0
v_u45skhnlvm_0000,none
v_u45skhnlvm_0049,none
v_u47h4byhne_0000,1 728.53 393.07 86.1 36.22 1.9;1 828.905 1045.495 76.01 32.57 92.3;1 904.925 926.55 38.17 86.5 0;1 915.285 1036.19 32.35 77.3 0;1 959.97 987.185 33.82 76.87 0;1 961.05 882.58 35.26 85.9 0;4 774.76 492.43 82.54 32.44 20;4 850.6 618.19 74.4 33.78 78.44;4 1394.78 395.985 76.96 31.35 0
v_u47h4byhne_0049,1 905.285 926.79 38.17 86.5 0;1 914.925 1037.15 32.35 77.3 0;1 959.97 987.905 33.82 76.87 0;1 961.05 883.53 35.26 85.9 0;1 1553.835 398.925 83.77 36.23 0.5;4 836.82 789.07 80.88 32.44 92.79
v_u5suwsfrj4_0000,1 860.04 373.75 28.7 73.3 343.6;1 893.68 509.22 30.4 76.6 351.5;1 917.73 779.445 28.5 77.41 0;1 919.005 1015.065 28.29 78.53 0;1 976.615 708.82 29.11 79.1 0;1 1018.475 521.995 31.07 70.19 29.1;7 972.775 1032.95 29.05 94.1 0;7 975.495 892.235 29.39 97.59 0;7 1181.16 246.265 113.3 42.61 0;9 796.92 157.03 11.3 32 313.4;9 939.84 843.975 8.6 31.71 0;9 1216.29 442.815 9.64 36.99 80.3;9 1443.855 454.99 10.69 37.38 88.8
v_u5suwsfrj4_0049,1 591.76 110.08 28.7 73.3 275.7385;1 643.48 242.05 30.4 76.6 281.7231;1 890.37 361.855 28.5 77.41 348.2615;1 912.975 652.27 28.29 78.52 0;1 921.375 848.39 33.11 80.2 0;1 922.68 1030.805 26.64 70.79 0;1 966.43 1072.58 29.4 14.84 0;1 966.73 949.72 28.7 78.7 0;1 1192.675 466.49 29.11 79.1 82.8;1 1606.975 421.555 31.07 70.19 88.4;7 970.635 766.94 29.05 94.1 0;7 991.585 592.5 29.39 97.6 15.7;7 1181.16 247.355 113.3 42.61 0;9 130.77 101.74 11.3 32 266.2;9 876.11 460.33 8.6 31.7 349.4692
v_u70md1zbe8_0000,none
v_u70md1zbe8_0049,1 1350.54 490.3 110.94 46.72 1.2
v_u7hes5lj0k_0000,none
v_u7hes5lj0k_0049,none
v_u7jo8klx6l_0000,1 90.03 423.575 71.6 27.79 0;1 196.42 467.63 78.8 30.9 0;1 303.125 409.15 66.99 26.2 0;1 411.15 1001.925 83.96 35.21 0;1 488.915 467.75 69.69 31.5 0;1 504.06 411.27 83.5 31.2 0;1 594.8 454.53 85.4 30.4 0;1 700.115 461.54 65.99 26.18 354.5;1 817.56 507.225 96 32.53 36.4;1 846.47 689.87 112.2 35.3 93.9;1 943.195 366.94 77.15 34.5 0;1 924.47 1018.49 30.4 76.6 0;1 924.65 923.92 28.7 73.3 0;1 969.295 868.235 31.07 70.19 0;1 977.065 978.11 29.11 79.1 0;1 1034.305 417.61 80.75 30.8 0;1 1276.9 417.83 79.92 28.86 0;1 1286.425 366.88 68.53 28.58 0.7;1 1308.12 243.05 68.8 30.1 0;1 1445.795 420.49 86.07 30.66 0;1 1647.525 362.83 87.35 34 0;9 682.915 1043.815 46.05 10.93 17;9 999.67 801.79 9.64 36.98 359.1
v_u7jo8klx6l_0049,1 190.06 369.63 79.5 32.4 0;1 306.79 412.38 98.68 32.5 0;1 421 253.41 68.8 30.1 0;1 454.075 424 72.47 29.4 354.8;1 477.08 368.82 78.6 33.9 0;1 514.99 465.46 78.8 30.9 0;1 528.18 1001.575 94.1 34.41 0;1 619.33 416.015 71.6 27.79 0;1 699.795 474.79 69.69 31.5 0;1 727.585 1020.745 83.97 35.21 15.1091;1 831.74 485.04 85.4 30.4 32.1429;1 841.775 789.155 96.01 32.53 90;1 840.88 595.14 66 26.18 85;1 842.185 1065.46 23.83 29.08 87.3;1 889.325 402 66.99 26.2 0;1 924.18 1018.64 30.4 76.6 0;1 925.08 923.37 28.7 73.3 0;1 969.395 867.925 31.07 70.19 0;1 977.22 976.2 29.1 79.1 0;1 1202.92 411.65 83.5 31.2 0;1 1551.51 198.625 84.58 33.21 0;1 1640.065 386.15 80.75 30.8 353.1;1 1766.945 417.315 79.93 28.85 0;1 1821.215 355.41 77.15 34.5 0;9 999.12 794.605 9.64 36.99 359.1
v_u842awhaum_0000,1 78.65 490.4 102.34 42.56 0;1 285.895 478.695 105.17 37.53 0;1 428.415 465.505 93.65 40.13 0;1 599.55 460.115 92.54 36.79 0;1 903.285 614.735 41.39 88.43 0;1 902.965 995.155 38.23 91.57 0;1 902.605 857.075 37.13 90.35 0;1 909.255 328.13 36.27 90.86 0;1 913.86 77.06 41.12 94.1 0;1 967.01 664.42 42.92 88.72 0;1 965.165 822.51 38.85 91.4 0;1 965.505 927.455 37.99 88.51 0;1 981.265 1044.185 40.21 71.63 0;1 1062.81 501.935 90.42 38.99 328.1;1 1220.385 479.605 83.57 33.85 349.5;1 1559.175 530.535 84.95 39.33 0;1 1577.59 449.64 94.76 41.62 0;1 1785.415 540.615 92.99 35.53 0;1 1903.535 534.985 32.93 38.27 0;3 738.41 456.27 132.98 46.94 0;9 948.61 510.82 42.08 13.44 0
v_u842awhaum_0049,1 41.94 499.85 83.88 36.08 0;1 221.36 456.78 103.1 40.14 0;1 468.635 517.265 99.53 38.99 0;1 525.165 469.015 99.63 37.53 0;1 657.965 467.445 93.65 40.13 0;1 844.45 463.415 92.54 36.79 0;1 902.035 732.08 38.23 91.58 0;1 903.11 903.72 37.2 81.7 0;1 904.235 590.68 37.13 87.78 0;1 938.325 8.95 41.39 17.9 0;1 966.52 573.11 42.92 88.72 0;1 964.8 682.26 38.86 88.3 0;1 964.37 772.995 37.98 88.51 0;1 968.235 1007.145 42.31 96.05 0;1 983.295 892.46 40.21 89.1 0;1 1474.39 469.03 90.42 39 0;1 1691.165 458.08 84.07 35.62 358.2;1 1785.14 540.545 93 35.53 0;1 1904.19 534.985 31.62 38.27 0;3 1005.655 461.55 132.99 46.94 0;9 1638.13 507.95 42.08 13.44 0
v_u8d5ssekmk_0000,1 144.51 408.205 99.3 33.61 0;1 340.49 507.45 91.24 31.72 0;1 353.38 328.005 30.22 79.17 269.3;1 465.675 463.445 80.01 30.31 0;1 584.795 465.635 82.07 32.45 0;1 651.04 284.34 31.14 76.1 268.9;1 705.31 466.605 80.24 34.77 0;1 736.2 414.765 78.12 33.17 0;1 770.785 504.54 71.89 29.36 353.1;1 870.66 337.96 31.34 78.4 294.81;1 927.535 201.25 32.93 86.58 316.13;1 956.05 416.35 31.28 81.3 339.85;1 988.57 519.455 32.74 71.75 348.02;1 1069.125 647.695 30.23 77.83 6.9;1 1101.59 907.665 71.5 34.31 19;1 1164.21 524.2 33.96 97 54.31;1 1221.325 295.275 72.43 33.11 359.2;1 1276.985 343.105 80.09 34.15 0;1 1311.63 297.71 79 31.72 0;1 1513.07 247.435 84.92 34.97 0;1 1614.84 336.425 89.9 32.41 0;1 1634.825 291.545 79.89 32.23 0;1 1666.095 498.34 29.75 79.48 90;1 1800.5 290.18 108.78 37.8 0;4 1010.19 755.045 38.9 110.31 358.9;4 1009.605 951.255 31.31 78.41 0;5 1361.77 241.535 175.02 54.13 0;7 110.44 257.095 36.82 126.29 269.9;9 257.89 439.22 44.4 11.24 0;9 677.975 392.225 44.29 16.05 0;9 785.98 476.06 35.52 14.8 359.3;9 1218.195 246.855 47.93 19.85 359.6;9 1712.05 319.195 46 16.27 0
v_u8d5ssekmk_0049,1 126.38 507.96 87.22 30.98 0;1 222.115 456.26 80.33 32.22 0;1 250.715 137.84 32.93 86.58 268;1 287.34 337.64 31.34 78.4 269.4;1 414.865 513.1 83.19 31.06 0.39;1 470.16 463.4 80.02 30.32 0;1 548.07 409.955 99.3 33.61 0;1 595.855 466.115 82.07 32.45 0;1 615.15 511.22 90 31.72 0;1 618.46 290.67 31.28 81.3 270.1;1 708.565 467.325 80.25 34.77 0;1 736.58 414.065 78.56 33.17 0;1 770.855 504.43 71.89 29.36 353.1;1 832.8 316.795 32.74 71.75 289.9;1 1054.21 777.925 71.5 34.31 84.14;1 1220.855 295.325 72.43 33.11 359.2;1 1269.56 342.495 80.1 34.15 0;1 1307.17 297.585 79 31.73 0;1 1406.805 340.41 84.37 32.4 0;1 1415.66 296.405 79.9 32.23 0;1 1476.37 437.515 30.22 77.83 84.87;1 1510.48 246.5 84.92 34.98 0;1 1556.78 293.9 108.78 37.8 0;1 1553.815 340.835 85.99 35.21 359.2;1 1828.075 237.62 103.05 39.02 0;1 1861.61 471.27 33.96 97 89.1;4 967.3 445.955 38.9 101.99 345.44;4 1008.23 624.87 31.32 75.04 356.45;5 1361.66 241.525 175.02 54.13 0;9 669.93 436.955 39.28 11.25 3.55;9 783.775 475.89 35.53 14.8 359.3;9 791.81 392.335 44.3 16.05 11.8;9 1217.13 246.695 47.92 19.85 359.6;9 1447.7 318.65 46 16.28 0
v_u8lyja2jdb_0000,1 123.615 481.685 121.25 42.93 0;1 1369.57 456.365 88.18 36.91 0;1 1658.42 471.67 85.7 39.02 0;6 1000.365 501.61 201.75 56.12 0
v_u8lyja2jdb_0049,1 1131.655 462.545 107.69 42.93 0;6 1806.695 506.94 224.41 56.12 0
v_uc3pcay9x2_0000,1 980.425 511.765 95.91 45.99 0;1 1603.855 500.6 110.37 47.3 0
v_uc3pcay9x2_0049,1 188.835 522.28 102.53 45.98 0;1 1184.075 490.09 103.79 47.3 0
v_ucsxokl1zi_0000,1 979.305 1032.665 38.57 94.29 350.1;7 1015.96 871.46 40.78 106.3 0.7
v_ucsxokl1zi_0049,1 962.83 686.725 38.58 94.29 359;7 1012.665 755.99 40.79 106.3 0.7
v_ue0rmkikjb_0000,1 38.27 461.11 76.54 39.2 0;1 773.4 517.11 93.3 34.56 0;1 844.655 466.64 93.67 39.58 0;1 972.33 694.365 40.68 93.11 0;1 1254.675 453.92 93.11 38 0;1 1410.09 575.03 88.18 35.76 1.8;1 1642.695 510.05 80.91 35.54 0;4 381.58 457.24 115.12 40.74 0;4 1461.07 509.935 92.94 38.75 0;4 1778.345 453.615 116.21 38.87 0;7 1545.24 448.115 112.18 43.83 0;9 962.615 1060.1 14.31 39.8 0
v_ue0rmkikjb_0049,1 476.17 459.65 102.6 39.2 0;1 912.06 950.66 36.7 99.7 0;1 1113.71 509.17 40.68 93.1 76.36;1 1430.23 576.84 88.18 35.76 1.8;1 1472.28 464.385 94.62 39.59 0;1 1578.525 520.605 90.95 34.57 0;1 1737.95 453.53 94.26 38 0;4 704.52 460.91 102.14 40.74 0;7 1890.605 453.3 58.79 45.56 0;9 1004.25 655.745 12.4 40.85 0.3
v_ufqvv9gm0j_0000,1 689.9 461.16 92.62 38.54 0;1 847.95 531.52 101.4 44.14 0;1 875.9 459.575 79.74 36.09 0;1 900.39 802.57 38.58 89.98 0;1 906.875 970.96 40.79 86.2 0;1 911.625 270.605 42.45 89.81 0;1 958.1 842.35 35.12 93.78 0;1 965.865 1048.865 36.65 62.27 0;1 969.615 409.89 35.19 90.2 0;1 973.255 674.76 38.31 92.8 0;1 1244.765 460.015 42.31 92.91 83.6333;1 1460.87 508.57 89.74 37.18 0;1 1513.35 451.49 93.5 39.64 0;1 1713.94 458.81 40.2 89.1 88.8;1 1784.005 540.26 92.99 35.54 0;1 1888.585 483.07 62.83 40.46 0;1 1906.89 534.985 26.22 38.27 0
v_ufqvv9gm0j_0049,1 892.385 360.08 84.25 38.54 291.8;1 905.91 896.66 40.9 93.12 0;1 907.805 752.02 40.79 86.2 0;1 907.295 571.66 38.59 89.98 1;1 960.34 694.2 35.12 93.78 0;1 967.38 850.43 36.64 94.1 0;1 971.815 557.89 38.31 92.8 0;1 978.59 1013.27 36.7 89.8 0;1 1177.46 520.35 101.4 44.14 0;1 1357.925 460.57 79.75 36.08 0;1 1590.395 452.215 42.31 92.91 89;1 1734.54 452.21 94.62 39.64 0;1 1769.15 500.5 89.74 37.18 0;1 1783.725 540.19 92.99 35.54 0;1 1883.015 453.385 40.21 73.89 89.6;1 1907.55 534.985 24.9 38.27 0
v_ufvgcf60io_0000,1 128.9 493.72 89.98 39.34 0;1 522.345 534.575 36.91 83.11 88.2;1 799.07 508.12 38.04 86.6 65.5333;1 946 1001.175 82.24 34.97 269.2;1 932.23 290.32 35.32 87.56 0;1 942.535 860.265 33.99 83.37 0;1 956.055 465.485 36.95 84.39 22.5588;1 958.08 87.78 40.78 88.6 0;1 1001.715 750.965 85.55 36.49 273.95;1 1261.235 534.43 86.43 38.9 356;1 1478.29 523.805 94.7 36.41 0;7 1730.995 520.03 109.77 35.48 0
v_ufvgcf60io_0049,1 128.14 493.13 89.98 39.34 0;1 144.685 564.02 38.03 86.6 89.58;1 661.32 558.855 36.94 84.39 86.9667;1 850.74 524.66 34.4 87.56 57.7692;1 945.74 1007.98 82.24 34.98 269.2;1 925.145 408.95 40.77 88.6 14.3273;1 943.87 901.22 33.98 89.66 0;1 994.84 1025.72 85.54 36.48 270.8;1 1036.135 599.565 86.43 38.91 329.26;1 1259.765 534.31 90.57 37.46 0;1 1846.595 520.92 89.75 36.1 0;7 1382.88 514.845 107.54 36.73 0
v_uhvwsddcxp_0000,1 1003.235 479.955 96.33 47.45 0
v_uhvwsddcxp_0049,1 172.975 527.395 99.07 47.45 0
v_uhzhygtzwf_0000,1 44.34 542.03 88.28 37.48 0.5;1 450.2 506.585 86.46 36.33 0;1 682.555 535.465 33.93 80.13 77.32;1 861.29 503.2 35.24 85.14 50.62;1 936.42 738.505 81.68 34.59 282.8;1 925.56 360.795 36.7 88.37 4.14;1 935.375 597.88 35.57 79.36 0;1 947.42 1010.595 36.94 85.11 3.44;1 956.96 503.07 34.62 81.34 8.14;1 971.275 868.85 31.63 73.32 8.9;1 982.115 325.945 33.11 83.73 0;1 992.155 610.335 35.51 79.67 358.6;1 1016.15 976.715 42.08 95.07 359.56;1 1040.17 499.99 80.4 30.62 4.4;1 1105.76 564.655 79.5 33.25 351.7;1 1229.515 542.98 86.47 34.34 355.4;1 1900.065 511.29 39.87 32.46 0;7 951.4 48.965 53.36 97.93 0;9 544.82 515 11.76 36.34 89.9
v_uhzhygtzwf_0049,1 34.365 558.52 33.93 68.28 89.5;1 119.14 509.855 88.48 36.33 0;1 224.51 568.83 35.24 90.1 90.2;1 635.15 533.805 36.7 88.37 87.32;1 892.71 506.42 80.54 36.18 359.8;1 941.39 937.57 87 37.54 270.5;1 931.85 112.45 35 85.64 0;1 935.17 766.5 35.58 79.36 0;1 949.775 1070.52 31.63 18.96 0;1 956.195 665.19 34.61 81.34 0.9;1 978.645 826.875 35.51 79.67 2.9;1 982.345 439.46 33.11 83.72 0;1 1023.18 619.575 75.94 33.25 316.3;1 1030.355 1044.855 42.07 70.29 351.8;1 1090.555 566.07 85.53 34.34 349.2;1 1365.525 498.98 86.29 32.46 0;1 1546.485 520.55 90.69 35.12 0;7 943.785 268.13 55.73 170.12 0;9 236.1 476.68 11.76 38.22 102.7
v_ui3kqvjak6_0000,1 72.805 482.76 91.83 41.04 0;1 231.12 488.075 116.44 38.57 357.7;1 374.27 480.945 86.9 37.07 0;1 485.845 485.725 99.35 38.99 0;1 613.205 494.66 98.93 44.3 0;1 728.19 490.245 90.82 36.47 0;1 822.91 542.325 104.72 42.83 0;1 829.755 482.36 93.77 37.28 0;1 1001.71 492.76 102.7 40.78 0;1 977.815 793.585 37.35 91.81 0;1 1008.77 609.6 34.48 72.3 18.4;1 1077.51 546.2 98.5 36.5 354.8;1 1103.03 484.465 96.7 38.35 0;1 1213.63 493.6 96.4 42.92 0;1 1267.29 541.57 38 103.5 90.5;1 1319.35 491.945 96.24 38.79 0;1 1386.695 553.96 101.99 39.06 3.6;1 1419.725 498.86 98.89 38 1.2;1 1522.41 550.29 94.2 38.1 0;1 1570.105 509.065 93.21 37.35 358.2;1 1634.055 556.15 105.09 39.3 0;1 1663.695 506.39 89.05 36.18 0;1 1748.795 557.21 101.91 37.74 0.1;1 1787.83 501.655 101.1 36.25 359.1;1 1853.63 567.855 91.82 32.63 0;1 1888.915 501.755 62.17 36.25 0;9 872.05 765.64 15.26 36.64 1.1784;9 904.84 1013.285 15.76 36.27 0;9 1152.32 587.53 45.4 19.7 2.9
v_ui3kqvjak6_0049,1 30.41 477.01 60.8 38.36 0;1 134.78 480.31 91.82 41.04 0;1 266.06 483.705 116.44 38.57 358.0175;1 391.86 478.525 86.9 37.07 0;1 495.22 484.425 99.34 38.99 0;1 609.99 491.29 98.92 44.3 0;1 724.92 487.735 90.82 36.47 0;1 822.08 540.295 104.72 42.83 0;1 831.66 480.39 93.78 37.28 0;1 916.695 870.35 32.63 86.3 0;1 999.82 491.765 102.7 40.79 0;1 977.745 790.835 37.35 91.81 0;1 1008.51 608.475 34.48 72.29 18.4;1 1076.145 545.45 98.49 36.5 354.8;1 1102.26 483.305 96.7 38.35 0;1 1213.245 492.36 96.41 42.92 0;1 1266.67 540.6 38 103.5 90.5;1 1318.58 490.615 96.24 38.79 0;1 1389.03 553.095 102 39.07 3.6;1 1419.555 498.21 98.89 38 1.2;1 1520.9 549.25 94.2 38.1 0;1 1572.2 507.805 93.2 37.35 358.2;1 1633.61 554.93 105.08 39.3 0;1 1662.135 505.68 89.05 36.18 0;1 1747.105 556.2 101.91 37.74 0.1;1 1785.06 500.915 101.1 36.25 359.1;1 1851.37 567.115 91.82 32.63 0;1 1888.45 501.135 63.1 36.25 0;9 152.15 535.26 40.1 11.5 0;9 476.695 557.225 41.63 15.93 0;9 493.22 537.71 37 12.36 0;9 910.06 717.805 15.76 36.27 0;9 932.585 586.14 15.27 36.64 9.6;9 1630.46 592.235 45.4 19.69 2.9
v_uj9809g41u_0000,1 58.95 518.265 92.1 36.69 0;1 864.66 453.905 88.12 37.57 0;1 1333.065 442.415 91.29 36.69 358.1778;1 1367.625 497.165 35.45 85.99 91;1 1890.79 504.365 58.42 41.95 0
v_uj9809g41u_0049,1 368.38 498.06 92.32 35.62 0;1 662.675 522.105 89.53 36.69 0;1 976.08 742.52 36.84 87.72 7.12;8 399.64 445.095 65.68 26.85 0
v_ukg65bunoc_0000,1 13.115 416.46 26.23 32.7 0;1 72.67 510.875 84.4 32.71 0;1 120.56 411.99 83.6 33.42 0;1 174.895 518.255 91.63 34.15 0;1 216.57 412.785 89.46 34.35 0;1 300.035 514.6 89.79 32.06 0;1 335.44 417.85 79.46 32.78 0;1 366.645 467.75 79.43 30.1 0;1 367.055 280.81 30.31 71.98 272.6;1 462.19 415.66 87.3 32.7 0;1 483.01 466.02 78.7 33.56 0;1 575.445 514.335 82.43 33.15 0;1 577.235 464.085 81.97 34.59 0;1 577.43 414.715 81.98 31.79 0;1 686.7 474.035 87.8 33.83 0;1 699.285 516.695 79.95 32.93 0;1 701.31 421.49 79.16 32.68 0;1 677.905 325.94 30.23 75.06 271.4;1 726.795 261.265 34.07 78.45 277.02;1 838.33 814.17 71.88 29.36 161.2;1 955.185 303.2 30.97 77.54 339.9;1 994.605 523.09 27.71 75.4 354.4;1 1010.1 694.34 31.7 83.5 0;1 1027.295 431.505 29.73 78.03 352.8;1 1053.2 605 29.2 76.9 354.3;1 1056.99 751.925 30.3 83.37 0;1 1065.35 926.53 27.8 76.68 0;1 1319.105 247.535 79.31 35.33 359.3;1 1350.7 295.62 75.96 34.3 0;1 1424.11 246.065 84.8 34.35 0;1 1442.935 339.295 103.03 37.33 0;1 1584.42 342.385 99.74 38.17 0;1 1618.125 292.07 87.03 35.6 0;1 1720.31 296.79 91.76 36.9 0;1 1904.16 464.795 31.68 32.75 88.8;2 1222.25 295.335 87.76 38.71 0;2 1550.945 245.995 105.13 36.11 0;4 213.215 465 82.79 30.2 0;4 1014.68 942.73 27.58 78.7 0;4 1245.445 164.125 88.05 39.07 0;4 1489.03 294.905 100.7 39.29 0;7 65.96 463.21 126.3 34.36 0;7 435.2 516.54 136 41.26 0;7 1265.665 340.34 114.59 43.02 0;7 1836.745 289.715 123.19 39.53 0;8 1270.83 111.78 64.8 29.86 1.11;9 767.545 452.815 41.91 11.59 359.2;9 807.18 448.48 44.12 15.9 0;9 1192.03 231.07 41.42 15.1 0
v_ukg65bunoc_0049,1 13.345 417.07 26.69 32.7 0;1 73.56 511.29 84.4 32.72 0;1 120.92 412.64 83.6 33.42 0;1 175.31 518.61 91.62 34.16 0;1 217.24 412.975 89.46 34.35 0;1 300.765 515.195 89.79 32.07 0;1 335.685 418.72 79.47 32.78 0;1 367.395 468.17 79.43 30.1 0;1 462.27 415.9 87.3 32.7 0;1 483.01 466.395 78.7 33.57 0;1 575.445 514.7 82.43 33.16 0;1 577.34 464.255 81.98 34.59 0;1 577.515 414.93 81.99 31.8 0;1 561.675 144.255 29.71 74.21 267;1 686.81 474.365 87.8 33.83 0;1 671.045 269.225 29.73 78.03 269.2;1 700.075 516.955 79.95 32.93 0;1 701.49 421.59 79.16 32.68 0;1 838.26 814.29 71.88 29.36 161.2;1 912.91 280.55 27.7 75.4 331.2077;1 984.31 454.36 31.7 83.5 346.6923;1 995.23 349.97 29.2 76.9 333.1;1 1002.385 746.85 27.97 75.3 0;1 1040.1 483.64 30.3 80.7 350.5;1 1053.05 737.38 29 81.9 0;1 1059.87 901.885 27.88 73.03 0;1 1108.76 590.305 27.8 76.67 29.0143;1 1319.235 247.65 79.31 35.34 359.3;1 1350.52 296.255 75.96 34.29 0;1 1423.715 246.235 84.81 34.35 0;1 1442.455 339.735 103.03 37.33 0;1 1583.78 342.455 99.74 38.17 0;1 1617.49 292.185 87.02 35.59 0;1 1691.79 243.815 87.54 35.43 0;1 1719.82 296.97 91.76 36.9 0;2 1222.23 295.735 87.76 38.71 0;2 1550.565 246.135 105.13 36.11 0;4 213.55 465.58 82.78 30.2 0;4 1008.76 612.6 27.58 78.7 354.7;4 1246.305 163.725 88.05 39.07 0;4 1488.86 295.015 100.7 39.29 0;7 66.05 464.04 126.3 34.36 0;7 435.57 516.72 136 41.26 0;7 1011.85 998.28 29.32 106.46 0;7 1264.925 341.165 114.59 41.53 0;7 1836.09 290.425 123.2 39.53 0;8 990.86 113.04 64.8 29.86 0.3;9 767.525 453.145 41.91 11.59 359.2;9 807.18 448.755 44.12 15.89 0;9 1192.505 230.905 42.07 14.35 0
v_umpz5978de_0000,1 41.1 479.345 82.2 38.87 0;1 185.84 489.08 105.38 42.9 0;1 271.745 541.27 103.33 39.64 0;1 399.075 538.775 104.33 42.95 0;1 451.355 486.785 102.73 42.15 0;1 572.955 544.785 98.29 37.77 359.7;1 573.23 487.3 96.44 38.86 0;1 703.315 494.205 97.71 40.51 0;1 710.065 549.635 93.33 35.47 359.5;1 803.43 491.02 95.22 41.06 0;1 848.545 548.785 91.51 36.23 0.8;1 918.995 625.32 39.73 95.7 0;1 924.24 774.13 41.7 96.64 0;1 922.975 889.89 37.81 95.2 0;1 931.385 1055.62 39.75 48.76 0;1 992.375 540.82 92.07 37.36 356;1 981.305 1052.475 38.01 55.05 0;1 1120.03 490.43 36.54 82.96 70.38;1 1232.915 491.305 36.85 90.35 88.7;1 1451.53 533.015 88.52 35.39 355.05;1 1532.23 487.735 86.22 37.65 359.5;1 1615.77 562.85 90.96 37.8 359.7;1 1702.56 478.56 97.92 41.46 0.4;1 1713.395 546.805 40.25 87.67 89.9;1 1866.34 558.44 91.68 38.98 13;4 314.875 482.255 117.65 40.43 0;5 990.425 736.19 65.67 324.7 359.2;7 995.91 490.14 102.34 39.4 0
v_umpz5978de_0022,1 41.1 479.595 82.2 38.87 0;1 185.84 489.8 105.38 42.9 0;1 277.63 541.33 103.34 39.64 0;1 399.825 539.335 104.33 42.95 0;1 451.355 486.785 102.73 42.15 0;1 573.055 544.705 98.29 37.77 359.7;1 573.37 487.585 96.44 38.87 0;1 703.445 494.205 97.71 40.51 0;1 709.67 549.64 93.34 35.46 359.5;1 803.43 491.02 95.22 41.06 0;1 848.545 548.785 91.51 36.23 0.8;1 920.955 885.23 37.81 95.2 0;1 924.72 742.91 41.7 96.64 0;1 923.43 554.69 38.46 92.24 3.5;1 931.59 1019.01 39.76 92.54 0;1 981.93 998.52 38 96.6 0;1 1154.745 536.465 92.07 37.35 358.7;1 1228.21 487.34 36.54 82.96 90.4;1 1356.61 488.705 36.84 90.35 88.7;1 1577.29 509.695 88.52 35.39 349;1 1619.545 562.81 90.97 37.8 359.6;1 1726.375 546.185 40.25 87.67 89.9;1 1771.905 487.595 89.81 37.65 359.5;1 1866.68 558.22 91.68 38.98 13;1 1909.955 479.03 20.09 41.46 0.1;4 316.43 482.81 117.64 40.44 0;5 987.12 712.795 65.68 324.69 359.2;7 1082.1 488.62 102.34 39.4 0
v_umwtsufxx0_0000,1 668.34 545.71 84.48 31.46 357.3;1 982.555 1059.3 25.45 41.4 0.8;1 1033.205 493.91 88.75 31.2 0;1 1009.925 26.2 30.43 52.4 0;1 1265 522.355 80.32 31.13 356.88;1 1496.875 498.25 88.03 30.9 0;1 1667.08 493.095 80 27.81 0;1 1874.5 504.44 91 32.7 0
v_umwtsufxx0_0049,1 436.725 518.69 88.75 31.2 0.6;1 935.77 554.065 76.14 31.13 356.1;1 965.975 277.78 31.13 80.7 4.6;1 1012.25 410.495 30.42 82.79 0;1 1310.66 498.57 87.38 30.9 0;1 1433.4 494.35 75.72 27.82 0;1 1636.105 501.3 95.13 32.7 0;1 1900.25 495.41 39.5 30.46 0
v_umxus4qpys_0000,1 219.48 544.19 92.68 33.86 359.9;1 458.565 496.16 90.37 36.4 359.7;1 520.38 559.385 86.96 37.61 358.39;1 947.005 451.915 36.17 90.53 39.64;1 965.78 46.47 40.84 92.94 0;1 1011.125 734.195 87.09 34.47 291.55;1 1237.37 534.11 79.1 35.56 349.88;1 1249.145 477.245 90.85 35.35 358.57;1 1460.78 481.785 93.1 39.19 0.7;1 1610.545 515.555 104.03 36.49 0;1 1816.605 493.72 96.35 35.16 0;9 944.77 334.385 14.66 44.95 15.72
v_umxus4qpys_0049,1 187.315 480.135 92.81 36.39 7.22;1 431.91 535.68 36.18 90.54 88.06;1 806.795 520.485 90.85 35.35 356.4;1 965.78 46.68 40.84 93.36 0;1 1016.945 739.08 74.45 35.56 282.9;1 1013.485 257.865 34.31 92.19 0;1 1018.92 83.565 34.84 93.81 0;1 1252.315 480.56 91.73 38.22 0.7;1 1380.045 519.97 103.07 36.5 355.24;1 1534.815 492.38 96.35 35.16 0;1 1719.08 518.705 91.1 34.53 0;9 613.59 499.345 12.58 36.85 86.3;9 993.865 68.405 10.95 42.43 0
v_uo0x6ym34a_0000,1 46.45 462.61 83 30.12 0;1 644.78 228.72 30.5 76.06 280.1429;1 737.21 75.445 27.6 73.83 282.3286;1 851.3 271.385 27.6 74.27 308.8714;1 890.74 390.71 28.1 79.3 349.4857;1 908.745 521.635 32.19 80.63 358.6857;1 917.735 692.625 30.93 81.93 353.9;1 925.98 856.895 28.9 80.19 0;1 930.7 1059.55 30.8 40.9 0;1 1036.44 519.485 26.9 76.97 42.8;1 1104.075 197.36 74.09 27.9 0;1 1177.64 291.2 79.1 29.1 0;1 1293.48 290.875 84.4 30.43 0;1 1411.155 453.98 29.05 77.32 85.7;1 1528.49 288.205 85.7 33.51 0;1 1892.65 237.88 54.7 32.8 0;2 1092.17 103.54 85.06 26.8 359.9236;2 1578.2 186.295 106.5 40.51 0;7 607.09 99.61 43.6 180.5 283.6857;7 963.83 632.925 30.8 127.89 359.5143;7 1174.61 237.405 123.5 35.59 0;7 1335.005 234.655 114.43 33.07 0
v_uo0x6ym34a_0049,1 235.02 416.485 81.8 31.01 0;1 365.41 255.73 27.6 74.26 270.6;1 427.33 464.77 85.6 29.1 0;1 436.68 97.05 27.6 73.82 262.6;1 599.61 465.35 77.54 30.12 0;1 583.13 283.34 28.1 79.3 267.9;1 794.45 291.15 32.2 80.62 296.5538;1 867.145 379.215 30.93 81.93 339.4077;1 898.9 504.3 28.9 80.2 352.8;1 922.725 860.735 31.19 66.63 0;1 924.97 691.19 30.8 80 0;1 1100.23 198 74.1 27.9 0;1 1158.9 292.37 79.1 29.1 0;1 1208.39 502.335 26.9 76.97 88.7;1 1287.29 291.325 84.4 30.43 0;1 1404.98 292.64 85.7 33.52 0;1 1511.19 240.59 84.8 32.8 0;2 1074.34 104.29 85.06 26.8 359.6116;2 1290.02 190.195 106.5 40.51 0;2 1690.42 286.525 81.62 32.15 0;7 232.64 102.02 43.6 180.5 269.8;7 921.95 346.14 30.8 127.9 344.0462;7 1172.68 237.25 123.5 35.58 0;7 1334.73 237.205 114.42 33.07 0;9 145.82 458.13 39.1 9.5 0
v_ur9snxybn7_0000,1 260.56 581.95 35.7 77.8 131.6;1 567.92 531.745 82.72 34.65 1.4;1 960.33 50.11 40.46 96.3 0;1 1008.71 292.065 84.78 39.03 95.9;1 1016.655 30.54 33.35 61.08 0;1 1250.26 521.665 89.58 35.51 359.1;1 1338.845 471.57 90.21 37.5 0;1 1369.77 525.73 89.88 35.9 0;4 1001.475 170.415 36.67 93.31 4.5
v_ur9snxybn7_0049,1 279.39 603.275 35.7 77.81 111.28;1 928.7 458.37 84.78 39.02 132.4308;1 959.69 49.92 40.46 96.04 0;1 1005.35 44.9 37.9 89.8 0;1 1014.705 198.1 33.35 87.92 0;1 1220.625 520.21 86.33 36.18 359.1;1 1337.445 472.62 90.21 37.5 0;1 1354.285 525.86 89.89 35.9 358;1 1742.13 500.365 97.08 37.45 0;4 993.685 330.575 36.67 93.31 2.4
v_urd5nlroox_0000,1 1008.9 783.45 40.54 99.62 0
v_urd5nlroox_0049,1 963.78 603.25 40.54 99.62 331.2
v_ut3x1byt8w_0000,1 346.11 497.04 100.6 37.72 0;1 508.92 579.23 96.38 35.74 338.7;1 573.67 465.68 90.8 33.6 0;1 735.2 492.99 96.38 35.74 0;1 917.635 460.8 94.09 39.1 358.9;1 975.82 576.68 40.5 101.1 0;1 1113.31 478.265 95.32 35.63 2;1 1348.855 459.55 106.67 39.8 359.5;7 980.555 1017.67 57.35 123.94 0;8 1402.615 556.42 66.67 24.9 6.2
v_ut3x1byt8w_0049,1 168.61 487.76 97.4 37.7 0;1 686.465 525.515 96.37 35.75 349.3;1 977.2 544.88 40.5 101.1 0;1 1127.785 493.37 100.59 37.72 0.95;1 1257.78 466.33 90.8 33.6 2.95;1 1490.605 528.84 96.37 35.74 2.2;1 1713.935 503.94 94.09 39.1 0.3667;1 1908.74 516.175 22.5 35.63 2;7 1001.13 732.48 57.34 202.64 10.45;8 585.08 477.5 62.56 25.5 356.3
v_utut3z28ew_0000,1 174.265 518.365 95.91 34.27 6.5;1 234.77 470.45 88.9 36.7 0;1 377.645 475.935 91.55 35.01 0;1 486.32 474.42 92.84 37 0;1 605.315 478.345 110.81 35.13 0;1 725.705 480.35 95.19 38.3 0;1 810.1 543.52 88.98 34.54 0;1 844.67 488.33 84.08 33.8 0;1 898.74 1054.7 35.88 50.6 0;1 917.735 848.93 35.25 90.9 0;1 919.18 623.42 33.4 87.2 0;1 957.325 28.2 35.29 56.4 1.1;1 970.44 892.87 34.6 90.5 0;1 974.11 1008.755 30.5 96.89 0;1 976.79 756.58 35.8 91.1 0;1 999.61 337.195 32.44 87.99 358.5;1 1128.435 558.04 101.17 38.18 1.3;1 1119.69 504.55 33.4 91.72 67.9;1 1228.995 488.185 102.15 37.91 0;1 1240.965 544.85 32.63 88 88.9545;1 1356 494.255 89.7 34.85 0;1 1348.94 546.5 39.1 89.44 93.4;1 1444.76 497.235 91.9 36.91 0;1 1571.13 497.53 113.24 39.82 0;1 1685.615 507.275 96.53 35.67 0;1 1657.22 558.71 33.5 91.52 89;1 1757.61 554.535 98.24 38.07 0;1 1797.84 512.51 90.46 33.7 0;1 1865.415 573.69 92.55 32.52 1.2;1 1897.645 504.31 44.71 35.16 0;3 1496.275 549.46 163.13 41.68 0.2;9 1247.06 578.56 29.4 10.84 2.6;9 1796.125 595.985 43.13 12.91 359.5
v_utut3z28ew_0049,1 37.55 460.32 75.1 40.9 0;1 241.16 468.45 88.9 36.7 0;1 378.105 525.135 101.45 35.45 2.4;1 379.56 476.295 91.56 35.01 0;1 487.875 474.64 92.83 37 0;1 545.605 538.545 95.91 34.27 4.3;1 603.525 478.34 110.81 35.12 0;1 726.645 480.665 95.19 38.29 0;1 809.49 542.55 88.98 34.54 0;1 845.22 488.69 84.08 33.8 0;1 909.82 844.39 35.88 88.92 0;1 935.785 284.69 35.25 90.9 0;1 961.71 661.44 34.6 90.5 351.6462;1 968.85 1005.305 32.9 89.81 0;1 975.88 863.13 30.5 96.88 0;1 1017.69 590.05 35.8 91.1 28.9;1 1128.945 558.445 101.17 38.17 1.3;1 1121.05 504.105 33.4 91.73 67.9;1 1229.045 488.455 102.15 37.91 0;1 1241.365 544.465 32.63 87.99 89.3;1 1361.07 494.345 89.7 34.85 0;1 1350.105 546.535 39.11 89.45 93.4;1 1452.55 498.145 91.9 36.91 0;1 1571.77 497.665 113.24 39.81 0;1 1686.03 507.42 96.52 35.66 0;1 1700.065 559.23 33.49 91.52 89;1 1765.09 554.205 98.24 38.07 0;1 1797.15 513.17 90.46 33.7 0;1 1867.435 572.455 92.55 32.51 1.2;1 1898.415 504.31 43.17 35.16 0;3 900.275 1016.565 50.21 126.87 0;3 1503.945 549.35 163.13 41.68 0.2;9 1640.955 593.23 29.85 10.84 2.3867;9 1803.245 597.105 43.13 12.91 359.5
v_uvlv5b63tq_0000,1 164.66 516.27 90.4 35.46 359;1 166.66 572.61 87.58 34.12 359.9;1 432.635 552.845 35.13 83.57 88.7;1 935.165 739.23 70.87 32.74 273.6;1 928.415 362.405 37.71 84.25 0;1 937.29 199 36.68 84.8 0;1 972.21 1020.09 74.12 36.76 270.3;1 980.595 887.315 85.53 34.35 270.2;1 979.455 742.075 33.87 84.77 0;1 987.915 358.755 37.11 89.17 0;1 1014.97 595.305 86.96 36.11 332.82;1 1055.94 1054.665 51.82 50.67 0;1 1808.6 510.745 101.1 36.37 0;9 486.18 579.565 13.96 42.51 269.3
v_uvlv5b63tq_0049,1 827.855 496.965 36.57 80.41 61.96;1 942.64 849.36 87.4 36.12 271.1;1 934.915 411.05 36.69 84.8 0;1 936.85 1070.4 5.02 19.2 269.4;1 982.72 1061.45 33.86 37.1 0;1 995.475 705.165 37.11 85.97 0;1 1060.675 1048.15 42.35 63.7 0;1 1302.43 505.03 101.1 36.36 0;9 28.125 568.635 13.95 48.59 269.3;9 1566.89 519.355 46.72 11.31 0
v_uwiy7e3jox_0000,1 79.755 471.99 92.81 36.4 3.2;1 229.29 545.285 90.86 35.35 0;1 964.81 46.8 40.84 93.6 0;1 994.59 670.305 35.78 86.87 0.9;1 1004.445 263.845 34.83 93.81 10.88;1 1007.925 134.63 36.93 78.3 4.44;1 1036.405 479.005 86.25 34.39 0.7;1 1118.31 541.05 99.22 36.5 355.2;1 1289.19 488.305 91.22 35.15 0;1 1446.49 512.7 87.82 34.98 0;1 1875.395 518.425 89.21 36.03 0;4 1653.09 503.235 139.06 45.97 0.8;9 67.915 504.53 12.57 37.92 90.06;9 902.975 420.12 10.95 39.04 32.12
v_uwiy7e3jox_0049,1 70.73 471.425 92.82 36.39 3.2;1 488.885 549.83 99.23 36.5 359.9;1 809.475 472.98 85.53 35.84 0;1 923.725 459.285 34.83 88.69 42.78;1 962.75 46.8 40.84 93.6 0;1 984.28 294.83 36.92 78.3 6.6;1 997.09 1055.945 35.78 48.11 358.3;1 1055.455 503.205 91.21 35.15 355.7;1 1225.55 508.555 83.8 34.57 0;1 1578.805 511.605 96.71 36.03 0;1 1792.1 508.225 80.38 33.53 0;4 1426.295 501.065 131.69 43.41 0.2;9 232.085 525.85 10.95 39.04 89.4
v_uwjq66lubl_0000,1 149.63 484.75 108.2 42.16 0;1 409.075 484.63 99.85 38.86 0;1 583.035 495.135 97.71 40.51 0;1 682.075 490.645 96.85 39.89 0;1 704.055 548.26 91.51 36.24 0.8;1 806.285 543.755 92.07 37.35 1.7;1 913.795 97.745 37.25 94.69 359.3;1 918.915 672.33 38.77 85.92 0;1 919.545 898.835 34.77 89.27 0;1 979.98 717.76 36.7 92.16 0;1 985.15 46.655 40.6 93.31 359.7;1 990.145 907.39 38.53 92 0;1 1045.56 529.59 36.54 82.96 34.2;1 1143.27 538.085 88.52 35.39 359.7;1 1140.35 490.84 36.84 87.82 81.6;1 1237.29 489.55 84.64 37.66 2;1 1259.715 560.57 87.81 37.8 0.9;1 1355.86 496.175 91.08 38.09 357.9;1 1364.42 444.86 95.16 41.46 358.1;1 1369.285 543.285 40.25 87.67 90.9;1 1459.59 492.17 91.68 38.98 358.5;1 1564.93 482.905 103.8 42.33 359.8;1 1622.395 527.955 89.95 37.17 356.3;1 1724.155 489.32 90.19 40 0;1 1830.84 487.71 91.6 37.2 359.5;4 1501.135 542.63 97.95 36.12 359;7 820.125 490.81 106.47 39.4 0;9 1011.475 252.935 13.89 43.59 0.1
v_uwjq66lubl_0049,1 45.945 552.265 91.89 37.53 3.9;1 335.89 485.875 108.2 42.15 0;1 455.765 485.875 98.63 38.87 0;1 580.965 495.445 97.71 40.51 0;1 680.975 489.64 96.95 41.06 0;1 702.375 548.515 91.51 36.23 0.8;1 806.225 543.485 92.07 37.35 1.7;1 915.285 473.635 34.77 89.27 0;1 923.81 52.47 38.78 85.92 0;1 928.41 783.73 42.12 95.4 0;1 978.825 528.74 38.53 88.7 359.54;1 981.64 175.43 36.7 92.16 0;1 990.635 895.89 42.47 92.14 0;1 1046.27 529.84 36.54 82.96 34.2;1 1145.04 538.08 88.52 35.38 359.7;1 1141.13 490.935 36.84 87.81 81.6;1 1238.58 489.915 84.64 37.65 2;1 1260.915 561.28 87.81 37.8 0.9;1 1358.57 496.605 91.08 38.09 357.9;1 1366.31 445.475 95.16 41.45 358.1;1 1371.04 543.87 40.26 87.68 90.9;1 1461.46 492.685 91.68 38.97 358.5;1 1566.49 482.91 103.8 42.34 359.8;1 1625.175 529.755 89.95 37.17 356.3;1 1728.785 489.32 90.19 40 0;1 1835.53 487.95 91.6 37.2 359.5;4 1504.095 543.36 97.95 36.12 359;7 819.545 490.54 106.47 39.4 0
v_uwoeuu2vjm_0000,1 27.99 470.485 55.98 35.01 2.4;1 133.995 531.25 38.05 92.76 89.4;1 965.78 45.61 40.84 91.22 0;1 976.01 700.775 38.56 88.73 359.7;1 992.365 227.755 34.11 88.45 5.4;1 995.8 462.255 34.2 87.85 4;1 1009.87 91.585 36.04 92.07 0;1 1117.895 537.11 90.65 35.4 357.1;1 1220.06 478.145 95.18 36.39 0.3;1 1269.86 522.025 95.58 37.97 352.5;1 1397.85 514.535 93.02 37.61 355.9;1 1531.91 517.595 93.42 40.21 0;1 1711.92 514.365 83.7 37.01 0;1 1887.345 513.675 65.31 39.95 0;9 1034.045 285.35 13.95 33.56 0
v_uwoeuu2vjm_0049,1 26.725 470.7 53.45 35.56 2.4;1 861.715 476.47 34.11 85.08 61.62;1 965.78 45.82 40.84 91.64 0;1 975.395 966.165 34.19 87.85 1.3;1 1003.865 362.145 36.05 92.07 0;1 1044.895 543.105 90.65 35.39 356.92;1 1034.765 229.365 37.13 84.53 0;1 1216.41 478.665 95.18 36.39 0.3;1 1248.62 525.995 95.58 37.97 352.5;1 1367.75 520.175 93.02 37.61 355.9;1 1469.13 517.045 93.42 40.21 0;1 1586.745 515.515 83.69 37.01 0;1 1695.165 508.855 96.75 37.53 0;1 1863.72 486.98 91 39.18 0;9 913.595 516.97 12.73 33.56 55.06;9 973.57 286.6 14 43.94 3.54
v_uwoyarulwo_0000,1 1189.985 547.24 97.23 45.98 0;1 1554.585 503.225 93.29 49.93 0
v_uwoyarulwo_0049,1 1163.05 487.46 93.28 49.92 0;1 1189.985 547.24 97.23 45.98 0;1 1451.445 506.53 105.11 43.34 0
v_uyvk53j72t_0000,1 243.485 458.6 102.81 38 0;1 505.39 471.56 100.82 43.96 0;1 647.88 461.3 95.26 35.44 0;1 760.71 465.935 95.36 40.85 0;1 899.695 214.035 37.15 94.83 0;1 910.485 401.875 37.95 91.21 0;1 910.995 705.08 36.97 91.56 0;1 966.29 110.37 40.6 96.6 0;1 969.44 507.69 37.5 89.28 0;1 970.645 842.87 37.07 93.56 0;1 975.98 1018.46 39.34 95.3 0;1 1198.36 475.66 37.28 89.88 88;1 1820.105 447.41 92.03 36.22 0;9 21.73 464.325 43.46 14.43 0;9 880.225 532.58 47.61 12.82 356.9333;9 1008.275 756.055 15.59 48.27 0;9 1051.33 548.755 14.88 43.07 29.4
v_uyvk53j72t_0049,1 179.21 457.675 108.56 40.29 0;1 410.14 458.585 104.14 38.01 0;1 524.385 471.56 100.83 43.96 0;1 649.25 460.19 92.9 33.22 0;1 759.015 464.355 91.97 37.69 0;1 909.23 880.02 37.48 94.3 0;1 909.175 200.71 36.97 91.56 0;1 918.62 1051.25 37.2 57.5 0;1 969.855 374.55 37.07 90.38 0;1 971.38 901.615 36.36 97.23 0;1 994.475 634.93 39.35 92.72 11.1;1 1821.2 516.18 37.28 89.88 91.5;4 543.58 524.505 102.04 36.09 0;9 325.74 486.935 49.5 14.43 0;9 990.59 168.695 15.6 48.27 0;9 1008.46 897.5 14.72 41.24 0;9 1560.36 500.48 47.62 12.82 0.7;9 1671.935 530.075 14.87 43.07 90.2
v_v0z1nsw56d_0000,none
v_v0z1nsw56d_0049,none
v_v3cvijj3wj_0000,1 556.345 526.61 93.27 42.12 358.8;1 1008.57 803.66 35.48 90.9 0;1 1021.775 625.715 39.51 91.81 0;8 978.42 633.555 66.12 22.55 286.8
v_v3cvijj3wj_0049,1 969.02 566.64 35.48 90.9 318.68;1 1016.965 33.13 39.51 62.54 0;8 983.56 683.505 66.12 22.55 251.8
v_v5vdyfk95s_0000,1 127.35 492.51 89.98 39.34 0;1 420.45 555.04 34.4 87.56 89.3;1 638.025 538.91 40.77 88.6 88.01;1 945.41 1007.935 82.24 34.97 269.2;1 959.39 725.58 86.44 38.9 284.773;1 936.15 279.81 37 80.6 0;1 939.75 164.195 32.34 72.59 0;1 941.775 901.33 33.99 89.66 0;1 987.995 563.24 87.47 37.02 355.54;1 1241.045 551.375 83.67 37.87 0;7 1156.565 508.97 101.19 38.46 0
v_v5vdyfk95s_0049,1 66.235 541.61 40.77 94.92 89.8;1 126.59 491.92 89.98 39.34 0;1 483.99 555.6 87.46 37.02 0.2;1 839.595 570.935 83.67 37.87 358.325;1 873.25 467.26 37 80.6 39.35;1 945.095 1007.895 82.23 34.97 269.2;1 926.915 357.73 32.33 72.6 2.925;1 941.31 900.71 33.98 89.66 0;1 984.335 872.78 86.43 38.9 255.2333;1 985.04 223.195 34.22 87.51 0;1 1514.2 529.49 98.84 39.28 0;1 1713.97 526.07 98.7 39.68 0;4 937.305 189.4 37.49 100.5 0;7 712.485 531.425 97.83 40.09 358;7 984.13 40.455 41.22 80.91 0
v_v7f5m7bml6_0000,1 42.6 504.68 76.4 34.56 0;1 516.165 465.385 93.67 39.59 0;1 676.71 455.61 96.78 38 0;1 1194.475 506.505 80.91 35.53 0;1 1343.985 562.28 86.77 35.76 32.9;1 1570.74 457.57 99.92 41.42 0;1 1725.98 514.76 38.54 88.38 89;1 1869.325 466.17 98.67 38.98 0;4 1059.59 511.68 90.08 38.76 0;4 1185.11 448.27 109.84 38.86 0;7 922.865 450.255 109.07 42.97 0;9 1309.39 515.385 38.1 13.93 339.2
v_v7f5m7bml6_0049,1 33.93 461.11 67.86 39.2 0;1 762.53 516.805 93.3 34.57 0;1 834.585 466.455 93.67 39.59 0;1 972.17 700.47 40.68 93.1 0;1 1239.595 454.16 93.11 38 0;1 1410.04 574.96 88.18 35.76 1.8;1 1629.815 509.805 80.91 35.53 0;4 372.055 457.3 116.71 40.74 0;4 1450.505 509.875 92.93 38.75 0;4 1769.92 453.495 116.22 38.87 0;7 1533.985 448.15 111.27 43.4 0;9 962.615 1067.55 14.31 24.9 0
v_v7fxq3hdpk_0000,1 425.97 522.275 109.06 45.99 0;1 1013.27 1000.525 48.62 106.43 0
v_v7fxq3hdpk_0049,1 1013.265 746.945 48.61 106.43 0
v_v96limuqcj_0000,1 238.55 487.9 104.26 41 0;1 494.45 484.865 112.82 40.79 0;1 806.895 480.285 99.97 43.99 0;1 909.375 1034.61 38.15 90.78 0;1 916.24 494.465 37.42 82.85 0.22;1 923.845 727.865 39.81 91.37 0;1 930.29 889.94 38.88 94 0;1 982.94 440.23 39.36 107.92 358.83;1 985.34 160.19 37.66 89.7 357.3;1 987.5 1015.58 39.5 97.5 0;1 992.68 812.72 36.86 82.58 0;1 1370.36 491.795 101.16 42.33 350.5;1 1621.09 523.59 89.96 37.18 357.1;1 1728.475 484.2 90.19 40 0;1 1836.705 481.145 94.45 37.21 359.5;1 1859.66 551.605 39.08 96.11 86.9;4 1483.335 538.65 97.95 36.12 358.4;7 661.735 493.41 121.77 44.86 359.4;7 970.31 15.61 17.26 31.22 268.5;9 1022.31 996.41 14.66 41.96 0
v_v96limuqcj_0049,1 389.045 490.735 97.61 40.99 0;1 441.61 539.95 94.7 40.68 0;1 539.635 483.635 109.43 40.79 0;1 814.94 479.99 98.5 43 0;1 910.955 690.525 38.15 95.43 0;1 916.955 967.58 41.27 88.8 0;1 919.685 252.895 39.81 91.37 0;1 921.97 36.29 37.42 72.58 359.6;1 925.98 427.11 38.88 87.5 0;1 975.205 950.7 37.91 96.3 0;1 984.9 777.225 39.5 97.51 0;1 985.155 246.03 36.87 82.58 358.06;1 1564.41 478.345 103.8 42.33 358.81;1 1618.835 524.255 89.95 37.17 357.1;1 1728.105 484.48 90.19 40 0;1 1835.275 482.225 94.45 37.21 359.5;1 1857.635 552.18 39.07 96.1 86.9;4 1491.505 539.33 97.95 36.12 358.4;7 675.88 493.45 121.76 44.86 359.4;9 1082.385 562.18 14.67 41.96 54.14
v_v9dvzvzk6n_0000,1 1316.795 500.24 101.41 39.42 2.4
v_v9dvzvzk6n_0049,1 1036.87 503.165 93.34 39.41 0.1
v_v9m84pk1vc_0000,1 195.455 516.32 36.95 94.62 88.7;1 957.04 1039.02 34.7 81.96 1.2;1 962.54 60.22 39.06 96.8 0;1 961.605 297.03 36.29 86.9 5.9;1 995.53 555.92 38.58 92.7 0.47;1 1000.16 136.38 37.6 88.18 10.84;1 1005.39 965.465 36.02 88.57 354.98;9 1042.54 371.675 13.08 42.83 0
v_v9m84pk1vc_0049,1 665.55 514.24 36.28 86.9 85.34;1 952.72 290.24 37.6 88.18 13.98;1 959.06 168.74 39.06 96.8 0;1 987.845 946.78 38.59 92.7 2.9;9 1041.25 810.615 13.08 42.83 0
v_vcn6ydcvfw_0000,1 20.61 558.105 32.1 41.27 91.1;1 561.745 506.71 35.61 88.62 89.4;1 978.08 564.555 85.2 28.39 357.2;1 956.945 1039.225 30.79 81.55 0;1 974.65 191.9 30.1 83.08 0;1 999.775 966.855 31.29 79.23 340.3909;1 1000.87 314.405 31.78 82.93 0;1 1303.13 519.005 93.2 34.31 0;1 1606.475 519.775 105.87 34.47 0;1 1823.88 539.66 91.2 30.2 0;9 1021.23 81.73 9.14 41.12 6.2;9 1093.61 524.255 44.44 15.05 351.7
v_vcn6ydcvfw_0049,1 559.815 502.875 35.61 88.63 89.4;1 736.18 567.54 81.06 28.38 357.9;1 955.785 1013.1 30.79 83.3 2.1;1 962.38 399.405 30.1 83.09 7.8909;1 970.015 130.8 31.73 80.1 2.3;1 1004.35 526.585 86.78 34.31 355.1;1 988.22 273.27 32.9 82.28 359.5;1 1017.875 752.02 31.77 80.72 356.5846;1 1218.365 545.945 105.87 34.47 351.8;1 1400.595 525.99 88.95 30.2 0;1 1475.855 574.43 84.79 31.16 356.3526;9 780.585 533.79 32.79 15.06 357.3;9 1038.33 276.24 9.14 32.28 357.0727
v_vcxc1bohus_0000,1 1012.61 956.51 39.42 102.48 0
v_vcxc1bohus_0049,1 995.53 631.98 39.42 102.48 341.1
v_vfvr4l26i6_0000,1 1408.085 500.595 99.85 44.67 0;9 436.485 513.08 40.73 19.7 0
v_vfvr4l26i6_0049,1 1118.005 499.325 99.85 44.67 0
v_viheefgdy2_0000,1 596.11 479.485 98.9 35.13 0;1 1222.975 410.72 87.37 40.74 0.7;1 1546.01 467.17 99.4 37.6 0;8 1454.26 519.28 62.3 26.2 0;9 780.665 478.1 47.49 20.32 0
v_viheefgdy2_0049,1 1390.97 478.265 98.9 35.13 0;1 1710.23 432.585 87.36 40.73 0.7;9 1701.425 495.55 47.49 20.32 0
v_vij5ex20du_0000,1 46.81 485.475 84.98 32.75 0;1 144.97 452.415 84.22 32.11 1.98;1 287.685 486.43 88.29 31.32 0;1 289.715 1017.435 87.93 38.15 0;1 360.38 389.92 83.76 33 0;1 373.095 229.18 81.43 37.26 0;1 576.99 1028.32 82.6 34.92 1.7;1 608.575 384.615 77.09 31.39 0;1 713.92 145.485 81.74 37.79 9.51;1 733.715 1061.475 75.03 36.57 14.05;1 769.935 275.74 82.71 38.4 0;1 834.2 553.26 75.92 33 51.7;1 846.07 670.895 71.8 32.73 94.5;1 916.03 1025.19 38.18 86.5 0;1 951.96 440.955 77.36 30.67 1.6;1 991.71 224.795 84.18 35.47 0;1 968.505 959.11 35.25 85.9 0;1 1056.345 266.63 94.29 35.76 359.3;1 1060.985 320.245 79.93 34.81 0;1 1166.995 431.225 80.97 33.71 0;1 1267.865 382.11 85.07 33.18 0;1 1348.31 429.47 67.9 29.52 0;1 1374.585 213.85 85.63 34.3 0;1 1555.18 430.88 88.3 34.22 0;1 1596.675 378.985 80.37 34.37 0;1 1874.805 377.655 86.61 35.03 0;1 1902.625 429.265 34.75 30.11 0;2 1327.33 290.465 103.58 40.85 359.8;4 220.79 274.55 88.08 35.62 0;4 483.33 485.165 86.58 34.05 0;4 678.94 489.825 76.64 30.35 0;4 693.485 433.295 82.17 33.83 0;7 84.015 389.035 168.03 52.47 0;7 433.075 433.33 113.45 41.74 0;7 1186.125 215.8 102.07 47.68 0;7 1498.655 477.145 118.09 41.99 358.8;9 177.235 499.985 38.71 11.45 0
v_vij5ex20du_0049,1 75.3 392.505 88.22 37.45 0;1 85.54 1015.065 74.38 34.95 0;1 179.775 269.63 94.43 34.98 359.3;1 226.59 228.435 84.18 35.47 0;1 252.635 314.675 82.51 34.81 0;1 277.18 432.375 80.38 31.73 0;1 285.76 483.685 87.84 32.67 0;1 437.515 486.46 81.21 32.76 0;1 532.215 460.99 84.25 31.68 1.8;1 616.97 1011.935 81.5 39.05 0;1 655.005 479.08 80.43 31.3 0;1 738.835 1048.755 77.81 34.91 12.65;1 847.505 1019.23 78.59 33 89.4;1 914.125 924.43 38.17 86.5 0;1 926.225 1047.925 32.35 64.15 0;1 953.02 389.725 79.76 31.31 0;1 979.765 221.175 80.87 34.31 0;1 969.075 881.27 35.25 85.9 0;1 1266.475 386.71 77.21 33.04 0;1 1770.94 453.7 81.64 30.84 0.2;1 1911.33 416.76 17.34 34.08 0;2 472.27 279.46 96.14 40.68 1.9;4 411.84 423.425 99.2 36.03 358;4 776.345 499.725 84.05 34.05 11.85;4 840.57 572.505 70.94 31.87 67.78;4 1398.815 428.165 76.47 33.83 0;7 588.625 385.865 191.19 52.47 0;7 693.235 225.685 98.87 46.39 0;7 1098.275 434.945 103.33 39.81 0;9 585.895 504.265 38.71 11.45 0
v_vir5c7x4kt_0000,1 366.71 470.57 104.6 32.2 356.4;1 1693.605 502.145 93.09 37.85 0;9 48.15 518.14 54.5 18.2 0
v_vir5c7x4kt_0049,1 911.7 437.41 104.6 32.2 341.1333;1 990.66 825.625 32.9 89.97 0;8 182.285 482.23 66.43 31.5 0;9 743.38 469.7 52.24 17.7 0;9 831.97 474.48 54.5 18.2 0
v_vjhjdo0zc8_0000,1 969.155 888.03 42.63 98.5 0;1 1063.97 518.65 35.44 85.64 52.55;1 1275.625 456.315 90.35 39.13 0;1 1529.215 458.965 92.99 39.09 0;1 1793.805 536.805 92.99 35.53 0;4 902.69 832.005 40.94 109.67 0;7 975.77 678.805 46.2 107.85 0
v_vjhjdo0zc8_0049,1 902.325 801 42.11 101 0;1 907.285 953.24 42.63 95.9 0;1 969.105 468.625 42.63 95.97 0;1 971.445 1016.15 36.73 84.6 0;1 975.555 841.77 40.15 98.2 0;1 1602.64 471.09 37.34 91.44 89.3;1 1789.715 533.975 92.99 35.53 0;4 897.575 442.715 38.97 105.95 0;7 943.725 29.285 53.39 55.45 0
v_vkj5sh4fto_0000,1 142.27 465.555 82.8 34.71 5.31;1 282.675 424.34 86.17 34.94 0;1 516.475 469.3 81.11 32.06 0.96;1 531.57 1019.035 77.74 35.87 0;1 669.555 128.815 32.55 79.17 284.51;1 702.645 261.58 34.83 85.14 284;1 815.39 278.995 28.64 74.49 305.65;1 856.365 393.78 34.21 80 340.4;1 893.93 493.08 34.78 80 348.86;1 907.38 591.76 31.36 77.2 354.49;1 915.885 342.685 35.53 78.29 342.7;1 917.38 738.545 33.1 84.41 0;1 1086.505 277.465 81.43 37.35 0;1 1197.775 229.71 89.31 39.44 0;1 1291.41 279.205 82.2 36.89 0;1 1776.875 275.3 87.57 37.9 0;2 1088.905 229.24 93.27 37.2 0;4 1768.3 325.89 98.9 37.36 0;7 1109.495 319.445 102.23 42.39 0;9 752.21 513.22 38.4 11.76 15;9 1597.5 215.43 51.66 14.12 0
v_vkj5sh4fto_0049,1 14.28 113.59 28.56 18.42 269.7;1 119.46 470.43 82.86 33.7 0;1 185.54 244.335 36.44 87.41 270.5;1 287.24 284.575 32.1 76.53 267.08;1 386.39 475.155 86.72 35.59 0;1 502.265 379.465 86.61 33.17 0;1 530.625 1018.975 77.75 35.87 0;1 530.785 307.21 34.21 80 269.91;1 534.895 226.265 35.53 78.29 270.8;1 575.225 479.315 82.81 34.71 0.5;1 621.345 430.09 83.61 34.94 0.7;1 789.715 315.82 34.79 80 299.25;1 837.035 605.96 76.47 32.06 79.65;1 868.4 407.89 31.36 75.32 342.8;1 912.93 511.835 33.1 81.61 357.9;1 1087.285 278.025 81.43 37.35 0;1 1195.995 230.125 89.31 39.45 0;1 1205.91 282.74 82.2 36.9 0;1 1393.34 277.2 80.92 37.9 0;1 1641.835 328.855 90.73 37.11 0;1 1641.995 142.765 90.07 39.83 0;1 1876.53 132.02 85.26 42.32 1.7;2 1089.005 229.55 93.27 37.2 0;4 1340.9 327.97 89.66 37.36 0;7 1109.655 320.55 102.23 42.38 0;9 829.755 1039.805 35.33 11.75 93.4;9 1175.1 202.56 40.4 12.3 0
v_vllf2002pa_0000,1 12.175 111.825 24.35 22.07 268.1;1 14.035 273.78 26.87 27.5 270.1;1 276.605 414.64 76.39 27.8 0;1 673.21 366.965 75.82 28.03 0;1 675.66 410.43 65.86 26.18 0;1 698.98 120.095 28.14 71.47 293.9;1 828.715 270.95 30.69 84.8 334.4143;1 904.815 485.73 27.07 80.6 352.3714;1 917.57 704.1 29.62 77.4 0;1 967.055 764.23 30.89 83.9 0;1 1003.875 545.525 29.95 75.83 31.7706;1 1107.55 466.835 32.9 74.43 66.5583;1 1343.455 446.28 29.21 79.7 87.5;2 132.805 465.365 120.47 30.43 0;7 923.19 914.23 31.4 100.56 0;9 946.27 574.315 11.1 25.85 0
v_vllf2002pa_0049,1 78.33 462.52 79.5 28.4 0;1 157.845 98.79 28.15 69.34 268.1;1 337.215 463.825 81.21 33.61 0;1 453.82 109.855 30.7 84.79 268.6;1 557.915 414.05 76.39 27.8 0;1 539.975 244.3 27.07 80.6 271.7;1 674.8 366.755 75.82 28.03 0;1 675.73 409.82 65.86 26.18 0;1 839.26 331.6 29.62 77.4 326.1118;1 1011.71 288.705 74.14 28.07 0;1 1108.075 452.3 30.89 83.9 63.8176;1 1144.2 244.76 79.92 34.7 0;1 1216.51 204.435 71.34 31.93 0;1 1218.55 293.475 74.14 28.07 0;1 1299.775 244.055 83.03 31.39 0;1 1301.045 194.03 76.63 28.5 0;1 1339.07 288.82 82.66 30.32 0;1 1447.25 239.085 79.76 31.05 0;1 1438.065 439.165 29.95 75.83 86.6421;1 1471.44 292.285 79 29.19 0;1 1590.33 290.725 89.76 36.25 0;1 1596.54 238.755 79.36 32.91 0;1 1702.605 280.69 86.55 35.04 0;1 1707.505 188.26 82.61 36.64 0;1 1749.195 235.99 80.81 31.68 0;1 1731.09 428.525 32.9 70.51 84.6;1 1801.335 279.865 88.53 32.55 0;2 560.185 465.065 120.47 30.43 0;2 1103.845 197.78 94.11 36.64 0;2 1573.84 194.395 98.54 36.65 0;2 1887.615 282.48 64.77 41.04 0;7 158.77 415.275 110.4 32.75 0;7 905.45 487.055 31.4 100.55 356.2059;7 1456.81 188.295 119.94 39.97 0;9 437.29 437.59 34.8 10 0;9 486.41 374.34 36.8 11.2 0;9 693.95 208.375 11.1 25.85 279.38;9 1597.455 167.415 42.83 12.37 353.7;9 1817.755 186.095 42.83 12.37 352.9
v_vo8pj0ndj1_0000,1 90.82 61.345 76.9 34.75 0;1 327.47 469.955 83.46 31.47 0;1 440.87 370.895 85.72 35.53 0;1 583.88 422.07 79.08 32.84 0;1 644.095 1012.49 84.39 35.26 0;1 719.165 454.01 71.73 33.64 12.8;1 912.995 858.44 31.41 79.1 0;1 965.25 804.005 33.74 78.65 0;1 1175.52 372.57 73.32 32.16 0;1 1251.56 419.98 72.44 31.8 0;1 1582.86 411.52 79 32.88 0;1 1802.25 434.66 86.2 33.38 0;1 1887.555 366.895 64.89 33.39 0;2 37.89 452.74 75.78 34.34 0;2 387.775 417.035 118.73 37.99 0;2 522.035 471.355 98.79 32.83 0;2 1052.765 204.83 96.87 37.06 0;7 203.18 422.59 126.7 41.04 0;7 446.755 129.24 87.57 38.04 0
v_vo8pj0ndj1_0049,1 71.33 62.595 76.9 34.75 0;1 262.115 1006.59 81.19 34.02 0;1 383.62 471.275 83.46 31.47 0;1 851.14 611.505 72.54 33.63 87.575;1 913.075 860.245 31.41 79.09 0;1 965.53 805.295 33.74 78.65 0;1 1238.4 427.45 79.08 32.84 0;1 1340.88 370.215 80.64 35.53 0;2 399.15 431.57 103.84 35.3 357.4;2 527.115 471.91 98.79 32.84 0;2 658.13 440.31 111.66 38.12 11.4;2 1054.02 206.83 95.7 38.24 0;7 526.805 419.535 119.41 40.85 0;9 779.8 364.01 39.94 10.6 0
v_vobek3ssog_0000,1 1017.305 529.28 106.27 44.22 359.3;1 1599.325 515.045 107.29 40.87 3.9
v_vobek3ssog_0049,1 319.86 529.49 106.26 44.22 359.3;1 1279.47 503.57 101.74 40.86 2.1;1 1596.705 533.135 100.33 41.13 355.86
v_vpv44922u3_0000,1 1119.4 480.245 83.16 33.39 0;1 1464.28 456.27 94.24 35.66 0;1 1570.55 517.105 82.12 32.57 0;1 1834.075 478.53 98.51 37.1 0;9 45.695 455.925 55.41 17.27 0;9 983.15 808.845 15.1 41.69 0;9 1864.525 434.03 40.51 14.44 0
v_vpv44922u3_0049,1 599.105 486.735 95.43 38.15 0;9 1131.905 564.02 14.25 39.08 60.96;9 1269.935 441.975 45.07 13.59 0
v_vqd6vsqluf_0000,1 91.125 478.235 83.21 33.87 0;1 287.365 1009.555 86.75 36.55 0;1 315.035 231.725 33.03 77.71 269;1 317.13 287.09 35.04 81 269.7;1 452.215 308.065 34.95 83.01 269.76;1 568.88 1011.935 87.22 38.65 359.3;1 580.685 475.225 83.85 33.35 0;1 667.125 433.175 78.75 29.41 0;1 924.945 678.96 34.91 98.48 357.75;1 963.77 831.82 32.7 79.9 359.8;1 1093.01 316.685 78.6 39.07 0;1 1135.425 215.82 81.51 34.04 0;1 1191.735 314.36 73.11 33.82 0;1 1209.985 266.31 104.31 42.7 0;1 1240.265 217.12 82.61 34.74 0.2;1 1296.425 314.8 87.45 36.56 0;1 1322.695 264.34 68.55 32.62 0;1 1332.51 214.43 84.3 37.26 0;1 1495.5 213.715 96.3 41.03 0;1 1605.72 312.23 87.72 32.98 0;1 1767.9 262.605 91.94 37.97 0;4 358.285 436.385 103.57 34.55 0;7 410.37 1019.315 150.28 55.09 0;7 637.355 381.89 122.59 42.28 0;7 731.335 468.565 80.47 29.73 0;7 1100.575 264.07 90.95 42.4 0;7 1534.365 262.61 112.09 46.2 0;9 546.885 76.085 32.51 12.39 0;9 587.5 502.565 38.26 10.99 0;9 768.74 433.405 38.68 11.19 0.1;9 1314.09 240.13 34.84 11.1 358.26
v_vqd6vsqluf_0049,1 74.22 431.115 88.7 35.03 0;1 177.22 385.745 89.8 31.31 0;1 287.505 1010.63 86.75 36.54 0;1 404.95 430.005 86.38 30.71 0;1 466.125 478.955 83.21 33.87 0;1 571.03 1012.95 87.22 38.64 359.3;1 582.915 474.895 82.03 33.35 0;1 667.805 434.265 78.75 29.41 0;1 697.105 267.71 34.91 94.46 285.28;1 825.73 290.53 32.7 75.34 308.1;1 1092.74 317.01 78.6 39.06 0;1 1135.025 216.16 81.51 34.04 0;1 1191.33 314.36 73.1 33.82 0;1 1208.43 266.31 104.32 42.7 0;1 1239.995 216.79 82.61 34.74 0.2;1 1296.005 314.09 87.45 36.56 0;1 1322.215 264.34 68.55 32.62 0;1 1332.92 214.63 84.3 37.26 0;1 1398.05 313.125 84.64 32.97 0;1 1461.6 212.535 92.16 41.03 0;1 1562.56 316.49 91.72 34.22 0;1 1574.44 264.835 91.94 37.97 0;1 1579.56 215.045 90.92 35.47 0;1 1881.935 266.175 76.13 34.53 0;4 220.28 475.81 85.62 32.26 0;4 563.04 433.445 101.62 34.55 0;7 410.26 1019.65 150.28 55.08 0;7 637.465 382.115 122.59 42.27 0;7 731.8 469.025 80.46 29.73 0;7 1101.095 264.62 90.95 42.4 0;7 1459.705 261.76 112.09 46.2 0;7 1747.785 206.245 122.85 47.47 0;9 769.61 433.94 38.68 11.2 0.1;9 810.15 516.905 38.26 10.99 7.3;9 1107.565 239.95 34.83 11.1 359.8
v_vspb367lxw_0000,1 252.665 530.365 37.07 94.13 89.3;1 645.335 525.005 36.89 87.37 87.16;1 817.515 545.295 69.23 33.53 357.53;1 905.13 461.615 33.82 80.09 43.89;1 962.52 49.12 38.36 96.04 0;1 1000.405 162.78 36.41 95.6 6.5;1 1039.015 601.52 85.67 38 318.73;1 1023.33 316.22 38.86 92.28 0;1 1282.765 495.415 85.25 36.91 350.88;1 1436.14 506.895 93.24 39.03 3.85;1 1681.955 479.19 94.81 37.5 0
v_vspb367lxw_0049,1 39.035 528.07 36.89 76.8 88.8;1 343.3 530.025 73.48 34.41 359.7;1 576.65 513.625 33.82 80.79 89.8;1 956.025 384.305 36.41 92.93 17.06;1 963.42 48.8 40.16 95.4 0;1 991.155 688.33 85.67 38 289.6;1 1014.35 99.62 36.04 89.8 2.3;1 1016.725 535.685 38.85 86.83 1.7;1 1129.875 548.09 79.99 36.92 334.74;1 1267.47 500.36 88.54 39.02 0.3;1 1683.96 479.19 94.8 37.5 0;4 1389.045 546.06 92.83 34.42 15.9
v_vuj62hae3z_0000,1 212.47 572.12 35.7 80.22 94.2714;1 494.145 516.52 35.47 86.8 88.44;1 962.38 49.57 40.46 96.3 0;1 1007.48 647.895 86.96 36.59 301.26;1 1044.35 210.91 82.06 39.02 25.5;1 1270.33 531.51 89.78 35.16 358.7;1 1339.925 476.93 90.21 37.5 0;1 1378.15 526.545 94.12 35.51 359.1;4 1012.545 80.505 36.67 93.31 5.416;9 1016.735 1012.465 11.63 35.75 0.95
v_vuj62hae3z_0049,1 237.99 569.85 35.7 80.4 115.4692;1 961.375 49.835 40.45 96.31 0;1 1012.825 196.99 82.05 39.02 50.34;1 1002.87 1063.335 29.32 33.33 267.4;1 1101.975 534.135 85.57 34.65 358.38;1 1319.525 524.615 89.59 35.51 359.1;1 1340.175 475.86 90.21 37.5 0;1 1534.28 521.225 93.74 36.73 0;4 1012.045 78.525 36.67 93.31 4.5691
v_vyo0osh1q5_0000,1 202.84 526.95 90.6 38.2 0;1 497.33 493.03 90.9 37.6 0;1 971.095 464.43 89.43 35.6 271;1 1018.21 571.045 30.12 82.07 2.3111;1 1385.5 496.36 90.7 35.9 359.6;1 1426.795 547.83 86.29 35.6 0.1;1 1521.21 455.3 97.94 38.64 0;1 1644.805 509.31 100.95 36.04 0
v_vyo0osh1q5_0049,1 561.295 481.23 95.09 33.9 356.62;1 677.43 520.66 90.6 38.2 0;1 1002.8 130.595 30.12 82.07 356.3;1 1140.02 490.68 90.9 37.6 0;1 1663.04 584.925 86.3 35.59 13.9
v_vyrvlkin3t_0000,1 737.425 509.68 71.89 29.36 357.6961;1 1006.69 974.46 31.32 76.96 0;1 1009.375 1073.165 33.63 13.67 0;1 1059.825 993.755 31.31 80.29 0;1 1060.185 891.21 27.43 66.84 0;7 1059.565 1064.745 36.81 30.51 0;8 1016.495 888.2 27.79 72.82 0
v_vyrvlkin3t_0049,1 737.31 509.57 71.88 29.36 357.5863;1 1006.4 973.305 31.32 76.95 0;1 1009.375 1073.27 33.63 13.46 0;1 1058.935 994.995 31.31 80.29 0;1 1059.61 891.35 27.44 66.84 0;7 1059.565 1063.62 36.81 32.76 0;8 1016.295 888.8 27.79 72.82 0
v_vzhmsl0kfn_0000,1 13.35 417.08 26.7 32.7 0;1 73.58 511.3 84.4 32.72 0;1 120.93 412.65 83.6 33.42 0;1 175.32 518.62 91.62 34.16 0;1 217.25 412.975 89.46 34.35 0;1 300.78 515.21 89.78 32.06 0;1 335.695 418.74 79.47 32.78 0;1 367.405 468.18 79.43 30.1 0;1 462.27 415.91 87.3 32.7 0;1 483.01 466.405 78.7 33.57 0;1 547.67 144.66 29.7 74.2 267;1 575.445 514.71 82.43 33.16 0;1 577.34 464.255 81.98 34.59 0;1 577.515 414.93 81.99 31.8 0;1 657.715 269.365 29.73 78.03 269.2;1 686.81 474.375 87.8 33.83 0;1 700.095 516.965 79.95 32.93 0;1 701.49 421.59 79.16 32.68 0;1 838.26 814.29 71.88 29.36 161.2;1 908.165 274.68 27.71 75.4 329.1615;1 982.67 449.22 31.7 83.5 346.0385;1 991.41 345.84 29.2 76.9 331;1 1002.14 741.01 27.98 75.3 0;1 1039.61 478.735 30.3 80.71 350.5;1 1053.17 730.25 29 81.9 0;1 1060.05 894.025 27.88 73.03 0;1 1113 585.155 27.8 76.67 32.7714;1 1319.235 247.65 79.31 35.34 359.3;1 1350.515 296.27 75.97 34.3 0;1 1423.705 246.245 84.81 34.35 0;1 1442.445 339.745 103.03 37.33 0;1 1583.76 342.455 99.74 38.17 0;1 1617.48 292.185 87.02 35.59 0;1 1691.735 243.815 87.55 35.43 0;1 1719.81 296.98 91.76 36.9 0;2 1222.23 295.74 87.76 38.7 0;2 1550.555 246.145 105.13 36.11 0;4 213.555 465.595 82.79 30.19 0;4 1008.05 606.99 27.58 78.7 354.7;4 1246.315 163.72 88.05 39.06 0;4 1488.86 295.015 100.7 39.29 0;7 66.05 464.055 126.3 34.35 0;7 435.57 516.725 136 41.25 0;7 1012.03 990.08 29.32 105.3 0;7 1264.905 341.18 114.59 41.5 0;7 1836.08 290.44 123.2 39.52 0;8 979.82 113.285 64.8 29.85 0.3;9 767.525 453.15 41.91 11.58 359.2;9 807.18 448.76 44.12 15.9 0;9 1192.52 230.905 42.08 14.33 0
v_vzhmsl0kfn_0049,1 13.585 417.69 27.17 32.7 0;1 74.48 511.71 84.4 32.72 0;1 121.29 413.3 83.6 33.42 0;1 175.74 518.975 91.62 34.15 0;1 217.925 413.165 89.47 34.35 0;1 301.51 515.8 89.78 32.06 0;1 335.94 419.6 79.46 32.78 0;1 368.155 468.59 79.43 30.1 0;1 462.34 416.15 87.3 32.7 0;1 483.01 466.78 78.7 33.56 0;1 534.77 283 29.2 76.9 272.4;1 575.445 515.08 82.43 33.16 0;1 577.44 464.425 81.98 34.59 0;1 577.6 415.145 81.98 31.79 0;1 559.365 148.97 27.71 75.4 273.3;1 686.92 474.705 87.8 33.83 0;1 700.895 517.23 79.95 32.94 0;1 701.67 421.69 79.16 32.68 0;1 753.49 295.675 31.7 80.25 275.8;1 838.19 814.41 71.88 29.36 161.2;1 896.74 224.63 30.3 80.7 314.4;1 984.54 483.73 27.98 75.3 348;1 1006.28 874.81 25.8 81.26 0;1 1014.72 379.3 29 81.9 343.4;1 1046.45 515.41 27.88 73.04 352.3;1 1319.365 247.77 79.31 35.34 359.3;1 1350.33 296.91 75.96 34.3 0;1 1423.305 246.415 84.81 34.35 0;1 1441.965 340.185 103.03 37.33 0;1 1583.12 342.525 99.74 38.17 0;1 1616.85 292.3 87.02 35.6 0;1 1607.44 482.125 27.8 76.67 84.3;1 1690.725 243.815 87.55 35.43 0;1 1719.33 297.16 91.76 36.9 0;2 1222.21 296.135 87.76 38.71 0;2 1550.175 246.285 105.13 36.11 0;4 213.885 466.175 82.79 30.19 0;4 946.37 371.63 27.58 78.7 327.4;4 1063.045 652.6 27.01 77.42 1.7;4 1246.475 163.445 88.05 39.07 0;4 1488.69 295.125 100.7 39.29 0;7 66.13 464.885 126.3 34.35 0;7 435.94 516.91 136 41.26 0;7 1009.98 664.49 29.32 100.64 358.5;7 1063.41 875.96 29.9 106.46 0;7 1264.165 342 114.59 40 0;7 1835.42 291.15 123.2 39.52 0;8 242.48 149.21 64.8 29.86 0.3;9 767.495 453.48 41.91 11.58 359.2;9 807.18 449.04 44.12 15.9 0;9 1192.99 230.745 42.72 13.59 0
v_w1felxwdf3_0000,1 699.16 557.12 96.92 34.54 0;1 993 805.41 35.9 94.74 2.975;1 1132.635 520.63 97.57 35.48 0;8 1509.69 493.605 68.44 28.65 0
v_w1felxwdf3_0049,1 114.88 483.425 92.78 35.21 0;1 488.23 540.56 89.2 34.36 0;1 882.12 489.54 97.7 38.42 0;1 1112.22 581.2 35.9 94.74 64;1 1647.86 572 96.92 34.54 0
v_w2qe0tdx2d_0000,none
v_w2qe0tdx2d_0049,none
v_w34uc6dd9w_0000,1 691.705 520.145 32.93 84.71 88;1 956.57 853.86 83.86 36.5 267.65;1 938.215 980.11 35.87 86.1 0;1 979.715 1055.91 37.79 48.18 344.2;1 992.55 260.71 36.9 92.24 0;1 1196.685 525.765 85.87 34.05 0;1 1367.19 527.27 92 34.6 0;7 932.17 238.705 51.38 157.95 0
v_w34uc6dd9w_0049,1 171.82 517.595 32.92 84.71 89.9;1 836.565 543.195 81.59 35.33 0;1 956.34 883.495 83.86 36.51 269.4;1 938.395 985.03 35.87 86.1 0;1 979.975 1056.82 37.79 46.36 344.2;1 980.225 215.305 34.83 87.77 0;1 993.03 373.735 36.9 92.25 0;1 1102.67 540.93 82.6 34.6 349.9;7 919.435 378.34 51.39 157.94 6.34
v_w37zq4rfsj_0000,1 555.525 516.755 35.61 88.63 89.4;1 810.58 539.135 31.4 83.15 66;1 958.94 1024.11 31.7 85.32 1.7;1 960.38 377.79 32.8 82.66 0;1 966.43 125.91 31.7 85.1 0;1 1005.3 925.25 29.4 71.68 352.7;1 1138.225 560.85 90.11 34.02 353;1 1168.67 504.675 86.52 31.19 1.5;1 1284.775 553.57 91.33 30.9 352.9;9 930.895 564.21 34.61 14.12 0
v_w37zq4rfsj_0049,1 197.41 579.765 31.4 83.15 90.3;1 555.785 517.045 35.61 88.63 89.4;1 641.04 570.94 32.8 82.66 86.0688;1 847.485 554.47 84.25 34.02 0.725;1 957.485 402.145 31.67 83.65 0;1 961.27 183 34.94 97.8 0;1 1096.16 583.57 82.68 30.9 346.65;1 1158.57 505.13 86.52 31.2 1.5;1 1633.6 520.265 91.5 35.85 0;1 1815.11 537.16 96 33.6 0;9 280.495 549.715 34.61 14.11 0
v_w3x7k7cs3n_0000,1 458.48 484.705 89.7 34.85 0;1 906.36 1012.02 34.9 90.4 0;1 911.67 468.53 33.78 95.2 0.5;1 913.52 752.12 30.9 82.4 0;1 927.68 292.67 34 83 3.5;1 945.77 897.34 32.5 83.86 0;1 955.065 1056.6 32.63 46.8 0;1 985.16 938.355 32.44 84.67 0;1 1074.395 543.585 39.11 89.45 60.225;1 1437.675 497.715 91.91 36.91 0;1 1565.92 496.405 113.24 39.81 0;1 1632.745 557.04 33.49 91.52 89;1 1682.205 506.055 96.53 35.67 0;1 1750.12 552.925 98.24 38.07 0;1 1794.375 514.15 90.45 33.7 0;1 1857.86 571.095 92.56 32.51 1.0818;1 1891.335 504.31 57.33 35.16 0;3 1400.455 548.87 163.13 41.68 0.2;9 865.365 874.355 14.61 35.39 0;9 942.975 563.62 10.87 35.5 9.5;9 1565.48 593.32 43.14 12.9 24.1
v_w3x7k7cs3n_0049,1 300.78 484.075 102.14 37.91 0;1 758.94 489.155 89.7 34.85 0;1 909.1 1047.45 37.2 65.1 0;1 910.24 787.42 34.9 90.4 0;1 928.42 246.945 30.9 82.41 0;1 939.955 918.71 32.63 88 357.7294;1 975.03 492.975 32.5 83.85 6.6;1 985.35 939.815 32.44 84.67 0;1 1337.005 548.23 39.11 89.44 94.4875;1 1438.605 496.365 91.91 36.91 0;1 1566.56 496.54 113.24 39.82 0;1 1634.11 556.645 33.5 91.51 89;1 1682.62 506.205 96.52 35.67 0;1 1752.205 551.865 98.23 38.07 0;1 1795.65 513.3 90.46 33.7 0;1 1859.65 571.295 92.56 32.51 0.9284;1 1892.11 504.31 55.78 35.16 0;3 1482.235 549.11 163.13 41.68 0.2;9 210.73 530.13 32.48 14.74 0;9 903.785 390.12 14.61 35.38 0;9 1602.695 590.66 43.13 12.9 3.2069
v_w5acq1hkwr_0000,1 18.81 533.61 37.62 35.06 269.6;1 235.895 528.81 92.31 37.64 359.9;1 844.28 507.81 96.96 42.48 0;1 1165.325 542.535 91.19 41.05 359.5
v_w5acq1hkwr_0049,1 167.27 519.47 96.96 42.48 0;1 583.645 540.9 91.19 41.06 359.5;9 1719.625 508.61 51.65 16.6 354.2
v_w5d121wswc_0000,1 416.06 558.07 31.32 68.8 89;1 554.05 507.075 35.6 88.63 89.4;1 698.025 551.69 83.05 29.32 355.7;1 967.995 287.56 30.61 69.78 0;1 969.5 101.415 32.64 84.51 0;1 969.825 1046.3 30.11 67.4 0;1 978.46 546.495 29.3 76.93 0;1 1215.985 504.885 91.11 31.19 4.9;1 1332.455 549.83 91.91 35.16 355.4;1 1660.605 523.885 91.77 30.31 0
v_w5d121wswc_0049,1 256.085 556.5 83.05 29.32 0.4;1 552.825 510.33 35.61 88.62 89.4;1 961.7 85.765 31.7 87.99 0;1 966.27 227.475 32.64 84.51 0;1 977.535 766.55 30.61 69.78 357.5;1 1092.49 602.06 91.9 35.16 330.9625;1 1168.115 505.835 86.51 31.19 1.5;1 1252.93 548.855 83.7 30.31 353.5;1 1401.36 540.22 88.8 31.4 356.6
v_w5ih4wpfjx_0000,1 1199.185 533.445 105.11 42.05 0
v_w5ih4wpfjx_0049,1 805.015 530.82 105.11 42.04 0
v_w6bltpllbf_0000,1 737.475 526.75 30.11 85.76 77.0636;1 976.56 1041.33 79.78 32.66 276.6;1 1013.5 15.445 29.74 30.71 0;1 1155.52 541.395 82.6 33.55 354.2;1 1207.5 480.26 83.2 30.6 358.2;1 1311.78 517.005 84.94 31.45 356.4;1 1462.2 510.97 90.44 31.46 0;1 1619.305 494.9 93.41 31.2 0;1 1751.46 514.295 91.74 31.13 0;7 459.79 537.835 133.62 45.67 359.5;9 143.295 525.715 40.03 14.19 358.4;9 1097.43 502.525 38.9 15.33 2.2
v_w6bltpllbf_0049,1 138.755 546.855 30.11 85.77 90.6;1 759.91 551.655 77.42 33.55 358.487;1 872.885 497.74 79.61 30.6 358.2;1 1011.84 359.28 29.74 83.5 0;1 1017 231.96 25.44 70.1 0;1 1097.87 529.575 82.3 31.45 356.4;1 1305.985 521.84 90.43 31.46 357.3;1 1481.405 493.63 93.41 31.2 0;1 1654.46 517.315 91.74 31.13 0;9 650.63 512.54 38.9 15.34 356.9
v_w6jnzltbca_0000,none
v_w6jnzltbca_0049,none
v_w84q90lc0d_0000,1 944.715 939.635 84.11 34.69 271.9;1 945.215 608.18 79.83 32.46 318.76;1 956.505 544.705 82.67 35.19 321.34;1 934.425 795.31 33.69 81.72 0;1 936.625 335.72 37.45 89.98 0;1 948.505 1066.455 40.57 27.09 0;1 994.36 639.675 83.38 34.83 308.2079;1 1001.765 991.535 35.05 86.77 0.9;1 1663.8 512.765 91.14 35.25 0;4 986.115 830.15 82.39 38.2 270.1
v_w84q90lc0d_0049,1 929.785 586.935 82.67 33.63 300.98;1 930.78 690.37 79.96 32.46 271.72;1 943.085 1049.375 60.87 34.69 270.7;1 933.675 910.245 33.69 84.37 0;1 943.805 456.29 37.35 86.76 356.92;1 986.59 763.455 83.38 34.83 269.8;1 1002.63 1040.615 34.78 77.77 0.9;1 1273.32 525.835 84.38 35.25 353.3;4 988.74 936.76 82.4 38.2 270.1
v_wacqd07wvl_0000,1 730.185 504.7 93.67 38.7 359.6;1 1262.68 489.945 98.92 39.45 0.4
v_wacqd07wvl_0049,1 1064.13 467.525 98.92 39.45 24.64
v_wbohgoql5p_0000,1 726.66 503.175 100.2 39.93 0
v_wbohgoql5p_0049,1 955.61 477.25 90.56 40.1 0;1 1805.74 500.89 103.4 42.16 0
v_wgbdk5xom9_0000,1 737.075 509.34 71.89 29.36 357.3599;1 1006.14 968.4 31.32 76.96 0;1 1009.375 1073.475 33.63 13.05 0;1 1058.82 994.465 31.32 80.29 0;1 1058.91 890.34 27.44 66.84 0;7 1059.565 1061.3 36.81 37.4 0;8 1015.875 890.04 27.79 72.82 0;9 1119.67 247.505 37.14 15.51 358.3
v_wgbdk5xom9_0049,1 736.955 509.23 71.89 29.36 357.2501;1 1006.395 963.125 31.31 76.95 0;1 1009.375 1073.58 33.63 12.84 0;1 1058.89 988.94 31.32 80.3 0;1 1059.13 888.35 27.44 66.84 0;7 1059.565 1060.17 36.81 39.66 0;8 1015.715 881.74 27.79 72.82 0.72
v_wgwtu9o904_0000,1 308.97 464.08 105.14 41.4 0;1 478.405 531.815 93.05 39.57 0;1 779.55 503.015 85.48 39.13 0;1 973.42 152.34 39.72 90.22 0
v_wgwtu9o904_0049,1 935.67 404.44 96.92 41.4 328.44;1 970.255 755.45 42.39 91.1 0;1 1090.6 522.64 89.62 39.56 0;1 1689.445 516.885 89.09 39.13 0;8 533.365 463.805 62.93 27.37 0
v_wib6sljoeg_0000,1 131.59 483.385 86.6 35.01 10.56;1 965.905 45.385 41.09 90.77 0;1 1007.595 773.555 36.41 86.05 0;1 1223.87 476.155 95.18 36.39 0.3;1 1269.075 526.41 90.11 37 352.9;1 1401.825 507.055 95.89 35.39 355.8
v_wib6sljoeg_0049,1 29.68 470.555 59.36 35.01 2.4;1 965.78 45.18 40.84 90.36 0;1 995.445 292.515 38.05 93.91 7.2;1 1174.805 543.205 90.11 36.99 346.4;1 1224.92 476.58 95.18 36.4 0.3;1 1334.165 514.77 95.89 35.4 352.8
v_wj0fmte8s2_0000,1 28.835 477.845 37.23 57.63 90.5;1 956.095 318.38 37.09 89.7 7.625;1 959.965 196.81 41.09 105.44 1.7;1 1004.225 74.96 38.69 97.46 354.3;1 1013.79 222.575 35.9 87.67 1.7;4 1095.02 513.81 98.02 36.98 359.5
v_wj0fmte8s2_0049,1 902.66 467.82 37.08 89.7 37.87;1 957.49 356.9 41.08 105.44 2.78;1 960.365 188.37 36.39 88.64 3.6;1 994.165 606.565 35.89 87.67 3.4;1 1013.915 286.565 38.69 97.47 358.8;4 517.885 520.13 96.21 36.46 357.17
v_wj7ufejqry_0000,1 1186.195 511.5 86.17 36.36 0
v_wj7ufejqry_0049,1 58.25 489.505 90.1 33.39 0;1 429.555 465.41 95.25 35.66 0;1 590.91 511.475 86.72 32.57 0;1 794.03 475.33 92.7 37.1 0;9 656.55 432.545 41.68 14.87 0
v_wjwf1w4nct_0000,1 519.01 538.335 33 85.47 93.3889;1 1016.63 1062.715 35.48 31.59 270.1;1 1017.83 357.99 30.2 77.72 0;1 1050.03 620.2 81.76 30.9 306.85;1 1097.75 508.33 83.26 28.46 355.65;1 1283.65 500.67 86.58 33.56 357.6;1 1421.84 477.57 83.8 32.2 0;1 1572.675 495.595 82.05 30.87 0;1 1875.85 499.045 83.3 31.91 0;9 1582.3 533.16 35.7 13.62 0
v_wjwf1w4nct_0049,1 543.49 525.38 80.86 28.46 0;1 959.585 507.48 81.67 33.56 1.4;1 992.75 884.49 81.76 30.9 278;1 999.41 724.875 30.2 75.81 356.16;1 1263.6 474.3 80.26 32.2 0;1 1364.99 498.175 76.52 30.87 0;1 1532.41 497.265 83.3 31.91 0;1 1694.665 502.22 91.37 29.7 0;1 1873.225 495.54 89.39 27.78 0;9 1206.4 526.43 35.7 13.62 0
v_wkmparteov_0000,1 1174.22 496 102.48 45.98 0
v_wkmparteov_0049,1 594.8 502.57 102.48 45.98 0;1 1275.08 510.54 115.16 43 359.3
v_wmrthoong8_0000,1 34.02 474.77 68.04 41.9 0;1 42.765 529.32 85.53 39.4 0;1 158.04 472.12 117.4 40.9 0;1 164.2 525.22 101.68 35.2 0;1 286.07 474.935 88.9 36.71 0;1 328.475 534.91 94.99 37.8 0;1 471.6 482.615 91.56 35.01 0;1 520.27 531.075 88.3 42.11 2.2;1 640.93 481.98 92.84 37 0;1 651.235 535.3 101.45 35.44 2.4;1 876.575 487.575 110.81 35.13 0;1 947.765 151.66 95.19 38.3 269.4;1 1076.94 553.425 95.9 34.27 1.5;1 1467.29 547.9 88.98 34.54 0;1 1557.64 498.52 86.22 33.8 0;1 1799.66 559.065 35.8 91.09 91.1
v_wmrthoong8_0049,1 77 530.01 100.52 39.4 0;1 157.545 476.21 98.99 41.9 0;1 287.94 524.465 101.68 35.21 0;1 394.9 472.93 117.4 40.9 0;1 548.955 530.67 94.99 37.8 0;1 579.44 477.445 88.9 36.71 0;1 706.86 532.695 88.3 42.11 2.2;1 735.745 486.845 91.55 35.01 0;1 923.765 373.31 92.83 37 303.45;1 983.41 946.2 37.1 92.8 0;1 1026.15 540.375 101.44 35.45 357.7;1 1537.965 494.995 110.81 35.13 0;1 1580.425 556.345 95.91 34.27 1.5;1 1894.05 551.12 51.9 34.54 0
v_wpq31witro_0000,1 1120.545 471.41 93.25 38.64 0;1 1716.965 503.945 36.61 94.61 90.6;7 359.12 475.035 129.82 42.71 0;9 26.8 535.805 53.6 16.17 0;9 980.785 740.305 12.61 40.87 359.8;9 1035.135 654.805 11.87 38.29 26.2
v_wpq31witro_0049,1 582.905 448.565 92.95 38.15 0;1 631.865 511.35 98.01 36.94 0;7 1315.62 472 110.12 40.26 0;8 386.925 460.86 66.65 26.88 0;9 439.53 540.925 15.14 45.29 41.2;9 1195.54 518.595 41.96 13.09 0;9 1282.805 547.395 12.61 40.87 88.6;9 1679.915 463.565 11.87 42.25 89.5
v_wqvav4qcxo_0000,none
v_wqvav4qcxo_0049,1 979.05 1037.33 38.58 85.34 350.1;7 1015.655 875.88 40.79 106.3 0.7
v_wrm9jhl51p_0000,1 523.58 414.12 79.12 33.84 0;1 838.295 808.595 71.89 29.37 161.2;1 1005.73 1021.185 32.08 71.79 0;1 1019.28 928.91 34.18 83.4 0;1 1058.385 910.15 34.95 83.2 0;3 1479.98 501.155 87.04 34.69 0.2;4 1063.08 1014.505 31.94 75.77 0
v_wrm9jhl51p_0049,1 838.36 809.49 71.88 29.36 161.2;1 1006.27 1022.59 32.08 71.8 0;1 1019.28 930.005 34.18 83.39 0;1 1058.775 911.11 34.95 83.2 0;1 1429.295 340.905 83.69 32.63 0;1 1688.49 417.26 80.22 33.84 0;4 1063.315 1015.83 31.93 75.76 0;9 1336.06 238.13 40.56 20.4 0
v_wt9i5owl3g_0000,1 1134.815 500.11 92.37 41.82 358.8;1 1723.53 525.545 98.88 40.15 353.3
v_wt9i5owl3g_0049,1 652.29 514.48 92.38 41.82 358.8;1 1215.99 539.555 98.88 40.15 356.5
v_ww2zjk1qm0_0000,9 491.66 478.265 51.24 18.39 0
v_ww2zjk1qm0_0049,1 1852.285 497.335 102.07 43.41 351.4667
v_x0p4fqfqs6_0000,1 28.835 477.845 37.23 57.63 90.5;1 167.705 532.745 37.91 96.73 89.8;1 945.145 269.92 34.45 86.8 2.4;1 997.99 228.82 35.48 93.5 0;1 1012.45 507.15 34.82 85.14 0;1 1678.46 512.22 98.04 38 356.52
v_x0p4fqfqs6_0049,1 28.835 477.845 37.23 57.63 90.5;1 829.5 501.39 35.48 85.84 69.98;1 946.565 271.28 34.45 86.8 2.4;1 969.725 124.805 41.03 100.49 352.86;1 1487.53 563.35 93.9 38 348.64;1 1495.945 494.14 102.99 37.82 359.1
v_x15g13uxl8_0000,1 666.4 458.58 77.9 30.4 0;1 919.7 822.43 28.46 75.5 0;1 972.44 827.47 30.66 71.64 0;1 973.195 928.11 30.63 77.46 0;7 920.815 958.28 35.31 131.6 0;7 974.71 1058.27 34.9 43.12 0;9 1019.025 297.525 39.03 10.23 356.7
v_x15g13uxl8_0049,1 921.43 661.955 28.46 75.49 0;1 967.855 674.51 30.65 71.64 0;1 972.195 894.6 30.63 77.46 0;1 1308.82 448.1 77.9 30.4 0;7 921.545 930.43 35.31 131.6 0;7 974.71 1055.85 34.9 47.96 0;9 164.34 307.25 39.02 10.22 356.7
v_x1s7wkzszm_0000,none
v_x1s7wkzszm_0049,none
v_x1sqnaalv9_0000,1 33.075 467.035 66.15 29.33 0;1 27.79 418.64 53.4 32.7 0;1 88.33 514.95 84.4 32.72 0;1 145.23 418.28 83.6 33.42 0;1 242.35 522.64 91.62 34.16 0;1 273.26 417.705 89.46 34.35 0;1 400.035 423.37 79.47 32.78 0;1 504.46 520.36 86.42 32.06 0;1 591.75 291.2 72.3 34.3 0;1 610.015 470.15 79.43 30.1 0.8;1 643.84 418.84 87.3 32.7 0;1 732.54 344.83 97.36 37.32 0;1 829.4 420.22 81.98 31.8 0.9;1 837.705 815.25 71.89 29.36 161.2;1 871.58 473.08 78.7 33.56 0;1 915.05 808.085 79.94 32.93 93.1;1 923.48 212.57 76.24 35.34 16.91;1 1031.2 258.235 79.52 34.35 0;1 1016.495 1026.615 31.45 86.25 0;1 1016.9 912.515 26.8 75.87 0;1 1075.65 517.95 77.26 33.16 356.72;1 1091.77 345.025 94.46 38.17 0;1 1062.505 906.85 29.85 87.18 0;1 1144.58 422.5 79.16 32.68 0;1 1164.94 470.195 81.98 34.59 0;1 1191.805 525.045 82.15 33.83 6.52;1 1285.125 304.655 83.85 35.59 358.7;1 1407.495 347.99 96.11 38.6 0;1 1501.5 250.205 87.54 35.43 0;1 1538.25 302.99 91.76 36.9 0;1 1894.82 302.135 50.36 36.33 0;2 273.305 264.145 83.55 38.71 1.14;2 1249.245 260.925 100.19 36.11 357.71;4 439.695 467.47 82.79 30.2 0;4 701.86 165.5 88.04 39.06 0;4 919.84 300.455 91.5 39.29 359.5;7 251.06 469.625 126.3 34.35 0;7 434.63 344.78 105.58 34.98 0;7 759.685 524.79 122.57 41.26 1.14;7 1749.91 296.95 123.2 39.52 0;9 521.705 131.59 38.91 18.04 359.3
v_x1sqnaalv9_0049,1 29.255 513.525 58.51 32.91 0;1 240.535 423.965 85.89 32.71 0;1 293.32 346.485 94.46 38.17 0;1 439.7 420.905 83.6 33.43 0;1 442.965 468.955 77.67 29.33 0;1 448.29 258.955 79.52 34.35 0;1 456.02 521.3 84.4 32.72 0;1 471.55 128.84 76.24 35.34 2.82;1 588.04 421.755 89.46 34.35 0;1 591.865 311.405 81.01 35.59 359.8;1 706.325 521.835 91.63 34.15 0.6;1 715.645 424.19 79.47 32.78 0;1 730.7 352.745 95.42 38.61 359.3;1 837.635 815.37 71.89 29.36 161.2;1 891.705 308.155 84.15 36.91 0;1 908.935 566.18 81.41 32.06 36;1 911.645 864.345 79.95 32.93 91.8;1 981.33 262.225 82.36 35.43 359.1;1 1016.495 1026.615 31.45 86.25 0;1 1016.9 912.515 26.8 75.87 0;1 1058.34 479.465 76.26 30.09 0.4;1 1062.2 1043.165 32.6 73.67 0;1 1062.505 906.85 29.85 87.18 0;1 1198.83 420.885 87.3 32.71 359.8;1 1325.74 479.67 78.7 33.56 0;1 1335.345 554.195 82.15 33.83 17.85;1 1473.735 422.485 81.99 31.79 359.3;1 1477.05 495.84 77.26 33.16 359;1 1500.025 266.12 83.59 36.34 4.13;1 1880.89 416.645 78.22 32.69 0;2 695.415 266.735 94.25 36.11 359;4 3 169.815 6 39.07 0;4 82.02 416.485 82.18 30.03 0;4 165.47 300.155 91.5 39.29 359.5;4 176.03 514.73 91 30.7 0;4 185.425 464.905 82.75 31.05 0;4 893.95 471.625 76.3 30.19 359.25;7 660.65 468.79 111.42 34.36 0;7 1176.93 521.245 114.92 41.25 357.1;7 1341.3 302.22 108.88 39.52 0;9 384.99 493.665 43.9 14.37 0
v_x4eksunsl6_0000,1 996.76 362.465 34.14 90.79 356.9;7 379.795 501.02 38.87 122.56 264.56
v_x4eksunsl6_0049,none
v_x7vnc140it_0000,1 55.225 472.3 91.55 35 0;1 428.41 531.1 88.98 34.54 0;1 453.255 476.43 92.83 37 0;1 603.715 484.58 110.81 35.12 0;1 726.565 482.24 95.19 38.3 0;1 842.52 487.37 84.08 33.8 0;1 896.61 1046.8 33.68 66.4 0;1 910.09 901.635 37.5 96.77 0;1 913.65 622.07 35.62 92.2 0;1 961.66 155.6 34.1 89.28 1.8;1 965.07 1054.315 35.8 51.37 0;1 983.66 937.475 32.44 87.99 0;1 1031.315 555.54 101.17 38.18 1.3;1 1119.75 504.99 33.4 91.72 67.9;1 1228.84 487.345 102.14 37.91 0;1 1239.785 546.145 32.63 87.99 87.875;1 1340.48 493.985 89.7 34.85 0;1 1345.42 546.415 39.1 89.45 93.4;1 1441.01 495.345 91.9 36.91 0;1 1569.18 497.105 113.24 39.81 0;1 1636.165 555.68 33.49 91.52 89;1 1684.335 506.82 96.53 35.66 0;1 1749.24 551.075 98.24 38.07 0;1 1799.96 510.51 90.46 33.7 0;1 1860.075 570.73 92.55 32.52 1.2;1 1895.28 504.31 49.44 35.16 0;3 1491.175 547.42 163.13 41.68 0.2;9 70.44 519.96 29.4 10.84 0;9 1787.425 592.295 43.13 12.91 359.5
v_x7vnc140it_0049,1 372.065 477.76 91.55 35 0;1 484.565 477.27 92.83 37 0;1 602.235 481.11 110.81 35.12 0;1 690.02 537.64 88.98 34.54 0;1 726.285 481.62 95.19 38.3 0;1 843.545 487.58 84.09 33.8 0;1 904.42 824.025 33.68 104.99 0.2;1 905.575 1022.855 35.29 86.49 0;1 931.81 498.895 37.5 96.77 2.3485;1 932.9 23.7 35.62 47.4 0;1 965.07 1036.85 35.8 86.3 0;1 985.39 893.285 32.44 87.99 0;1 1121.23 557.51 101.16 38.18 1.3;1 1118.7 505.07 33.4 91.72 67.9;1 1228.89 487.62 102.14 37.9 0;1 1240.175 545.72 32.63 88 88.2277;1 1345.55 494.075 89.7 34.85 0;1 1346.57 546.445 39.1 89.45 93.4;1 1441.34 495.925 91.9 36.91 0;1 1569.82 497.245 113.24 39.81 0;1 1635.955 556.715 33.49 91.51 89;1 1684.755 506.965 96.53 35.67 0;1 1750.01 552.17 98.24 38.06 0;1 1799.27 511.17 90.46 33.7 0;1 1861.005 572.39 92.55 32.52 1.2;1 1896.05 504.31 47.9 35.16 0;3 1492 548.19 163.14 41.68 0.2;9 621.85 562.29 29.4 10.84 17.4;9 1789.965 593.18 43.13 12.9 359.5
v_x841kuutd2_0000,none
v_x841kuutd2_0049,1 1465.435 501.645 103.41 48.61 0.6
v_x8dsc6pma4_0000,1 21.485 524.685 42.23 40.85 0;1 225.975 484.975 97.71 36.71 0;1 1517.385 557.935 97.71 36.71 0
v_x8dsc6pma4_0049,1 768.315 486.38 98.41 40.86 0;1 1274.585 497.585 97.71 36.71 0;9 277.855 525.58 46.19 15.6 0
v_x8eztudc9g_0000,1 906.495 446.57 93.09 37.86 0;1 1821.835 505.705 93.09 37.85 0;9 1597.36 548.25 46.48 20.6 0
v_x8eztudc9g_0049,1 351.31 471.39 104.6 32.2 356.4;1 1673.495 500.795 93.09 37.85 0;9 27.25 520.44 54.5 18.2 0
v_x8vxrofn0b_0000,1 558.975 494.87 35.61 88.62 89.4;1 751.98 535.645 30.3 79.55 74.72;1 950.81 350.715 30.26 83.25 8.26;1 1005.195 528.755 31.31 72.81 359.3;1 1009.78 26.115 32.9 52.17 0;1 1184.015 520.85 83.11 32.84 357.8;1 1332.95 495.74 87.94 32 357.1222;7 1020.09 281.385 29 102.89 0
v_x8vxrofn0b_0049,1 168.64 542.265 30.3 79.55 89.5;1 560.865 495.4 35.61 88.62 89.4;1 669.43 545.125 30.26 83.25 84.4286;1 960.88 237.87 31.7 86.54 0;1 1004.48 528.63 83.1 32.84 357.8;1 1014.09 281.81 32.9 81.32 359.3;1 1160.83 505.32 87.94 32 358.1;1 1375.675 521.13 87.31 35 0;7 1013.64 759.735 29 95.19 0
v_x8w1m7zdpk_0000,1 42.055 542.6 84.11 29.74 357.5;1 36.87 494.365 30.1 72.13 91.3;1 276.185 526.525 28.51 76.77 89.2;1 958.19 407.805 32 83.45 21.9;1 999.885 735.265 71.39 30.05 279.2727;1 1019.66 263.89 32.3 83.24 0;1 1018.79 100.535 29.9 81.23 0;9 417.64 490.36 35.16 13.44 0
v_x8w1m7zdpk_0049,1 858.285 481.525 31.99 78.17 68.6333;1 1007.095 194.585 33.07 92.33 4.2;1 1006.8 763.98 32.3 83.24 0;1 1010.79 358.525 29.9 81.23 0;1 1023.505 22.15 29.45 44.3 0
v_x9z01z87ny_0000,1 226.395 526.81 78.77 34.56 179.6;1 568.77 516.235 38.86 83.91 89.9;1 799.315 512.775 34.77 80.91 62.6;1 954.635 928.195 83.85 34.03 272.2;1 936.8 69.57 33.32 82.52 0;1 944.255 283.05 37.67 86.7 0;1 991.67 122.24 39.42 97.74 0;1 996.45 1067.99 36.9 24.02 0;1 996.4 684.655 35.04 84.23 358.92;1 1000.64 874.76 36.54 87.56 344.3;1 1112.815 499.25 81.33 34.62 6.6;1 1293.135 526.995 88.25 34.69 0;9 885.995 476.205 35.03 10.97 0;9 909.78 244.235 13.8 41.67 0
v_x9z01z87ny_0049,1 24.04 513.055 38.86 47.77 89.9;1 219.925 544.665 34.77 84.53 89.9;1 808.405 522.61 35.15 86.7 67.55;1 928.78 377.97 33.32 79.8 4.97;1 939.575 228.39 37.33 91.04 0;1 947.295 1054.34 52.59 35.92 270;1 945.405 32.17 38.15 64.34 0;1 986.64 397.66 39.42 97.74 0;1 1000.28 983.76 36.54 87.56 359.4;1 1000.85 822.135 35.04 84.23 358.2;1 1103.695 499.13 81.33 34.62 4.8;1 1107.46 561.995 84.1 34.69 340.86;1 1388.335 515.69 88.41 34.58 0;1 1518.64 539.215 83.2 32.39 0;9 256.875 498.675 37.69 11.87 0;9 820.8 472.325 13.8 41.67 62.48
v_xdivdk2nee_0000,1 68.88 487.715 102.9 39.19 0;1 318.325 527.16 101.91 37.74 7.0833;1 425.9 498.89 89.04 36.18 0;1 575.02 494.25 96.74 38.6 0;1 723.23 556.205 96.3 32.63 0;1 759.35 492.58 101.1 36.24 359.1;1 922.13 781.13 35.1 92 0;1 958.55 493.145 96.96 36.25 0;1 970.38 89.415 87.52 37.61 270.9211;1 1010.18 549.23 95.7 37.64 0;1 989.465 649.1 33.09 89.3 14.025;1 1201.965 514.87 95.63 34.46 346.5333;1 1523.345 556.305 99.71 40.55 0;1 1654.35 499.415 98.14 37.79 0;1 1771.35 562.825 102.02 37.15 0;1 1887.6 507.075 64.8 40.55 0;9 969.73 580.535 48.2 11.59 0;9 986.275 196.5 16.77 44.3 358.3346
v_xdivdk2nee_0049,1 182.04 535.3 105.08 39.3 0;1 215.77 480.945 104.12 40.15 0;1 477.76 486.065 102.9 39.19 0;1 703.615 497.81 89.05 36.18 0;1 746.965 548.32 101.91 37.74 0.1;1 848.4 458.21 96.74 38.6 335.1118;1 920.45 623.48 35.1 92 0;1 1068.18 558.115 96.3 32.63 0;1 1213.14 550.14 33.1 89.3 84.5;1 1248.43 487.435 101.1 36.25 359.1;1 1514.59 489.985 96.96 36.25 0;1 1560.49 542.51 95.7 37.64 0;1 1784.585 496.425 95.63 34.47 358.6;1 1899.6 538.645 40.8 40.55 0;9 1595.19 581.625 48.2 11.59 0
v_xeac18rgky_0000,1 471.99 483.495 103.72 42.71 0;1 594.165 488.575 86.03 38.87 0;1 603.78 541.61 93.16 37.18 0.9;1 732.435 482.155 94.69 40.33 0;1 841.435 490.09 84.19 40 0;1 901.035 38.525 37.07 77.05 0;1 932 207.32 38.98 85.5 2.6;1 950.805 570.195 36.71 90.05 0;1 1327.81 546.17 39.08 96.1 92.74;1 1662.84 482.46 93.5 37.2 359.5;1 1767.705 492.72 91.45 38.92 358.8;1 1866.315 482.035 93.63 39.17 358.9;2 337.13 483.19 110.92 41.98 0
v_xeac18rgky_0049,1 537.73 480.005 103.72 42.71 0;1 706.865 481.785 85.27 38.87 357.5;1 902.075 412.235 94.69 40.33 320.05;1 918.115 942.855 37.43 96.43 0;1 989.015 545.165 89.17 37.17 0;1 1149.56 487.4 84.2 40 0;1 1594.415 545.05 39.07 96.1 90;1 1660.81 481.15 93.5 37.2 359.5;1 1765.835 491.14 91.45 38.92 358.8;1 1864.97 479.18 93.64 39.18 358.9;2 369 482.59 110.92 41.98 0;4 516.05 543.28 105.34 39.82 0;7 67.92 522.195 135.84 46.53 1.7
v_xeyv9j7rgl_0000,1 487.85 466.095 95.1 39.59 0;1 591.975 457.66 99.17 40.08 0;1 968.65 514.105 80.9 35.53 0;1 977.93 133.01 32.08 85.92 0;1 1132.89 455.84 100.22 41.42 0;1 1226.98 528.45 92.24 39.56 0;1 1369.27 466.04 98.66 38.98 0;1 1358.12 523.605 38.54 88.39 89;1 1602.995 460.14 79.95 37.4 0;1 1691.795 519.26 39.05 93.02 88.9;4 674.97 517.225 97.24 41.87 0;4 846.78 457.44 112.74 38.86 0;7 708.405 448.735 119.33 44.59 0;9 1140.74 536.575 43.48 13.93 0;9 1823.51 535.845 39.36 13.67 0
v_xeyv9j7rgl_0049,1 29.745 504.68 59.49 34.56 0;1 514.285 465.325 93.79 39.59 0;1 671.215 455.61 96.91 38 0;1 1190.985 506.615 80.91 35.53 0;1 1342.41 561.02 86.78 35.76 32.2917;1 1558.835 457.315 99.65 41.41 0;1 1717.79 514.68 38.54 88.38 89;1 1861.55 466.27 98.66 38.98 0;4 1052.615 512.11 90.09 38.76 0;4 1175.44 448.405 109.84 38.87 0;7 913.74 450.285 109.56 42.97 0;9 1304.94 516.295 38.1 13.93 339.2
v_xfffao3c5j_0000,1 28.075 558.575 33.93 55.69 89.5;1 113.28 510.105 88.48 36.33 0;1 209.21 568.49 35.24 90.48 90.2;1 624.45 534.36 36.7 88.36 88.01;1 885.28 507.205 80.52 36.41 359.8;1 941.735 942.555 87.31 37.79 270.5;1 931.63 115.01 35 85.64 0;1 935.025 769.5 35.57 79.36 0;1 949.775 1073.75 31.63 12.5 0;1 956.435 667.97 34.61 81.34 0.9;1 978.505 829.99 35.51 79.68 2.9;1 982.38 441.835 33.12 83.73 0;1 1022.87 620.035 75.94 33.25 316.3;1 1030.725 1046.325 42.07 67.35 352;1 1089.065 566.29 85.53 34.34 349.2;1 1357.045 498.915 86.29 32.47 0;1 1535.37 520.84 90.68 35.12 0;7 943.525 271.96 56.03 169.68 0;9 231.225 475.275 11.75 38.21 104.3
v_xfffao3c5j_0049,1 15.965 560.39 31.93 25.56 88.7;1 407.15 541.32 84.26 37.1 359.8;1 930.76 302.89 35 85.64 356.4;1 932.285 150.545 35.13 83.57 0;1 940.68 937.76 35.58 83.26 358.8;1 943.815 693.11 33.11 83.72 8.08;1 955.425 1060.365 35.51 39.27 4.8;1 989.33 725.155 75.94 33.25 282.06;1 978.5 888.76 34.6 83.1 357;1 1025.145 608.435 85.53 34.35 319.72;1 1110.555 507.61 77.07 33.94 352.24;1 1228.715 537.065 86.73 35.13 359.06;1 1360.655 493.56 90.11 34.3 0;1 1628.275 518.795 79.27 33.47 0;7 895.745 450.605 56.33 160.53 23.64;9 194.24 451.98 11.76 38.22 127.2
v_xfuj81j2ca_0000,1 1231.65 494.345 103.46 49.45 358.7
v_xfuj81j2ca_0049,1 831.98 502.33 103.46 49.46 358.7;1 1805.78 499.055 97.84 44.67 353.2
v_xi0nk7uks9_0000,1 53.515 541.255 40.77 94.93 89.8;1 126.58 491.91 89.98 39.34 0;1 468.71 555.64 87.46 37.02 0.2;1 828.175 571.11 83.67 37.88 358.5;1 869.57 470.87 37 80.6 41.2667;1 945.085 1007.895 82.23 34.97 269.2;1 926.515 360.82 32.33 72.6 3.9;1 941.31 900.705 33.98 89.65 0;1 985.105 876.415 86.43 38.91 255.9;1 984.83 227.78 34.22 87.5 0;1 1504.94 529.69 98.84 39.28 0;1 1703.4 526.03 98.7 39.68 0;4 937.275 191.48 37.49 100.5 0;7 701.42 531.705 97.84 40.09 358;7 984.25 44.815 41.46 89.63 0
v_xi0nk7uks9_0049,1 127.45 489.82 89.98 39.34 0;1 246.82 565.875 84.76 37.87 0;1 485.67 541.15 37 80.6 89.4625;1 748.72 524.315 32.34 66.63 78.09;1 944.77 1007.855 82.24 34.97 269.2;1 941.42 900.275 33.98 89.65 0;1 991.045 949.75 86.43 38.9 270.4;1 982.82 510.225 34.22 87.51 0;1 1186.165 545.32 98.83 39.28 355.7;1 1326.225 509.94 90.61 39.42 0;1 1688.095 528.075 87.13 33.11 0;1 1880.65 503.775 78.7 33.59 0;4 923.825 385.29 37.49 100.5 10.71;7 70.295 547.025 104.11 40.09 358.71;7 987.08 270.62 42.18 115.8 0;7 1551.4 515.85 120.24 36.22 0
v_xjj5ysusnr_0000,1 255.795 525.145 93.45 37.17 1;1 401.165 484.725 94.45 35.17 0;1 640.235 495.82 97.83 36.4 0;1 826.725 542.32 97.63 35.5 0;1 827.53 488.4 93.04 36.2 0;1 985.11 936.355 32.44 84.67 0;1 1060.195 548.9 92.43 35.9 0.4;1 1103.885 482.39 105.59 38.36 0;1 1234.62 537.61 37.82 87.6 93.2;1 1564.81 499.45 91.82 41.04 0;1 1630.475 556.325 99.47 37.67 0
v_xjj5ysusnr_0049,1 206.65 479.15 96.7 37.26 0;1 666.34 484.41 94.46 35.16 0;1 712.36 542.33 93.44 37.18 1;1 911.145 500.64 97.83 36.4 0;1 984.265 935.905 32.43 84.67 0;1 1228.78 497.29 93.04 36.2 3.4286;1 1407.59 544.8 97.64 35.5 0;1 1638.955 553.45 92.43 35.9 0.4;1 1752.835 497.15 105.59 38.36 0;1 1839.265 550.4 37.81 87.6 89.1
v_xjz0zsu3k8_0000,1 143.665 566.665 35.93 95.31 90.6;1 353.13 565.36 32.1 84.1 91.1;1 560.595 507.765 35.61 88.63 89.4;1 955.285 1058.35 30.79 43.3 0;1 972.795 920.24 31.29 79.24 5.4;1 1026.875 1008.905 30.11 78.49 357.5;1 1345.4 538.855 85.2 28.39 357.2;1 1713.06 519.245 93.2 34.31 0;9 1021.805 587.35 11.45 37.1 0;9 1461.855 499.315 44.45 15.05 0
v_xjz0zsu3k8_0049,1 23.58 558.165 32.1 47.21 91.1;1 561.72 506.73 35.6 88.62 89.4;1 956.945 1039.275 30.79 81.45 0;1 985.49 564.41 85.2 28.38 357.2;1 974.44 187.34 30.1 83.08 0;1 998.625 963.785 31.29 79.23 340.8545;1 1000.745 308.665 31.77 82.93 0;1 1306.87 518.945 93.2 34.31 0;1 1618.325 519.875 105.87 34.47 0;1 1836.39 540.13 91.2 30.2 0;9 1021.39 77.845 9.14 41.11 6.2;9 1102.75 523.095 44.44 15.05 351.7
v_xkra7pkrmn_0000,1 13.66 487 27.1 36.3 0;1 792.42 517.755 97.86 38.83 0;1 1408.45 497.29 131.6 39.56 0;9 1240.33 543.82 46.74 16.9 0
v_xkra7pkrmn_0049,1 127.19 483.2 91.7 37.64 0;1 909.015 489.11 96.69 36.3 0;8 491.62 491.84 65.56 25.56 0;9 677.67 534.95 49.5 12.4 0
v_xkw6ky9td3_0000,1 783.95 450.63 82.8 38.4 0;1 866.545 514.66 89.13 37.2 0;1 895.85 293.235 35.38 83.33 0;1 900.915 839.34 38.57 94.66 0;1 907.76 66.645 39.64 83.09 0;1 932.685 683.86 38.83 90.46 6.3556;1 962.32 424.56 36.14 89.4 0;1 964.97 815.575 36.1 89.45 0;1 976.715 980.63 34.23 83.8 0;1 1723.98 454.06 104.04 36.6 0;1 1784.16 530.97 91.86 35.54 0;4 911.63 996.6 37.1 88.8 0;4 1003.95 581.915 33.4 101.63 20.4667;7 957.44 257.08 42.4 106.6 0;9 1014.39 631.525 12.14 38.79 7.5222
v_xkw6ky9td3_0049,1 75.23 491.63 107.62 41.72 0;1 263.47 455.13 100.6 38.9 0;1 514.755 457.025 97.07 35.77 0;1 881.335 586.825 39.81 89.81 351.4;1 903.22 1059.965 36.74 40.07 0;1 941.64 512.64 86.5 34.7 358;1 951.075 449.585 82.79 38.41 0;1 959.92 609.675 37.08 88.49 0;1 964.51 1009.855 36.08 87.53 0;1 976.345 750.585 34.23 83.79 0;1 1106.805 483.205 38.83 85.37 75.56;1 1781.65 532.29 91.28 35.54 0;4 905.62 717.08 37.1 88.8 0;4 1623.475 451.18 40.17 103.7 89.7;9 679.705 499.64 43.39 10.96 0;9 1290.73 499.285 12.14 40.63 88.52
v_xlbyex6ysj_0000,1 559.915 497.745 101.73 41.99 0;1 666.405 491.975 101.41 41.05 0;1 795.025 544.555 92.07 37.35 1.7;1 919.785 431.145 40.61 89.07 0;1 920.985 920.75 40.81 99.1 0;1 976.43 279.455 37.3 89.15 355.7;1 986.52 781.63 36.54 86.5 0;1 994.965 956.53 42.65 98.3 0;1 1144.27 539.135 88.52 35.39 359.7;1 1139.53 493.31 36.84 87.82 81.6;1 1236.855 491.605 84.63 37.65 2;1 1259.645 561.99 87.81 37.8 0.9;1 1355.195 497.915 91.07 38.09 357.9;1 1363.405 447.215 95.15 41.45 358.1;1 1369.075 545.245 40.25 87.67 90.9;1 1459.78 494.88 91.68 38.98 358.5;1 1563.91 484.895 103.8 42.33 359.8;1 1620.275 529.775 89.95 37.17 356.3;1 1722.625 491.84 90.19 40 0;1 1827.745 489.64 94.45 37.2 359.5;1 1850.695 559.62 39.07 96.1 86.9;4 926.78 53.37 41.1 106.74 0;4 1499.595 544.57 97.95 36.12 359;7 821.645 491.95 106.47 39.4 0;9 927.385 580.2 15.85 52.4 0
v_xlbyex6ysj_0049,1 560.565 496.795 101.73 41.99 0;1 607.72 547.7 94.82 36.24 0.8;1 678.71 490.84 101.4 41.06 0;1 804.605 543.67 92.07 37.36 1.7;1 915.335 1013.095 38.77 85.93 0;1 923.115 546.85 40.81 92.82 0;1 931.265 786.14 39.53 97.9 0;1 978.045 1052.52 36.71 54.96 0;1 984.7 652.74 42.24 96.72 358.9;1 1037.01 539.635 36.54 83.75 31.4;1 1143.33 537.965 88.52 35.39 359.7;1 1137.31 491.895 36.84 87.81 81.6;1 1236.47 490.425 84.64 37.65 2;1 1258.2 560.57 87.82 37.8 0.9;1 1353.64 495.975 91.08 38.09 357.9;1 1362.755 445.09 95.15 41.46 358.1;1 1366.835 543.49 40.25 87.68 90.9;1 1456.74 492.615 91.68 38.97 358.5;1 1563.21 483.955 103.8 42.33 359.8;1 1618.955 528.72 89.95 37.18 356.3;1 1721.875 489.7 90.19 40 0;1 1827.22 487.8 91.6 37.2 359.5;1 1912.95 551.17 14.1 96.1 86.9;4 1498.115 542.49 97.95 36.12 359;7 820.855 490.98 106.47 39.4 0;9 1021.525 703.955 13.89 43.59 0
v_xn0d9ptgpd_0000,none
v_xn0d9ptgpd_0049,none
v_xn5n2k0t7u_0000,1 47.77 522.515 95.54 51.63 0;1 362.045 505.07 106.05 44.66 0;1 989.255 622.98 57.21 90.7 0;1 1161.58 495.305 100.46 50.23 0;1 1444.16 528.81 107.48 44.62 0
v_xn5n2k0t7u_0049,1 654.37 502.975 57.2 90.69 269.2;1 814.14 520.415 100.46 50.23 355.3;1 1039.51 541.365 107.48 44.61 354.2;1 1663.47 523.385 106.04 44.65 0.9
v_xnb5t79cbc_0000,1 305.215 474.04 104.79 38.88 0;1 968.265 428.3 94.41 34.02 337.3;1 1469.16 567.09 105.3 35.9 0;8 52.52 543.295 83.76 33.09 0;8 391.46 569.73 66.76 26.8 0;8 413.61 523.84 63.7 26.6 0
v_xnb5t79cbc_0049,1 19.3 491.17 38.6 41.42 0;1 618.09 487.81 87.2 33.9 0;1 1000.55 141.795 94.4 34.01 256;1 1538.825 495.08 104.79 38.88 2.4;8 992.85 554.765 83.76 33.09 0;8 1359.67 526.39 63.7 26.6 0;8 1432.14 571.15 66.76 26.8 0;9 472.16 534.4 55.2 11.9 0
v_xo6huurf3z_0000,1 603.44 448.05 92.66 38.14 0;1 647.08 511.57 97.66 36.94 0;7 1335.05 472.17 110.12 40.26 0;8 408.92 460.645 65.92 26.87 0;9 441.635 538.005 15.13 45.29 42.26;9 1216.825 517.86 41.95 13.1 0;9 1294.2 547.27 12.6 40.86 88.6;9 1701.875 463.29 11.87 42.26 89.7
v_xo6huurf3z_0049,1 216.445 521.5 92.05 35.82 0;1 1349.705 524.925 89.87 36.93 0;1 1672.57 462.875 88.74 38.15 0;4 129.86 459.845 114.98 38.59 0;8 1539.57 468.925 57.74 26.87 0;9 740.81 426.775 15.14 45.29 90
v_xph8z0dqlz_0000,1 951.95 306.56 34.9 86.6 11.9571;1 959.035 184.09 39.07 96.8 0;1 1404.285 481.035 91.37 37.49 0;4 1011.565 237.28 37.45 93.1 0;7 1625.525 506.375 137.07 41.49 357.76
v_xph8z0dqlz_0049,1 957.895 209.19 39.07 96.8 0;1 955.345 578.85 32.89 83.82 359;1 1106.675 479.66 87.81 36.76 0;4 1010.63 542.995 35.56 89.01 0;7 1260.405 533.775 123.79 41.49 353.3
v_xromkrk2s1_0000,1 112.09 484.105 79.78 33.81 0;1 284.715 1015.78 79.89 32.3 0;1 409.59 385.4 88.94 32.26 0;1 579.31 382.8 97.28 32 0;1 706.53 429.34 81.94 32.56 0;1 718.41 1036.1 78.64 36.04 15.39;1 828.26 527 80.76 31.66 43.32;1 849.1 913.99 78.9 31.68 90.7;1 854.635 661.56 77.63 32.76 95.5;1 886.815 245.66 73.15 36.84 0;1 918.34 435.88 79.3 33.6 0;1 914.33 925.33 38.18 86.5 0;1 924.49 1034.3 32.34 77.3 0;1 967.44 881.03 35.26 85.9 0;1 969.92 1043.45 33.82 73.1 0;1 1268.76 389.545 88.22 37.45 0;1 1573.08 460.6 77.12 31.72 359.8;1 1903.595 445.515 31.81 31.27 358.4;2 412.525 486.075 113.25 40.85 0;4 1721.985 422.395 96.07 36.47 0.3;7 326.205 429.675 131.99 45.75 0;7 620.52 482.495 164.86 49.61 0;7 1839.99 371.82 160.02 54.82 0;9 829.73 1055.305 30.92 11.45 89.6;9 841.715 461.47 44.07 12.9 0
v_xromkrk2s1_0049,1 422.94 485.65 78.36 33.82 0;1 598.89 438.5 80.2 30.52 0;1 696.25 1040.32 76.02 32.26 16.59;1 835.18 1042.885 74.3 31.55 90.8;1 914.43 925.765 38.18 86.49 0;1 924.465 1034.71 32.35 77.3 0;1 966.985 881.12 35.25 85.9 0;1 967.31 983.98 33.82 76.86 0;1 1043.57 394.955 84.16 34.67 0.52;1 1199.545 387.67 95.37 33.14 359.3;1 1312.23 436.785 77.74 32.55 0;1 1515.535 435.48 79.41 33.6 0;2 87.99 484.995 109.2 33.35 359.37;2 589.825 486.415 106.41 38.73 0;7 337.445 434.45 148.11 48.5 0;7 927.315 434.905 110.75 45.31 0;7 1021.785 488.795 151.29 45.77 359.7;9 1563.08 486.32 36.54 12.9 0.1
v_xrsq9ej8s9_0000,1 1378.285 527.83 116.01 44.22 359.3
v_xrsq9ej8s9_0049,1 1027.005 529.58 106.27 44.22 359.3;1 1605.945 515.475 107.29 40.87 3.9
v_xs2gjv79gc_0000,1 929.485 588.335 82.67 33.63 300.17;1 930.74 692.9 80.02 32.46 271.48;1 943.075 1050.345 58.93 34.69 270.7;1 933.675 912.125 33.69 84.37 0;1 944.745 458.93 37.35 86.76 355.38;1 986.665 766.38 83.37 34.84 269.8;1 1002.54 1042.255 34.66 74.49 0.9;1 1269.775 526.655 84.39 35.25 352.95;4 988.74 938.96 82.4 38.2 270.1
v_xs2gjv79gc_0049,1 931.735 667.76 82.67 33.62 266.7;1 933.68 814.09 82.58 32.46 269.8;1 934.905 969.23 33.69 84.94 0;1 944.485 1058.5 42.65 31.66 270.7;1 954.295 128.94 36.59 80.8 0;1 991.47 897.12 86.14 34.84 269.8;1 998.615 640.525 37.35 86.77 355.5;1 1116.46 570.375 84.38 35.25 343.1;4 991.555 1058.09 43.01 38.2 270.1;7 957.18 279.625 52.6 187.63 0
v_xsmkct74d9_0000,1 160.515 517.305 32.93 84.71 89.9;1 826.63 543.445 81.7 35.33 0;1 956.34 883.475 83.86 36.51 269.4;1 938.4 985.03 35.88 86.1 0;1 979.975 1056.835 37.79 46.33 344.2;1 980.255 218.385 34.83 87.77 0;1 993.15 378.08 36.9 92.24 0;1 1099.95 541.665 82.6 34.59 349.75;7 919.03 380.885 51.38 157.95 6.6
v_xsmkct74d9_0049,1 281.74 533.575 87.78 35.79 0;1 956.34 882.6 83.86 36.5 269.4;1 938.76 985.03 35.88 86.1 0;1 960.125 490.82 36.55 87.56 6.4;1 980.225 1057.745 37.79 44.51 344.2;1 996.37 759.225 36.9 87.89 0;1 1045.345 236.23 77.37 36.04 19.22;1 1081.715 545.34 82.59 34.6 349;7 784.77 520.375 51.38 150.79 67.72
v_xtpxz2i7f9_0000,1 1007.08 22.13 36.62 44.26 180.2;1 1113.84 491.875 102.36 42.65 0.4;1 1289.34 501.895 95.58 41.15 359.4;1 1721.575 532.025 103.03 38.57 357.3
v_xtpxz2i7f9_0049,1 659.72 503.25 102.36 42.66 358.8;1 1062.095 453.085 95.59 41.15 34.2;1 1351.475 531.02 103.03 38.56 359.9
v_xtupvcuike_0000,1 46.69 416.775 77.62 28.61 0;1 301.38 472.45 86.1 30.9 0;1 474.81 418.92 79.5 30 0;1 506.93 1001.02 91.8 34.3 0;1 517.43 374.14 78.9 31.8 0;1 555.68 476.86 71.2 27.5 0;1 580.64 295.115 33.6 79.89 270.1;1 604.67 423 78.8 30.8 0;1 647.125 380.67 74.51 29 0;1 862.695 320.005 28.67 75.53 342.8;1 869.3 196.39 29.9 82.36 335.5438;1 933.62 450.74 29.7 79.5 355.5;1 1122.31 305.06 83.4 32.9 0;1 1245.54 298.635 72.42 27.19 0;1 1285.915 202.18 90.09 32.7 0;1 1318.17 252.99 90.3 35.46 0;1 1384.71 205.55 77.9 32.5 0;1 1407.08 291.15 88.3 33.9 0;1 1429.38 246.91 89.3 29.4 0;1 1485.95 197.76 82 31.6 0;1 1550.835 110.32 81.19 33.78 0;1 1566.36 291.05 85.1 33.5 0;1 1611.245 196.51 84.73 30.32 0;1 1672.95 241.95 81.2 34.2 0;1 1755.75 82.95 70 32.98 0;2 1565.62 242.33 89.5 30.7 0;7 1153.24 195.155 111.02 40.67 0;7 1176.54 250.285 113.3 42.61 0;9 13.825 452.79 27.65 9 0;9 95.93 485.01 39.7 6.9 0;9 690.9 439.5 45.58 9.8 349.7093
v_xtupvcuike_0049,1 47.4 371.45 78.6 33.8 0;1 110.42 428.17 75.9 29.24 0;1 222.72 470.145 79.78 31.59 0;1 357.79 373.45 97.16 33.62 0;1 401.42 417.15 77.62 28.62 0;1 457.795 472.135 86.11 30.89 0;1 504.41 419.12 79.5 30 0;1 534.07 374.84 78.9 31.8 0;1 559.24 1000.4 91.8 34.3 0;1 612.27 423.34 78.8 30.8 0;1 610.98 477.63 71.2 27.5 0;1 646.49 380.16 74.5 29 0;1 676.11 243.06 29.7 79.5 279.4;1 690.575 127.885 28.67 75.53 290.4;1 781.9 105.58 29.9 82.36 300.2;1 1118.96 304.97 83.4 32.9 0;1 1178.56 67.85 70 32.98 0;1 1214.735 119.795 81.19 33.79 0;1 1227.08 296.905 72.42 27.19 0;1 1270.56 201.47 90.1 32.7 0;1 1318.07 252.87 90.3 35.46 0;1 1381.49 204.08 77.9 32.5 0;1 1386.96 291.04 88.3 33.9 0;1 1426.62 245.67 89.3 29.4 0;1 1486.95 197.05 82 31.6 0;1 1565.5 290.08 85.1 33.5 0;1 1596.94 198.22 84.72 30.32 0;1 1666.1 242.02 81.2 34.2 0;1 1688.11 94.28 89.38 35.9 0;1 1910.35 195.2 19.3 29.72 0;2 1566.09 240.83 89.5 30.7 0;7 1151.085 194.915 111.01 40.67 0;7 1175.27 250.33 113.3 42.62 0;9 361.35 486.27 39.7 6.9 0;9 500.27 447.3 39.5 9 0;9 700.37 438.41 45.58 9.8 351.2247
v_xug8luhohf_0000,1 75.78 302.385 81.6 28.77 358.8;1 256.025 249.245 80.81 31.67 0;1 316.88 416.195 87.6 31.19 0;1 489.7 368.43 79.24 31.92 0;1 722.68 361.28 80 32.9 0;1 747.99 458.19 69 28.4 0;1 754.95 250.22 71.9 29.18 358.5;1 772.3 299.005 100.6 34.69 0;1 786.33 411.92 81.4 32.6 0;1 829.515 533.81 74.41 28.6 49.4;1 838.83 1010.22 79.74 30.4 89.5;1 917.5 844.985 28.46 75.49 0;1 970.175 979.7 30.63 77.46 0;1 970.3 866.24 30.66 71.64 0;1 1001.86 414.74 79.38 31.5 0;1 1087.085 364.7 76.81 29.66 0;1 1121.07 244.34 76.22 33.4 0;1 1248.74 292.72 83.8 28.7 0;1 1557.45 408.35 79.9 28.9 0;1 1849.9 397.26 75.4 29.2 0.2;2 340.195 204.16 102.63 39.96 358.6;7 51.31 459.92 102.38 34.6 0;7 474.44 246.14 153.28 40.38 358.8;7 762.84 68.17 148.7 48.62 358.7;7 919.48 984.925 35.3 131.59 0;7 1023.28 240.95 79.4 41.2 0;7 1166.74 458.69 103.08 31.4 0;7 1259.98 401.31 111.32 28.3 0;7 1367.48 198.865 92.7 33.77 0;9 1519.67 368.6 26.46 9.4 0
v_xug8luhohf_0049,1 9.195 409.875 18.39 30.65 0;1 342.4 248.53 76.22 33.4 0;1 356.49 298.43 83.8 28.7 0;1 419.83 457.085 84.08 30.79 0;1 841.16 866.76 74.42 28.6 87.6;1 917.76 844.595 28.46 75.49 0;1 970.49 864.515 30.66 71.63 0;1 970.855 961.77 30.63 77.46 0;1 1046.76 415.905 87.6 31.19 0;1 1139.54 363.485 79.24 31.93 0;1 1328.16 386.49 80 32.9 0;1 1335.16 458.51 69 28.4 0;1 1372.93 238.05 75.66 23.5 0;1 1522.395 402.72 81.39 32.6 0;1 1713.04 276.9 64.02 28.04 0;1 1783.125 400.77 79.39 31.5 0;7 229.52 242.94 79.4 41.2 0;7 442.21 89.35 148.7 48.62 358.7;7 578.79 451.85 126.38 34.6 0;7 611.52 199.11 92.7 33.76 0;7 919.32 983.8 35.3 131.6 0;7 1425.015 91.51 103.93 36.14 0;7 1731.355 69.275 93.69 34.39 4.2;7 1856.3 445.58 103.08 31.4 0;9 1524.88 119.04 41.1 11.54 0
v_xw5vbdunxb_0000,1 717.36 486.635 96.9 36.89 0;8 564.24 439.76 65.54 27.1 0
v_xw5vbdunxb_0049,8 1477.48 458.02 60.08 27.1 0
v_xyqtkipw5q_0000,1 589.96 496.635 96.7 38.35 0;1 736.675 493.425 96.41 42.93 0;1 930.345 256.555 33.77 89.07 0;1 983.6 793.505 40.16 94.15 0;1 982.275 1068.165 34.39 23.55 0;1 1081.26 550.97 98.5 36.5 354.8;1 1269.88 543.87 38 103.5 89;1 1307.37 492.085 96.24 38.79 0;1 1393.54 556.045 102 39.07 3.6;1 1426.535 499.58 98.89 38 1.2;1 1526.28 551.15 94.2 38.1 0;1 1552.975 509.495 93.21 37.35 358.2;1 1637 555.26 105.08 39.3 0;1 1656.88 504.88 89.04 36.18 0;1 1763.205 555.67 101.91 37.74 0.1;1 1802.555 499.26 101.11 36.24 359.1;1 1869.1 565.375 96.3 32.63 0;1 1896.145 495.395 47.71 36.25 0;7 910.055 976.26 42.75 162.5 0;9 559.81 540.865 32.38 15.23 0;9 1204.85 571.35 11.3 40.9 86.05
v_xyqtkipw5q_0049,1 904.23 487.28 96.7 38.36 0;1 909.9 938.48 35.1 82.9 0;1 915.5 1049.8 34.6 60.4 0;1 974.86 1016.7 34.8 87.9 0;1 979.79 855.65 34.38 94.86 0;1 983.35 637.43 40.16 94.14 0;1 1081.42 549.39 98.5 36.5 354.8;1 1093.88 492.08 96.4 42.92 0;1 1270.33 542.63 38 103.5 89;1 1310.83 491.585 96.24 38.79 0;1 1394.485 555.145 101.99 39.07 3.6;1 1425.55 499.88 98.88 38 1.2;1 1527.22 550.82 94.2 38.1 0;1 1554.525 509.835 93.21 37.35 358.2;1 1635.77 555.63 105.08 39.3 0;1 1658.155 504.15 89.05 36.18 0;1 1765.695 555.67 101.91 37.74 0.1;1 1804.32 499.225 101.1 36.25 359.1;1 1870.26 565.375 96.3 32.63 0;1 1897.685 495.395 44.63 36.25 0;7 911.695 801.09 42.75 162.5 0;9 612.74 564.83 33.34 14.18 0;9 896.98 547.965 32.38 15.23 0;9 1584.36 593.27 11.3 40.9 90.7
v_y0hgp5tlq6_0000,none
v_y0hgp5tlq6_0049,1 1706.335 526.215 99.85 53.87 0
v_y46iu5il6o_0000,none
v_y46iu5il6o_0049,9 428.17 455.16 50.5 16.86 0;9 988.055 1039.24 15.93 41.94 0
v_y9q0po6vo8_0000,none
v_y9q0po6vo8_0049,1 1816.335 526.33 101.55 42.72 350.2
v_yavxxrcxfh_0000,1 968.285 988.62 38.23 90.2 0;1 995.89 690.34 40.02 89.84 16.2;1 1069.215 489.59 80.25 39.82 0
v_yavxxrcxfh_0049,1 969.175 858.275 38.53 99.71 0;1 990.03 687.67 38.22 90.2 12.42;1 1049.8 584 40.02 89.84 36.8
v_yc5rqc1nfw_0000,1 125.86 548.59 89.14 34.62 0;1 930.27 160.98 38.86 87.22 0;1 955.46 889.81 83.86 34.04 270.3722;1 939.5 985.03 35.88 86.1 0;1 992.99 329.075 73.22 36.05 97.0571;1 978.97 176.75 35.04 92 0;1 980.745 1059.62 37.79 40.76 344.2;1 998.58 873.15 36.54 87.56 344.3;1 998.77 973.92 36.9 90.58 0;1 1520.24 524.5 92.2 39.36 0;1 1804.67 527.815 91.9 34.69 0;9 1332.66 495.75 49.62 12.08 0
v_yc5rqc1nfw_0049,1 785.935 499.875 73.21 36.05 166.85;1 917.135 404.405 38.87 81.97 8.65;1 955.81 897.14 83.86 34.04 271.325;1 932.015 238.485 34.77 84.03 0;1 939.425 988.8 35.87 86.1 0;1 948.69 40.87 37.66 81.74 0;1 981.005 1060.53 37.79 38.94 344.2;1 989.37 405.34 35.04 87.86 0;1 999.52 872.9 36.54 87.56 344.3;1 1000.51 979.86 36.9 90.58 0;1 1292.935 530.335 86.47 38.91 0;1 1442.975 525.095 88.25 34.69 0;9 1089.955 493.315 42.43 12.09 0
v_ycnrrtjyh9_0000,1 933.05 901.93 83.1 32.46 269.8;1 933.925 767.545 82.67 33.63 269.3;1 933.135 88.99 34.21 88.22 0;1 934.455 1049.755 33.69 60.43 0;1 947.585 305.66 36.59 80.8 0;1 950.37 198.955 39.4 85.23 0;1 991.86 979.43 86.14 34.84 269.8;1 1007.56 671.585 84.38 35.25 293.6;1 997.505 825.56 37.35 86.76 0.8;1 1000.83 249.055 36.02 85.35 0;7 953.46 461.725 52.6 173.97 0;7 1393.955 517.125 108.09 42.93 0
v_ycnrrtjyh9_0049,1 897.91 431.8 40.68 85.24 26.81;1 930.37 1042.29 75.82 32.46 269.8;1 934.745 900.355 83.21 33.63 269.3;1 926.11 246.115 34.22 88.21 0;1 944.445 512.33 36.59 74.84 0;1 986.89 809.42 78.12 35.26 273.73;1 996.515 965.82 37.35 90.26 0.8;1 1005.565 643.505 36.03 85.35 0;1 1427.495 503.555 93.97 31.79 0;1 1645.89 519.775 93.48 36.73 0;7 946.51 655.06 52.6 168.58 0;7 1221.865 517.425 103.81 42.93 0
v_ycol9zsyzz_0000,1 12.95 513.735 25.9 49.93 0;1 233.485 528.85 112.99 51.24 0;1 498.89 536.73 113 51.24 0;1 1004.73 740.38 47.3 90.66 0;1 1169.62 520.96 98.54 38.1 0
v_ycol9zsyzz_0049,1 730.79 514.385 98.54 43.33 0;1 936.41 552.5 47.3 90.66 313
v_ycp1vfa56v_0000,1 48.89 552.465 97.78 37.53 3.9;1 335.73 485.935 108.2 42.15 0;1 455.715 485.87 98.63 38.86 0;1 581.025 495.445 97.71 40.51 0;1 680.975 489.6 96.65 41.06 0;1 702.335 548.49 91.51 36.24 0.8;1 806.215 543.475 92.07 37.35 1.7;1 915.255 460.855 34.77 89.27 0;1 923.81 40.165 38.78 80.33 0;1 928.57 773.995 42.12 95.41 0;1 978.925 517.25 38.53 88.28 359.77;1 981.67 162.07 36.7 92.16 0;1 990.705 889.45 42.47 92.14 0;1 1046.28 529.84 36.54 82.96 34.2;1 1145.07 538.085 88.52 35.39 359.7;1 1141.15 490.93 36.84 87.82 81.6;1 1238.62 489.9 84.64 37.66 2;1 1260.955 561.31 87.81 37.8 0.9;1 1358.66 496.605 91.08 38.09 357.9;1 1366.365 445.42 95.15 41.46 358.1;1 1371.055 543.895 40.25 87.67 90.9;1 1461.5 492.695 91.68 38.97 358.5;1 1566.57 482.915 103.8 42.33 359.8;1 1625.345 529.735 89.95 37.17 356.3;1 1728.875 489.32 90.19 40 0;1 1835.59 487.95 91.6 37.2 359.5;4 1504.165 543.36 97.95 36.12 359;7 819.525 490.53 106.47 39.4 0
v_ycp1vfa56v_0049,1 165.465 560.195 96.25 37.53 0.8;1 329.46 483.5 108.2 42.16 0;1 451.385 484.755 98.63 38.87 0;1 576.775 493.185 97.71 40.51 0;1 677.945 488.96 101.41 41.06 0;1 701.025 547.44 91.51 36.24 0.8;1 805.685 543.095 92.07 37.35 1.7;1 916.87 850.91 36.94 80.64 0;1 923.17 110.02 42.12 92.14 0;1 929.7 989.215 37.98 96.41 0;1 984.705 403.83 42.47 92.14 0;1 990.57 1029.4 40.68 101.2 0;1 1046.945 529.13 36.53 82.96 34.2;1 1145.52 537.22 88.52 35.38 359.7;1 1142.11 490.85 36.84 87.82 81.6;1 1240.49 489.055 84.64 37.65 2;1 1262.855 560.09 87.81 37.8 0.9;1 1361.13 495.03 91.08 38.1 357.9;1 1369.115 443.81 95.15 41.46 358.1;1 1373.465 542.445 40.25 87.67 90.9;1 1465.47 491.05 91.68 38.98 358.5;1 1571.465 482.97 103.79 42.34 359.8;1 1630.415 527.32 89.95 37.18 356.3;1 1733.375 488.94 90.19 40 0;1 1841.3 486.46 91.6 37.2 359.5;4 159.785 479.105 122.09 40.43 0;4 1506.645 542.43 97.95 36.12 359;7 818.345 489.09 106.47 39.4 0;9 32.22 506.87 50.74 15.74 0
v_yeq1jn5z3m_0000,8 720.995 500.13 58.11 26.18 0;9 1019.43 631.555 12.26 36.93 28.65;9 1422.695 461.04 39.51 14.94 0
v_yeq1jn5z3m_0049,8 1468.255 501.14 58.77 26.18 0;9 1383.825 530.95 12.27 36.9 89.8
v_yfocyu5g0z_0000,1 1006.09 52.48 98.92 39.46 91.8
v_yfocyu5g0z_0049,1 1005.815 755.69 38.89 77.6 0;1 1769.02 504.69 95.78 39.04 357.3333
v_yha9cvj460_0000,1 113.67 467.18 103.6 43.96 0;1 376.275 461.22 97.31 37.36 0;1 548.345 466.78 99.03 41.48 0;1 663.985 457.68 99.83 42.72 0;1 704.88 513.92 86.62 34.68 0;1 797.54 449.225 92.7 36.21 0;1 889.445 871.295 36.29 93.09 0;1 892.55 1009.74 37.16 96.3 0;1 909.57 388.21 39.16 95.52 0;1 912.86 68.51 42.72 100.86 0;1 950.05 974.92 40.3 98.1 0;1 964.02 283.66 39.2 88.1 0;1 976.505 759.45 37.75 92.9 0;1 1807.96 493.095 92.78 41.31 0
v_yha9cvj460_0049,1 315.53 471.1 103.6 43.96 0;1 446.125 462.275 97.31 37.37 0;1 551.695 468.535 97.83 41.47 0;1 739.285 459.68 99.83 42.72 0;1 882.815 452.255 92.69 36.21 0;1 893.125 891.395 37.15 100.57 0;1 894.635 660.91 36.29 93.1 0;1 905.445 1007.735 37.95 91.21 0;1 960.79 516.97 79.74 34.68 0;1 946.295 295.905 43.05 89.71 0;1 955.215 827.25 40.29 98.1 0;1 966.845 1063.235 38.77 33.53 0;1 980.925 966.09 37.25 94.7 0
v_yikgdwhu5w_0000,1 154.25 480.405 32.8 88.05 93.3;1 320.625 560.185 31.37 82.97 91.9;1 501.54 549.21 32.9 85.3 89.8;1 556.725 497.335 35.61 88.63 89.4;1 959.56 243.08 29.7 83.4 0;1 966.805 136.02 31.47 83.5 0;1 1037.455 550.355 86.39 34.27 358.7;1 1015.15 867.82 29.9 85.8 0;1 1020.1 319.21 35.8 97.32 0;1 1022.56 163.41 31.92 78.4 0;1 1025.97 14.57 30.7 28.86 0;1 1275.95 531.525 85.8 30.19 351.2;7 866.98 494.455 30.3 102.51 58.6
v_yikgdwhu5w_0049,1 135.93 480.905 32.8 88.05 93.3;1 556.145 498.065 35.61 88.63 89.4;1 643.165 562.405 86.39 34.27 358.7;1 900.98 460.46 29.7 82.48 38.49;1 960.16 216.675 33.3 84.15 0;1 960.56 376.73 31.48 83.5 1.33;1 1013.22 735.32 78.8 30.2 288.61;1 1018.03 552.78 35.8 90.68 0;1 1019.645 413.25 31.91 78.4 0;1 1021.875 237.155 30.71 86.61 0;1 1853.365 526.4 101.99 33.6 0;2 1044.38 38.26 31.16 76.52 347.1;7 251.09 546.87 30.3 102.52 91.2
v_yjdtzs85x2_0000,1 115.45 296.575 32.74 71.75 268.1;1 203.09 407.505 91.4 36.29 0;1 263.555 452.2 79.53 31 0;1 369.38 457.26 79.12 32.22 0;1 405.11 510.37 83.84 30.98 0;1 445.15 407.175 79.9 32.87 0;1 469.865 463.555 80.01 30.31 0;1 522.745 513.25 82.11 31.06 0;1 595.625 466.115 82.07 32.45 0;1 604.025 410.825 95.67 33.61 0;1 631.995 511.42 90.01 31.72 0;1 708.72 467.315 80.24 34.77 0;1 736.59 414.285 78.56 33.17 0;1 770.925 504.31 71.89 29.36 353.1;1 919.96 743.17 71.5 34.3 310;1 1220.375 295.375 72.43 33.11 359.2;1 1268.445 341.44 80.09 34.16 0;1 1306.885 296.865 78.99 31.73 0;1 1397.04 296.075 79.9 32.23 0;1 1399.61 340.185 84.38 32.41 0;1 1516.84 293.24 108.78 37.8 0;1 1509.13 245.34 84.92 34.98 0;1 1509.805 341.455 85.99 35.21 359.2;1 1629.42 340.595 88.68 35.53 0;1 1649.835 237.06 103.05 39.02 0;1 1798.045 341.85 91.97 31.8 0;4 711.84 275.895 38.9 101.99 277.1;4 860.695 334.145 31.31 70.05 298.2;5 1361.55 241.595 175.02 54.13 0;7 1868.18 289.62 103.64 51.28 0;9 146.945 478.785 42.27 12.23 0;9 252.96 508.84 46.2 13.32 359.28;9 757.915 443.49 39.27 11.24 359.3;9 783.225 475.73 35.53 14.8 359.3;9 791.655 391.715 44.29 16.05 11.8;9 1216.015 246.525 47.93 19.85 359.6;9 1427.5 317.155 46 16.27 0
v_yjdtzs85x2_0049,1 1.64 455.235 3.28 31.29 0;1 144.59 451.755 84.4 34.01 0;1 287.355 452.375 79.53 31.01 0;1 313.45 503.995 83.5 34.77 0;1 369.27 457.375 79.12 32.21 0;1 384.34 406.795 91.4 36.29 0;1 417.33 510.14 83.84 30.98 0;1 469.585 463.7 80.01 30.32 0;1 506.2 408.165 79.9 32.87 0;1 522.44 513.25 82.1 31.06 0;1 595.4 466.115 82.08 32.45 0;1 605.695 410.645 95.67 33.61 0;1 631.515 511.03 90.01 31.72 0;1 708.865 467.305 80.25 34.77 0;1 736.6 414.49 78.56 33.16 0;1 770.995 504.19 71.89 29.36 353.1;1 922.02 1004.705 71.5 34.31 267.9;1 1219.905 295.425 72.43 33.11 359.2;1 1267.37 340.425 80.1 34.15 0;1 1306.61 296.175 79 31.73 0;1 1398.98 339.01 84.38 32.4 0;1 1396.87 294.325 79.9 32.23 0;1 1516.51 292.08 108.78 37.8 0;1 1507.835 244.23 84.91 34.98 0;1 1509.455 339.525 85.99 35.21 359.2;1 1613.04 339.475 88.68 35.53 0;1 1648.145 235.4 103.05 39.02 0;1 1719.675 341.115 91.97 31.79 0;4 26.8 407.915 53.6 32.53 0;4 243.33 272.555 38.9 101.99 268;4 355.225 333.015 31.31 70.05 269.3;5 1361.45 241.665 175.02 54.13 0;5 1827.54 234.1 184.92 50.88 0;7 1798.38 289.62 243.24 51.28 0;9 199.62 525.01 48.9 14.3 0;9 411.04 483.955 44.22 13.33 358.24;9 515.805 481.835 40.25 12.23 350.6;9 763.725 443.165 39.27 11.25 358.6372;9 782.695 475.58 35.53 14.8 359.3;9 791.51 391.125 44.3 16.05 11.8;9 1214.945 246.365 47.93 19.85 359.6;9 1427.73 316.185 46 16.27 0
v_yjiuep55bx_0000,1 162.5 502.12 80.64 30.44 0;1 165.355 256.92 78.35 34.74 0.1;1 247.91 427.625 90.2 31.99 351.48;1 412.91 510.08 85.06 34.52 0;1 420.98 405.31 79.32 32.84 0;1 662.08 121.14 77.5 33.16 359.1;1 713.63 458.87 74.46 32.08 0;1 837.98 804.01 71.88 29.36 161.2;1 857.9 527.86 73.68 31.94 29.34;1 999.125 519.485 81.07 32.87 0.7;1 1006.11 1071.495 32.08 17.01 0;1 1018.615 926.38 34.17 83.4 0;1 1057.615 908.07 34.95 83.2 0;1 1489.725 512.7 80.47 32.06 359.8;1 1795.75 457.07 88.12 34.7 359.9;4 721.005 512.95 98.37 36.22 0;4 1368.03 407.23 81.66 32.48 0;4 1743.58 399.685 84.3 32.35 0;7 262.43 160.395 143.16 44.95 0;7 441.085 456.445 172.15 55.03 0;7 591.005 244.98 106.73 48.02 358.81;7 1132.95 461.025 173.94 47.47 0;8 578.45 402.685 56.06 26.69 0;9 575.595 503.66 44.79 14.08 0;9 647.42 530.305 42.56 13.43 0;9 669.005 488.745 38.95 15.11 0
v_yjiuep55bx_0049,1 455.52 503.335 77.46 30.43 0;1 565.98 510.15 83.92 34.52 0;1 708.72 402.315 81.34 31.99 0.9;1 838.045 804.91 71.89 29.36 161.2;1 873.21 116.5 77.5 33.16 358.5;1 924.57 937.36 73.68 31.94 88.8;1 926.58 418.485 76.02 32.85 2.5;1 1005.63 1018.65 32.08 71.8 0;1 1018.75 926.855 34.18 83.39 0;1 1057.755 908.45 34.95 83.2 0;1 1184.065 469.11 73.01 32.08 0.64;1 1718.375 515.445 81.07 32.87 359.5;4 904.83 525.515 98.38 36.23 6.1;4 1062.76 1012.13 31.94 75.76 0;7 227.01 452.66 138.68 43.48 0;7 688.325 457.875 162.55 55.03 0;7 1648.765 457.53 174.81 47.46 0;8 1044.675 405.19 51.93 26.7 0;9 749.38 526.745 42.56 13.43 0;9 784.195 511.29 44.79 14.08 0.6;9 1213.865 516.84 38.95 15.12 4.98
v_ykh3r5cksn_0000,none
v_ykh3r5cksn_0049,none
v_yklggjts6g_0000,1 28.835 477.845 37.23 57.63 90.5;1 71.08 541.91 35.48 93.44 89.7;1 947.055 292.175 34.45 86.79 2.4;1 1081.785 220.72 41.03 92.44 289.9;1 1173.89 504.185 97.52 37.81 359.1;1 1473.08 561.36 93.9 38 356.3
v_yklggjts6g_0049,1 28.835 477.845 37.23 57.63 90.5;1 582.515 531.525 94.59 37.81 357.4;1 959.775 549.87 34.45 86.8 357.4571;1 967.545 38.6 41.09 77.2 0;1 977.47 154.53 37.08 89.7 1.9385;1 1097.91 227.44 41.04 92.44 289.6;1 1477.17 561.23 93.9 38 356.3;4 1429.525 507.475 105.57 37.21 0
v_ymd32fjhy8_0000,1 40.745 303.095 74.13 28.07 0;1 143.97 373.41 80.9 30.7 0;1 236.155 422.51 83.05 31.04 0;1 242.91 469.94 84.6 31.44 0;1 348.84 466.29 79.5 28.4 0;1 447.635 363.89 77.45 32.6 0;1 500.685 468.595 81.21 33.61 0;1 574.385 416.15 76.39 27.8 0;1 582 364.515 85.94 35.17 0;1 673.205 367.95 75.83 28.04 0;1 676.14 410.13 65.86 26.18 0;1 821.615 166.825 71.35 31.93 13.8;1 868.77 297.815 74.14 28.07 0;1 924.655 203.7 76.63 28.5 0;1 915.32 861.65 28.46 75.5 0;1 1009.97 279.47 82.66 30.32 5;1 1132.67 247.47 79.92 34.7 0;1 1168.455 300.425 78.99 29.19 0;1 1231.295 248.085 83.03 31.39 0;1 1336.56 241.475 79.76 31.05 0;1 1347.24 295.305 89.76 36.25 0;1 1429.92 242.42 79.36 32.9 0;1 1507.84 286.23 86.54 35.04 0;1 1550.705 240.45 80.81 31.68 0;1 1621.075 284.315 88.53 32.55 0;1 1619.74 189.85 82.62 36.64 0;2 160.97 222.28 94.1 36.64 0;2 727.085 477.385 120.47 30.43 3.6;2 1481.15 198.59 100.7 36.64 0;2 1855.4 282.48 129.2 41.04 0;2 1858.22 184.89 100.4 39.4 0;7 116.37 112.17 31.4 100.56 268.7;7 455.63 413.71 110.4 32.74 0;7 1096.475 100.165 170.57 46.45 356.8;7 1138.065 190.455 119.95 39.97 0;7 1901.6 228.75 36.8 40.38 0;9 221.94 445.82 40.46 11.3 0;9 462.965 444.52 42.31 11.9 0;9 586.245 391.22 43.45 9.2 2.8;9 692.19 441.4 36.8 11.2 0.4;9 741.06 440.63 34.8 10 0;9 1282.335 177.455 42.83 12.37 353.7;9 1723.165 177.05 42.83 12.36 355.6
v_ymd32fjhy8_0049,1 27.4 215.8 54.8 28.5 0;1 57.34 368.485 87.9 28.71 0;1 63.07 417.07 79.9 28.9 0;1 65.23 471.31 80.3 31.86 0;1 182.2 372.3 80.3 30.6 0;1 219.17 296.96 74.14 28.08 0;1 247.575 428.1 79.73 30.4 0;1 254.93 469.67 84.6 31.44 0;1 286.85 125.33 71.34 31.92 359.2;1 316.47 241.99 82.66 30.32 1.2;1 337.27 370.88 80.9 30.7 0;1 390.445 419.035 83.05 31.03 0;1 427.81 465.99 79.5 28.4 0;1 512.125 363.95 77.45 32.6 0;1 615.035 416.08 76.39 27.8 0;1 652.18 296.195 79 29.19 0;1 667.705 364.115 85.93 35.17 0;1 692.985 470.41 81.21 33.62 0;1 712.85 411.14 65.86 26.18 0;1 939.12 371.235 75.82 28.03 0;1 916.435 846.585 28.47 75.49 0;1 964.035 297.66 89.75 36.24 0;1 1115.665 247.08 79.93 34.7 0;1 1218.89 248.545 83.04 31.39 0;1 1264.28 289.74 86.54 35.04 0;1 1299.635 192.235 82.61 36.65 0;1 1323.31 241.08 79.76 31.04 0;1 1407.065 289.135 88.53 32.55 0;1 1426.61 242.52 79.36 32.9 0;1 1541.685 241.26 80.81 31.68 0;1 1751.835 287.605 85.85 31.45 0;1 1818.15 191.86 71.4 23.64 0;1 1911.135 234.175 17.73 29.19 0;2 845.075 688.975 120.47 30.43 91.7222;2 1087.055 201.8 100.69 36.64 357;2 1588.63 283.3 129.4 41.04 0;2 1669.32 187.915 100.4 39.39 0;7 493.74 415.285 110.4 32.75 0;7 542.925 203.195 119.95 39.97 0;7 877.98 135.15 170.58 46.46 344.72;7 1774.575 232.98 153.29 40.38 355.8;9 592.92 452.61 40.46 11.3 0;9 811.305 210.7 42.83 12.36 353.7;9 853.065 392.925 43.45 9.21 8.4;9 903.845 461.1 42.31 11.9 4;9 1212.24 436.71 36.8 11.2 0.4;9 1426.81 190.41 42.84 12.36 351.6429;9 1438.07 440.54 34.8 10 0
v_yo4zppz5zk_0000,1 161.35 531.715 91.64 38.87 359.8
v_yo4zppz5zk_0049,none
v_yqfxcn2v90_0000,none
v_yqfxcn2v90_0049,1 1415.08 541.33 108.58 55.18 0
v_ysdnm0l6ie_0000,none
v_ysdnm0l6ie_0049,1 1542.125 514.375 97.51 42.71 358.8
v_ysheb84rue_0000,8 971.64 916.955 66.12 22.55 268
v_ysheb84rue_0049,8 973.325 1030.595 66.13 22.55 268
v_ysjgglo9c9_0000,1 146.735 482.48 106.67 39.8 357.9;1 401.255 479.54 103.13 41.26 0;1 679.07 465.65 96.02 41.26 0;1 975.395 582.78 40.49 101.1 0;1 1171.415 476.19 98.87 39.1 0;1 1591.41 567.645 32.9 89.97 90;8 189.87 534.91 66.68 24.9 0;8 1456.39 486.265 63.7 22.35 0
v_ysjgglo9c9_0049,1 28.165 528.895 56.07 35.75 0;1 301.975 485.09 94.09 39.1 358.9;1 504.1 490.85 95.32 35.62 357.75;1 791.145 468.93 106.67 39.8 357.9;1 930.745 448.105 103.13 41.27 332.475;1 975.6 579.79 40.5 101.1 0;1 1003.375 272.155 96.01 41.27 275.95;8 811.57 522.74 66.68 24.9 0
v_yv8co1twze_0000,7 155.88 487.65 177.28 46.4 1.2;8 827.855 442.405 67.95 27.11 356.6
v_yv8co1twze_0049,1 398.45 534.32 94.46 38.5 0;1 978.175 1014.8 37.99 94.8 0;7 939.985 505.23 177.27 46.4 1.2;8 1011.83 360.175 67.94 27.11 297.6
v_ywzpnf3fxa_0000,1 18.45 375.94 36.9 29.2 0;1 93.67 300.82 89.76 36.24 0;1 197.24 367.065 87.9 28.71 0;1 223.82 415.81 79.9 28.9 0;1 344.01 369.05 80.3 30.6 0;1 350.41 429.5 79.74 30.4 0;1 376.33 468.84 80.3 31.86 0;1 499.245 419.775 83.05 31.03 0;1 530.12 370.16 80.9 30.7 0;1 538.24 466.86 84.6 31.44 0;1 581.06 289.09 86.54 35.04 0;1 778.285 205.95 82.61 36.64 0;1 796.73 492.04 79.5 28.4 34.66;1 830.385 367.95 77.45 32.6 0;1 847.045 608.415 81.21 33.61 88.9818;1 860.925 283.175 88.53 32.55 0;1 916.705 846.18 28.47 75.5 0;1 957.605 419.7 76.39 27.8 0;1 966.06 245.5 79.92 34.7 0;1 1118.85 248.535 83.04 31.39 0;1 1153.43 412.29 65.86 26.18 0;1 1247.35 364.475 85.94 35.17 0;1 1275.94 241.445 79.76 31.05 0;1 1348.605 295.71 85.85 31.44 0;1 1398.77 241.03 79.36 32.9 0;1 1418.71 196.635 71.4 23.63 357.5;1 1526.77 241.395 80.82 31.67 0;1 1613.68 289.725 81.9 32.41 357.2;1 1708.7 179.875 79.7 33.47 0;1 1730.45 357.81 75.82 28.04 0;1 1797 291.2 86.8 31.9 358.9;1 1796.74 236.57 71.9 29.18 358.5;1 1876.025 213.33 69.89 30.8 6.9;2 351.825 268.48 100.69 36.64 0;2 1074.29 293.38 129.4 41.04 0;2 1250.57 195.02 100.4 39.4 0;7 73.805 413.98 111.31 28.3 0;7 132.93 469.73 103.08 31.4 0;7 516.75 204.49 170.58 46.46 356.2333;7 705.64 412.525 110.4 32.75 0;7 922.17 1027.65 35.3 104.7 0;7 1671.645 231.24 153.29 40.38 359.4;9 53.835 215.695 42.83 12.37 358.7;9 282.01 393.32 39.7 9 0;9 942.605 201.285 42.83 12.37 359.8;9 1197.28 448.61 40.46 11.3 0;9 1658.125 404.75 43.45 9.2 0.9;9 1726.73 443.84 42.32 11.9 0.9
v_ywzpnf3fxa_0049,1 21.3 375.255 42.6 29.65 0;1 93.265 256.215 88.53 32.55 0;1 151.19 418.23 79.38 31.5 0;1 179.495 209.675 82.61 36.65 0;1 232.16 465.41 74.42 28.6 0;1 311.3 370.13 75.4 29.2 0;1 459.01 413.26 79.9 28.9 0;1 495.51 244.67 79.92 34.7 0;1 562.28 366.275 87.9 28.71 0;1 605.005 427.57 79.73 30.4 0;1 644.275 302.22 85.85 31.44 0;1 654.98 255.665 83.04 31.39 357.7;1 695.305 458.38 80.29 31.86 0;1 739.56 368.71 80.3 30.6 0;1 806.93 495.435 84.6 31.45 25.0875;1 823.53 975.825 73.18 33.61 91.1;1 837.07 834.76 79.5 28.4 91.4;1 878.01 243.64 79.76 31.04 358.3;1 932.84 202.57 71.4 23.64 357.5;1 916.965 845.79 28.47 75.5 0;1 990.07 368.14 80.9 30.7 0;1 1016.925 297.6 81.91 32.4 357.2;1 1069.735 449.98 83.05 31.04 2.6;1 1085.365 248.75 79.35 32.9 357.8;1 1135.67 196.255 79.7 33.47 357.8;1 1267.65 297.45 86.8 31.9 358.9;1 1402.545 359.59 77.45 32.6 0;1 1420.685 241.77 80.81 31.68 0;1 1429.065 194.94 73.41 30.8 359.8;1 1665.815 433.96 76.39 27.8 0;1 1741.72 289.225 81.6 28.77 358.8;1 1772.29 237.95 71.9 29.18 358.5;1 1854.25 400.86 65.86 26.18 0;2 21.9 301.07 43.8 41.04 0;2 772.44 208.38 100.4 39.4 358.8;2 1693.245 189.68 102.63 39.96 1.6;7 7.45 201.68 14.9 46.46 0.9;7 326.975 413.1 111.31 28.3 0;7 475.17 466.42 103.08 31.4 0;7 919.165 990.38 35.31 131.6 0;7 1175.58 409.81 110.4 32.74 0;7 1377.14 84.95 148.7 48.62 0;7 1583.56 235.01 153.28 40.38 358.8;9 142.19 381.24 26.46 9.4 0;9 367.885 206.325 42.83 12.37 359.8;9 583.32 401.23 39.7 9 359.7;9 1915.2 450.68 9.6 11.3 0
v_yxlwot0boe_0000,none
v_yxlwot0boe_0049,none
v_yy6k3ul21i_0000,1 311.375 456.01 102.13 39.74 0;1 340.05 515.005 100.8 38.31 0;1 736.775 471.355 92.63 35.51 0;9 513.72 551.165 44.16 14.19 0
v_yy6k3ul21i_0049,1 239.49 465.26 92.3 33.66 0;1 973.26 502.2 100.8 39.24 0;1 1255.22 459.52 96.36 39.74 0;1 1628.225 477.675 88.85 35.51 0;3 52 528.24 104 45.38 0;9 1004.745 552.575 41.41 14.19 0
v_yzk20gnzmj_0000,1 524.78 542.01 98.38 40.3 1.2;9 165.65 519.945 55.38 15.85 0.8;9 181.285 458.275 55.37 15.85 20.8
v_yzk20gnzmj_0049,1 55.55 538.16 98.38 40.3 1.2;9 119.15 493.055 55.38 15.85 345.52
v_yzrlq8qm5e_0000,1 974.38 1032.185 35.44 85.99 0;1 1256.005 462.865 94.31 35.81 0;1 1807.675 480.4 91.67 38.06 0;6 973.88 638.04 52.5 192.86 0;9 1478.535 534.065 41.87 13.27 0
v_yzrlq8qm5e_0049,1 400.14 486.6 102.9 41.96 0;1 987.7 706.93 35.44 86 7.73;6 974.28 379.615 52.5 185.07 0
v_z1iaol374e_0000,1 637.905 514.88 92.37 41.82 358.8;1 1210.47 539.125 98.88 40.15 356.5
v_z1iaol374e_0049,1 28.155 543.6 56.31 41.82 356.9;1 872.9 541.705 98.88 40.15 359.9;9 1908.26 483.745 23.48 14.67 334.3
v_z2zy5qndmv_0000,1 24.34 258.27 32.2 46.72 270.2;1 48.27 119.15 27.6 73.82 271.6;1 455.08 245.855 30.92 81.93 271.9;1 518.61 465.69 85.6 29.1 0;1 622.255 465.49 77.53 30.12 0;1 639.67 413.415 81.8 31.01 0;1 726.63 282.53 28.9 80.2 278;1 905.805 505.92 31.19 66.64 354.1;1 913.01 371.39 30.8 80 350.7273;1 959.62 700.555 32.9 91.79 0;1 1096.48 197.98 74.1 27.9 0;1 1139.39 293.6 79.1 29.1 0;1 1245.8 504.755 26.9 76.97 94.0364;1 1280.86 291.785 84.4 30.43 0;1 1400.05 292.64 85.7 33.52 0;1 1492.49 240.16 84.8 32.8 0;1 1671.04 288.62 85.9 32.8 0;2 1055.78 105.07 85.06 26.8 359.2869;2 1222.2 191.78 106.5 40.5 0;2 1544.11 288.845 81.62 32.15 0;7 669.845 202.72 42.17 115.06 269.4727;7 1170.67 237.095 123.5 35.59 0;7 1335.37 235.685 114.42 33.07 0;9 536.21 370.415 40.8 12.15 0;9 550.33 438.08 39.1 9.5 0;9 1358.97 199.6 44.04 12.5 351.83
v_z2zy5qndmv_0049,1 19.3 467.4 38.6 29.8 0;1 91.19 294.4 28.9 78.3 268.6;1 319.5 464.555 84.9 30.47 0;1 453.19 246.805 30.8 79.99 264.3;1 520.6 465.34 85.6 29.1 0;1 624.46 465.64 77.54 30.12 0;1 654.37 413.15 81.8 31 0;1 674.445 270.065 31.19 66.63 272.775;1 863.6 187.625 32.9 91.79 323.65;1 924.735 534.07 28.11 72.06 351.52;1 958.62 806.59 30.9 78.8 0;1 1092.88 197.95 74.1 27.9 0;1 1120.65 294.78 79.1 29.1 0;1 1274.67 292.225 84.4 30.43 0;1 1395.31 292.64 85.7 33.52 0;1 1370.505 475.055 26.91 76.97 75.2;1 1488.49 239.23 84.8 32.8 0;1 1519.42 188.03 82.3 33.2 0;1 1647.87 288.33 85.9 32.8 0;1 1741.02 235.72 83.1 33.8 0;1 1774.38 188.07 79.4 30.6 0;1 1800.785 279.195 97.43 36.81 0;2 1037.945 105.815 85.07 26.81 358.9749;2 1218.28 191.48 106.5 40.5 0;2 1545 286.955 81.62 32.15 0;7 144.36 411.67 122.74 43.22 0;7 107.905 207.445 42.17 115.05 271.2;7 1168.74 236.945 123.5 35.59 0;7 1335.985 234.225 114.43 33.07 0;9 685.71 442.38 39.1 9.5 0;9 695.84 372.05 40.8 11.7 0;9 1236.35 265.2 44.04 12.5 317.7714;9 1640.36 70.56 31.4 7.5 357
v_z3dejqz4if_0000,1 309.28 507.26 30.52 78.9 88.5;1 612.885 565.005 85.51 30.47 0.6;1 683.9 500 33.04 79.16 88.7;1 912.98 499.49 81.74 34.42 0;1 948.08 157.485 30.2 86.41 8.1727;1 1039.935 653.01 74.45 32.34 306.4636;1 1128.285 541.605 83.69 30.79 340.6364;1 1329.55 510.34 90.1 30.9 0;1 1695.165 498.185 86.91 31.55 2.1727;7 1018.61 294.04 37.3 111.5 0;9 380.605 535.265 10.43 39.69 83.2
v_z3dejqz4if_0049,1 100.6 602.59 77.06 29.66 26.35;1 143.05 526.605 33.04 79.15 88.7;1 522.2 506.66 81.74 34.42 0;1 610.155 563.51 85.51 30.46 0.6;1 947.015 183.345 30.21 86.41 4;1 980.32 841.775 80.74 30.79 272.2538;1 983.385 1047.435 64.61 32.33 270.4;1 973.79 81.07 29.54 76.04 4.8;1 1009.26 27.025 30.5 54.05 348.9;1 1112.665 558.74 80.71 30.9 335.7846;1 1322.045 510.385 86.91 31.55 357.6385;7 1016.46 636.635 37.3 100.05 0;7 1656.285 496.06 214.01 52.24 0
v_z3m4v12n12_0000,1 159.71 498.11 97.22 38.22 357.97;1 411.615 493.425 97.61 40.99 6.56;1 548.82 484.145 109.44 40.79 0;1 650.31 547.42 89.52 40.5 1.08;1 823.67 480.6 98.5 43 0;1 916.135 46.295 39.81 91.37 0;1 916.405 293.37 38.15 89.48 0;1 919.455 578.96 35.89 84.6 0;1 925.76 165.575 38.88 87.51 0;1 978.205 674.07 37.91 96.3 0;1 981.865 271.49 39.49 92.28 359.46;1 993.925 918.3 40.25 88.5 0;1 1571.01 479.965 103.8 42.33 359.8;1 1622.715 526.035 89.95 37.17 356.6;1 1730.805 485.995 90.19 40.01 0;1 1839.105 483.19 94.45 37.2 359.5;1 1861.05 553.43 39.08 96.1 86.9;4 1505.935 540.04 97.95 36.12 358.4;7 698.715 494.45 121.77 44.86 359.4;9 1472.12 572.845 14.66 44.85 93.4
v_z3m4v12n12_0049,1 203.76 490.04 97.94 40.54 0;1 317.01 544.05 95.48 37.98 0;1 421.685 491.58 98.63 38.22 359.7;1 582.125 484.365 109.43 40.79 0;1 636.73 546.885 92.72 39.25 2.4;1 817.375 542.315 89.51 40.51 358.1;1 919.26 482.115 98.5 43.01 358.6;1 915.605 108.71 38.15 92.5 0;1 921.21 21.2 38.88 42.4 0;1 922.515 294.64 35.89 84.6 0;1 979.565 217.21 37.91 94 0;1 1022.805 611.9 40.25 88.5 19.88;1 1571.465 483.275 103.79 42.33 359.8;1 1623.925 528.61 89.95 37.18 356.45;1 1732.365 488.88 90.19 40 0;1 1839.855 487.425 94.45 37.21 359.5;1 1863.6 558.15 39.08 96.1 86.9;4 1505.775 543.11 97.95 36.12 358.4;7 759.025 491.03 115.97 44.86 355.04;9 1742.47 543.21 14.66 44.84 77.96
v_z3pjfzkgx3_0000,1 6.52 370.54 13.04 28.86 0;1 126.86 467.865 96 32.53 0;1 124.555 258.65 79.19 31.6 1.1;1 126.74 426.44 73.56 28.3 0;1 258.715 300 97.43 36.82 0;1 255.625 369.82 84.49 33.2 0;1 319.24 216.415 97.78 34.79 0;1 345.4 471.57 112.2 35.3 0;1 329.065 999.44 76.27 34.6 0;1 482.985 290.8 73.87 28.92 0;1 517.885 462.86 63.81 28.1 0;1 582.775 365.575 81.77 34.85 0;1 593.48 1009.16 74.5 32.18 2.2286;1 669.83 468.46 77.76 30 0;1 673.31 299.96 74.2 31 0;1 805.15 251.97 89.48 32.62 0;1 838.165 688.62 82.29 31.9 97.4;1 878.25 180.09 77.6 29 15.4;1 882.98 463.26 81.34 31.6 0;1 891.8 367.675 75.06 28.65 0;1 924.6 1013.21 30.4 76.6 0;1 924.82 924.27 28.7 73.3 0;1 967.405 864.085 31.07 70.19 0;1 1111.595 415.05 92.73 36.3 0;1 1228.015 366.11 76.75 31.36 0;1 1880.645 357.61 78.71 32 0;7 537.425 413.32 378.67 49.2 0;7 1396.5 405.4 115.34 32.8 0;9 796.91 444.88 32.56 10.7 11.15;9 835.525 876.73 39.59 12.7 88.1
v_z3pjfzkgx3_0049,1 19.92 375.75 39.76 34 0;1 93.61 424.83 79.92 28.86 0;1 194.64 460.98 85.4 30.4 0;1 242.91 367.65 81.3 31.6 0;1 274.265 415.27 86.07 30.66 0;1 287.95 106.79 77.6 29 0.4;1 307.03 469.63 66 26.18 0;1 464.23 466.965 96 32.53 0;1 610.35 377.3 76.18 28.7 0;1 636.69 463.5 112.2 35.3 357.8;1 641.62 417.95 73.56 28.3 0;1 660.105 1025.46 76.27 34.6 5.9;1 750.475 479.9 63.81 28.1 8.9;1 777.245 1069.595 45.67 20.81 32.1;1 797.06 365.21 79.54 28.86 0;1 848.51 621 77.76 30 88.6;1 925.06 1018.18 30.4 76.6 0;1 925.26 925.77 28.7 73.3 0;1 968.035 866.055 31.07 70.19 0;1 976.865 999.615 29.11 79.09 0;1 1186.81 361.89 84.48 33.2 0;1 1383.515 450.43 81.33 31.6 0;1 1545.425 363.06 81.77 34.86 0;1 1817.045 415.11 92.73 36.3 0;1 1823.88 355.87 74.22 28.66 0;7 1142.535 411.72 378.67 49.2 0;9 848.29 965.63 32.56 10.7 92.3538;9 907.13 381.94 39 10 359.7
v_z5p04w55ay_0000,1 284.865 470.205 92.93 33.15 355.6;9 1601.595 468.42 42.61 19.2 0
v_z5p04w55ay_0049,1 76.115 513.625 93.13 34.63 0;1 746.47 514.74 98.18 39.2 0;1 857.2 430.545 92.94 33.15 347.7375
v_z6jl3hed41_0000,1 434.69 465.375 106.34 41.95 0;1 577.995 469.35 103.45 38.98 0;1 698.98 463.615 80.96 35.23 0;1 824.06 466.69 87.62 38.96 0;1 894.7 908.63 40.52 96.7 0;1 902.58 1052.965 38.86 50.73 0;1 903.09 267.94 34.6 90.82 0;1 909.265 83.01 37.49 90.18 0;1 935.8 442.51 38.78 89.6 0;1 968.49 154.02 36.9 98.4 0;1 972.89 1055.675 39.18 48.65 0;1 974.245 657.3 39.27 88.56 0;1 1477.575 451.085 99.63 42.01 0;1 1637.175 508.205 95.37 41.73 359.6;1 1690.685 452.805 89.77 38.21 0;1 1814 458.56 94.42 35.78 0;1 1880.84 520.905 78.32 32.33 353.6667;1 1905.19 454.72 29.62 38.4 0;4 969.545 885.07 36.49 91.2 0;9 1514.245 539.51 38.81 13.2 0.3;9 1650.035 321.51 12.79 34.44 88.5
v_z6jl3hed41_0049,1 485.51 466.935 102 41.41 0;1 655.62 472.08 101.82 38.98 0;1 784.855 463.855 77.13 35.23 0;1 895.61 524.635 40.52 95.09 0;1 911.53 800.63 39.62 96.68 0;1 969.24 91.455 39.26 89.61 0;1 969.08 927.93 36.74 84.8 0;1 974.58 730.12 39.18 87.84 0;1 1094.46 462.27 84.88 37.9 0;1 1555.675 453.91 99.63 42.02 0;1 1694.365 454.16 89.77 38.22 0;1 1816.2 511.12 96.74 41.72 359.6;1 1815.255 459.635 94.41 35.77 0;1 1907.5 454.72 25 38.4 0;1 1911.615 517.8 16.77 32.32 354.4;4 899.085 1029.55 37.67 100.9 0;4 967.3 552.205 36.5 86.69 0
v_z892lbdqf6_0000,1 1013.655 400.3 110.93 46.72 61.3
v_z892lbdqf6_0049,none
v_z9lzy1x9qq_0000,1 919.44 834.555 28.46 75.49 0;1 972.695 846.045 30.65 71.63 0;1 973.015 946.605 30.63 77.47 0;1 1590.99 403.12 85.4 34.4 0;2 885.73 444.98 102.82 34.18 0;7 920.08 981.75 35.3 131.6 0;7 974.71 1063.205 34.9 33.25 0;7 1292.13 354.22 110 34.38 0;9 1591.575 186.39 44.49 10.5 352.575
v_z9lzy1x9qq_0049,1 21.5 462.67 43 30.4 0;1 919.57 828.615 28.46 75.49 0;1 972.57 836.945 30.66 71.63 0;1 973.1 937.545 30.62 77.47 0;2 1456.41 434.115 102.82 34.19 0;7 920.44 970.25 35.3 131.6 0;7 974.71 1060.785 34.9 38.09 0;9 732.225 133.885 44.49 10.51 14.5143;9 1903.7 291.34 32.6 10.22 352.7
v_za5eni4z64_0000,1 631.395 460.89 90.35 39.14 0;1 837.505 479.585 92.99 39.09 0;1 925.365 163.815 89.23 39.99 270.8;1 978.09 819.505 39.04 90.31 0;1 1755.01 452.52 100.56 38.54 0;1 1789.395 538.455 92.99 35.53 0;7 978.76 1010.63 44.04 117.42 0
v_za5eni4z64_0049,1 969.115 893.41 42.63 98.5 0;1 1057.865 522.125 35.43 85.63 50.025;1 1259.34 456.265 90.34 39.13 0;1 1513.52 459.36 93 39.08 0;1 1793.715 536.835 92.99 35.53 0;4 902.63 836.885 41.92 110.73 0;7 976.385 688.035 46.19 107.85 0
v_zanzg5ku9v_0000,1 889.105 496.5 100.67 38.4 0;1 1161.7 464.08 123.88 38.28 0;1 1420.04 514.385 87.28 37.53 0.3;1 1774.455 532.885 96.59 41.37 1.8;3 503.43 525.685 213.44 57.89 357.1;9 1615.315 560.41 52.49 15.1 0
v_zanzg5ku9v_0049,1 280.06 472.275 89.72 35.47 357.76;1 514.24 473.655 120.64 43.55 358.48;1 1755.595 540.09 100.67 38.4 0;1 1892.2 489.9 55.6 38.28 0;3 833.46 526.02 213.44 57.88 4.9333
v_zcydmzvisw_0000,1 450.23 478.75 103.16 40.58 0;1 624.345 485.235 110.47 43.91 0;1 636.46 545.06 94.2 38.1 0;1 849.28 530.065 93.2 37.35 356.4;1 867.89 437.825 104.12 40.15 330.4857;1 946.68 262.875 102.9 39.19 279.8571;1 922.215 908.06 40.59 96.9 0;1 929.65 45.28 35.1 90.56 0;1 1079.06 548.77 105.08 39.3 0;1 1631.435 549.24 101.91 37.74 0.1;1 1652.47 499.16 89.04 36.18 0;1 1798.53 493.89 101.1 36.24 359.1;1 1841.76 559.665 96.3 32.63 0;1 1890.7 491.115 58.6 36.25 0
v_zcydmzvisw_0049,1 209.705 500.565 101.99 39.07 0;1 769.885 481.31 103.15 40.58 0;1 917.77 402.705 110.48 43.91 310.3;1 913.015 1037.95 38.15 84.1 0;1 917.23 885.55 34.94 99.3 0;1 924.3 588.01 40.58 96.9 0;1 973.29 1050.25 34.5 59.5 0;1 1121.04 542.57 94.2 38.1 0;1 1396.885 508.275 93.21 37.35 358.2;1 1601.13 550.09 105.08 39.3 0;1 1653.745 499.82 89.05 36.18 0;1 1761.145 550.47 101.91 37.74 0.1;1 1799.92 494.57 101.1 36.24 359.1;1 1867.15 560.415 96.3 32.63 0;1 1892.03 491.115 55.94 36.25 0;9 1001.38 785.75 11.4 45.6 0
v_zgkzno5gqw_0000,1 25.45 467.4 50.9 29.8 0;1 75.18 294.42 28.9 77.36 268.9;1 324.3 464.75 84.9 30.46 0;1 439.07 247.92 30.8 80 264.3;1 520.62 465.36 85.6 29.1 0;1 624.505 465.65 77.53 30.12 0;1 654.42 413.145 81.8 31.01 0;1 664.685 270.44 31.19 66.64 270.95;1 857.86 180.765 32.9 91.79 321.4;1 922.49 522.54 28.12 72.06 350.8133;1 958.65 791.95 30.9 78.8 0;1 1092.805 197.95 74.09 27.9 0;1 1120.26 294.8 79.1 29.1 0;1 1274.545 292.235 84.39 30.43 0;1 1395.21 292.64 85.7 33.52 0;1 1375.06 473.745 26.9 76.97 75.2;1 1488.43 239.23 84.8 32.8 0;1 1512.26 188.1 82.3 33.2 0;1 1647.84 288.33 85.9 32.8 0;1 1733.17 235.79 83.1 33.8 0;1 1762.82 187.78 79.4 30.6 0;1 1800.675 279.215 97.43 36.81 0;2 1037.58 105.83 85.06 26.8 358.9685;2 1218.22 191.47 106.5 40.5 0;2 1545.02 286.915 81.62 32.15 0;7 94.845 207.81 42.17 115.06 271.2;7 155.49 411.57 122.74 43.22 0;7 1168.7 236.94 123.5 35.58 0;7 1335.995 234.195 114.43 33.07 0;9 687.28 442.39 39.1 9.5 0;9 696.65 372.055 40.8 11.71 0;9 1234.22 266.265 44.04 12.49 321.0857;9 1631.19 69.67 31.4 7.5 357
v_zgkzno5gqw_0049,1 101.76 369.79 79.8 28.78 0;1 290.47 466.53 79.1 29.8 0;1 276.77 107.58 32.9 91.78 268.2;1 412.85 465.765 84.9 30.47 0;1 439.645 359.67 77.05 29.7 0;1 521.32 466.44 85.6 29.1 0;1 497.56 210.35 28.12 72.06 270.3;1 626.705 465.8 77.53 30.12 0;1 658.48 413.34 81.8 31 0;1 749.06 246.19 30.9 78.8 294.6;1 921.94 527.74 28 74.62 355.6;1 1089.2 197.92 74.1 27.9 0;1 1101.52 295.98 79.1 29.1 0;1 1268.36 292.685 84.4 30.43 0;1 1367.18 192.32 82.3 33.2 0;1 1390.48 292.64 85.7 33.52 0;1 1485.48 239.37 84.8 32.8 0;1 1506.55 191.12 79.4 30.6 0;1 1606.02 236.22 83.1 33.8 0;1 1646.28 288.39 85.9 32.8 0;1 1677.68 449.265 26.9 76.97 89;1 1798.745 279.605 97.43 36.81 0;1 1807.42 178.81 74.8 34.98 0;1 1850.435 227.525 80.09 32.53 0;1 1867.6 93.2 83 35 0;1 1909.7 275.575 20.6 28.93 0;2 37.8 448.26 75.6 30.3 0;2 1019.75 106.58 85.06 26.8 358.6566;2 1214.9 191.13 106.5 40.5 0;2 1542.99 286.045 81.62 32.15 0;7 504.7 410.715 122.74 43.21 0;7 1166.77 236.79 123.5 35.58 0;7 1333.395 233.36 114.43 33.06 0;9 699.5 372.065 40.8 11.71 0;9 708.3 444.4 39.1 9.5 3.8122;9 1107.96 276.55 44.04 12.5 347.6;9 1171.52 56.56 31.4 7.5 357
v_zhi211cdrx_0000,1 9.93 476.85 19.86 34.24 0
v_zhi211cdrx_0033,1 234.81 513.385 92.28 35.61 0;1 711.815 486.465 93.73 34.23 0
v_zhu2pajk93_0000,1 1391.95 492.52 97.58 42.12 0.2
v_zhu2pajk93_0049,1 1026.145 443.56 97.57 42.12 37.28;9 1559.145 549.72 45.43 20.74 353.68
v_zkj78ivk4d_0000,1 962.03 536.85 122.4 50.32 359.5
v_zkj78ivk4d_0049,1 365.36 536 122.4 50.32 359.5;1 1580.05 526.54 112.04 49.92 359.04;9 962.005 689.365 20.31 51.59 343.24
v_zlw3jo3muq_0000,1 900.385 470.73 37.09 89.7 39.4;1 957.27 360.7 41.08 105.44 3.1;1 959.935 194.01 36.39 88.64 3.6;1 993.37 616.795 35.9 87.67 3.4;1 1014.23 292.645 38.7 97.47 358.8;1 1013.765 22.385 36.59 44.77 0;4 504.035 520.98 96.21 36.46 357.1
v_zlw3jo3muq_0048,1 642.945 521.895 37.09 87.55 89.1;1 805.35 524.145 41.08 101.33 68.8;1 924.635 420.235 36.39 88.63 22.4;1 1003.36 960.53 38.7 97.46 1.5;1 1014.155 239.13 36.59 88.38 0.6
v_zoqo2dlzf7_0000,1 274.435 467.925 99.59 36.17 0;1 981.6 728.56 39.34 109.14 0.3889;1 996.375 562.05 36.65 85.28 0;1 1104.11 501.965 89.2 38.31 0;1 1216.185 457.86 90.13 36.22 0;1 1322.125 509.435 98.17 35.31 0;8 1868.445 476.43 91.55 33.8 0
v_zoqo2dlzf7_0049,1 989.8 90.955 36.64 85.27 0;1 1056.64 460.485 89.7 36.17 0;1 1039.015 580.375 39.35 109.15 34.35;1 1664.22 486.585 89.2 38.31 355.1;1 1884.955 462.935 69.31 36.23 0;1 1909.3 528.39 21.4 35.3 0;8 286.94 519.48 62.3 26.2 0
v_zpnkbf6q4z_0000,1 132.545 511.12 91.85 30.34 359;1 112.215 567.71 29.03 75.6 88.7;1 288.375 548.715 27.83 67.11 88.1;1 950.45 349.465 29.04 82.91 1.1867;1 992.31 575.95 31.92 84.68 0;1 999.67 894.875 31.24 85.55 0;1 1179.58 541.63 82.1 31.46 350.3857;1 1227.59 477.455 83.2 30.59 358.2;1 1289.58 525.93 86.3 32.66 352.6;1 1605.34 503.01 83.28 33.56 0;1 1807.685 497.05 90.65 36.24 0;7 1455.49 486.545 161.98 45.67 0;9 941.6 203.55 7 28.9 0
v_zpnkbf6q4z_0049,1 31.405 560.11 27.83 62.9 88.1;1 615.82 543.255 29.04 82.91 89.6067;1 972.2 206.52 32.08 84.84 4.3;1 1067.39 602.23 82.1 31.46 320.4125;1 1159.69 553.6 86.3 32.66 349.025;1 1227.26 478.07 83.2 30.6 358.2;1 1527.65 505.715 83.28 33.55 0;1 1673.595 500.52 90.65 36.24 0;1 1861.6 496.78 92.8 31.46 0;7 1356.915 504.715 161.99 45.67 347.9;9 932.19 417.55 7 28.9 5.2;9 1444.905 458.225 40.03 14.19 0
v_zrd0wk3d6d_0000,1 404.58 128.12 38.18 86.5 269.9;1 533.44 1018.795 77.74 35.87 0;1 651.24 126.335 33.82 74.91 281.05;1 687.15 284.01 32.34 77.3 280.48;1 874.865 426.595 35.19 81.19 345.71;1 907.295 1043.985 34.79 72.03 0;1 913.38 865 34.22 84.32 0;1 917.78 715.29 34.82 88.28 359.04;1 951.75 627.68 37.14 86.2 353.86;1 960.58 851.06 31.14 80.7 0;1 1045.595 500.475 37.99 82.25 51.64;1 1668.73 233.9 94.9 39.44 0;1 1697.19 548.92 82.22 37.26 3.44;1 1713.055 281.96 86.97 38.18 0;1 1908.565 544.89 22.87 36.92 349.8;2 1352.185 230.185 102.43 37.21 0;7 1800.18 326.97 122.4 42.42 0
v_zrd0wk3d6d_0049,1 533.98 1019.995 77.74 35.87 0;1 536.185 251.805 35.19 77.95 273.7;1 867.76 446.31 34.82 85.14 344.65;1 887.135 370.405 31.47 79.17 341.68;1 903.995 574.82 34.21 80 351.77;1 905.225 840.89 31.37 79.84 2.56;1 909.285 1060.465 36.23 39.07 0;1 915.685 700.76 34.79 80 0;1 932.13 478.245 31.14 77.27 344.96;1 956.125 628.67 35.53 80.36 358.39;1 1137.635 277.92 81.43 37.34 0;1 1219.825 233.19 89.31 39.44 0;1 1552.395 426.25 37.99 83.06 86.7;1 1688.965 280.02 86.63 36.9 0;2 1088.415 231.72 93.27 37.2 0;7 1174.335 322.325 102.23 42.39 0;9 24 485.27 38.4 11.76 0
v_zskoepk3hb_0000,1 132.7 483.585 92.78 35.21 0;1 505.38 540.42 89.2 34.36 0;1 903.77 488.875 97.7 38.41 0;1 1120.845 579.23 35.91 94.74 66.2;1 1668.345 572.56 96.93 34.54 0
v_zskoepk3hb_0049,1 53.805 540.755 101.99 39.09 0;1 399.63 541.35 98.98 37.22 0;1 701.67 486.47 96.2 39.22 0;1 1008.605 485.775 92.77 35.21 0;1 1299.4 546.34 89.2 34.36 0;1 1794.48 564.45 35.9 94.74 89.9;9 484.545 472.205 53.11 17.83 0
v_zt49ewdpo1_0000,1 187.14 489.34 105.44 41.78 0;1 322.705 496.235 95.51 41.87 0;1 449.215 492.35 95.21 37.2 359.4;1 554.01 549.15 96.76 39.18 0;1 571.975 501.27 92.25 37.7 359;1 698.97 543.725 95.24 41.59 0;1 768.315 491.795 96.83 38.63 0;1 906.905 836.27 38.71 88.8 0;1 947.245 268.98 38.87 90.3 0;1 983.745 794.71 35.87 88.94 0;1 1210.78 518.67 42.2 88.62 87.03;1 1384.93 486.325 89.32 39.57 0;1 1621.825 478.045 93.17 37.75 0;1 1813.24 476.92 95.4 38.04 359.9;4 942.92 541.82 119.42 47.16 0.45;4 925.445 81.535 36.55 86.67 359.6;9 866.04 583.53 46.54 13.12 2.39
v_zt49ewdpo1_0049,1 215.115 487.085 105.43 41.77 0;1 350 495.46 93.5 40.38 0;1 652.195 490.46 95.21 37.2 359.4;1 816.535 489.175 92.25 37.71 359;1 894.51 541.585 91.76 39.17 356.76;1 901.895 655.93 38.05 88.16 0;1 913.56 1029.88 36.5 90.16 0;1 927.46 796.705 38.38 94.57 3.5;1 985.395 640.615 35.87 87.81 3.79;1 1146.83 544.175 89.34 41.59 0;1 1252.82 488.29 92.06 38.62 0;1 1831.6 493.645 89.32 39.57 0;1 1900.675 546.625 38.65 93.91 90.1;4 1543.72 523.86 122.24 45.22 357.1;9 1314.4 574.215 42.26 13.13 0
v_ztfkmwhhfm_0000,1 531.33 498.645 104.9 44.09 0;1 1828.045 494.085 107.93 50.17 0
v_ztfkmwhhfm_0049,1 1268.62 474.32 107.94 50.16 0
v_ztz69akqyn_0000,1 4.45 455.235 8.9 31.29 0;1 148.73 451.735 84.4 34.01 0;1 287.35 452.38 79.54 31 0;1 315.365 503.925 83.49 34.77 0;1 369.26 457.38 79.12 32.22 0;1 384.33 406.795 91.4 36.29 0;1 417.325 510.14 83.85 30.98 0;1 469.58 463.705 80.02 30.31 0;1 506.195 408.165 79.91 32.87 0;1 522.435 513.25 82.11 31.06 0;1 595.395 466.115 82.07 32.45 0;1 605.735 410.645 95.67 33.61 0;1 631.505 511.03 90.01 31.72 0;1 708.865 467.305 80.25 34.77 0;1 736.6 414.495 78.56 33.17 0;1 771 504.19 71.88 29.36 353.1;1 922.185 1011.655 71.49 34.31 268;1 1219.895 295.425 72.43 33.11 359.2;1 1267.35 340.405 80.1 34.15 0;1 1306.6 296.16 79 31.72 0;1 1398.965 338.985 84.37 32.41 0;1 1396.86 294.285 79.9 32.23 0;1 1516.5 292.055 108.78 37.79 0;1 1507.81 244.205 84.92 34.97 0;1 1509.45 339.485 86 35.21 359.2;1 1612.985 339.46 88.67 35.52 0;1 1648.085 235.37 103.05 39.02 0;1 1719.62 341.085 91.98 31.79 0;4 30.75 407.915 61.5 32.53 0;4 232.195 272.765 38.89 101.99 268;4 342.575 333.345 31.31 70.05 269.5;5 1361.44 241.67 175.02 54.14 0;5 1826.775 234.1 186.45 50.88 0;7 1797.825 289.62 244.35 51.28 0;9 207.945 525.375 48.89 14.31 0;9 415.255 483.49 44.23 13.32 359.07;9 516.735 479.825 40.25 12.23 343.2;9 763.635 443.145 39.27 11.25 358.8477;9 782.685 475.575 35.53 14.81 359.3;9 791.505 391.115 44.29 16.05 11.8;9 1214.925 246.365 47.93 19.85 359.6;9 1427.73 316.165 46 16.27 0
v_ztz69akqyn_0049,1 87.57 454.805 79.2 31.29 0;1 108.94 501.585 89.9 34.15 0;1 178.59 451.745 84.4 34.01 0;1 287.075 452.68 79.53 31 0;1 326.37 503.525 83.5 34.77 0;1 369.15 457.49 79.12 32.22 0;1 384.25 406.965 91.4 36.29 0;1 417.09 510.33 83.84 30.98 0;1 469.3 463.855 80.02 30.31 0;1 505.88 408.405 79.9 32.87 0;1 522.125 513.25 82.11 31.06 0;1 595.175 466.115 82.07 32.45 0;1 607.475 410.645 95.67 33.61 0;1 631.015 510.64 90.01 31.72 0;1 709.01 467.295 80.24 34.77 0;1 736.61 414.705 78.56 33.17 0;1 771.065 504.08 71.89 29.36 353.1;1 1219.425 295.475 72.43 33.11 359.2;1 1265.61 340.59 80.1 34.16 0;1 1306.155 295.575 78.99 31.73 0;1 1395.95 292.905 79.9 32.23 0;1 1399.655 339.075 84.37 32.41 0;1 1515.69 291.18 108.78 37.8 0;1 1506.47 243.445 84.92 34.97 0;1 1508.465 338.195 85.99 35.21 359.2;1 1610.82 339.015 88.68 35.53 0;1 1645.895 234.44 103.05 39.02 0;1 1717.49 340.38 91.98 31.8 0;4 96.615 404.535 84.13 30.83 0;4 242.88 408.49 90.08 32.52 0;5 1361.34 241.745 175.02 54.13 0;5 1822.105 234.1 195.79 50.88 0;7 1771.585 289.62 296.83 51.28 0;7 1852.85 338.2 134.3 41.42 0;9 224.36 509.585 40.8 12.55 359.6;9 363.455 529.325 44.27 14.31 0;9 570.79 507.1 41.26 13.32 61;9 720.46 438.725 38.18 12.23 358.6;9 782.155 475.42 35.53 14.8 359.3;9 788.355 441.205 39.27 11.25 350.4;9 791.41 390.725 44.3 16.05 10.3833;9 1034.735 566.435 14.73 42.25 354.33;9 1213.855 246.195 47.93 19.85 359.6;9 1427.48 315.55 46 16.28 0
v_zv816z8j30_0000,1 648.47 503.75 102.36 42.66 358.8;1 1056.845 448.75 95.59 41.14 36.54;1 1345.405 530.805 103.03 38.57 359.9
v_zv816z8j30_0049,1 2.905 534.64 5.39 42.66 358.8;1 1006.445 882.445 38.89 100.77 0;1 1058.11 531.965 91.04 38.57 359.9
v_zvs8l9rjhk_0000,1 184.59 531.635 38.36 91.57 90;1 295.665 617.18 35.69 79 89.6;1 527.445 563.105 89.85 34.37 0;1 611.75 514.83 90.14 37.46 0;1 861.01 494.135 36.34 83.69 57.88;1 966.725 48.725 40.45 96.09 0;1 963.985 657.65 34.59 82.1 1.08;1 967.615 328.19 33.35 86.12 11.24;1 1030.12 530.425 85.7 35.65 359.3;1 1019.56 701.8 37.2 84.18 0.8;1 1029.555 190.705 33.61 89.15 0;1 1346.825 475.22 90.21 37.5 0;1 1412.11 524.445 97.46 36.73 357.02;9 273.91 569.295 37.02 10.73 0.3
v_zvs8l9rjhk_0049,1 72.075 517.7 98.45 37.46 0;1 275.07 541.995 36.34 90.23 90;1 463.775 523.135 86.63 35.65 0.1;1 689.12 525.88 33.34 84.04 85.1;1 965.195 47.71 40.45 95.42 0;1 1026.13 537.86 33.6 85.96 0;1 1250.345 528.055 92.87 36.73 358.1;1 1348.935 473.97 90.21 37.5 0;7 1023.02 121.44 42.76 108.46 0
v_zvtywyonpx_0000,1 739.4 496.595 97.84 44.67 355.6
v_zvtywyonpx_0049,1 101.75 524.485 97.84 44.67 359.3231
v_zwkx55dcbi_0000,1 87.37 462.46 79.5 28.4 0;1 145.105 99.355 28.15 68.81 268.1;1 342.695 463.675 81.21 33.61 0;1 442.39 110.19 30.7 84.8 268.6;1 526.035 244.23 27.07 80.6 271.7;1 559.535 414.07 76.39 27.8 0;1 674.77 366.755 75.82 28.03 0;1 675.73 409.82 65.86 26.18 0;1 834.84 325.59 29.62 77.4 325.0059;1 1009.565 288.675 74.13 28.07 0;1 1115.655 446.86 30.89 83.9 66.2588;1 1144.14 244.74 79.92 34.7 0;1 1214.71 293.545 74.14 28.07 0;1 1216.48 204.435 71.34 31.93 0;1 1296.995 244.16 83.03 31.38 0;1 1301.065 194.04 76.63 28.5 0;1 1337.05 288.92 82.66 30.32 0;1 1443.18 239.08 79.76 31.04 0;1 1471.18 292.295 79 29.19 0;1 1451.855 438.25 29.95 75.82 86.8158;1 1590.42 290.705 89.76 36.25 0;1 1594.335 238.77 79.35 32.9 0;1 1702.695 280.685 86.55 35.05 0;1 1707.68 188.235 82.62 36.65 0;1 1749.32 235.89 80.82 31.68 0;1 1748.595 428.655 32.91 69.85 84.6;1 1801.465 279.845 88.53 32.55 0;2 565.255 465.075 120.47 30.43 0;2 1103.825 197.75 94.11 36.64 0;2 1573.63 194.42 98.62 36.64 0;2 1887.595 282.48 64.81 41.04 0;7 168.9 415.275 110.4 32.75 0;7 904.68 478.905 31.4 100.55 355.9529;7 1456.385 188.225 119.95 39.97 0;9 447.97 438.02 34.8 10 0;9 492.21 374.41 36.8 11.2 0;9 680.46 206.705 11.1 25.85 277.06;9 1595.555 167.455 42.83 12.37 353.7;9 1815.615 185.745 42.83 12.37 353
v_zwkx55dcbi_0049,1 110.035 375.38 77.45 32.6 0;1 189.38 469.3 84.6 31.44 0;1 343.26 464.3 79.5 28.4 0;1 353.35 257.53 29.62 77.4 270;1 428.47 362.78 85.94 35.18 0;1 497.86 465.655 81.22 33.61 0;1 568.005 415.05 76.39 27.8 0;1 673.13 367.07 75.82 28.04 0;1 675.93 409.97 65.86 26.18 0;1 811.035 285.76 74.13 28.08 0;1 923.55 1049.145 28.46 61.69 0;1 1070.035 295.465 74.13 28.07 0;1 1140.12 245.01 79.92 34.7 0;1 1177.87 294.51 82.66 30.32 0;1 1180.525 204.96 71.35 31.92 0;1 1246.645 246.075 83.03 31.39 0;1 1285.83 194.91 76.62 28.5 0;1 1334.15 294.57 79 29.18 0;1 1356.21 239.43 79.76 31.04 0;1 1458.235 241.02 79.35 32.9 0;1 1526.925 292.985 89.75 36.25 0;1 1661.55 238.385 80.82 31.67 0;1 1671.115 188.89 82.61 36.64 0;1 1701.43 280.915 86.54 35.05 0;1 1798.395 279.285 88.53 32.55 0;2 648.065 469.575 120.47 30.43 1.8;2 963.105 201.1 94.11 36.64 0;2 1561.51 194.22 100.7 36.64 0;2 1886.7 282.48 66.6 41.04 0;2 1887.2 183.62 65.6 39.4 0;7 443.3 413.175 110.4 32.75 0;7 731.68 134.32 31.4 100.56 299.7714;7 1424.425 187.705 119.95 39.97 0;9 329.825 392.42 43.45 9.2 0;9 639.95 431.26 36.8 11.2 43.6429;9 694.54 441.77 34.8 10 0;9 1524.145 169.26 42.83 12.36 353.7;9 1747.21 178.22 42.84 12.36 355.6
v_zy9hnd8sgb_0000,1 307.085 476.36 102.51 39.08 0;1 667.92 455.31 94.3 38.78 0;1 917.985 460.695 100.57 38.53 0;1 1264.21 507.065 94.2 38.77 0;1 1481.615 457.585 97.63 40.77 0;1 1784.165 539.495 92.99 35.53 0
v_zy9hnd8sgb_0049,1 621.24 461.015 90.34 39.13 0;1 826.99 479.855 93 39.09 0;1 926.065 176.955 89.15 39.59 270.8;1 978.055 825.95 39.05 90.32 0;1 1737.3 452.795 100.56 38.53 0;1 1789.31 538.49 93 35.54 0;7 978.58 1019.79 44.04 117.42 0
