Id,Target
v_cec6zlvav9_0038,0.6057 1 98.91 489.30 75.71 59.89 344.88;0.4961 7 876.39 460.14 51.21 46.38 12.98;0.4153 1 1652.48 560.36 63.71 37.23 354.04;0.4003 1 97.84 463.47 73.68 41.97 353.51;0.3943 1 150.43 462.00 56.95 43.43 345.73;0.3847 1 1418.56 628.09 55.81 59.60 5.42;0.3611 1 941.56 85.81 45.34 85.46 351.58;0.3171 9 1656.67 527.29 47.96 27.39 357.22;0.2704 9 875.72 493.44 40.22 21.32 3.46;0.2654 1 1416.53 659.90 56.84 50.72 355.82;0.2572 1 1356.22 761.36 85.84 59.05 343.74
v_1us0n1cwou_0010,0.9892 1 1353.45 355.77 85.38 44.22 357.71;0.9659 1 1181.24 256.89 71.16 33.04 355.19;0.9633 1 934.79 490.74 75.97 47.69 357.88;0.9532 1 1419.14 291.03 82.47 37.36 357.67;0.9471 1 281.43 522.66 84.34 42.99 359.49;0.9453 1 1713.51 594.10 85.47 41.66 350.05;0.9337 1 336.72 258.25 81.76 33.66 345.91;0.9074 1 577.93 293.08 87.77 35.58 344.91;0.8890 1 38.11 489.40 69.58 45.33 9.97;0.8816 1 1531.63 629.57 85.09 37.23 350.55;0.8781 1 1300.36 356.13 91.50 36.88 348.62;0.8761 1 1291.96 630.57 74.33 43.52 345.47;0.8759 1 162.09 354.79 63.90 38.31 358.73;0.8489 1 1231.75 291.13 78.11 36.90 354.96;0.8171 1 572.68 1065.20 89.99 36.20 344.05;0.7730 1 95.92 426.13 103.69 34.60 353.58;0.7425 1 211.11 355.45 88.10 66.94 348.91;0.7398 1 1002.64 1032.25 47.88 77.20 358.76;0.7252 1 822.44 827.45 65.15 28.05 153.48;0.7103 1 1002.19 931.67 37.18 67.51 16.30;0.7062 1 581.85 496.06 75.53 29.42 352.61;0.6970 1 520.65 1065.26 82.05 34.63 342.78;0.6627 1 1481.45 629.02 93.80 35.20 351.05;0.6624 1 576.55 320.79 68.46 37.59 349.75;0.6558 1 36.68 462.21 55.90 27.49 335.53;0.6407 1 631.39 495.80 65.18 43.78 352.74;0.6103 1 280.41 496.14 86.94 28.11 343.68;0.6078 2 1771.72 291.18 93.05 39.37 358.64;0.6030 7 1056.15 1000.27 36.77 104.61 347.21;0.5757 1 1662.56 592.89 95.67 33.62 346.17;0.5633 1 330.41 523.93 91.00 58.09 349.52;0.5459 1 1055.81 900.77 40.60 70.61 2.59;0.5211 1 1054.33 932.18 41.49 85.57 8.47;0.5193 1 1232.42 256.94 66.67 47.50 353.57;0.5081 1 160.45 327.50 67.81 24.17 351.55;0.5003 1 1354.69 325.04 61.13 26.97 346.17;0.4858 1 581.56 522.95 84.06 37.33 352.59;0.4843 9 816.31 425.65 43.72 12.65 346.41;0.4758 1 631.00 523.09 72.25 55.56 348.47;0.4584 1 1121.28 896.01 51.23 47.63 3.07;0.4229 1 1469.53 291.66 60.64 28.84 351.52;0.4208 7 1055.24 1033.35 51.91 83.04 345.30;0.4175 9 156.49 494.49 36.44 15.30 355.99;0.4164 7 873.32 799.82 52.11 42.06 17.04;0.3951 1 1056.51 356.69 69.52 37.32 357.85;0.3931 1 1896.05 628.89 55.65 32.35 4.63;0.3916 9 1776.31 224.02 46.12 18.83 351.59;0.3813 9 154.99 525.69 50.68 19.51 0.61;0.3703 7 1721.44 292.50 104.64 33.42 353.80;0.3638 1 936.90 461.12 61.48 29.31 343.30;0.3576 1 1114.62 155.53 57.52 65.86 352.79;0.3508 1 1001.94 963.06 31.17 54.61 8.53;0.3498 7 999.47 327.12 124.94 40.69 1.91;0.3439 9 217.25 153.99 44.61 19.57 345.91;0.3433 9 1719.11 324.21 50.43 18.10 342.77;0.3166 1 1000.83 1000.84 25.84 43.69 2.60;0.3109 1 1182.70 288.68 92.57 26.88 343.44;0.3094 9 336.95 287.52 62.09 17.55 349.58;0.2917 9 1297.29 325.71 48.30 15.45 346.34;0.2882 9 1296.68 291.16 61.88 14.86 359.29;0.2868 7 996.62 357.17 97.00 37.67 356.84;0.2861 1 40.95 425.35 82.37 41.48 358.40;0.2735 7 941.02 326.93 89.09 25.41 351.22;0.2662 9 281.86 255.89 62.31 19.91 348.14;0.2628 9 636.12 154.17 42.02 16.01 347.43;0.2613 9 876.40 392.96 53.50 20.25 347.87;0.2611 9 277.13 425.68 26.57 8.60 341.10;0.2572 9 876.54 425.92 40.24 11.98 348.90;0.2511 9 1718.00 258.56 45.59 14.26 354.92
v_fw861t0iss_0048,0.8733 1 1179.51 557.33 85.28 37.75 355.39;0.7885 1 95.02 489.22 78.58 56.87 352.54;0.7694 1 94.92 463.36 70.88 49.15 345.80;0.5215 1 1178.48 527.26 65.40 36.83 336.43;0.3732 1 997.88 931.24 25.82 68.88 352.27;0.3546 1 942.19 53.81 39.17 102.94 353.76;0.3305 1 1658.19 527.62 57.32 32.37 349.97;0.2875 1 1233.14 560.51 74.68 69.35 354.09;0.2605 1 1416.02 628.85 43.85 74.94 0.81;0.2571 1 1238.22 596.23 38.31 81.70 344.23;0.2560 1 1233.67 794.77 67.90 41.92 347.18;0.2504 9 876.83 562.17 49.82 19.24 1.02
v_n5ls4wz3qs_0030,0.9684 1 516.51 494.21 109.49 38.42 357.95;0.9653 1 1352.11 496.25 101.44 43.56 358.93;0.9578 1 1173.77 492.86 64.63 54.20 9.73;0.8939 1 938.05 661.71 47.08 67.70 358.51;0.8892 1 338.82 492.48 119.55 43.48 358.38;0.8739 1 936.36 830.61 30.12 93.70 1.94;0.8723 1 1537.59 557.23 79.33 65.65 12.69;0.8698 1 1302.75 494.58 104.57 41.98 350.90;0.8535 1 1600.18 493.05 61.66 41.79 2.74;0.8509 1 1481.39 424.58 65.53 48.14 10.25;0.8287 1 1536.04 529.09 60.32 53.31 6.62;0.7702 1 935.30 862.27 37.94 77.39 7.23;0.7578 1 816.48 492.01 63.54 53.10 354.64;0.7449 1 1534.22 424.42 80.34 47.66 355.51;0.7421 1 1121.30 491.56 55.07 61.53 15.69;0.7387 1 1837.43 424.67 107.07 38.05 351.87;0.7249 1 991.91 1001.34 34.88 86.76 357.44;0.7118 1 939.86 491.44 53.81 49.92 358.03;0.6883 1 38.30 596.54 40.80 53.62 3.66;0.6878 1 462.89 493.80 90.89 38.92 359.42;0.6731 1 39.94 628.02 41.58 66.24 5.53;0.6703 1 994.70 663.29 47.72 71.60 359.84;0.6640 1 1000.81 594.23 24.26 68.80 2.13;0.6443 1 1117.59 527.36 33.93 48.73 7.23;0.6336 1 1063.68 727.63 46.43 47.59 357.33;0.6085 1 581.74 556.55 74.97 35.36 353.25;0.6051 1 1174.96 964.41 24.09 78.56 10.56;0.5952 1 1055.92 561.36 34.33 56.50 5.33;0.5898 1 997.45 765.79 35.71 61.45 353.56;0.5888 1 993.43 1032.85 36.57 91.68 350.39;0.5874 1 933.30 629.88 25.73 79.41 5.13;0.5858 1 938.22 796.70 31.41 89.00 1.04;0.5615 1 1720.01 425.28 83.39 38.65 356.58;0.5499 1 1654.26 492.52 53.86 48.08 359.99;0.5261 1 937.24 53.36 37.09 69.83 6.56;0.5219 1 159.78 526.44 49.54 52.00 0.15;0.5169 1 940.31 999.98 31.10 89.78 16.26;0.5152 1 1838.32 493.39 39.94 74.49 359.82;0.5084 1 281.75 492.63 72.08 45.42 358.91;0.4904 1 939.55 692.76 32.38 60.07 352.31;0.4794 1 939.15 966.83 27.93 75.03 359.78;0.4718 1 391.58 492.73 80.94 43.94 353.33;0.4680 1 754.23 529.20 54.91 48.23 9.13;0.4563 1 753.97 557.93 77.91 41.23 1.41;0.4398 1 1599.53 662.51 37.45 67.97 12.96;0.4391 1 996.29 121.34 30.84 70.97 3.00;0.4339 1 936.57 357.30 36.08 72.18 346.12;0.4059 1 998.14 933.21 29.14 75.37 359.58;0.4014 1 882.17 424.22 31.56 57.52 359.23;0.3855 1 936.23 392.20 30.89 73.57 354.24;0.3834 1 936.46 460.57 36.23 66.86 350.95;0.3765 1 816.64 459.59 51.53 42.31 358.26;0.3699 1 998.75 627.71 32.03 91.15 356.71;0.3648 1 1176.46 525.67 43.78 53.63 357.87;0.3639 1 1117.74 560.34 34.79 48.34 4.65;0.3623 1 1718.28 624.30 48.74 68.05 352.99;0.3619 1 933.70 423.72 43.04 66.40 359.79;0.3612 9 1417.44 459.29 52.95 19.47 1.65;0.3601 1 939.01 932.86 31.25 85.60 5.65;0.3456 1 997.28 795.24 41.53 80.02 355.33;0.3287 1 699.67 556.21 64.00 39.74 2.35;0.3149 1 1657.77 626.29 52.12 81.37 358.66;0.3147 1 1485.01 555.73 49.96 37.76 4.74;0.3126 7 879.52 324.93 41.89 84.34 356.95;0.3117 1 995.57 1064.69 26.59 46.82 355.46;0.3025 1 996.26 694.97 42.65 67.74 349.37;0.3015 1 457.79 527.44 58.49 33.23 0.68;0.3015 1 998.24 423.92 44.69 63.68 352.03;0.2887 1 692.50 492.17 62.37 26.67 2.02;0.2877 1 1599.28 459.76 38.14 41.40 354.90;0.2793 1 998.02 458.11 41.88 69.20 5.37;0.2782 7 760.05 459.03 64.20 56.70 4.90;0.2771 1 1057.05 20.21 52.16 46.19 349.99;0.2743 1 1054.94 1066.68 29.05 35.07 329.86;0.2700 1 1897.24 54.32 37.77 85.36 15.73;0.2678 1 515.94 559.87 58.23 45.16 1.36;0.2616 1 1420.50 426.24 36.74 27.66 359.01;0.2526 1 573.91 493.67 67.56 31.09 3.44;0.2515 1 1541.40 492.98 40.76 37.12 6.50;0.2512 1 632.72 557.08 55.83 35.45 346.14
v_nxo50y3em6_0017,0.9508 1 1417.10 529.91 65.77 41.24 5.80;0.9411 1 1481.18 492.48 68.04 45.47 5.20;0.9049 1 1773.58 491.55 65.05 53.04 7.78;0.8776 1 1061.39 557.98 50.12 50.84 7.98;0.8771 1 995.21 596.64 34.56 72.26 6.15;0.8759 1 754.80 491.13 86.57 34.13 355.66;0.8740 1 1601.22 493.33 63.87 34.14 3.16;0.8670 1 1843.38 557.54 59.27 43.91 5.68;0.8666 1 1896.37 492.60 44.26 40.58 1.43;0.8489 1 1296.26 492.03 89.71 50.87 359.81;0.8486 1 1651.27 493.35 56.32 47.44 3.64;0.8351 1 1357.72 493.85 78.04 34.21 2.98;0.8331 1 937.37 863.83 32.54 72.40 2.63;0.8238 1 995.82 627.57 39.93 85.15 355.37;0.8223 1 1420.50 555.21 78.80 50.35 14.54;0.8175 1 997.08 934.62 34.47 74.25 4.97;0.8074 1 1001.98 490.78 57.51 46.30 10.32;0.8049 1 1655.55 529.30 48.48 65.71 11.34;0.7938 1 934.48 727.81 37.07 84.78 352.61;0.7857 1 1896.64 559.38 49.85 51.56 18.74;0.7803 1 934.79 696.51 32.85 96.01 353.53;0.7779 1 994.21 1034.34 36.48 84.54 352.30;0.7703 1 1533.77 492.89 64.65 36.50 2.42;0.7573 1 633.45 528.73 70.35 36.90 354.58;0.7545 1 997.38 964.53 33.99 75.62 351.08;0.7365 1 938.34 931.59 37.57 82.04 12.27;0.7290 1 1241.76 489.80 100.70 54.28 0.23;0.7183 1 935.35 896.59 35.70 77.64 355.27;0.6910 1 160.38 494.35 76.86 50.18 356.87;0.6875 1 1237.25 529.23 54.53 54.30 348.21;0.6852 1 699.36 491.70 69.29 34.46 2.82;0.6707 1 933.70 423.54 43.37 76.62 6.18;0.6566 1 37.15 596.56 38.45 56.87 2.27;0.6315 1 995.69 831.98 30.69 110.74 355.46;0.6285 1 39.81 627.85 40.61 70.87 10.47;0.6171 1 1656.79 558.01 84.46 62.36 13.27;0.6129 1 936.21 391.84 33.45 73.97 351.78;0.5969 1 997.61 662.19 36.29 92.05 344.13;0.5914 1 212.20 495.38 80.80 47.19 350.67;0.5560 1 1174.19 964.78 22.08 86.14 9.43;0.5547 1 1839.57 424.95 105.75 34.71 355.37;0.5375 1 579.52 529.05 58.88 35.36 342.99;0.5293 1 450.98 495.80 82.47 42.10 349.16;0.5274 1 1724.64 491.01 39.51 52.34 24.03;0.5270 1 937.57 53.59 38.01 70.97 5.87;0.5129 1 996.58 121.22 31.20 74.69 5.04;0.5122 1 582.87 555.24 51.59 41.04 0.74;0.4991 1 401.95 494.47 79.12 46.34 357.34;0.4766 1 936.84 357.79 34.79 77.55 345.43;0.4744 1 1235.13 555.86 65.41 52.19 18.39;0.4641 1 1064.93 728.46 31.94 54.05 344.01;0.4627 7 759.13 559.72 126.48 55.75 5.13;0.4618 1 878.74 458.05 55.05 43.69 353.10;0.4589 1 998.29 765.67 37.48 71.00 351.79;0.4472 1 1061.09 827.39 46.04 54.86 350.35;0.4392 1 1356.54 626.89 32.25 72.12 4.00;0.4346 1 937.59 795.41 28.81 80.56 5.40;0.4330 1 1421.77 426.77 47.52 29.80 355.63;0.4233 1 1900.37 624.92 31.40 51.03 22.65;0.4212 1 1176.78 490.58 72.47 57.86 8.27;0.4204 1 820.92 895.93 58.98 41.41 53.63;0.4187 1 633.94 556.01 88.92 44.72 357.92;0.4172 1 756.65 461.26 68.63 41.73 355.70;0.4135 1 939.33 831.03 20.02 88.75 7.39;0.4116 1 158.55 525.31 43.15 48.15 1.81;0.4009 2 577.30 493.24 106.95 49.55 6.39;0.4008 1 1474.03 528.69 48.61 36.61 4.67;0.3910 1 1415.38 493.86 64.10 40.25 4.10;0.3899 1 1119.09 490.40 57.15 54.73 1.05;0.3875 1 994.51 1063.24 35.01 48.56 357.17;0.3855 1 1603.14 556.94 62.38 39.61 17.65;0.3830 1 882.33 424.84 27.07 47.34 2.43;0.3685 1 1111.79 728.01 46.94 67.89 359.18;0.3571 1 936.43 1066.61 20.59 37.97 346.51;0.3531 1 455.00 525.65 69.40 64.64 352.10;0.3410 1 995.84 796.47 38.60 98.45 351.86;0.3366 1 1535.89 425.00 90.33 54.46 1.58;0.3292 7 1721.89 425.75 88.16 37.32 2.23;0.3206 1 817.76 528.71 49.15 64.46 343.46;0.3088 1 695.30 528.24 42.29 23.93 14.14
v_37qg2grbx8_0035,0.9754 1 580.88 527.91 83.06 46.24 350.16;0.8666 1 1297.17 559.29 54.68 68.74 2.10;0.5965 1 97.82 489.86 92.31 57.20 349.71;0.5389 1 629.44 529.50 63.49 38.90 340.26;0.4702 1 1181.28 796.31 55.57 52.98 3.66;0.4318 1 1298.45 529.65 42.25 56.22 345.34;0.3357 1 1357.35 761.75 91.85 47.18 341.71;0.3171 1 941.52 85.96 49.57 82.58 350.38;0.2895 1 1232.42 795.08 69.81 44.96 341.49;0.2867 9 1538.19 527.38 36.71 11.80 354.75;0.2765 9 1656.98 527.15 45.32 24.32 353.94;0.2715 1 635.26 392.19 55.85 52.75 359.18;0.2583 8 875.54 594.75 63.87 33.63 5.80
v_uo0x6ym34a_0017,0.9645 1 1420.26 525.60 75.65 37.68 356.37;0.9565 1 934.78 965.31 34.74 82.66 349.20;0.9484 1 1420.79 291.43 90.44 29.04 349.86;0.9362 1 1116.37 192.38 71.24 32.12 353.14;0.9343 1 1590.66 523.53 77.93 39.71 358.26;0.9234 1 1114.88 494.64 65.73 43.47 1.01;0.9094 1 1417.35 562.14 99.45 30.70 341.46;0.8945 1 1176.47 290.80 68.93 34.45 343.34;0.8803 1 40.23 461.52 58.24 34.79 350.74;0.8788 1 871.82 323.11 77.94 49.11 349.28;0.8685 1 935.25 727.60 36.79 76.68 351.21;0.8607 1 1118.30 222.61 71.77 48.47 341.33;0.8597 1 1651.89 458.40 68.43 44.00 5.40;0.8164 2 1419.83 190.06 98.59 42.82 356.16;0.8153 1 1544.63 523.94 95.76 34.10 3.07;0.8072 1 753.53 256.64 66.12 42.30 354.35;0.7623 1 1662.39 254.38 95.95 44.43 352.17;0.7524 1 934.65 460.05 42.81 55.50 332.65;0.7414 1 937.63 932.82 30.46 82.76 358.45;0.7331 1 1178.75 591.73 79.53 37.54 355.70;0.7216 1 1120.61 255.14 73.04 41.15 358.15;0.7208 7 939.41 526.77 58.45 71.70 354.32;0.7177 1 1062.59 1032.16 53.02 82.65 359.33;0.7176 1 933.14 995.01 40.70 74.21 2.75;0.6996 1 935.78 558.02 62.52 55.15 355.94;0.6846 1 930.07 426.26 60.45 64.09 356.60;0.6703 1 822.52 322.35 87.39 32.60 346.85;0.6645 2 1469.08 190.20 112.23 46.02 356.29;0.6620 1 100.52 1067.80 63.16 30.96 353.06;0.6436 1 1783.52 526.32 84.63 32.34 356.12;0.6321 1 1469.28 525.36 74.10 44.82 354.56;0.6255 1 1833.07 526.20 82.28 49.72 358.75;0.6193 1 690.33 84.61 76.10 31.28 338.52;0.6085 7 940.53 492.65 46.24 60.59 354.08;0.5839 1 935.33 696.86 32.14 77.38 346.25;0.5714 1 150.53 1067.89 66.48 35.24 343.09;0.5513 1 394.44 224.98 86.07 33.67 351.44;0.5431 1 274.52 1066.21 77.60 39.34 349.00;0.5383 1 1234.71 256.59 59.83 46.08 353.65;0.5380 1 1469.15 293.57 87.71 36.72 350.01;0.5195 1 1299.85 291.05 86.50 36.08 346.26;0.5090 2 1712.46 254.41 91.82 48.55 355.86;0.5072 7 1834.61 561.91 121.76 49.38 350.19;0.5058 9 998.13 359.18 37.26 25.46 347.79;0.4993 7 1176.41 256.23 76.68 56.98 357.85;0.4971 1 642.46 86.59 72.06 38.95 339.19;0.4947 1 456.14 1067.03 70.41 31.21 347.23;0.4855 1 337.42 1067.99 75.46 31.99 348.14;0.4838 2 1601.20 458.80 88.81 42.37 357.62;0.4787 1 332.26 461.70 85.78 37.97 351.40;0.4688 7 517.01 90.88 87.90 51.84 352.97;0.4633 7 1717.62 225.80 74.84 35.80 355.20;0.4559 1 1235.23 291.48 91.87 41.92 351.73;0.4524 1 518.10 1066.66 86.35 35.16 352.80;0.4256 1 1058.97 830.77 66.40 55.60 340.80;0.4089 7 457.56 120.75 104.79 47.30 356.68;0.4068 1 702.63 255.65 85.57 34.52 347.81;0.4018 1 1780.33 561.47 102.07 29.47 351.05;0.3922 2 1114.94 119.53 76.00 48.80 358.01;0.3900 1 880.93 425.79 68.58 42.62 351.33;0.3876 7 517.22 119.92 94.72 47.63 0.80;0.3817 7 1354.22 253.80 75.62 49.63 0.11;0.3791 9 697.69 359.20 55.86 14.92 345.79;0.3759 1 1061.44 190.24 69.71 25.25 355.01;0.3710 9 1236.66 359.86 61.62 18.67 349.40;0.3564 9 634.37 997.61 39.38 12.70 352.84;0.3548 1 38.11 490.53 58.73 36.69 347.15;0.3538 9 576.80 359.74 57.68 16.84 343.72;0.3498 9 1176.82 360.07 54.66 16.88 347.83;0.3472 9 396.48 254.23 58.93 24.90 345.19;0.3322 1 884.03 558.65 61.80 44.58 354.69;0.3292 9 818.12 460.34 53.07 15.76 348.84;0.3274 1 1594.99 493.51 57.28 22.25 348.03;0.3246 7 1475.96 1002.97 68.58 37.84 342.60;0.3242 1 570.89 119.39 74.74 41.10 350.06;0.3139 1 394.84 1067.96 79.95 31.92 345.16;0.3129 9 1538.05 359.86 44.43 12.21 335.33;0.3122 9 575.92 390.22 46.09 14.38 343.37;0.2998 9 1659.07 225.04 71.74 18.90 351.29;0.2806 1 571.57 1066.61 61.73 31.10 348.28
v_drmwv7yc7f_0014,0.9689 1 1833.40 459.80 93.22 42.69 356.85;0.9464 1 1238.54 459.96 59.74 46.99 0.96;0.9358 1 1836.03 523.92 99.74 51.08 10.25;0.8921 1 996.03 629.23 36.54 85.53 350.95;0.8804 1 1712.39 459.38 72.00 48.19 5.64;0.8630 1 996.23 659.57 43.16 87.93 358.01;0.8054 1 936.53 729.45 40.08 76.11 351.87;0.7815 1 934.80 222.49 37.28 77.62 4.08;0.7796 1 37.58 595.03 39.25 68.16 0.07;0.7784 1 881.54 392.25 58.63 43.75 357.98;0.7724 1 996.22 899.02 32.02 68.07 359.45;0.7514 1 1782.95 459.24 67.35 41.49 10.34;0.7494 1 1661.00 458.28 64.89 40.89 5.70;0.7287 1 938.26 762.02 50.77 81.34 356.39;0.7128 1 1115.68 460.29 49.95 75.98 5.63;0.6950 1 1898.70 591.39 41.49 50.10 19.17;0.6925 1 1539.83 458.63 64.03 38.26 1.13;0.6893 1 996.04 1034.04 27.43 94.04 357.39;0.6847 1 1480.27 391.56 84.44 39.64 359.97;0.6836 1 1900.70 524.95 31.60 46.73 19.87;0.6693 1 37.02 562.59 36.09 54.31 359.24;0.6555 1 1595.28 458.91 61.37 41.09 354.17;0.6545 1 938.06 191.79 31.52 75.68 10.62;0.6534 1 1472.98 460.32 64.68 53.34 3.91;0.6351 1 995.98 596.56 31.93 78.51 0.22;0.6314 1 1834.85 393.23 83.51 34.40 344.58;0.5988 1 937.15 697.04 21.56 59.99 349.73;0.5811 1 934.80 933.21 24.59 77.82 0.81;0.5738 1 1054.87 426.44 81.71 45.48 346.22;0.5537 1 994.15 1064.45 27.60 50.29 357.00;0.5537 1 935.11 966.33 28.28 98.99 8.05;0.5428 1 999.92 424.61 60.25 49.57 355.95;0.5399 2 336.44 459.90 112.78 49.39 4.97;0.5199 1 816.89 864.09 47.06 60.55 21.19;0.5118 1 1475.43 494.14 42.71 54.74 355.42;0.5080 1 1782.43 525.12 48.94 36.28 18.79;0.5038 1 1901.94 459.01 24.36 35.20 8.31;0.4966 1 1718.12 591.65 52.25 68.51 1.03;0.4861 7 932.98 426.22 72.65 87.79 350.89;0.4651 1 1357.35 595.84 41.30 77.12 18.67;0.4607 1 1531.76 593.35 39.79 80.29 2.10;0.4457 1 994.18 190.37 20.96 60.23 8.14;0.4412 1 1837.64 493.66 40.42 42.98 6.03;0.4371 1 1420.40 526.08 34.57 64.38 1.19;0.4369 1 1118.38 491.61 38.81 67.36 5.95;0.4366 1 397.19 493.51 60.84 47.48 355.11;0.4352 1 994.97 290.48 28.06 62.20 355.05;0.4273 1 1658.66 592.05 51.01 75.56 2.24;0.4197 1 390.54 461.61 117.25 43.21 352.75;0.4077 1 159.20 494.62 63.96 50.18 359.33;0.4021 1 641.57 461.57 72.06 38.76 350.42;0.3891 1 936.84 525.19 41.28 68.24 13.55;0.3862 1 520.38 494.25 50.95 80.25 1.53;0.3786 1 1058.56 794.52 55.46 56.51 1.27;0.3684 1 995.93 864.71 32.20 93.66 357.83;0.3679 1 1420.09 459.16 69.27 45.86 3.21;0.3622 1 994.12 1000.68 27.62 96.72 354.74;0.3609 1 997.22 392.14 37.43 46.97 352.87;0.3579 1 1716.96 424.58 66.90 50.73 8.59;0.3571 1 1535.88 391.87 91.08 39.61 347.96;0.3562 1 1115.71 527.25 31.27 75.01 12.86;0.3339 1 1418.83 492.89 31.67 44.33 357.54;0.3239 1 997.03 53.97 37.97 58.66 3.65;0.3238 1 1778.12 393.24 82.05 32.59 3.64;0.3202 1 992.62 221.55 26.19 76.59 0.26;0.3129 1 1058.63 561.04 21.87 57.98 7.83;0.3124 1 1537.03 426.87 49.01 55.18 355.33;0.3051 1 937.17 796.17 28.60 85.28 1.35;0.2996 1 997.14 86.40 45.67 85.77 14.63;0.2800 1 1598.81 629.65 34.88 67.04 359.35;0.2748 1 213.99 524.04 61.11 55.13 346.44;0.2689 7 1720.26 393.02 78.21 37.41 354.89;0.2681 1 277.42 558.36 41.96 60.22 6.70
v_vcn6ydcvfw_0014,0.9718 1 1240.58 525.89 86.79 33.06 353.60;0.9713 1 1660.27 528.79 76.44 32.92 354.03;0.9529 1 574.28 522.89 59.21 56.31 34.00;0.9477 1 1353.91 594.75 75.07 39.28 354.79;0.9347 1 157.46 493.03 72.09 42.38 359.87;0.9273 1 1000.64 394.64 28.03 67.04 354.99;0.9230 1 1422.24 526.70 78.20 38.09 5.87;0.8916 1 994.35 255.59 28.88 102.39 1.74;0.8827 1 1473.65 527.16 66.58 38.30 6.88;0.8759 1 929.65 563.46 65.43 45.43 351.67;0.8718 1 1000.29 423.59 36.01 68.11 346.67;0.8635 1 1782.40 592.42 67.64 47.87 11.21;0.8521 1 34.56 493.19 51.27 38.33 0.68;0.8439 1 881.90 563.35 74.94 36.25 351.01;0.8438 1 1478.67 591.26 63.57 45.16 5.37;0.7732 1 1597.21 595.15 72.48 50.21 6.98;0.7336 1 576.90 495.20 40.32 114.62 61.67;0.6795 1 1000.43 88.19 31.29 85.18 5.28;0.6318 1 1292.68 527.34 91.52 43.40 351.49;0.6054 1 880.09 590.29 67.94 33.61 347.73;0.5603 1 934.22 797.42 36.13 80.66 354.99;0.5317 1 1301.33 593.93 61.29 42.66 353.23;0.5133 1 933.38 965.49 42.05 71.70 4.01;0.4667 1 934.38 358.27 31.18 63.53 13.40;0.4526 1 1000.34 1033.40 30.84 72.43 350.27;0.4319 9 994.16 528.09 45.30 18.85 3.56;0.4219 1 938.04 391.48 32.78 56.26 6.50;0.4068 1 454.24 797.28 35.96 114.94 11.79;0.4062 7 1296.07 561.03 42.36 46.46 355.68;0.3985 1 1657.91 556.34 60.35 39.26 7.10;0.3794 1 1063.45 190.32 25.73 74.19 5.01;0.3743 1 1479.60 561.93 59.02 28.40 345.13;0.3379 1 996.73 1066.11 26.19 37.59 335.25;0.3344 7 997.18 456.11 35.62 43.51 357.57;0.3208 1 1057.20 1065.78 23.48 49.27 353.43;0.2848 1 1711.11 529.78 61.27 30.42 351.46;0.2723 8 816.56 528.08 52.41 20.90 359.16;0.2507 1 1052.46 391.91 36.34 70.51 344.20
v_jic85cuptx_0010,0.9661 1 1712.71 592.51 85.90 45.10 351.54;0.9609 1 1472.06 153.74 90.22 45.74 351.16;0.9379 1 816.58 523.12 77.22 46.23 352.92;0.9266 1 1056.91 1001.14 34.46 72.97 343.05;0.9247 1 580.59 523.93 88.63 43.76 355.54;0.9216 1 1421.99 153.42 93.32 37.42 350.87;0.8382 1 1531.98 627.88 89.09 41.40 351.31;0.8379 1 1291.45 291.86 72.87 44.30 356.39;0.8263 1 1056.95 1028.20 65.43 72.95 349.36;0.8232 1 1292.69 629.07 71.98 44.43 342.94;0.7699 1 817.01 496.19 70.32 41.63 345.30;0.7080 1 1481.17 627.36 103.93 39.72 351.28;0.7071 1 998.71 967.30 34.34 41.81 3.68;0.6710 1 1896.66 627.60 62.93 37.91 5.43;0.6464 1 1662.38 591.42 102.07 37.11 345.48;0.6119 2 1055.09 461.09 79.36 37.17 349.17;0.5936 1 1056.98 898.75 38.17 68.12 357.03;0.4869 1 1242.05 290.79 67.75 30.19 353.38;0.4724 1 1000.95 998.68 41.88 77.24 9.21;0.4328 1 629.69 524.23 78.68 50.48 343.91;0.4256 1 1120.53 896.99 44.01 57.73 6.02;0.4158 9 815.57 424.06 36.02 13.61 349.34;0.4104 9 1115.10 257.23 58.39 22.97 354.43;0.4065 9 637.92 423.74 47.93 16.46 348.25;0.4016 1 1055.93 967.20 41.97 55.50 354.14;0.3732 1 1296.60 120.50 51.23 25.63 349.61;0.3689 1 1057.57 929.31 41.69 81.74 1.46;0.3585 1 1000.49 1030.98 50.96 57.57 358.99;0.3507 9 1295.24 424.88 49.05 18.47 348.05;0.3404 9 396.74 423.19 51.62 18.35 352.04;0.3279 9 694.15 423.67 45.72 15.01 344.30;0.3069 1 1113.63 290.45 60.43 33.39 357.50;0.3032 1 1112.67 358.69 52.64 46.17 1.04;0.2924 9 1296.28 155.50 57.64 20.03 349.66;0.2906 9 397.14 393.86 70.08 20.66 350.29;0.2849 9 931.99 526.50 31.60 15.42 0.08;0.2818 9 155.33 494.27 51.40 22.98 0.74;0.2696 9 1297.51 256.13 58.52 28.29 9.48;0.2620 9 1061.38 289.99 52.41 19.14 358.39;0.2569 9 875.87 391.91 52.02 20.36 353.61
v_jlm4the7d8_0027,0.9882 1 1297.88 360.27 82.21 32.22 345.53;0.9799 1 758.40 423.91 78.89 30.38 359.30;0.9783 1 1536.71 254.40 101.81 27.86 345.91;0.9747 1 215.70 461.81 66.98 36.49 353.04;0.9722 1 1419.68 525.36 79.16 38.19 356.08;0.9703 1 331.95 427.88 76.47 25.08 356.14;0.9678 1 884.02 424.29 73.27 31.90 355.68;0.9610 1 929.29 423.13 80.56 44.32 1.94;0.9596 1 273.63 388.03 87.79 33.59 352.11;0.9564 1 399.34 426.09 81.43 26.60 359.40;0.9524 1 1295.87 253.53 74.52 32.51 348.08;0.9455 1 692.16 361.89 98.42 40.88 352.05;0.9424 1 573.91 293.26 80.77 43.57 350.56;0.9414 1 817.30 494.48 55.46 46.30 358.93;0.9400 1 400.95 387.99 89.68 34.95 345.01;0.9380 1 1236.22 255.18 87.32 41.19 352.52;0.9370 1 1415.76 562.35 100.64 31.17 342.70;0.9337 1 1061.96 254.46 86.49 33.93 358.35;0.9330 1 398.60 461.93 70.22 28.65 356.23;0.9328 1 1834.78 253.37 74.74 63.84 346.40;0.9314 1 157.38 320.81 77.64 48.08 1.24;0.9310 1 1053.25 192.64 81.94 26.61 352.08;0.9209 1 157.29 293.86 64.82 36.48 349.20;0.9195 1 640.98 460.97 76.73 34.35 355.78;0.9162 1 991.02 293.00 74.42 34.29 358.57;0.9148 1 1780.75 289.80 82.35 26.96 349.83;0.9135 1 281.84 425.53 94.37 37.16 6.48;0.9067 1 934.64 830.42 32.24 91.36 356.60;0.9009 1 1180.45 257.23 72.05 38.73 4.23;0.8974 1 1590.14 523.68 73.21 46.83 353.50;0.8957 1 273.91 360.66 82.89 28.16 349.96;0.8884 1 397.17 488.10 81.66 31.66 0.69;0.8880 1 643.15 360.88 75.96 24.93 343.14;0.8863 1 689.68 461.90 62.61 30.04 4.25;0.8816 1 215.45 120.16 100.09 45.55 350.62;0.8815 1 937.91 389.18 66.13 45.33 350.50;0.8705 1 1177.91 591.92 89.88 40.38 352.95;0.8676 1 1111.80 255.95 88.09 36.28 354.72;0.8603 1 451.62 387.56 87.89 43.06 339.33;0.8452 1 934.59 862.45 38.32 78.56 359.84;0.8427 1 216.62 487.49 89.42 53.85 358.99;0.8423 1 1601.78 191.79 75.25 29.43 348.66;0.8410 1 35.58 425.62 55.51 37.35 6.28;0.8402 1 212.20 425.70 97.75 34.11 359.46;0.8388 1 1831.05 289.47 89.61 38.29 350.65;0.8362 1 1056.62 222.22 66.98 29.74 346.06;0.8354 1 937.12 360.81 76.55 30.94 348.69;0.8317 1 1172.49 292.19 81.31 35.71 358.63;0.8317 1 1654.75 224.21 60.95 47.22 353.61;0.8245 2 1471.63 191.40 73.77 29.72 359.02;0.7924 1 1896.66 188.85 61.11 27.52 352.98;0.7812 1 154.28 361.49 86.48 27.53 356.94;0.7700 1 821.55 522.57 50.37 65.07 1.93;0.7620 1 1544.89 524.12 101.11 34.07 359.86;0.7570 1 1590.65 291.32 73.95 36.80 350.08;0.7515 1 153.22 389.45 61.89 34.77 352.16;0.7368 1 941.45 292.04 79.35 34.54 358.04;0.7343 1 574.22 321.71 76.59 47.89 355.02;0.7115 1 1060.56 1031.50 61.16 65.21 355.15;0.7057 1 98.47 360.02 68.15 19.03 351.64;0.7032 1 158.92 425.25 83.66 30.69 1.76;0.6991 1 1000.55 191.70 95.88 31.16 0.64;0.6816 1 1780.90 255.35 57.24 52.33 348.28;0.6791 1 872.98 1030.77 51.43 68.24 350.30;0.6744 1 150.83 1068.12 67.37 34.63 344.86;0.6673 1 641.36 386.38 78.31 24.00 337.10;0.6670 1 1782.75 526.24 83.52 33.01 358.44;0.6591 7 575.50 426.03 78.64 28.71 1.38;0.6572 1 37.83 461.08 48.05 44.00 346.46;0.6495 1 399.38 360.52 67.26 21.70 350.30;0.6405 7 755.33 257.59 96.39 29.85 1.78;0.6387 1 450.19 423.06 55.75 37.16 0.29;0.6311 7 1835.37 561.67 122.44 47.65 351.09;0.6238 7 699.96 191.04 132.79 42.17 358.15;0.6170 1 1060.26 88.75 58.26 66.57 340.90;0.6140 1 220.54 388.12 59.97 23.42 349.18;0.6094 1 522.34 292.36 74.86 34.56 349.32;0.6057 1 691.44 388.34 88.23 42.54 346.10;0.6012 1 275.77 1066.41 74.07 37.23 350.22;0.5985 1 35.63 489.38 57.98 54.31 9.45
v_4lwre1hk2i_0029,0.9847 1 812.29 356.24 64.91 51.33 3.13;0.9777 1 936.00 292.55 72.79 23.49 346.76;0.9708 1 697.89 522.64 91.20 42.63 350.61;0.9700 1 1652.22 490.61 85.54 54.00 356.58;0.9693 1 633.88 460.68 68.87 34.35 2.54;0.9677 1 213.52 293.33 81.65 36.80 347.28;0.9643 1 933.88 561.83 53.90 63.66 352.04;0.9600 1 1359.06 424.64 76.61 34.49 359.98;0.9565 1 762.61 355.37 75.41 33.01 356.32;0.9428 1 873.48 459.30 54.52 39.49 1.98;0.9416 1 1062.91 355.09 84.56 35.73 355.16;0.9391 1 934.58 422.76 72.19 43.88 8.30;0.9371 1 934.17 661.63 33.25 74.28 23.41;0.9315 1 1110.18 356.26 58.04 58.71 358.40;0.9304 1 571.63 494.12 66.62 34.84 348.03;0.9299 1 872.10 493.85 66.72 44.04 0.19;0.9289 1 1112.40 461.22 60.93 45.26 359.19;0.9271 1 754.67 422.54 99.73 35.91 356.27;0.9262 1 1300.45 353.75 81.95 44.93 1.14;0.9237 1 698.37 496.90 62.17 31.27 344.53;0.9108 1 1531.06 626.67 89.60 46.46 351.99;0.9035 1 339.38 356.15 102.27 35.55 351.73;0.8960 1 1711.34 592.15 78.51 55.48 351.64;0.8949 1 1056.02 899.88 31.80 72.66 0.72;0.8875 1 331.53 495.68 75.83 39.61 354.99;0.8695 1 755.40 1065.36 68.36 37.49 349.57;0.8682 1 1482.36 625.86 101.65 42.70 352.73;0.8433 1 636.53 292.32 87.58 37.33 353.76;0.8397 1 150.55 460.53 54.88 27.76 1.41;0.8390 1 511.64 422.65 111.06 38.27 345.18;0.8348 1 398.01 459.71 98.32 32.75 353.17;0.8323 1 1291.75 628.79 66.50 48.89 347.48;0.8221 1 1052.13 931.43 44.01 88.53 9.64;0.8201 1 41.53 423.12 70.19 36.94 0.83;0.8145 1 1603.27 489.94 88.63 43.11 356.88;0.8119 1 211.21 420.90 88.02 34.33 347.08;0.8052 1 1001.94 932.01 30.83 76.26 14.61;0.8049 1 1662.25 590.87 94.20 39.90 349.79;0.8021 1 1895.63 626.49 73.53 44.89 3.88;0.8014 1 100.15 492.95 48.45 45.27 348.97;0.7969 1 999.73 964.95 24.65 83.50 4.47;0.7715 1 881.64 425.06 48.67 43.07 1.74;0.7690 1 701.08 421.76 112.71 34.53 2.81;0.7646 1 1353.57 253.87 85.74 65.06 355.08;0.7632 1 281.48 256.89 85.96 26.86 349.71;0.7454 1 822.52 494.37 59.98 29.39 349.01;0.7450 1 461.17 422.35 85.47 29.57 355.23;0.7419 1 340.50 1064.95 80.43 36.28 345.86;0.7391 1 330.53 256.56 75.13 24.21 335.73;0.7351 1 101.19 459.92 54.58 54.17 357.14;0.7312 1 991.99 256.21 56.95 44.30 343.18;0.7268 1 1897.00 255.37 58.51 49.70 351.33;0.7234 1 1355.41 227.23 81.14 36.71 344.66;0.6936 1 392.34 1064.27 79.83 39.51 340.18;0.6918 1 152.72 494.52 50.57 49.28 355.17;0.6532 1 162.68 422.89 73.75 36.51 2.17;0.6404 1 280.74 495.12 63.69 31.44 351.15;0.6344 7 1422.32 290.19 159.29 71.75 12.90;0.6277 1 998.13 998.53 33.06 78.22 4.83;0.6227 7 1299.28 291.69 86.42 41.00 356.95;0.6218 1 95.61 1036.53 81.83 48.76 337.30;0.5987 1 583.27 459.84 57.46 32.59 7.30;0.5910 1 95.10 1063.44 67.18 36.51 0.78;0.5742 1 935.82 692.82 38.08 58.87 4.32;0.5484 7 1360.57 290.21 137.35 83.91 2.21;0.5409 7 879.88 257.93 116.03 31.51 356.41;0.5385 1 934.98 591.00 31.76 76.79 5.85;0.5375 1 33.46 459.79 41.41 29.46 349.94;0.5355 1 1898.49 355.93 44.87 40.75 3.95;0.5306 9 450.27 459.91 55.16 12.26 353.06;0.5263 1 1064.15 459.62 81.65 30.00 359.32;0.5091 1 1113.18 324.93 41.34 78.78 358.84;0.5088 7 1775.82 325.81 66.88 72.00 353.22;0.4993 1 89.74 425.38 81.16 49.47 349.22;0.4769 1 97.59 523.02 59.60 48.06 347.42;0.4743 1 692.29 292.30 60.14 30.61 353.52;0.4737 7 1539.43 290.07 146.99 54.81 30.70;0.4651 1 38.39 394.83 66.70 32.70 346.06;0.4647 1 1352.65 354.50 90.41 39.78 348.39;0.4520 1 1780.63 290.04 58.12 61.67 358.79
v_ow21xl0j8b_0014,0.9305 1 1537.98 595.50 82.32 42.41 3.25;0.9229 1 1659.90 527.78 72.82 43.38 10.17;0.9188 1 880.94 394.32 94.31 32.64 351.38;0.9088 1 930.60 395.37 81.50 38.37 347.09;0.9063 1 338.04 389.87 77.75 46.77 5.70;0.9044 1 819.53 122.34 56.57 51.01 355.65;0.8918 1 691.10 462.74 81.24 47.26 351.16;0.8703 1 1832.47 595.16 83.47 45.23 350.83;0.8663 1 1241.89 999.69 48.93 72.24 349.85;0.8386 1 1051.84 1031.35 50.19 53.83 350.94;0.8310 1 873.21 89.28 59.86 47.28 350.69;0.8306 1 1714.29 592.39 81.06 43.49 9.14;0.8149 1 460.35 387.66 93.19 37.47 352.75;0.7926 1 1712.72 528.39 60.56 42.88 2.99;0.7891 1 820.09 88.83 42.34 44.00 10.00;0.7891 1 1410.80 592.83 78.31 51.65 358.20;0.7654 1 641.47 461.41 94.57 37.24 356.27;0.7534 1 871.38 123.70 53.96 58.24 354.76;0.7301 1 39.89 390.51 73.18 37.62 354.75;0.7282 1 1051.34 828.88 40.26 70.64 359.39;0.7136 1 1120.15 897.90 30.07 99.76 346.69;0.7113 1 458.55 362.17 77.56 28.98 347.67;0.7105 1 1180.48 592.80 89.06 44.73 354.87;0.6136 1 631.93 592.08 83.47 47.81 345.80;0.6061 1 1232.33 593.64 84.92 46.09 346.01;0.6055 1 881.22 421.47 84.23 22.67 352.07;0.5936 1 1004.27 827.85 52.73 61.35 350.23;0.5649 1 1176.13 53.02 102.06 48.55 7.75;0.5548 1 511.74 591.71 82.86 52.68 346.15;0.5388 1 1363.16 593.10 75.66 43.77 2.39;0.5276 1 1602.46 527.04 64.08 40.16 3.52;0.5103 1 692.46 488.65 81.68 53.78 355.17;0.5103 1 1782.94 593.75 69.66 39.02 3.77;0.4964 1 641.26 488.64 81.59 29.25 353.19;0.4781 1 1717.12 561.09 43.02 30.02 356.28;0.4734 1 1840.65 256.38 32.19 96.01 346.67;0.4408 8 1054.01 526.62 59.46 31.34 0.74;0.4159 1 1055.16 796.61 32.97 113.69 3.32;0.4137 1 1118.23 928.47 43.40 70.88 355.17;0.4051 1 157.69 391.61 75.10 32.96 348.55;0.4050 1 461.65 592.31 90.65 47.29 355.71;0.3900 1 1836.88 286.24 44.38 74.91 4.95;0.3706 1 1240.02 1028.71 51.06 88.12 356.98;0.3667 1 932.01 421.21 76.77 38.75 5.74;0.3618 1 815.09 152.48 37.34 42.29 351.46;0.3617 1 1717.33 122.45 74.55 40.36 356.51;0.3498 1 94.84 391.15 103.41 35.51 341.32;0.3425 1 1122.49 51.92 71.69 60.73 359.13;0.3217 1 1056.25 763.68 49.06 69.90 356.10;0.2734 9 936.88 628.68 46.47 22.05 351.01;0.2730 1 1664.76 592.85 49.49 32.42 1.01;0.2707 1 1004.54 1029.97 46.87 62.49 354.23;0.2581 1 934.84 357.55 41.36 38.46 347.32;0.2516 9 1418.64 426.51 40.22 13.02 353.04
v_uvlv5b63tq_0001,0.9631 1 157.93 525.46 66.32 40.36 5.58;0.9416 1 939.38 358.11 36.48 73.65 17.65;0.9300 1 1781.54 523.62 89.49 43.52 0.45;0.9100 1 1833.04 524.22 93.23 47.71 358.03;0.9075 1 995.02 896.14 47.72 65.90 338.82;0.9058 1 160.64 561.83 86.30 37.89 345.72;0.8914 1 938.47 219.45 31.86 95.70 359.75;0.8640 1 995.88 359.66 28.57 78.51 358.54;0.8605 1 937.80 389.59 39.38 59.96 4.54;0.8328 1 1299.22 592.94 87.58 41.60 356.60;0.8291 1 1895.21 593.19 65.28 45.90 1.21;0.8284 1 453.04 560.87 58.50 60.96 39.57;0.8197 1 994.74 731.40 58.55 52.36 349.74;0.8005 1 1000.30 595.35 78.30 39.62 351.63;0.7719 1 996.48 1032.06 43.64 78.75 345.78;0.7618 1 752.72 291.65 35.12 73.43 16.18;0.7612 1 996.04 390.30 37.82 66.44 1.20;0.7469 1 160.77 590.44 45.89 47.82 11.18;0.7289 1 941.96 760.66 37.68 59.13 352.66;0.7280 1 404.78 559.06 61.66 50.83 29.00;0.7223 1 1423.69 592.20 64.88 42.48 0.06;0.7115 1 941.03 730.58 50.95 48.82 348.38;0.6602 1 994.28 761.33 59.63 56.19 340.49;0.6600 1 879.38 827.81 49.94 92.94 336.65;0.6309 1 881.01 798.67 35.61 76.36 348.32;0.6062 1 998.24 866.68 31.36 90.15 337.71;0.5249 1 814.52 763.24 27.63 68.69 354.14;0.5201 1 1778.74 495.59 76.64 28.35 353.86;0.5166 1 816.71 931.81 22.11 99.34 2.79;0.5074 1 1899.04 561.62 29.74 29.26 5.65;0.5047 1 876.99 963.98 41.28 110.15 334.57;0.4662 1 814.53 594.84 48.13 44.72 359.73;0.4555 1 213.16 563.17 57.60 46.17 359.77;0.4153 1 1295.05 526.33 48.91 40.82 1.25;0.4051 1 997.35 1063.41 28.70 59.18 347.32;0.3467 1 1000.98 696.11 45.25 66.59 8.97;0.3272 1 1471.30 591.40 92.84 54.88 356.39;0.3197 1 1056.87 1063.82 28.95 64.18 356.31;0.3192 1 1052.43 695.18 40.11 36.72 353.48;0.2949 1 1050.74 594.94 69.05 40.11 355.22;0.2778 1 1296.67 561.42 49.16 46.23 351.98;0.2701 1 814.63 830.56 22.26 116.19 5.42;0.2663 1 1591.79 592.20 75.87 51.08 359.36;0.2620 9 1116.35 628.68 47.84 18.40 351.96
v_jjnsr5u9r0_0004,0.9808 1 219.77 491.38 99.82 45.47 356.52;0.9639 1 271.04 491.71 73.41 42.22 345.93;0.9531 1 874.33 122.58 61.79 48.86 351.51;0.9430 1 34.81 559.00 49.67 41.77 4.85;0.9222 1 338.71 424.66 63.58 42.92 3.85;0.9212 1 872.33 156.70 70.84 54.08 356.79;0.9004 1 1234.41 598.05 73.94 50.61 351.21;0.8649 1 1055.03 1033.88 41.12 80.53 4.58;0.8550 1 1410.32 629.75 72.75 60.68 2.06;0.8327 1 1591.48 631.98 77.87 52.91 357.75;0.8057 1 1234.89 624.10 82.35 54.03 353.17;0.7960 1 633.03 627.61 75.80 51.70 345.68;0.7738 1 461.34 421.93 97.07 33.13 351.02;0.7525 1 1839.85 631.05 93.69 38.57 350.88;0.7281 1 576.78 494.96 68.43 34.64 353.72;0.7178 1 1054.89 863.07 37.06 101.28 351.29;0.7081 1 1776.90 154.75 67.48 39.90 346.22;0.6962 2 997.49 495.03 81.18 34.08 354.17;0.6743 1 819.83 156.29 41.08 46.19 12.38;0.6363 1 1053.72 1063.60 34.06 51.37 350.70;0.6194 1 217.31 425.48 73.66 38.15 0.09;0.6001 1 457.13 396.18 76.57 29.91 343.26;0.5735 1 1840.87 657.21 78.36 56.50 359.94;0.5413 1 1178.29 84.53 84.56 51.32 1.53;0.4510 8 1472.74 459.99 52.13 27.86 356.41;0.4328 1 1048.91 494.35 74.66 35.90 354.09;0.4036 1 282.68 424.75 56.55 52.12 9.47;0.3983 1 936.91 21.51 37.57 46.45 352.62;0.3930 1 1053.11 892.39 39.01 64.20 6.33;0.3872 1 821.73 121.00 47.44 50.09 47.00;0.3749 9 816.48 527.50 49.29 16.59 358.88;0.3620 1 1542.26 658.67 74.57 34.97 5.41;0.3520 1 1593.44 657.86 64.72 63.35 7.53;0.3443 1 582.66 627.65 62.72 52.95 1.22;0.3397 1 36.97 528.48 40.46 31.46 343.04;0.3330 9 997.52 525.02 54.12 20.96 350.13;0.3318 1 1365.02 628.78 75.96 43.43 1.85;0.3227 9 815.12 559.10 51.16 21.09 5.12;0.3189 1 814.61 188.40 31.63 43.94 354.66;0.3109 1 275.99 458.75 44.75 26.09 345.59;0.2953 1 1893.78 658.93 85.76 52.26 6.14;0.2907 1 932.86 51.99 41.09 54.94 1.83;0.2802 1 1180.97 625.03 71.04 32.20 355.31;0.2796 1 1894.20 630.45 68.34 35.19 0.60;0.2763 9 1475.96 491.33 44.11 18.06 359.86;0.2751 8 1057.04 390.81 35.89 37.18 4.73;0.2652 1 1294.44 1063.97 31.14 49.05 354.68;0.2569 1 813.40 222.14 33.19 53.69 350.72
v_en1337d17s_0029,0.9748 1 458.10 590.46 96.76 42.59 0.25;0.9744 1 757.44 524.69 81.91 47.30 11.08;0.9695 1 576.08 524.22 51.33 51.27 43.76;0.9692 1 993.15 527.55 42.01 76.97 358.31;0.9313 1 157.24 495.01 84.41 44.23 0.70;0.8553 1 993.51 323.30 28.65 94.22 359.43;0.8310 1 1780.80 594.01 73.19 47.33 12.37;0.8186 1 992.21 557.12 42.93 59.36 0.96;0.8166 1 222.94 562.28 57.74 27.66 349.24;0.7821 1 35.02 494.11 52.01 39.21 351.11;0.7718 1 1598.40 595.68 104.16 46.39 357.53;0.7630 1 1475.80 593.08 72.38 51.82 3.91;0.7592 1 1352.49 596.56 64.06 49.02 355.30;0.7330 1 523.97 524.98 37.36 44.23 31.86;0.7057 1 939.05 356.49 40.80 65.30 12.00;0.6945 1 271.69 591.98 84.80 42.18 355.38;0.6837 1 456.16 563.63 71.81 31.76 356.70;0.6481 1 271.90 563.30 76.50 46.02 350.69;0.5080 1 1298.26 526.10 42.45 50.48 358.52;0.4859 1 995.58 186.59 23.47 65.96 14.16;0.4756 1 933.91 998.08 24.19 91.73 359.21;0.4736 1 995.10 291.87 30.69 83.01 6.73;0.4581 1 1057.00 88.90 20.65 85.62 2.69;0.4556 1 936.20 896.78 18.52 75.46 2.68;0.4181 1 933.30 829.79 37.68 87.54 359.24;0.4173 1 813.14 526.54 59.57 32.96 358.30;0.4047 1 882.55 828.61 45.57 71.94 359.37;0.3808 1 996.01 156.22 23.53 56.48 4.86;0.3715 1 156.22 523.14 54.73 30.27 19.86;0.3541 1 1062.38 221.47 22.10 85.77 351.34;0.3488 1 1060.74 254.70 33.49 56.82 351.42;0.3316 1 98.25 630.86 93.31 39.52 347.89;0.3294 1 1055.93 119.92 29.03 95.61 359.68;0.3205 9 222.68 589.74 64.35 24.00 9.31;0.3164 1 1301.49 594.66 65.45 54.44 4.03;0.2786 1 279.50 630.34 72.11 41.53 358.39;0.2653 9 943.44 559.07 35.75 32.35 0.72;0.2587 1 936.53 862.58 20.26 94.39 351.88;0.2549 1 934.19 1065.33 14.81 44.80 354.11
v_3hu5i340rr_0037,0.8520 1 93.60 459.75 85.88 41.91 350.77;0.5579 1 1176.11 526.38 48.08 57.88 343.31;0.4850 1 1234.30 797.77 56.42 49.67 346.74;0.4069 1 1298.15 492.55 54.32 33.48 349.45;0.3696 7 876.09 459.97 45.75 42.54 13.86;0.3246 7 876.33 426.22 42.77 64.07 24.48;0.3138 1 1174.97 558.32 48.47 47.16 355.78;0.2865 1 1416.28 660.51 59.52 57.10 351.32;0.2722 1 40.18 459.76 87.64 46.33 3.01;0.2530 1 1237.49 627.42 53.64 77.77 341.06;0.2528 9 876.83 562.29 50.02 19.63 0.44
v_kl82trymp8_0019,0.9691 1 1599.36 457.56 76.62 43.13 3.45;0.9675 1 1419.99 526.36 71.58 38.20 358.97;0.9663 1 95.43 389.44 79.14 36.07 348.93;0.9622 1 993.57 389.04 75.95 44.74 350.78;0.9595 1 995.70 864.91 34.46 72.89 354.82;0.9543 1 815.47 493.84 55.00 46.69 357.17;0.9496 1 934.51 931.35 37.37 70.83 1.06;0.9475 1 97.33 489.12 85.49 43.55 348.69;0.9384 1 576.42 361.23 77.06 26.40 342.38;0.9382 1 276.88 388.40 94.33 44.48 356.84;0.9381 1 512.77 424.63 91.37 29.01 355.06;0.9322 1 572.96 460.69 71.11 43.95 358.27;0.9318 1 334.77 459.30 52.69 49.24 356.63;0.9233 1 276.45 361.09 97.02 29.76 348.13;0.9064 1 577.16 386.90 78.05 38.55 343.35;0.9061 1 1173.38 360.92 87.38 35.66 353.97;0.9024 1 1178.57 592.53 87.84 36.04 349.34;0.8989 1 1474.49 422.48 76.65 44.37 3.80;0.8890 1 1417.96 562.24 88.82 32.96 341.63;0.8835 1 701.49 1034.99 93.35 37.12 345.62;0.8631 1 332.91 426.39 63.83 47.25 357.15;0.8587 1 1589.86 524.81 65.10 39.75 7.68;0.8582 1 96.57 462.52 55.80 42.16 342.82;0.8289 1 1544.74 524.70 87.97 35.30 8.88;0.8259 1 942.22 389.96 73.62 44.42 358.43;0.8102 1 34.76 427.17 56.50 31.76 355.68;0.7992 1 993.61 997.87 34.39 87.63 352.76;0.7883 1 938.11 963.31 37.53 89.08 5.83;0.7336 1 994.86 966.85 29.99 79.08 0.02;0.7177 1 1594.61 358.96 101.83 29.93 350.46;0.7049 1 939.33 899.02 31.57 58.88 4.55;0.7046 1 1469.84 526.11 68.81 46.18 357.49;0.6912 1 936.38 1031.80 34.70 74.45 2.50;0.6718 1 1414.73 590.42 56.76 34.74 355.33;0.6705 1 281.24 426.07 65.36 29.38 5.87;0.6350 1 823.70 797.67 82.73 34.33 24.95;0.6289 1 993.49 895.78 33.66 82.24 2.91;0.6205 1 151.19 1068.59 58.77 29.76 348.97;0.6178 1 517.57 1067.18 85.29 33.48 348.87;0.6134 1 1832.97 526.42 81.87 50.35 359.00;0.5913 1 1895.37 359.40 75.47 29.42 353.26;0.5607 1 1783.50 526.52 85.28 31.73 359.18;0.5495 1 815.79 523.38 48.88 52.29 9.47;0.5453 1 456.79 1067.60 69.66 29.89 347.40;0.5327 1 99.63 1068.53 57.51 29.87 352.97;0.5277 1 1649.50 457.80 46.30 38.37 3.44;0.5265 1 41.16 391.75 67.08 41.55 359.80;0.5218 1 996.44 359.68 64.60 31.87 343.99;0.5081 1 931.27 427.47 85.90 28.70 349.62;0.4848 7 1181.13 425.88 175.10 85.73 359.37;0.4838 7 1834.29 562.23 116.26 47.94 350.11;0.4619 1 1476.71 395.56 52.85 37.41 358.77;0.4445 9 1178.51 191.17 46.67 18.85 352.03;0.4284 1 1780.53 561.58 94.50 27.98 352.33;0.4235 1 451.97 489.78 69.88 45.66 5.97;0.4178 1 338.22 1068.67 76.79 26.71 347.70;0.4070 9 1117.61 391.87 54.95 15.97 353.08;0.4005 1 1063.50 1033.03 38.87 60.05 337.31;0.3769 9 635.00 998.48 45.31 11.73 352.98;0.3690 1 1540.95 359.36 81.40 31.05 354.45;0.3613 1 697.78 1064.84 70.00 41.85 350.91;0.3573 1 400.90 491.31 92.30 32.04 349.35;0.3494 1 1058.46 119.93 71.77 49.38 6.66;0.3487 9 996.93 256.54 46.41 17.76 353.83;0.3474 7 697.69 490.80 85.87 38.35 356.86;0.3281 9 816.73 358.43 42.89 13.92 352.05;0.3277 9 1655.46 561.92 50.52 16.49 351.65;0.3266 1 571.95 1067.96 58.50 27.12 344.95;0.3201 1 394.63 1068.93 81.07 27.89 345.22;0.3188 1 1058.56 831.66 60.75 52.67 345.02;0.3157 9 1178.32 257.07 48.91 18.01 355.33;0.3094 7 877.06 762.96 45.06 52.26 13.64;0.3072 7 1360.94 425.27 197.32 54.59 20.64;0.3068 1 452.64 460.33 48.72 34.59 356.06;0.3033 2 881.20 427.55 74.10 22.34 353.41;0.3025 1 1475.95 1031.35 69.59 56.78 357.88;0.3005 9 997.14 222.40 62.48 20.91 346.76;0.3004 9 816.64 87.82 44.89 14.35 342.84;0.2994 9 1177.39 221.80 46.08 20.10 359.11;0.2851 1 944.43 864.50 23.11 70.11 8.20
v_78pyb8w7m2_0014,0.6868 1 1181.59 796.02 54.61 50.93 357.72;0.6372 1 97.71 489.38 93.35 59.48 347.31;0.3671 1 1231.89 794.70 76.34 44.46 340.32;0.3508 1 1179.00 525.85 44.02 47.20 342.66;0.2999 9 337.17 527.96 50.37 17.45 354.06;0.2938 9 1657.42 527.08 46.35 24.33 355.61;0.2909 1 97.06 464.07 65.11 45.57 348.94;0.2809 9 1538.25 527.30 37.33 11.42 354.12;0.2766 1 1356.97 762.03 98.81 48.78 340.03
v_fvlzadc8cr_0019,0.9870 1 1538.04 528.18 82.14 37.82 4.05;0.9851 1 876.65 492.75 48.79 50.01 8.49;0.9780 1 1178.43 556.84 83.00 41.23 357.26;0.9584 1 752.92 560.04 73.23 49.05 4.47;0.9566 1 153.24 493.66 74.61 45.72 1.17;0.9390 1 1298.97 592.77 81.85 39.27 1.38;0.9230 1 452.68 561.20 62.72 54.51 17.02;0.9124 1 998.12 661.94 56.79 58.24 342.78;0.9037 1 996.25 693.67 57.81 65.62 348.91;0.8845 1 703.10 559.25 76.62 45.73 358.06;0.8729 1 1472.53 592.21 81.21 50.49 6.51;0.8599 1 940.29 898.81 26.91 87.27 323.32;0.8316 1 404.37 559.93 64.93 50.82 24.04;0.8283 1 941.27 1030.03 35.76 98.13 339.65;0.7908 1 1895.29 594.10 65.42 40.37 4.05;0.7244 1 1423.88 592.66 60.55 39.65 2.95;0.7110 1 1181.05 530.25 87.78 25.57 339.39;0.6542 1 1540.86 593.70 70.55 44.36 14.94;0.6342 1 1352.67 525.01 70.54 39.19 356.95;0.6152 1 879.54 827.91 44.99 89.75 340.26;0.5635 1 938.31 928.01 36.14 95.55 335.60;0.5507 1 881.44 797.88 34.92 80.31 346.01;0.5432 1 938.48 157.03 27.27 80.09 357.52;0.5235 1 879.75 964.57 30.60 91.44 343.12;0.4925 1 1593.55 593.48 65.89 41.79 1.69;0.4762 1 813.65 595.97 52.21 34.17 0.28;0.4478 1 1484.78 527.00 59.43 33.80 357.53;0.4297 1 997.70 1064.55 31.04 49.72 327.96;0.4125 1 1053.82 728.46 24.01 58.07 343.49;0.4038 1 999.30 630.89 60.19 34.57 354.81;0.3817 7 1237.27 528.19 117.24 58.62 353.30;0.3723 1 940.19 186.46 27.85 80.88 4.18;0.3683 1 993.22 154.83 27.44 68.66 358.35;0.3593 1 821.05 493.28 46.11 40.50 7.74;0.3590 7 1298.55 525.22 75.18 54.30 359.59;0.3486 1 880.41 357.55 32.92 53.84 9.88;0.3374 1 818.02 930.56 24.15 96.83 1.95;0.3336 1 937.25 728.03 29.61 38.23 344.51;0.3215 1 881.38 933.08 24.26 93.42 348.10;0.3139 9 873.69 523.87 63.62 24.68 348.31;0.2839 1 1055.62 1064.97 43.60 53.37 349.62;0.2780 9 818.03 525.99 38.42 21.06 0.41;0.2773 1 104.14 492.60 47.02 40.52 357.36;0.2695 1 754.67 290.91 43.60 71.61 12.16;0.2577 1 998.46 123.10 27.23 57.87 359.67;0.2550 1 943.06 693.75 35.34 41.37 355.87
v_ra8sg41vpt_0010,0.9778 1 1354.45 494.59 71.30 40.59 357.16;0.8669 1 1234.62 559.03 98.53 42.60 357.95;0.8321 1 1240.64 797.79 57.60 47.80 349.66;0.7889 1 96.08 489.41 74.93 58.13 346.74;0.7588 1 96.41 463.43 78.06 46.06 345.42;0.6631 1 224.63 527.04 85.09 38.95 358.59;0.6152 1 1304.62 493.72 56.46 49.88 3.64;0.5421 1 999.14 962.31 42.12 54.12 350.19;0.5262 1 1000.26 932.95 31.69 76.44 359.91;0.5135 1 276.00 527.77 75.83 46.00 354.03;0.4392 1 1295.31 595.83 32.56 72.75 355.13;0.4335 1 1477.48 627.74 55.49 61.19 359.68;0.3961 1 1177.65 862.89 38.30 87.71 16.78;0.3862 9 1716.01 527.08 55.60 28.21 358.64;0.3750 1 1477.00 659.81 76.46 40.34 350.89;0.3446 1 1233.59 527.89 42.47 41.41 337.03;0.3355 1 1180.22 558.16 77.08 36.16 358.23;0.3079 7 880.03 459.75 61.00 35.53 14.25;0.3012 9 934.35 493.94 34.27 13.89 348.77;0.2966 8 995.53 762.27 52.53 59.86 2.70;0.2925 1 1415.23 659.07 45.83 67.98 341.78;0.2718 1 1712.58 559.60 59.36 33.48 354.41;0.2546 1 1418.50 762.53 92.96 37.67 342.07;0.2506 1 1294.67 626.91 34.84 61.61 349.95
v_vcxc1bohus_0035,0.8343 1 92.98 462.29 81.21 44.58 344.76;0.7575 1 1180.04 557.54 86.40 38.38 354.00;0.5780 1 1233.32 560.19 72.22 62.02 358.28;0.5162 1 997.93 932.00 29.42 71.32 350.20;0.4161 1 1002.68 695.39 42.08 66.01 356.20;0.3872 1 942.27 53.31 41.52 102.47 357.57;0.3777 1 1234.14 795.25 65.54 41.18 349.58;0.3711 1 93.80 488.93 71.95 50.79 351.92;0.3446 1 996.62 962.10 41.68 59.99 347.25;0.3272 1 1360.26 627.02 58.09 55.74 350.86;0.2987 1 1296.92 492.43 40.20 34.83 357.47;0.2953 9 1658.92 528.29 57.37 32.01 352.41;0.2748 1 1413.50 629.00 40.07 71.36 0.28;0.2702 1 1478.00 597.60 62.23 40.96 359.31
v_cirth50shb_0007,0.9624 1 155.79 559.61 83.31 36.02 359.20;0.9473 1 36.17 559.39 59.69 38.44 3.28;0.9463 1 1775.85 560.98 73.38 52.75 15.54;0.9398 1 1541.79 559.16 64.03 49.34 23.25;0.9296 1 1595.98 492.90 74.27 51.30 7.38;0.9235 1 1411.48 495.83 75.07 42.29 359.19;0.9186 1 1361.38 494.74 85.16 37.66 359.07;0.9102 1 932.82 290.52 57.27 71.90 352.56;0.8977 1 1832.97 494.84 71.62 64.79 3.01;0.8910 1 1352.37 560.03 63.35 44.05 7.58;0.8713 1 1300.03 558.94 83.67 46.67 6.22;0.8707 1 457.74 493.63 121.75 43.03 0.87;0.8664 1 1121.48 494.16 59.35 48.84 2.04;0.8661 1 1113.65 559.25 64.62 47.65 10.58;0.8601 1 935.67 323.46 65.88 61.80 348.74;0.8396 1 1480.79 427.77 75.38 38.52 0.54;0.8383 1 212.63 494.95 83.93 55.92 0.27;0.8284 1 1782.66 493.61 70.24 33.91 351.92;0.7875 1 332.09 494.29 81.81 45.24 352.04;0.7669 1 760.57 496.44 100.06 39.86 343.55;0.7620 1 42.75 494.23 75.92 33.20 1.23;0.7568 1 1896.46 627.02 39.33 52.87 12.94;0.7487 1 1061.67 559.08 41.54 50.26 11.81;0.7369 1 998.53 626.91 37.26 60.28 7.16;0.7316 1 993.39 934.18 35.33 95.60 351.71;0.7210 1 1833.35 457.55 88.18 65.50 355.02;0.7019 1 994.24 1034.42 27.62 87.82 1.01;0.6976 1 1120.51 526.18 46.22 72.79 359.08;0.6966 1 90.80 495.18 114.46 42.10 347.28;0.6779 1 1478.16 457.19 69.55 47.60 356.01;0.6679 1 1715.77 627.89 46.93 52.65 15.31;0.6604 1 1593.04 560.25 57.16 56.53 22.18;0.6529 1 1778.73 525.83 43.74 48.72 2.65;0.6426 1 1058.83 730.64 35.06 54.58 348.78;0.6302 1 819.64 898.85 45.71 55.99 12.70;0.6295 1 1596.99 693.77 48.38 52.03 14.42;0.6270 1 938.16 797.16 55.54 64.89 1.51;0.6182 1 459.20 558.49 69.91 51.98 5.98;0.6147 1 935.87 556.73 34.60 76.33 14.69;0.6133 1 38.66 627.87 48.32 76.74 7.11;0.5887 1 98.78 560.55 74.98 42.60 9.34;0.5736 1 1657.48 627.13 50.14 51.92 8.29;0.5570 1 1359.11 523.75 58.46 43.07 357.56;0.5526 1 639.32 493.04 105.56 45.98 354.91;0.5478 1 994.46 797.18 47.34 63.91 359.08;0.5452 1 936.76 86.86 34.86 75.53 5.07;0.5360 1 1532.88 428.37 98.54 38.33 346.34;0.5294 1 1901.25 559.95 23.61 39.31 4.96;0.5146 1 997.05 695.56 31.92 74.75 0.68;0.5012 1 1778.97 457.16 112.16 55.50 4.17;0.4947 1 1599.57 458.35 70.50 58.12 4.53;0.4870 1 1414.67 524.96 75.78 57.34 350.35;0.4857 1 942.51 897.45 25.19 79.72 356.48;0.4676 1 575.17 527.19 46.00 28.25 11.51;0.4651 1 997.12 965.53 30.10 92.40 348.21;0.4562 1 159.11 527.71 57.93 32.50 358.79;0.4383 1 993.81 1064.12 29.72 50.36 356.85;0.4300 1 1056.30 459.97 60.88 52.25 350.69;0.4137 1 1058.56 829.97 51.24 51.57 353.84;0.4107 1 941.09 932.04 44.79 72.92 358.89;0.3971 1 936.59 54.41 33.32 77.03 358.72;0.3895 1 940.69 964.25 27.94 86.33 0.67;0.3738 1 1717.99 456.43 105.67 51.03 351.29;0.3716 1 937.19 525.87 30.74 83.55 7.52;0.3701 1 39.03 597.10 50.16 35.95 358.48;0.3672 1 995.23 662.42 29.05 79.48 357.42;0.3631 1 164.89 493.97 59.05 41.49 15.66;0.3611 1 1001.41 596.08 23.58 68.90 346.57;0.3555 7 640.26 561.82 108.06 105.25 34.56;0.3471 1 515.64 494.46 81.37 38.77 358.52;0.3464 1 937.93 1066.27 20.61 28.14 358.70;0.3424 1 402.48 493.86 72.41 39.25 9.63;0.3375 1 282.17 494.01 73.12 39.98 6.24;0.3283 1 993.97 897.51 43.16 96.05 10.56;0.3278 1 37.34 527.24 40.11 18.17 341.30;0.3260 1 213.38 526.29 50.59 46.23 5.24;0.3236 1 334.85 527.11 51.07 51.45 1.87;0.3073 1 1658.47 492.97 40.47 51.26 5.88;0.3027 1 280.46 559.09 45.57 48.86 4.08;0.3025 1 1723.47 558.71 45.09 52.50 11.24
v_bkrnhozz15_0025,0.9730 1 96.83 460.85 81.84 38.74 357.06;0.9189 1 816.36 151.60 61.96 40.26 351.85;0.8988 1 334.77 392.34 63.26 53.33 2.74;0.8468 1 819.07 122.93 41.82 53.35 348.46;0.8357 1 1538.88 596.83 74.61 38.50 358.70;0.8049 1 38.87 393.27 66.20 36.75 359.51;0.7947 1 1241.39 999.68 41.22 81.82 342.53;0.7781 1 820.40 89.65 41.93 42.65 10.54;0.7717 1 1050.79 1033.27 41.07 65.04 347.27;0.7696 1 157.02 393.09 54.95 38.77 358.20;0.7237 1 574.16 390.14 75.52 36.98 359.01;0.7103 1 1119.19 928.15 40.15 99.93 355.53;0.6810 1 872.86 89.71 63.92 50.98 353.36;0.6645 1 1240.34 1029.31 50.52 104.55 1.41;0.6626 1 1179.40 594.26 66.13 51.46 359.62;0.6598 1 1121.93 53.48 71.60 53.13 355.82;0.6167 1 461.18 592.87 92.38 49.80 359.07;0.6052 1 1410.99 594.66 62.99 48.35 354.07;0.5271 1 1002.29 828.89 61.37 66.13 346.75;0.4758 1 1001.55 797.11 48.55 70.21 351.39;0.4686 1 458.93 389.29 94.27 34.68 346.86;0.4611 1 518.54 390.10 116.23 39.95 350.66;0.4585 1 511.58 593.88 81.97 53.35 350.51;0.4425 1 875.68 155.46 61.32 47.23 349.65;0.4343 1 583.34 594.88 68.14 42.32 1.64;0.4063 9 1417.46 426.50 50.95 18.88 357.74;0.3958 1 1173.80 55.56 104.60 47.85 356.89;0.3509 1 95.29 393.87 78.02 40.22 354.79;0.3440 1 1232.56 594.28 61.35 51.11 350.64;0.3208 1 1363.47 594.50 52.01 47.02 3.76;0.3171 1 39.26 459.34 71.45 45.68 358.09;0.3124 8 1053.42 358.02 41.30 27.18 356.70;0.3062 1 873.13 124.08 35.11 65.16 355.05;0.3010 1 1840.03 256.40 27.79 103.94 355.11;0.2958 9 1655.37 561.04 48.23 22.91 6.82;0.2947 1 629.63 594.72 73.65 46.58 346.09;0.2711 1 284.51 391.29 53.15 51.08 5.80;0.2510 1 816.46 256.35 40.44 76.25 344.53
v_8x4x1xg6lj_0036,0.9639 1 278.06 494.77 125.47 43.44 354.42;0.9450 1 813.19 559.48 50.79 43.44 2.77;0.9384 1 997.30 729.41 53.72 53.04 356.28;0.9313 1 695.79 557.81 91.24 45.98 2.32;0.9307 1 639.12 494.14 115.32 34.36 350.34;0.9102 1 153.10 494.30 102.86 46.72 355.14;0.9051 1 400.49 493.81 82.70 43.09 9.96;0.9038 1 936.39 829.54 38.41 98.75 359.72;0.9020 1 457.15 557.45 88.42 46.91 0.43;0.8992 1 517.96 493.53 106.80 42.58 3.99;0.8967 1 994.56 629.03 30.49 95.54 1.38;0.8744 1 759.04 493.23 81.41 36.23 1.35;0.8709 1 577.74 556.15 105.06 42.83 357.28;0.8680 1 575.78 530.21 68.29 29.59 348.47;0.8661 1 997.38 357.55 56.18 53.76 352.05;0.8150 1 995.93 966.57 24.86 85.58 358.98;0.8078 1 335.48 558.51 68.02 47.39 6.58;0.8016 1 879.18 493.61 61.10 47.51 354.93;0.7991 1 1772.71 491.12 62.71 57.07 4.24;0.7845 1 998.74 762.95 54.81 70.14 355.96;0.7833 1 1895.05 492.23 46.47 44.77 8.48;0.7796 1 937.72 1000.56 33.59 70.70 1.91;0.7776 1 935.22 1032.21 46.69 73.44 352.93;0.7749 1 1600.80 492.43 49.83 47.44 2.11;0.7357 1 1651.21 492.38 47.13 49.11 359.79;0.7336 1 934.30 424.28 45.18 61.95 0.74;0.6925 1 995.79 597.73 31.00 80.59 5.20;0.6251 1 1176.31 964.64 17.04 93.24 12.10;0.6230 1 1118.33 493.89 32.68 72.42 16.53;0.6078 1 1061.14 827.51 56.72 55.26 350.73;0.6019 1 92.15 629.88 33.43 95.59 355.11;0.5976 1 41.03 628.40 39.42 69.74 10.28;0.5825 1 454.38 528.85 61.04 32.34 345.39;0.5738 1 1479.82 425.32 73.23 63.08 4.97;0.5622 1 1357.14 625.96 35.10 78.03 10.44;0.5393 1 877.58 459.60 60.10 45.05 355.54;0.5360 1 996.38 389.71 53.14 73.76 4.08;0.5066 1 1120.10 526.34 33.59 73.78 11.46;0.4992 1 1656.81 626.51 43.86 79.69 1.06;0.4969 1 936.02 392.60 25.14 53.17 359.24;0.4944 1 1840.32 423.60 104.97 33.75 355.03;0.4937 1 1421.30 427.38 45.01 46.03 355.89;0.4921 1 1111.85 728.58 41.31 61.53 358.08;0.4900 1 103.34 493.69 59.91 50.69 356.68;0.4763 1 937.68 53.07 37.59 70.34 6.09;0.4675 1 639.11 557.45 95.87 49.51 10.52;0.4631 1 935.88 1064.43 35.53 38.09 2.18;0.4620 1 816.88 460.32 67.73 41.20 359.53;0.4539 1 996.29 121.57 29.45 69.50 1.85;0.4477 1 761.46 557.97 95.72 42.78 4.47;0.4462 7 995.98 660.73 43.00 75.27 344.48;0.4399 1 994.77 1066.34 27.65 43.65 351.32;0.4350 1 156.52 526.63 54.17 44.76 351.50;0.4326 1 996.18 898.28 42.16 94.14 351.44;0.4295 1 1535.31 424.96 93.62 57.42 355.83;0.4277 1 457.10 493.52 93.63 40.61 11.38;0.4245 1 1174.80 527.54 36.48 76.90 3.61;0.4226 1 994.48 999.11 30.32 81.34 5.71;0.4222 1 1116.90 560.80 30.76 58.27 10.17;0.4099 1 1473.91 1032.48 47.86 77.26 6.68;0.4098 1 878.79 524.64 41.83 67.63 6.85;0.3870 1 1057.59 459.31 43.00 50.74 351.04;0.3803 1 35.19 527.93 35.29 31.15 350.57;0.3689 1 1060.78 729.16 50.53 54.93 8.66;0.3606 1 1420.78 458.02 49.27 48.86 359.30;0.3564 1 158.65 559.42 47.26 50.06 4.66;0.3431 1 1055.59 189.97 27.99 83.11 350.27;0.3405 1 1174.17 996.65 18.67 80.39 21.51;0.3379 1 942.66 628.43 29.84 57.79 3.00;0.3371 1 939.18 895.55 36.09 74.96 8.48;0.3331 7 1721.83 425.74 89.03 36.92 0.61;0.3267 1 39.15 595.71 39.74 47.63 2.91;0.3225 1 1655.92 425.25 72.37 41.12 346.32;0.3195 1 1897.21 54.50 38.21 74.05 12.06;0.3107 1 1718.58 624.30 43.12 67.93 355.09;0.3076 1 1724.32 490.45 38.44 50.86 15.46;0.2980 1 1057.83 798.34 36.69 52.22 338.31;0.2940 1 934.75 458.39 43.20 64.87 4.47;0.2883 1 996.86 153.53 26.80 60.72 9.25;0.2860 1 36.25 558.95 36.25 35.72 358.10
v_s7crh5bdy2_0011,0.8209 1 1179.53 557.55 92.98 36.07 352.23;0.8148 1 91.64 462.09 80.75 44.16 344.00;0.7609 1 1235.09 797.05 56.35 48.74 351.00;0.5564 1 1233.37 560.15 82.45 57.97 355.34;0.3884 1 998.48 963.40 36.82 71.86 349.16;0.3322 9 399.58 492.30 42.98 19.30 347.23;0.3053 9 1659.39 527.72 47.50 24.44 353.42;0.2983 1 941.72 53.09 40.72 98.09 357.84;0.2658 1 93.20 489.01 67.18 45.69 353.66;0.2651 8 991.90 762.79 57.12 88.02 351.45;0.2630 7 39.53 462.06 75.62 42.88 2.69;0.2507 1 39.07 490.66 68.13 43.73 350.23
v_38e4ejn0c6_0048,0.9701 1 999.53 392.45 26.06 68.38 358.29;0.9688 1 996.57 423.93 39.56 59.04 354.59;0.9625 1 399.73 529.50 66.46 37.76 357.56;0.9603 1 1721.93 491.85 69.92 37.71 5.13;0.9290 1 1300.73 523.89 77.82 43.51 2.22;0.9264 1 161.46 558.94 85.21 46.41 3.57;0.9141 1 1771.64 492.49 74.42 36.94 346.30;0.8029 1 996.85 253.41 26.41 80.08 3.10;0.7865 1 1352.97 524.36 73.60 44.49 351.38;0.7765 1 213.24 559.79 74.24 45.36 3.05;0.7528 1 1299.49 495.38 62.01 53.94 353.55;0.7520 1 997.40 996.91 27.96 80.28 2.36;0.7402 1 1054.24 829.98 31.25 92.00 356.60;0.7397 1 1833.35 564.08 105.14 40.13 344.50;0.6992 1 1355.56 591.66 62.00 44.72 356.64;0.6923 1 995.61 223.32 21.07 95.92 354.51;0.6914 1 453.66 764.64 47.32 99.24 2.56;0.6803 1 871.50 594.89 53.13 45.12 354.85;0.6448 1 1600.08 592.99 77.51 57.71 3.38;0.6360 1 34.18 558.32 48.55 42.18 359.17;0.5663 1 455.64 797.28 35.64 110.22 9.72;0.5327 1 936.90 325.98 27.01 63.12 9.88;0.4842 1 937.73 355.71 31.33 70.83 6.73;0.4731 1 997.37 966.64 21.73 83.20 352.95;0.4634 1 1421.76 561.84 69.56 59.73 1.54;0.4517 1 399.21 557.02 78.68 40.61 9.79;0.4292 1 1115.81 1062.79 23.90 69.35 355.45;0.4099 1 934.57 796.14 35.42 73.32 359.75;0.4004 1 215.07 625.19 68.03 37.36 356.16;0.4000 1 942.26 187.75 33.44 68.61 353.82;0.3937 1 1057.30 358.48 26.93 68.74 351.74;0.3788 2 1472.75 562.71 87.48 56.69 352.09;0.3745 1 1058.88 695.37 42.78 61.68 341.47;0.3598 1 1059.25 728.11 32.98 65.15 340.24;0.3586 9 817.59 493.36 36.79 19.90 355.62;0.3479 9 1899.12 527.69 41.19 23.97 11.06;0.3453 1 937.84 965.20 31.69 121.67 2.92;0.3391 1 939.53 998.14 20.92 102.53 6.12;0.3293 1 280.45 626.84 102.63 37.32 350.82;0.3149 1 935.68 1031.10 19.97 77.84 6.47;0.2901 1 97.31 625.08 73.23 32.62 346.20;0.2768 1 934.45 119.90 64.72 60.28 358.31;0.2746 1 1005.86 827.92 25.36 73.10 338.32;0.2666 9 817.68 526.46 39.07 20.11 2.54;0.2633 1 1300.18 592.35 53.46 50.31 357.11;0.2632 1 816.79 562.01 56.39 29.70 357.65;0.2502 1 1420.11 593.57 55.68 55.26 351.94
v_ogseyflsei_0017,0.9443 1 875.47 122.59 65.37 50.43 352.51;0.9253 1 872.18 156.70 70.92 51.35 355.91;0.8969 1 337.39 424.09 76.40 40.67 0.04;0.8825 1 1234.13 598.24 77.67 49.79 350.04;0.8540 1 1054.92 1034.04 39.90 80.58 4.80;0.8528 1 1410.13 629.78 72.96 60.99 1.64;0.8520 1 1777.09 154.50 73.16 37.25 348.03;0.8399 1 92.88 429.51 80.87 44.16 346.99;0.8261 1 1234.72 624.29 84.82 53.71 352.91;0.8171 1 461.32 421.66 100.20 33.61 351.24;0.8040 1 632.53 628.16 82.85 48.49 347.24;0.8032 1 1591.11 631.99 74.97 54.42 358.18;0.7004 1 96.17 455.35 77.41 57.37 346.04;0.6894 1 1054.89 863.11 36.41 104.62 351.04;0.6804 1 819.77 156.30 44.21 44.17 12.62;0.6170 1 1053.66 1063.52 34.13 52.29 350.74;0.6123 1 1841.53 657.11 70.67 50.86 0.11;0.5896 1 1178.72 84.10 79.04 53.87 2.19;0.5657 1 1840.66 630.75 83.04 39.85 354.83;0.5645 1 457.78 396.13 82.03 28.68 343.10;0.4042 1 214.10 425.70 58.05 30.67 344.55;0.4021 9 1474.87 460.38 44.40 17.85 357.29;0.3949 1 582.54 627.86 68.50 50.15 359.07;0.3882 1 1893.94 658.95 82.98 54.12 5.64;0.3787 1 1593.11 658.01 61.50 63.39 9.50;0.3610 1 1542.38 658.67 76.57 36.14 4.80;0.3599 1 937.13 21.42 35.42 48.20 353.24;0.3515 1 1181.20 624.80 75.20 33.99 354.38;0.3427 1 1364.96 628.82 75.79 42.71 0.98;0.3404 1 821.58 120.90 47.51 48.49 45.11;0.3385 1 39.62 427.16 71.98 44.75 4.64;0.3124 1 1894.07 630.26 61.53 35.57 3.81;0.3006 1 932.89 52.06 40.41 57.94 0.99;0.2977 1 1294.40 1063.88 30.36 49.44 355.11;0.2938 1 1123.63 997.75 39.12 50.59 4.09;0.2770 1 814.21 188.14 31.88 41.45 354.86;0.2757 8 1538.31 526.57 53.58 29.37 3.27
v_2phx07m2il_0043,0.8187 1 1411.93 530.99 98.44 48.46 341.97;0.8083 1 95.38 460.34 90.20 46.33 350.56;0.7545 1 1412.88 557.73 84.49 51.75 355.21;0.7375 1 1361.05 529.84 96.37 34.01 347.31;0.6866 1 1361.50 556.03 86.26 37.05 345.42;0.5248 7 876.22 459.99 49.36 47.37 11.56;0.4637 1 1233.88 798.00 57.62 46.40 344.90;0.3804 1 1177.16 526.00 40.87 54.38 344.80;0.3416 1 1358.79 763.88 81.96 53.90 348.23;0.3347 1 1657.66 561.99 65.14 32.89 356.71;0.3322 7 876.86 426.24 40.16 69.93 21.34;0.2960 9 1715.06 527.22 47.82 18.29 351.07;0.2953 1 1236.88 627.27 54.50 88.34 338.99;0.2649 9 875.96 493.28 40.99 20.38 357.83;0.2552 1 1414.73 661.18 49.80 54.39 352.48;0.2551 1 1477.29 627.49 46.32 50.64 347.58
v_njdxvi6q31_0026,0.9718 1 820.33 456.97 109.40 41.75 350.64;0.9511 1 1058.55 562.04 88.91 39.25 352.90;0.9323 1 871.63 156.45 70.83 45.36 356.10;0.9263 1 876.07 121.89 61.71 52.72 354.50;0.9076 1 870.68 457.87 79.68 36.46 342.62;0.9037 1 1234.37 629.37 66.62 50.51 356.75;0.8997 1 39.13 424.32 63.52 37.04 1.12;0.8885 1 458.58 396.12 110.73 28.77 340.68;0.8847 1 1840.49 630.53 98.74 38.27 350.73;0.8817 1 1591.67 631.28 76.41 49.13 357.33;0.8294 1 1055.54 1033.78 40.47 77.93 6.09;0.8130 1 1776.93 153.98 72.28 38.67 351.08;0.7878 1 630.66 627.44 84.02 47.93 342.06;0.7589 1 582.14 627.19 83.55 45.57 354.48;0.7507 1 458.75 420.14 104.75 38.83 347.00;0.7401 1 334.09 423.32 87.24 42.38 0.17;0.7222 1 818.57 155.89 53.58 44.41 358.51;0.6903 1 1053.79 1063.87 34.25 49.09 351.52;0.6793 1 820.37 120.88 44.27 50.60 9.24;0.6708 1 1054.39 862.74 39.95 96.80 357.43;0.6032 1 1181.62 628.05 74.44 34.53 355.31;0.5673 1 1178.07 83.05 70.73 53.31 355.81;0.5451 1 283.12 423.28 96.50 50.11 2.29;0.5388 1 1178.93 58.11 82.52 46.41 343.13;0.4333 1 1543.18 629.40 77.45 39.09 1.96;0.3862 1 1053.40 893.61 36.52 62.23 10.09;0.3861 1 1294.54 1064.38 35.36 45.45 354.37;0.3850 1 211.85 424.03 89.20 35.99 350.85;0.3674 8 1473.32 459.72 48.46 24.21 356.94;0.3396 1 1893.19 630.42 75.34 36.17 358.77;0.3011 1 1110.70 562.90 72.61 33.74 354.69;0.2804 1 1838.92 657.42 69.36 49.99 357.72
v_ombin10joq_0017,0.9852 1 517.82 489.47 101.30 40.54 348.45;0.9762 1 332.29 525.68 72.84 51.50 7.57;0.9530 1 699.81 490.85 114.55 42.32 359.62;0.9337 1 281.12 525.60 96.83 49.35 3.46;0.9240 1 38.32 425.74 59.25 35.78 2.01;0.9239 1 334.92 424.38 79.68 43.66 0.30;0.9225 1 873.07 122.15 62.14 53.58 356.84;0.9076 1 818.58 155.90 61.35 44.00 355.19;0.9056 1 1839.89 631.09 99.64 38.07 349.24;0.9035 1 457.31 598.44 92.79 42.06 341.73;0.8833 1 101.07 492.74 78.12 33.80 352.95;0.8830 1 991.15 460.91 76.55 41.62 343.68;0.8610 1 458.52 422.46 91.84 35.72 3.96;0.8526 1 999.16 54.22 59.11 68.65 338.48;0.8506 1 993.67 593.86 44.16 66.21 352.73;0.8318 1 821.27 121.35 45.72 49.49 14.20;0.8088 1 456.40 624.14 74.12 61.86 0.35;0.8079 1 1053.83 894.04 43.71 54.99 11.40;0.7918 1 870.98 156.64 65.69 55.35 353.65;0.7748 1 748.98 491.08 63.09 44.25 345.38;0.7548 1 1001.12 322.81 62.88 61.89 335.56;0.7415 1 150.77 493.56 57.41 27.62 350.82;0.7337 1 1233.94 629.48 70.65 48.81 354.13;0.7335 1 700.87 591.78 68.98 49.80 5.36;0.7086 1 1542.34 630.49 77.53 38.12 359.02;0.6917 1 1590.04 631.54 72.29 50.01 355.07;0.6334 1 628.76 627.98 66.85 42.62 355.39;0.6135 1 1057.21 828.33 53.15 67.82 3.64;0.5900 1 1055.08 863.62 39.31 75.79 350.81;0.5761 1 998.28 355.69 62.76 68.98 357.85;0.5511 1 1177.45 83.56 77.43 62.05 9.92;0.5352 1 1839.53 657.21 78.29 54.80 358.89;0.5246 1 582.75 628.53 71.93 41.50 357.69;0.5132 1 1053.87 1033.17 44.63 59.18 8.84;0.5105 1 456.74 395.91 87.89 28.22 342.40;0.5084 1 519.85 461.11 57.03 33.28 344.18;0.4695 1 995.13 560.67 41.58 73.19 357.61;0.4653 9 397.43 461.54 44.43 11.46 356.92;0.4491 1 998.74 82.62 74.28 70.25 0.40;0.4449 1 1180.61 628.99 61.57 47.91 1.37;0.4447 1 283.52 424.55 91.89 45.23 359.89;0.4356 1 815.92 624.92 92.14 45.64 352.08;0.4305 1 164.85 425.53 54.46 32.92 359.03;0.4281 1 1540.99 658.39 72.05 43.33 358.88;0.4280 1 753.68 564.66 66.58 29.74 0.92;0.4237 1 1053.94 1065.05 35.52 43.40 348.66;0.4211 1 997.01 493.45 48.90 45.41 341.46;0.3485 1 1293.03 1065.21 34.75 36.67 350.10;0.3485 1 701.96 564.06 62.39 20.23 357.04;0.3460 9 1475.47 460.19 45.11 15.05 354.07;0.3318 9 938.12 491.37 52.98 18.66 357.89;0.3294 1 938.74 461.63 93.65 34.24 358.48;0.3285 1 1001.80 292.84 54.84 36.07 342.88;0.3203 1 211.70 425.60 84.35 40.00 354.86;0.3131 1 996.67 526.82 60.81 49.51 1.98;0.2931 1 752.60 593.27 72.13 61.67 354.17;0.2581 7 1120.04 764.45 64.83 43.54 343.70;0.2557 1 1120.10 965.64 36.76 36.08 342.19;0.2536 1 569.73 489.89 71.66 40.40 340.85
v_xkra7pkrmn_0035,0.9572 1 1715.19 530.03 105.82 44.81 349.83;0.9549 1 874.34 122.20 62.61 49.60 351.17;0.9199 1 1234.08 598.02 76.97 49.24 351.77;0.9196 1 872.24 156.68 72.13 51.69 356.81;0.9191 1 338.23 424.46 67.98 42.18 5.38;0.8961 1 1592.28 632.19 86.88 53.45 359.44;0.8829 1 1410.58 629.41 69.89 57.88 2.12;0.8783 1 1054.94 1033.71 40.11 81.04 5.69;0.8277 1 690.61 493.15 74.56 42.30 354.07;0.7985 1 632.88 628.10 86.09 46.45 346.39;0.7743 1 456.86 395.97 80.83 32.47 344.35;0.7427 1 639.27 492.96 102.66 42.80 356.37;0.7391 1 1839.82 630.30 102.35 40.45 349.86;0.7139 1 1179.00 83.54 76.78 51.20 1.95;0.6976 1 1234.88 623.73 81.44 57.45 353.08;0.6970 1 460.69 421.34 94.05 35.64 352.84;0.6889 1 819.80 156.26 42.69 43.44 10.88;0.6579 1 218.86 494.42 68.38 34.68 1.10;0.6303 1 1053.63 1063.62 34.35 51.14 350.48;0.6152 1 1777.04 154.42 68.27 40.72 347.88;0.6120 1 1662.01 528.05 91.68 39.80 356.60;0.6012 1 1054.59 862.57 36.42 102.99 353.62;0.5288 1 216.27 425.40 73.31 38.04 356.21;0.4794 1 1840.72 657.15 75.15 55.68 359.73;0.4641 1 581.90 628.01 72.64 49.17 358.01;0.4351 9 335.90 528.56 48.78 17.01 6.74;0.4333 8 270.84 494.31 62.84 27.95 354.75;0.4249 9 336.82 559.53 44.42 16.63 352.84;0.4215 1 1715.62 556.29 72.91 49.04 355.64;0.4109 1 821.70 120.75 46.80 49.84 42.86;0.4089 1 281.61 424.39 63.82 52.40 4.22;0.4056 1 1294.60 1064.23 31.94 48.13 355.28;0.4033 1 936.93 21.48 36.12 48.17 353.04;0.3931 1 1364.93 628.60 79.99 43.04 2.39;0.3771 1 932.80 52.25 41.56 58.12 1.00;0.3714 8 1473.22 459.74 51.62 25.86 356.47;0.3210 1 814.22 188.49 32.06 41.87 353.95;0.2785 1 1123.38 997.55 39.40 48.77 4.53;0.2771 9 1116.25 459.89 44.92 16.95 345.78;0.2647 8 1056.68 390.73 33.37 35.40 3.63;0.2593 1 1593.29 657.39 58.14 62.79 10.35;0.2550 1 813.02 222.24 33.62 53.46 351.20
v_a0ls05cd51_0016,0.9852 1 813.96 461.22 74.65 43.53 0.84;0.9378 1 816.91 151.86 63.26 38.31 353.09;0.9277 1 335.91 392.63 70.61 50.43 3.79;0.8839 1 1538.82 596.46 72.08 41.32 359.06;0.8389 1 819.35 122.90 44.18 54.08 347.65;0.8352 1 1241.89 1000.21 43.42 80.94 343.22;0.8225 1 39.58 393.67 66.33 39.00 355.90;0.7847 1 820.27 89.62 42.28 42.34 10.10;0.7834 1 1051.05 1033.26 43.13 61.02 348.16;0.6959 1 1178.32 594.87 66.63 49.87 358.92;0.6904 1 460.54 592.85 95.67 49.22 357.69;0.6763 1 1119.27 928.70 40.78 94.95 353.04;0.6665 1 872.53 89.73 63.26 52.61 353.77;0.6664 1 574.40 390.39 75.89 34.69 356.46;0.6542 1 460.15 390.10 90.94 34.10 349.65;0.6135 1 762.89 459.72 78.57 43.20 2.39;0.5851 1 1119.77 898.20 26.25 126.87 347.94;0.5768 1 1122.19 53.61 71.78 53.16 356.35;0.5758 1 1002.74 828.37 62.21 68.01 344.76;0.5750 1 1410.77 594.56 64.01 48.06 353.67;0.5133 1 157.17 393.44 59.78 37.99 359.87;0.5034 1 630.04 594.79 75.95 47.72 346.75;0.5005 1 517.69 390.76 117.78 39.76 349.54;0.4792 1 583.28 594.74 69.68 43.17 1.89;0.4635 1 874.05 154.81 61.98 44.44 354.11;0.4422 1 1001.85 797.37 47.63 71.09 347.07;0.4114 1 511.59 593.86 86.25 52.59 350.93;0.3973 1 872.90 123.94 35.55 68.30 356.44;0.3930 1 1839.68 256.10 27.52 102.81 354.32;0.3897 9 1417.35 426.39 50.02 18.48 357.96;0.3405 1 881.56 53.55 38.09 87.80 359.75;0.3321 1 1173.58 55.69 105.34 49.94 358.13;0.3273 1 1363.49 594.46 56.11 47.80 3.07;0.3254 1 1233.17 594.56 63.72 48.00 350.25;0.3214 8 1053.63 358.10 38.88 29.15 357.58;0.3213 1 1054.25 829.93 44.73 103.86 356.79;0.2692 1 92.28 394.84 85.86 41.46 347.58;0.2571 1 998.32 998.83 33.83 82.58 358.08
v_u0dd9s6zum_0026,0.9253 1 936.84 999.12 33.32 84.67 353.80;0.9077 1 1419.31 529.39 94.67 34.69 347.44;0.8927 1 1419.85 557.49 71.79 48.11 345.57;0.8691 1 1414.16 594.56 87.36 32.01 351.56;0.8568 1 1177.71 596.52 83.56 38.00 346.99;0.8325 1 994.91 865.63 32.96 74.64 351.11;0.8323 1 937.93 897.24 30.77 73.76 4.06;0.8247 1 1779.34 593.73 102.14 37.39 350.08;0.7720 1 1058.79 121.99 46.22 71.09 331.53;0.7365 1 936.84 966.62 26.65 96.85 356.69;0.6233 1 1773.15 287.87 65.65 43.99 344.06;0.5967 1 993.96 895.09 41.18 56.42 356.83;0.5848 1 1722.01 258.97 93.62 34.98 350.64;0.5831 1 934.91 930.53 23.38 98.58 0.13;0.5679 1 516.13 1068.45 76.21 27.09 346.31;0.5342 1 1719.52 288.31 74.95 28.84 347.34;0.5337 1 934.46 1029.06 49.52 88.53 355.32;0.4780 9 697.36 392.21 43.56 12.82 343.23;0.4765 1 1059.28 1032.86 60.08 59.87 347.06;0.4687 7 878.74 763.76 44.95 55.04 13.83;0.4631 1 1770.79 259.60 77.95 40.68 349.97;0.4513 9 815.42 121.94 48.05 18.59 351.20;0.4350 2 1475.05 1034.51 79.42 48.38 347.93;0.4204 1 1059.99 90.09 40.87 65.88 349.38;0.3975 9 1179.32 223.87 46.03 15.90 346.42;0.3964 9 997.07 223.94 58.80 28.25 355.31;0.3835 1 1057.27 860.36 65.47 55.11 337.71;0.3796 9 815.85 493.25 40.27 18.24 2.10;0.3705 7 877.95 730.47 46.85 68.76 359.18;0.3633 1 1058.32 151.16 60.26 55.97 1.97;0.3557 9 1598.09 594.08 61.75 17.48 341.12;0.3452 7 878.43 795.76 51.11 35.70 25.95;0.3439 1 37.05 1068.02 57.20 28.98 348.98;0.3427 1 1471.84 530.22 76.72 33.76 355.68;0.3399 7 997.93 89.46 62.57 50.55 2.76;0.3369 1 996.49 257.48 68.12 28.70 349.04;0.3317 1 457.32 1068.44 72.42 24.99 347.59;0.3229 9 996.39 290.05 48.32 28.45 355.56;0.3132 9 576.73 391.89 41.87 13.95 341.63;0.2928 9 996.97 392.51 51.17 21.17 348.74;0.2809 1 939.72 865.78 30.43 84.40 2.36;0.2682 1 1360.70 761.61 100.56 46.90 349.24;0.2625 9 576.79 425.54 43.54 12.81 343.61;0.2584 9 155.31 119.84 37.92 15.80 345.57;0.2562 7 997.36 122.36 100.89 65.71 2.89;0.2548 9 1718.40 223.79 47.90 12.29 355.32;0.2541 9 276.85 120.01 42.43 17.12 344.80;0.2541 9 1235.56 223.72 47.39 13.88 348.72;0.2503 9 1479.23 122.42 46.69 15.62 352.92
v_ghbpt8zf27_0041,0.9310 1 935.80 460.08 63.66 39.65 353.05;0.9204 1 1116.93 460.36 44.87 64.96 12.95;0.8946 1 641.15 460.40 94.84 37.44 352.46;0.8626 1 933.59 526.05 78.15 41.77 359.40;0.8287 1 878.54 424.22 59.60 55.40 356.40;0.7816 1 692.52 461.69 93.31 39.66 352.50;0.7768 1 37.44 595.21 36.94 70.90 1.32;0.7724 1 1479.07 392.27 76.39 43.19 356.68;0.7665 1 995.49 830.14 42.35 75.62 359.34;0.7020 1 1119.17 491.70 40.53 71.15 12.54;0.6769 1 997.29 797.71 36.16 88.82 357.81;0.6745 1 1477.02 459.47 39.12 69.37 1.13;0.6584 1 1534.76 391.79 89.57 39.48 346.07;0.6529 1 36.96 562.35 35.67 54.75 358.84;0.6293 1 934.38 659.36 53.86 69.09 356.53;0.6147 1 935.28 630.26 31.19 69.55 359.66;0.6079 1 936.96 966.09 23.84 74.19 9.07;0.6001 1 995.74 763.96 43.03 69.99 357.15;0.5969 1 880.87 524.46 45.51 49.29 355.72;0.5942 1 1114.56 526.53 34.85 71.03 14.03;0.5934 1 935.99 830.66 42.80 74.91 3.37;0.5733 1 994.15 864.74 34.71 102.17 2.22;0.5711 1 997.06 898.30 28.80 75.22 358.99;0.5504 1 1476.86 425.80 52.94 68.30 355.93;0.5364 1 1001.07 424.08 76.67 59.54 0.32;0.5260 1 1718.66 590.95 50.01 61.01 5.01;0.5251 1 994.28 965.12 30.64 71.66 5.65;0.4901 1 994.71 1065.28 29.37 52.77 353.98;0.4868 1 696.48 492.42 70.03 46.01 346.74;0.4688 1 1061.38 696.65 26.60 61.65 348.43;0.4570 1 996.57 391.66 41.86 46.18 353.67;0.4357 1 937.48 897.49 30.94 79.88 359.23;0.4234 1 878.57 393.37 50.28 55.87 349.36;0.4209 1 936.75 492.59 39.68 63.58 354.43;0.3994 1 1776.21 392.20 102.02 36.80 349.71;0.3918 1 996.18 1034.50 28.18 97.23 1.40;0.3879 1 1901.06 590.98 35.67 58.07 20.32;0.3872 1 1357.41 593.83 30.96 72.79 8.73;0.3828 1 998.58 594.66 39.87 61.05 357.55;0.3759 1 1599.64 629.61 30.18 78.22 9.36;0.3665 1 997.19 628.53 35.22 71.43 356.69;0.3641 1 1053.67 425.63 66.73 44.41 354.32;0.3539 1 1420.31 392.05 56.63 40.17 355.09;0.3481 1 938.19 864.52 23.30 94.05 355.64;0.3478 1 1899.45 459.56 25.91 36.07 1.19;0.3432 1 998.70 931.99 20.92 107.71 2.92;0.3236 1 1658.55 592.29 45.58 73.27 355.63;0.3213 1 519.34 494.32 53.87 58.85 1.29;0.3200 1 816.80 863.96 42.21 65.10 12.64;0.3176 1 994.91 290.61 40.40 57.05 348.37;0.3053 1 101.66 494.81 43.96 50.41 359.86;0.3031 1 880.49 830.30 33.98 81.86 1.70;0.2961 1 1476.29 492.94 33.90 63.21 2.18;0.2903 1 1061.02 526.07 37.80 54.10 4.28;0.2799 1 1900.17 561.35 20.55 44.72 358.94;0.2667 7 753.79 526.31 54.07 73.00 348.96;0.2624 1 1057.62 795.61 48.08 51.47 348.92;0.2617 1 1834.98 392.72 92.24 33.50 342.61;0.2593 1 400.31 492.89 63.55 55.28 1.98;0.2573 1 518.27 524.39 54.55 51.18 1.32;0.2519 1 997.93 659.99 36.44 84.85 350.61;0.2502 1 938.92 1065.99 29.73 40.26 357.03
v_1ofto9j5rr_0021,0.9778 1 153.88 558.67 85.04 42.01 351.02;0.8198 1 94.69 490.49 91.45 45.52 356.07;0.7918 1 1179.65 557.60 83.54 39.89 355.27;0.6181 1 1234.53 794.64 67.27 40.65 349.55;0.5860 1 102.89 558.18 58.44 39.01 350.02;0.4758 1 1414.89 628.59 40.08 73.40 3.83;0.3949 1 941.24 53.98 38.82 99.39 351.13;0.3930 1 41.62 491.49 78.74 50.58 6.92;0.3901 1 1233.11 560.93 65.82 70.89 357.14;0.3706 1 1417.65 657.70 55.59 59.43 0.65;0.3461 9 1658.88 527.74 54.28 28.22 352.67;0.3451 1 1477.43 597.42 63.10 45.68 0.60;0.3274 1 1358.06 761.33 112.63 59.37 345.79
v_v7fxq3hdpk_0013,0.9657 1 218.84 525.72 74.28 41.15 358.60;0.8413 1 95.87 459.55 85.82 41.60 357.38;0.7134 1 1001.32 931.38 38.29 101.58 344.55;0.6572 1 1000.71 960.20 51.70 72.29 357.50;0.6029 1 1176.19 526.10 49.55 55.35 342.56;0.5996 1 1234.15 797.20 57.42 50.62 347.56;0.4064 1 934.09 696.20 48.66 34.45 0.26;0.3888 1 1358.50 762.92 100.76 48.71 344.92;0.3844 7 875.89 459.84 47.94 40.39 13.97;0.3817 7 876.49 426.55 40.89 59.71 19.93;0.3655 1 1298.24 492.76 48.82 33.86 349.67;0.3345 1 1358.12 629.47 53.59 62.21 349.02;0.3182 1 1002.76 899.60 20.29 82.85 353.78;0.2785 1 1174.84 558.55 48.46 42.18 356.62;0.2781 8 991.53 762.88 54.25 83.20 354.13;0.2693 1 40.17 459.25 89.30 52.32 2.78;0.2674 1 1239.26 597.04 33.50 58.88 345.31;0.2627 1 1477.05 627.93 60.73 56.47 353.66;0.2553 1 1415.55 660.70 54.01 51.37 351.90;0.2528 1 1237.04 627.34 52.67 85.81 341.84
v_dehdpg976n_0030,0.8767 1 93.42 460.20 86.62 41.63 349.99;0.8674 1 570.18 496.87 81.58 47.53 351.41;0.8634 1 520.14 523.63 85.86 45.41 342.77;0.7492 1 522.59 495.77 96.01 35.60 349.83;0.7483 1 1177.23 526.26 49.84 53.46 338.72;0.7270 1 1232.90 796.32 64.96 46.14 343.69;0.6752 1 570.67 524.38 68.28 59.33 342.14;0.5897 1 1174.51 558.25 55.77 46.53 354.50;0.5385 1 996.33 931.68 35.42 72.87 356.90;0.5220 1 1236.99 626.62 47.61 87.33 344.42;0.4716 1 1239.60 596.93 34.63 58.99 341.70;0.3918 1 1183.44 796.66 44.03 57.66 6.24;0.3720 1 40.16 460.01 81.86 44.44 2.66;0.3612 1 1177.38 829.96 43.88 75.37 356.44;0.3136 1 1358.09 762.52 93.98 49.25 342.98;0.2944 1 1356.46 629.16 52.25 62.38 349.16;0.2763 1 943.07 53.81 38.91 93.09 350.11;0.2731 7 940.09 795.93 51.05 77.53 8.75;0.2563 1 1655.83 561.35 64.18 29.53 355.21
v_k0507pril4_0043,0.7561 1 95.88 459.79 87.10 47.20 354.91;0.5814 1 1233.59 797.38 59.92 48.32 345.98;0.4558 1 1176.22 526.21 45.68 54.97 343.22;0.4201 1 1358.52 763.09 100.88 49.05 345.58;0.3707 1 1358.39 629.46 52.74 61.05 349.45;0.3560 1 1415.19 660.75 52.27 49.88 352.28;0.3348 1 1477.31 627.87 59.97 54.90 353.70;0.3289 9 274.92 492.75 38.67 19.84 358.48;0.3173 1 1298.04 492.78 48.80 33.09 349.48;0.3071 8 991.51 762.93 60.71 91.62 353.98;0.2877 7 876.20 460.15 46.94 40.10 10.18;0.2869 1 1657.20 561.78 65.60 32.45 357.27
v_hf4wwzqpqn_0030,0.7897 1 95.96 463.00 80.71 43.55 346.65;0.6961 1 95.75 489.06 71.61 57.68 347.39;0.3948 1 996.33 930.71 36.27 80.69 358.71;0.3865 1 1357.67 761.55 89.91 56.30 345.74;0.3836 1 1652.71 560.33 67.94 36.50 351.25;0.3535 9 1656.26 527.19 49.87 27.09 357.91;0.3476 1 1178.10 525.85 44.26 47.55 339.99;0.2863 1 1417.37 627.86 52.28 54.49 3.82;0.2555 1 1356.25 628.60 53.89 58.04 350.61
v_f2z13lvspo_0014,0.9887 1 632.79 562.76 93.09 38.18 352.20;0.9761 1 640.32 523.66 76.70 51.93 3.26;0.9668 1 1542.01 495.53 62.72 30.86 347.93;0.9085 1 1413.90 525.54 66.55 43.92 347.30;0.9012 1 999.56 1031.00 27.22 70.62 355.49;0.8906 1 993.76 324.41 26.60 79.79 2.78;0.8616 1 1231.31 495.47 96.58 34.96 350.87;0.8311 1 999.16 152.50 26.50 79.35 17.29;0.8302 1 1540.24 523.09 65.45 25.13 352.45;0.8276 1 999.83 123.32 31.91 67.10 355.41;0.7992 1 1589.08 496.74 72.76 37.38 348.16;0.7889 1 1360.14 495.11 61.74 38.50 353.10;0.7800 1 1058.85 663.91 61.08 43.67 345.95;0.7497 1 1360.74 523.71 62.92 40.54 0.18;0.7461 1 1181.94 494.81 85.50 33.84 354.07;0.7233 1 1057.46 694.55 46.36 63.87 340.61;0.6925 1 933.98 797.22 40.34 75.67 3.30;0.6898 1 641.72 495.48 41.38 59.72 5.66;0.6584 1 1782.52 562.29 75.70 38.36 357.64;0.6194 1 1355.09 590.91 56.92 54.47 6.37;0.5864 1 934.08 964.51 40.25 82.92 4.17;0.5856 1 939.81 356.99 22.36 60.64 6.33;0.5599 1 1598.63 592.31 58.34 62.88 8.80;0.4937 1 582.44 561.36 68.11 22.26 9.44;0.4769 1 1000.33 1000.94 22.23 78.30 343.85;0.4705 1 1410.10 496.21 66.41 35.18 355.28;0.4689 1 995.90 1064.34 24.47 45.22 347.42;0.4586 1 943.17 324.67 22.53 95.09 11.16;0.4302 1 996.69 290.65 19.80 92.98 3.94;0.4252 1 1000.14 728.61 30.31 49.90 352.80;0.4027 1 934.86 827.94 36.97 84.70 359.34;0.3410 1 1420.68 560.78 47.26 83.34 4.63;0.3327 1 1357.07 563.24 41.47 52.97 358.78;0.3128 1 1474.00 562.34 77.42 52.08 352.89;0.2977 9 816.25 526.10 34.49 13.37 2.64;0.2858 1 1062.55 221.79 30.67 39.96 344.18;0.2732 1 1299.96 591.61 63.44 56.70 358.72;0.2582 9 818.15 460.78 37.48 19.91 344.49
v_3qiyfyeqir_0005,0.8949 1 1652.26 530.50 73.02 42.24 347.70;0.8325 1 999.10 728.91 46.39 58.96 342.09;0.7356 1 97.45 463.22 82.82 40.51 347.61;0.7290 1 1601.94 529.48 86.67 35.00 350.09;0.7215 1 1180.84 796.21 51.78 58.41 359.90;0.7180 1 1600.26 557.82 81.11 35.34 354.83;0.6968 1 97.66 488.73 79.94 60.31 344.42;0.6619 1 1652.32 557.71 74.26 58.60 349.59;0.5625 1 933.28 696.05 48.48 27.70 356.88;0.5263 1 1000.02 931.34 34.38 78.99 358.44;0.4196 8 995.20 761.01 81.03 86.13 347.02;0.3811 1 1418.37 628.01 62.06 54.79 3.72;0.3548 1 1356.96 761.83 90.12 51.32 343.04;0.3282 1 1178.44 526.06 42.73 44.18 341.62;0.2894 1 941.41 85.73 44.19 84.61 352.37;0.2582 8 875.56 594.41 67.67 39.14 7.16;0.2550 1 634.29 391.29 62.25 52.87 355.35
v_i2bd4vwde7_0030,0.9718 1 520.05 494.86 104.31 33.23 353.83;0.9650 1 332.84 556.98 83.15 53.12 6.39;0.7343 1 569.33 495.43 72.14 33.38 346.13;0.7086 1 97.27 463.21 81.20 41.50 347.50;0.6957 1 334.64 529.96 85.33 47.80 340.90;0.6808 1 97.36 488.73 76.87 60.04 345.03;0.6048 1 283.63 556.59 93.78 45.95 355.75;0.5439 1 1653.09 560.48 61.36 36.36 356.14;0.3651 1 1000.07 931.75 28.06 79.71 355.69;0.3222 1 941.79 85.48 43.88 88.13 352.72;0.3193 9 1657.51 527.40 42.39 26.24 2.12;0.2958 1 933.94 695.85 45.62 33.71 0.91;0.2548 9 1538.65 527.23 36.80 10.65 353.74
v_o081kolynu_0021,0.9684 1 1659.12 557.89 82.47 45.61 0.51;0.9477 1 874.27 122.10 61.12 51.20 351.78;0.9468 1 994.35 626.36 79.25 52.81 345.21;0.9202 1 872.11 156.63 70.15 49.93 356.95;0.9178 1 335.58 423.00 86.56 45.71 2.45;0.8909 1 996.47 595.10 63.70 57.11 347.77;0.8765 1 1235.32 629.47 76.24 46.57 355.98;0.8746 1 39.23 424.17 63.30 38.02 1.71;0.8701 1 1776.72 154.85 73.35 37.42 347.76;0.8635 1 459.41 420.68 102.05 39.84 350.69;0.8623 1 457.91 396.10 97.05 30.56 341.20;0.8205 1 994.71 966.65 42.44 74.82 1.86;0.7866 1 631.43 628.21 82.16 49.10 344.61;0.7727 1 1841.19 657.59 77.92 59.28 10.46;0.7697 1 994.47 998.98 37.68 105.77 7.61;0.7640 1 819.33 156.36 48.86 41.06 2.11;0.7090 1 1179.06 83.45 78.81 50.69 4.16;0.6915 1 1591.46 632.10 81.59 50.91 0.29;0.6784 1 1055.77 828.90 39.08 80.91 346.53;0.6634 1 582.35 627.81 74.66 47.97 356.18;0.6173 1 1055.80 863.25 29.31 84.93 348.04;0.6088 1 996.74 764.17 39.31 66.75 352.72;0.5925 1 821.18 120.88 45.36 51.94 20.71;0.5828 1 1052.86 1063.67 23.14 41.95 344.94;0.5239 1 1054.54 1033.04 34.18 78.05 343.33;0.4980 1 1592.34 658.85 75.16 65.26 355.84;0.4740 1 1542.43 658.55 75.88 44.78 1.33;0.4377 1 998.24 897.52 29.33 100.19 2.77;0.4267 1 1839.83 631.04 81.08 30.83 349.00;0.4084 1 1893.10 659.00 85.06 55.11 11.54;0.3976 7 998.82 796.38 45.72 88.68 349.58;0.3883 8 1473.19 460.16 51.07 24.76 356.03;0.3851 1 1054.90 894.92 24.60 64.38 4.31;0.3729 1 282.59 423.38 89.25 49.41 3.13;0.3455 9 1060.34 494.24 58.52 22.25 354.48;0.3328 1 1180.81 628.76 65.73 46.31 3.65;0.3307 9 1112.93 493.88 55.67 22.01 1.10;0.3229 1 1294.27 1063.98 33.91 45.36 353.06;0.3203 8 1056.20 391.09 36.20 27.74 2.09;0.3195 1 1710.13 558.30 55.59 42.24 344.39;0.2974 1 1542.26 629.91 77.70 35.97 3.88;0.2788 9 1475.96 491.55 43.52 17.87 0.76;0.2713 1 813.90 188.05 33.36 34.06 351.63;0.2518 1 1658.23 528.15 77.08 34.98 349.26
v_wj7ufejqry_0030,0.9833 1 1714.26 524.47 89.76 51.12 359.24;0.9623 1 217.76 523.69 98.60 44.46 359.35;0.9585 1 1536.46 595.77 75.59 47.63 3.98;0.9325 1 337.14 392.30 65.75 50.64 4.20;0.9300 1 450.86 490.51 75.56 62.04 358.77;0.9258 1 815.93 151.63 57.53 40.59 353.83;0.8964 1 1241.72 999.40 42.54 80.12 346.18;0.8815 1 41.77 489.00 83.53 41.67 354.63;0.8734 1 402.14 488.97 94.92 42.59 354.62;0.8514 1 39.65 462.82 82.45 45.33 343.89;0.8364 1 818.99 123.13 38.12 55.19 349.91;0.7990 1 1410.32 593.27 70.84 52.93 354.69;0.7947 1 39.70 393.37 71.53 37.36 359.22;0.7931 1 1178.65 593.34 69.85 54.40 358.93;0.7465 1 1051.75 1032.32 45.31 58.13 348.51;0.7191 1 820.20 89.46 42.00 44.23 10.56;0.7105 1 873.70 90.04 65.55 50.36 351.78;0.6985 1 158.44 393.25 53.93 37.53 359.05;0.6807 1 574.95 390.49 78.45 35.18 358.89;0.6633 1 460.38 593.18 95.92 50.99 358.56;0.6502 1 460.49 389.81 88.38 32.99 346.36;0.5825 1 1119.60 928.88 37.69 86.49 357.57;0.5520 1 1663.44 524.44 74.05 42.63 1.72;0.5395 1 1363.45 593.08 66.51 46.94 5.21;0.5346 1 1122.20 53.52 74.74 52.53 355.19;0.5219 1 90.99 489.53 71.42 44.49 354.63;0.5203 1 630.75 594.36 78.29 50.16 347.33;0.5046 1 1002.49 827.82 57.78 69.47 346.47;0.5028 1 1001.73 796.97 45.13 76.99 347.42;0.4745 1 92.56 394.58 79.73 39.23 349.99;0.4708 1 91.94 462.55 72.41 38.53 356.35;0.4342 1 517.75 390.53 115.36 38.98 346.83;0.4071 1 1838.25 257.39 24.44 96.31 354.56;0.4017 1 874.13 123.44 37.98 68.72 353.11;0.3897 1 400.95 461.52 58.61 27.68 355.59;0.3781 1 268.53 524.59 58.05 36.23 349.77;0.3576 9 279.54 458.47 41.03 18.39 354.75;0.3535 1 511.34 593.65 87.49 53.84 350.28;0.3405 1 452.93 461.34 69.59 43.82 348.53;0.3404 1 874.31 155.02 58.07 44.68 350.44;0.3265 9 1417.73 426.20 44.55 14.82 357.03;0.3213 1 1120.25 897.84 23.23 126.15 349.99;0.3162 1 1834.58 286.86 40.14 78.83 5.39;0.2992 1 163.07 523.64 77.88 22.99 0.47;0.2952 1 1716.83 494.74 81.66 42.34 345.95;0.2952 1 583.80 594.24 70.85 46.12 5.45;0.2764 1 216.56 496.26 44.93 26.68 355.76
v_l80snfk4hi_0037,0.9921 1 1297.33 87.37 73.28 37.15 358.73;0.9766 1 633.01 491.76 75.69 40.77 2.59;0.9726 1 1181.71 289.85 80.39 28.16 0.60;0.9686 1 1112.76 289.42 92.97 46.18 357.34;0.9685 1 1232.63 290.60 83.04 34.18 359.22;0.9683 1 635.31 292.42 69.36 45.31 347.98;0.9681 1 520.60 1030.74 93.41 33.58 345.36;0.9674 1 1231.20 152.74 75.35 46.57 357.33;0.9570 1 690.34 427.75 67.42 30.66 347.84;0.9550 1 1472.39 326.68 78.26 36.45 0.38;0.9512 1 1353.62 288.64 76.13 36.70 350.49;0.9507 1 394.52 292.30 74.63 40.92 352.77;0.9494 1 1419.85 560.08 74.00 37.65 356.38;0.9477 1 1062.05 288.09 74.46 39.83 358.33;0.9441 1 1771.27 259.17 88.89 39.46 348.16;0.9319 1 1657.70 292.83 86.30 32.42 350.59;0.9278 1 515.53 489.86 82.91 44.15 359.85;0.9236 1 1303.03 290.70 70.30 42.39 11.05;0.9160 1 1416.43 595.89 86.27 33.90 339.67;0.9118 1 212.36 490.06 77.85 50.93 353.23;0.9053 1 637.20 392.39 83.96 31.70 1.31;0.8930 1 101.15 424.74 85.12 38.11 354.83;0.8923 1 451.15 389.59 86.64 41.50 346.87;0.8802 1 762.64 254.34 91.26 38.07 346.17;0.8680 1 932.82 963.71 44.08 69.29 353.29;0.8549 1 1234.10 226.27 62.57 26.51 355.12;0.8441 1 1780.99 625.16 99.16 38.90 350.38;0.8351 1 392.05 490.33 84.90 53.83 359.42;0.8330 1 1179.28 225.71 75.94 28.52 357.93;0.8199 1 403.11 389.46 102.71 31.15 349.38;0.8078 1 1183.38 153.05 55.16 35.46 355.66;0.8027 1 1177.33 625.25 90.22 44.83 355.07;0.7747 1 1721.93 258.04 93.06 37.15 357.79;0.7744 1 212.31 462.03 68.03 46.16 350.77;0.7496 1 149.57 425.53 71.39 32.46 351.18;0.7438 1 1714.46 290.54 64.96 35.39 355.05;0.7435 1 1058.54 863.73 61.54 64.88 346.54;0.7291 1 569.87 1030.39 77.70 35.21 337.37;0.7229 1 97.54 1068.18 69.24 32.51 350.52;0.7114 2 1532.33 225.08 84.93 33.10 357.32;0.6936 1 163.71 489.63 70.61 32.61 354.09;0.6881 1 1469.73 560.42 58.42 34.11 352.15;0.6864 1 810.52 256.36 72.13 44.48 345.86;0.6795 1 1413.34 624.44 60.21 36.56 353.49;0.6704 1 1423.86 325.37 93.64 33.15 347.20;0.6623 1 820.50 1035.34 63.72 51.65 354.17;0.6596 1 933.91 933.75 33.34 57.54 353.29;0.6593 1 1179.24 255.09 47.74 19.61 337.72;0.6233 1 640.60 426.95 80.51 29.66 351.82;0.5789 1 1056.12 1064.21 52.81 39.15 353.03;0.5750 1 37.66 1067.32 56.83 33.46 350.74;0.5589 1 882.80 964.84 34.56 62.84 7.99;0.5217 1 1655.15 319.63 74.48 35.11 356.60;0.5190 9 1418.87 356.65 60.32 12.88 345.76;0.5116 7 1113.88 325.69 96.70 40.10 354.85;0.5091 1 343.46 490.76 92.22 39.31 354.15;0.4961 2 1481.69 225.39 107.19 33.37 350.57;0.4931 1 342.36 291.55 81.93 38.66 350.77;0.4861 4 1293.06 325.87 85.53 29.22 346.97;0.4784 1 515.60 1068.47 64.49 17.44 350.16;0.4731 1 1233.61 121.44 50.14 27.94 349.75;0.4637 7 879.27 795.96 47.41 58.68 21.80;0.4555 1 1233.86 253.68 77.26 35.22 347.86;0.4510 9 815.08 493.20 49.66 19.49 356.50;0.4466 9 1243.66 324.30 77.35 20.92 355.17;0.4464 9 579.03 427.22 66.77 15.29 0.05;0.4440 9 1178.35 393.06 45.81 13.94 348.02;0.4431 9 1235.97 393.06 49.39 17.16 340.96;0.4417 9 996.74 391.91 51.81 20.55 353.81;0.4246 1 1242.38 87.04 69.55 40.44 358.06;0.4216 1 1474.18 1066.38 64.15 40.37 347.58;0.4141 9 1238.04 357.64 47.63 20.76 354.26;0.4080 2 1058.77 224.42 109.51 30.95 355.30;0.4070 9 1416.75 392.98 47.15 11.40 338.66;0.4020 1 1536.30 255.47 53.00 22.93 353.56;0.4010 1 1474.51 354.26 61.62 26.52 352.79;0.3929 7 876.99 730.49 49.06 71.54 1.46;0.3852 1 517.95 999.31 55.39 23.15 348.34;0.3825 1 454.30 1069.35 64.43 18.65 351.02;0.3774 7 1115.71 225.90 93.86 41.69 4.53
v_7d29jccltt_0044,0.9895 1 873.03 492.31 57.98 47.40 3.73;0.9791 1 999.10 524.57 84.92 42.71 8.23;0.9751 1 692.88 558.07 73.94 52.92 5.64;0.9723 1 999.67 52.43 40.70 98.36 347.93;0.9645 1 1356.68 489.51 63.11 52.36 357.09;0.9601 1 1116.13 556.97 87.79 35.25 358.04;0.9415 1 1121.68 529.54 74.89 36.28 348.91;0.9384 1 1000.82 187.58 27.23 81.97 347.32;0.9333 1 1355.32 591.25 73.12 43.35 0.51;0.9249 1 993.25 325.26 38.45 65.89 1.07;0.9220 1 94.88 558.13 87.81 47.52 356.05;0.9108 1 995.53 84.64 60.36 69.63 6.90;0.9048 1 1049.72 424.39 31.04 88.03 348.84;0.8906 1 1295.16 527.93 64.31 34.79 357.55;0.8807 1 453.78 559.09 74.36 59.91 9.09;0.8737 1 1355.31 463.26 50.78 40.17 350.54;0.8272 1 1004.29 425.57 30.88 59.13 359.60;0.8108 1 1053.54 393.00 30.36 69.93 347.33;0.7943 1 1000.16 158.12 18.30 91.30 355.26;0.7641 1 998.87 22.56 50.48 57.65 350.09;0.7182 1 404.20 557.93 77.98 46.01 17.92;0.7106 1 825.05 492.69 60.89 36.32 4.77;0.6941 1 1356.34 564.38 44.00 48.30 354.25;0.6891 1 1300.97 591.33 67.67 46.90 349.59;0.6878 1 1599.16 592.46 77.49 65.07 5.98;0.6508 1 277.57 627.05 103.86 38.33 357.07;0.6345 1 934.32 797.57 37.92 77.53 359.71;0.6031 1 43.43 558.73 69.21 37.71 359.05;0.5926 1 642.63 558.48 92.01 43.79 10.22;0.5728 1 943.13 325.27 31.78 71.00 10.93;0.5650 1 998.33 218.93 30.75 89.14 11.16;0.5633 1 1051.73 526.09 66.42 42.59 1.42;0.5129 1 1114.79 1063.30 31.43 55.03 346.01;0.4806 1 1833.12 563.40 87.97 42.14 351.71;0.4604 1 877.21 460.91 41.29 57.62 351.27;0.4430 1 941.96 356.65 29.62 43.36 2.75;0.4346 1 1000.83 392.53 25.04 65.49 8.35;0.4264 1 1058.48 694.92 41.50 58.50 340.73;0.4159 1 935.14 965.11 33.98 94.98 0.27;0.4128 1 871.35 594.10 47.52 38.94 352.77;0.4061 1 1301.55 493.04 45.43 53.80 5.50;0.3975 1 992.78 356.63 27.65 73.69 1.75;0.3794 1 935.62 997.46 27.09 86.04 11.99;0.3789 1 697.54 529.52 67.79 46.73 346.57;0.3636 1 1783.58 562.13 62.82 39.69 5.06;0.3498 1 1598.94 563.28 71.75 33.74 356.39;0.3195 1 1063.67 997.54 35.93 78.45 359.32;0.3114 1 1062.83 1064.95 27.36 43.43 1.07;0.3037 9 1118.34 594.08 36.84 14.46 348.78;0.2999 1 934.92 827.94 36.38 80.13 356.96;0.2994 1 999.83 728.66 31.87 54.50 347.74;0.2990 1 216.75 627.51 74.42 40.76 347.86;0.2923 1 1297.92 560.20 47.33 44.52 358.37;0.2724 1 934.72 119.96 53.43 44.43 5.66;0.2657 1 95.83 529.10 63.11 53.97 350.50;0.2652 1 1056.27 728.36 36.39 54.29 341.05;0.2578 1 1422.43 627.38 33.33 52.48 345.43;0.2518 1 943.87 88.05 34.62 48.99 14.29;0.2518 1 997.13 1068.14 18.34 21.13 311.52
v_g8n7gev0de_0027,0.9920 1 697.61 490.46 87.11 37.59 353.07;0.9913 1 577.88 424.03 85.65 35.65 358.33;0.9829 1 577.36 525.61 92.19 36.10 356.82;0.9822 1 1593.28 355.48 94.43 44.07 4.06;0.9818 1 460.65 424.68 85.95 30.45 3.57;0.9814 1 698.90 526.04 94.07 32.10 356.85;0.9739 1 338.83 426.20 95.74 28.02 350.46;0.9663 1 1420.08 354.48 108.47 35.89 348.05;0.9615 1 1417.79 255.05 91.30 33.61 356.25;0.9614 1 758.19 291.59 87.31 37.77 352.33;0.9610 1 1714.00 594.75 82.49 41.23 351.92;0.9561 1 156.37 423.73 87.30 35.25 355.48;0.9504 1 1532.00 629.52 83.76 40.64 352.90;0.9399 1 217.08 425.41 96.40 32.63 359.68;0.9386 1 393.40 489.93 67.01 39.39 358.81;0.9370 1 1654.89 292.17 98.58 24.93 353.71;0.9297 1 1300.26 255.05 70.40 31.10 353.15;0.9221 1 94.03 523.58 117.32 35.43 350.42;0.9210 1 448.62 324.61 59.04 40.12 354.99;0.9178 1 1717.52 292.11 108.61 34.67 352.63;0.9148 1 701.28 426.13 99.30 26.83 357.51;0.9125 1 514.17 461.90 76.63 26.72 355.98;0.9074 1 1356.20 292.62 89.24 36.34 348.50;0.8985 1 211.49 525.45 86.36 29.77 355.70;0.8831 1 158.87 526.00 90.78 32.06 358.67;0.8779 1 1710.04 254.01 95.88 37.98 347.00;0.8678 1 1543.62 355.71 107.72 34.24 357.21;0.8663 1 633.88 526.47 91.84 26.18 356.58;0.8639 1 393.63 462.32 76.66 26.13 8.79;0.8584 1 1661.08 255.00 97.85 34.07 359.06;0.8499 1 276.98 425.07 101.07 35.48 355.15;0.8479 1 1471.04 355.57 110.79 38.30 356.84;0.8452 1 331.15 525.84 73.47 27.83 0.51;0.8305 1 697.64 460.74 74.60 15.71 341.50;0.8094 1 34.22 156.83 44.14 41.04 338.00;0.8092 1 1291.16 630.92 74.57 45.62 347.28;0.7853 1 578.62 461.21 96.04 25.69 352.44;0.7797 7 456.14 526.67 100.28 29.66 355.78;0.7768 2 1539.99 255.60 117.26 39.18 358.49;0.7765 1 41.09 525.01 75.23 32.16 349.60;0.7754 1 403.86 323.75 79.76 38.91 348.23;0.7681 1 1777.53 292.52 112.17 31.93 352.83;0.7671 1 280.68 525.45 94.21 35.55 2.84;0.7667 7 1297.24 356.53 124.88 37.47 1.88;0.7491 1 514.18 423.84 108.57 36.72 6.83;0.7460 1 1599.75 291.81 91.66 30.17 354.26;0.7459 1 33.37 425.26 47.46 29.96 350.66;0.7446 1 1530.69 293.09 80.71 21.85 356.10;0.7396 1 823.27 828.21 75.20 27.58 156.94;0.7370 4 217.36 461.50 75.12 26.84 348.10;0.7355 1 515.59 525.86 95.02 34.48 354.77;0.7355 1 1120.92 895.71 78.80 46.66 357.24;0.7063 1 269.81 461.41 70.16 22.18 356.83;0.6903 1 1353.57 256.71 97.59 38.58 352.21;0.6839 1 1235.98 355.03 87.39 42.30 355.58;0.6822 2 457.89 258.27 87.08 36.16 1.05;0.6807 1 1482.41 628.75 89.17 37.41 354.55;0.6632 1 749.29 524.13 54.39 32.10 352.95;0.6598 1 97.39 490.87 59.07 42.58 339.20;0.6470 1 748.85 426.25 81.87 22.11 337.83;0.6415 1 335.73 1066.36 76.94 30.10 337.99;0.6329 7 1840.00 292.76 110.38 40.74 1.20;0.6316 2 1233.19 293.07 77.04 34.57 358.21;0.6236 1 641.35 1066.03 81.75 31.04 354.31;0.6139 2 1589.04 255.51 113.96 37.83 1.53;0.5892 1 691.38 1065.53 79.60 34.28 340.82;0.5844 7 404.78 525.00 113.12 36.22 9.12;0.5799 1 810.18 292.23 66.33 31.71 349.45;0.5743 1 1417.19 326.76 48.34 23.61 337.54;0.5693 4 1479.16 291.71 103.71 28.81 350.25;0.5609 1 101.84 425.06 73.13 35.96 358.64;0.5569 1 1596.17 324.96 56.33 23.40 352.52;0.5555 1 217.89 489.05 60.80 32.17 354.25;0.5553 7 96.16 461.53 81.76 30.31 352.52;0.5445 1 213.24 157.99 68.43 46.09 342.56;0.5342 1 519.79 1066.97 91.82 27.59 342.27;0.5191 1 1474.77 322.96 43.41 23.50 355.15;0.5186 2 272.35 326.18 88.42 44.55 350.95;0.5185 1 634.60 424.33 94.76 33.38 0.19;0.5137 1 1296.33 325.05 48.60 34.21 350.28
v_m5g2y8vh0d_0047,0.9920 1 457.05 524.66 92.08 46.12 359.83;0.9919 1 696.72 490.86 81.29 43.85 358.52;0.9906 1 577.28 424.28 84.31 34.55 356.77;0.9767 1 1539.24 255.81 78.44 36.21 358.54;0.9518 1 152.45 425.96 87.62 36.14 356.25;0.9392 1 1357.37 292.54 91.83 39.71 347.38;0.9389 1 1713.64 594.63 86.43 39.73 349.47;0.9346 1 700.93 426.02 98.45 26.65 357.26;0.9331 1 454.40 423.74 122.36 34.83 346.59;0.9177 1 1532.46 629.48 85.35 37.66 347.76;0.8908 1 1000.26 828.31 43.59 57.41 1.39;0.8888 1 279.39 461.01 84.09 33.00 356.63;0.8801 1 578.67 461.67 93.85 23.05 356.72;0.8764 1 1538.97 290.95 110.62 29.78 349.49;0.8753 1 1590.26 292.55 68.02 38.13 353.97;0.8672 1 698.02 460.85 82.69 19.09 339.78;0.8456 1 276.95 1067.24 75.54 30.33 341.48;0.8414 1 1122.88 896.01 56.41 40.91 356.33;0.8375 1 1291.20 630.95 71.65 40.67 343.68;0.8370 1 943.35 729.45 64.53 33.05 16.36;0.8277 1 328.48 462.25 73.15 28.84 356.48;0.8183 1 1060.46 761.68 39.50 63.98 351.95;0.8109 1 103.87 425.31 86.93 34.89 351.02;0.7739 1 750.33 524.97 55.59 42.12 352.19;0.7734 1 938.11 1065.80 59.06 35.90 350.91;0.7690 1 999.86 932.94 33.46 65.73 9.26;0.7435 1 700.32 525.47 97.11 27.82 354.80;0.7407 1 822.78 827.64 69.63 29.20 152.27;0.7383 1 639.89 1065.57 79.68 29.97 346.59;0.7182 1 401.82 424.23 100.68 24.79 348.86;0.6835 1 748.70 425.86 83.68 22.15 337.32;0.6780 1 1000.80 963.62 46.41 77.41 1.08;0.6580 2 1233.49 292.69 89.29 39.63 355.61;0.6579 1 691.61 1065.88 71.38 31.53 340.05;0.5652 1 995.66 1065.80 60.14 46.46 351.84;0.5190 1 1355.11 320.68 50.45 34.54 347.27;0.5164 1 632.12 462.11 69.88 17.34 357.77;0.5122 1 1662.31 593.32 94.28 32.77 347.56;0.5012 1 1481.37 628.91 92.50 34.97 351.49;0.4985 2 1538.09 157.07 94.33 37.56 0.07;0.4768 9 519.87 460.12 62.37 11.67 358.00;0.4744 1 1294.48 358.66 73.44 20.72 346.95;0.4661 1 1176.63 155.12 39.28 53.97 343.08;0.4646 1 1053.94 794.26 44.98 98.00 6.40;0.4370 1 511.73 524.89 51.90 26.82 357.80;0.4289 1 402.37 524.45 105.59 26.03 350.13;0.4231 1 633.78 424.54 92.93 34.96 4.07;0.4162 1 872.31 827.01 92.18 36.87 14.83;0.4098 2 1590.90 156.91 98.92 41.89 1.46;0.4026 1 1895.79 629.07 57.45 31.63 3.90;0.3994 7 1056.82 963.49 66.01 64.00 351.83;0.3833 9 217.09 154.18 46.45 20.04 346.74;0.3754 1 1114.44 123.19 54.76 75.36 5.81;0.3678 9 216.08 493.28 50.99 11.59 349.61;0.3667 1 997.54 1033.82 38.47 66.92 356.52;0.3659 1 1591.38 255.51 61.86 39.90 11.39;0.3644 7 1116.76 154.84 56.81 70.64 0.45;0.3644 1 276.56 489.62 54.91 22.02 348.10;0.3580 1 1000.22 796.69 23.41 82.14 345.26;0.3500 1 1539.46 224.85 69.03 31.67 344.95;0.3441 9 220.90 460.73 76.94 18.57 3.50;0.3369 7 1232.39 322.68 61.15 26.32 346.43;0.3285 7 1182.60 292.99 91.76 28.16 351.70;0.3272 9 1178.67 257.54 37.12 11.05 355.65;0.3244 9 816.70 459.67 37.37 8.53 347.20;0.3210 9 1180.21 323.68 60.23 22.81 348.76;0.3159 9 816.02 425.44 35.26 12.35 346.68;0.3137 7 874.84 800.63 48.26 44.25 26.17;0.2993 1 1660.32 118.20 54.51 36.78 349.67;0.2929 9 635.81 153.97 41.62 16.83 348.63;0.2905 9 275.82 426.58 36.03 16.38 355.37;0.2899 9 455.82 457.07 49.13 17.78 359.84;0.2809 9 153.90 526.06 49.34 21.58 7.50;0.2792 1 938.90 699.01 42.43 26.45 356.35;0.2741 1 1296.54 324.42 51.71 22.34 342.70;0.2737 9 934.44 527.36 43.18 15.28 357.50;0.2719 7 940.83 762.02 62.05 29.13 20.39;0.2703 9 395.47 154.32 45.26 17.88 344.22;0.2628 8 1115.29 358.87 52.33 28.74 354.93;0.2611 1 1052.61 830.47 54.84 63.42 6.18
v_hr8fepbf14_0031,0.9843 1 157.31 457.08 91.94 41.93 4.12;0.9353 1 816.61 493.69 65.64 47.88 1.17;0.9082 1 39.26 455.73 85.70 45.55 357.11;0.9030 1 1780.97 528.38 71.24 48.85 356.92;0.8914 1 934.37 187.30 34.62 68.84 359.32;0.8711 1 635.94 427.72 80.79 36.94 350.11;0.8556 1 1596.18 459.87 70.66 46.48 353.40;0.8483 1 639.34 496.30 110.40 33.79 343.01;0.8460 1 1421.95 494.42 83.39 45.32 355.70;0.8436 1 941.70 290.33 42.91 62.07 354.83;0.8309 1 873.01 426.69 80.41 37.07 352.03;0.8245 1 821.49 425.54 81.56 33.27 356.66;0.7972 1 995.24 628.99 33.00 78.45 350.49;0.7937 1 1470.76 495.80 66.01 47.07 357.87;0.7413 1 993.47 1000.56 28.86 96.94 3.77;0.7413 2 337.23 457.86 100.02 42.17 2.63;0.7407 1 934.48 157.80 20.96 94.48 4.45;0.7331 1 36.99 595.03 38.36 68.27 358.20;0.7300 1 690.52 495.31 69.45 46.43 1.01;0.7251 1 1116.00 460.62 52.07 66.88 10.73;0.7246 1 995.79 1032.59 29.57 91.53 354.81;0.7030 1 36.15 563.10 34.64 54.79 355.86;0.6978 1 581.53 426.14 70.92 39.35 354.06;0.6830 1 637.95 455.43 122.29 58.00 354.02;0.6674 1 578.79 457.20 71.05 35.69 10.88;0.6434 1 998.96 494.58 48.90 51.29 359.52;0.6224 1 1900.06 591.61 40.55 58.02 23.77;0.5944 1 1117.45 492.94 40.63 60.72 1.05;0.5711 1 1059.37 695.72 31.29 59.13 346.13;0.5624 1 999.10 900.77 29.95 55.69 356.37;0.5614 1 640.16 521.99 68.10 39.03 349.04;0.5612 1 1543.65 459.55 46.46 49.21 8.95;0.5414 1 998.73 423.64 78.51 55.07 358.63;0.5374 1 1356.97 596.30 57.03 53.06 8.05;0.5236 1 996.18 659.39 31.10 86.18 352.66;0.5208 1 1597.03 628.59 48.98 75.69 9.35;0.5117 1 1900.08 459.42 29.50 34.46 2.20;0.5095 1 1055.77 425.47 63.16 48.91 359.31;0.4932 1 938.70 424.75 52.15 40.80 0.32;0.4830 1 517.96 493.12 52.60 64.13 5.57;0.4587 1 1718.22 392.32 80.10 38.76 347.55;0.4488 1 1418.73 523.78 49.96 38.71 359.08;0.4322 1 1479.25 390.66 90.70 41.46 360.00;0.4292 1 696.21 456.79 105.32 47.06 357.23;0.4280 1 1778.02 392.70 113.48 35.54 351.80;0.4264 1 994.06 797.52 38.67 85.82 353.50;0.4146 1 941.78 319.84 52.95 68.39 351.98;0.4117 1 1900.96 527.23 19.31 43.02 5.28;0.4018 1 940.69 259.56 27.23 55.90 4.23;0.3959 1 1716.70 590.55 55.51 64.25 5.70;0.3919 1 998.87 931.08 29.04 83.45 358.58;0.3675 1 755.79 560.27 44.64 27.72 13.20;0.3674 1 993.58 764.70 44.54 66.01 354.93;0.3666 1 996.56 87.03 43.95 94.68 10.81;0.3601 1 1476.95 459.14 48.29 63.14 8.89;0.3579 1 991.47 292.12 38.82 100.42 340.14;0.3525 1 938.25 52.85 34.87 64.13 0.95;0.3426 1 935.63 966.46 22.37 94.93 2.04;0.3389 1 1477.10 425.38 42.81 39.34 352.82;0.3144 1 1658.08 591.72 47.64 70.00 0.81;0.3002 1 38.49 427.37 72.24 27.50 332.42;0.2978 1 1484.57 592.42 28.35 57.47 1.57;0.2942 9 817.39 458.24 58.04 29.20 351.93;0.2936 1 994.28 828.63 57.59 89.73 356.15;0.2872 9 757.92 526.09 54.84 16.72 355.23;0.2852 1 996.32 1064.19 32.14 62.47 354.54;0.2780 1 155.72 426.63 57.71 26.22 342.57;0.2742 1 217.65 525.60 43.52 43.12 356.42;0.2702 1 1536.51 427.21 35.41 41.48 3.39;0.2660 1 940.27 828.11 44.14 67.77 353.41;0.2647 1 940.25 764.00 46.55 79.05 353.70;0.2601 1 993.21 322.56 46.63 87.84 335.63;0.2578 9 756.83 461.53 40.94 21.18 11.65;0.2569 1 1116.10 426.30 39.51 60.28 3.31;0.2517 1 1777.38 558.57 38.12 60.48 8.34;0.2501 1 95.36 457.30 82.67 43.11 351.09
v_r0bgvj4nuz_0039,0.9896 1 636.74 123.92 82.11 41.18 346.83;0.9880 1 1591.65 256.88 78.10 41.59 3.16;0.9877 1 577.82 487.62 88.42 40.08 351.77;0.9839 1 515.15 426.60 88.19 28.75 357.53;0.9827 1 632.13 427.42 87.19 28.70 346.73;0.9824 1 577.30 462.11 74.74 31.54 346.30;0.9793 1 1414.69 591.15 80.80 44.95 358.06;0.9755 1 1419.86 220.39 72.41 41.39 353.70;0.9738 1 1411.60 255.78 90.26 31.31 357.44;0.9704 1 281.16 489.18 94.92 38.76 357.37;0.9580 1 216.43 427.16 96.58 25.67 350.54;0.9502 1 692.91 388.84 80.97 35.05 351.14;0.9457 1 455.78 426.15 92.52 31.13 351.09;0.9432 1 1778.15 387.39 101.22 40.47 347.71;0.9411 1 752.99 292.30 57.08 35.69 348.77;0.9410 1 396.89 425.61 87.67 27.47 354.56;0.9383 1 1542.22 256.97 80.53 25.70 354.61;0.9377 1 577.23 292.03 55.49 48.56 334.21;0.9350 1 814.36 494.48 54.18 62.97 356.91;0.9221 1 1778.64 361.50 84.30 28.35 345.76;0.9194 1 1590.50 524.64 79.25 44.05 356.18;0.9176 1 331.05 489.93 76.64 42.51 353.42;0.9176 1 1478.47 387.54 111.53 40.85 349.92;0.9156 1 1840.00 191.64 108.64 29.77 348.05;0.9092 1 993.75 797.55 43.83 56.70 352.97;0.9086 1 1062.33 221.18 98.38 32.44 349.75;0.9079 1 218.56 388.87 95.84 30.38 350.33;0.9024 1 99.90 1029.95 85.03 42.74 350.42;0.9019 1 1420.75 527.44 81.89 35.25 352.64;0.9000 1 276.73 120.68 76.28 43.54 350.48;0.8960 1 274.39 426.77 90.73 29.90 356.76;0.8949 1 400.74 389.49 100.93 24.90 345.94;0.8948 1 1652.88 193.15 87.14 33.08 350.60;0.8842 1 701.71 254.39 66.63 34.25 359.56;0.8781 1 36.37 389.12 51.50 38.49 12.50;0.8685 1 1117.12 320.06 69.14 40.30 349.85;0.8634 1 580.06 427.34 77.11 29.53 1.09;0.8614 1 1418.43 560.50 70.99 36.45 336.04;0.8608 1 1599.54 220.86 63.42 44.47 354.35;0.8575 1 1780.31 589.51 84.84 35.46 346.47;0.8460 1 1780.31 562.42 75.77 29.95 344.40;0.8362 1 642.09 388.21 88.90 32.11 348.64;0.8347 1 696.67 225.81 80.46 19.75 341.25;0.8342 1 337.65 427.11 77.80 20.22 352.40;0.8285 1 1478.11 361.92 106.22 30.61 350.26;0.8277 1 872.44 661.94 48.92 81.21 346.98;0.8043 1 1058.77 1034.03 73.70 50.48 345.22;0.7773 1 1113.43 221.17 77.87 39.55 347.85;0.7663 1 1471.89 219.51 77.38 45.32 2.88;0.7611 1 278.62 461.29 51.19 24.13 342.32;0.7581 1 1058.20 121.15 60.25 51.06 348.66;0.7566 1 36.19 490.11 58.85 49.07 15.46;0.7523 1 333.91 458.36 53.49 26.20 356.71;0.7465 1 1117.98 292.54 63.00 33.00 344.92;0.7381 1 823.14 660.84 55.04 51.96 16.65;0.7337 1 577.33 320.92 72.18 37.24 351.20;0.7193 7 157.13 258.60 86.99 41.40 2.71;0.6844 1 151.42 1066.74 49.83 32.36 350.43;0.6838 1 1421.08 191.76 81.80 29.81 347.81;0.6828 1 1469.34 527.95 76.21 38.95 349.63;0.6808 1 1293.20 220.06 115.13 42.81 352.00;0.6791 1 817.08 523.88 40.88 70.40 359.08;0.6644 1 1177.59 594.09 85.32 36.00 354.64;0.6609 1 37.11 462.00 30.54 43.76 345.47;0.6555 1 1295.56 192.50 82.02 29.40 344.16;0.6474 1 449.46 389.31 80.10 28.49 349.36;0.6453 1 1653.75 218.11 74.55 49.30 358.40;0.6401 1 637.02 152.02 76.19 38.67 352.91;0.6353 1 517.56 1067.93 80.97 31.26 348.96;0.6226 1 211.62 288.64 72.79 43.52 346.45;0.5954 2 573.71 259.48 96.95 35.42 347.88;0.5915 1 995.21 828.89 53.85 64.75 353.99;0.5842 1 1601.74 191.01 75.08 32.03 350.68;0.5789 1 1362.79 256.07 68.22 17.23 354.18;0.5692 1 1545.93 525.86 75.46 33.68 7.30;0.5641 1 695.00 359.71 55.58 31.99 350.10;0.5617 1 37.33 124.04 62.10 40.43 348.76;0.5306 1 1240.81 219.96 74.49 33.43 354.33;0.5106 1 762.04 491.67 91.13 42.75 1.10;0.5074 1 1715.11 526.14 88.66 41.17 0.57
v_ebzysvwmau_0013,0.9710 1 992.78 495.36 102.66 43.78 346.76;0.9619 1 510.46 557.18 78.45 50.75 352.87;0.9516 1 1718.82 528.83 95.56 43.98 346.14;0.9057 1 943.48 495.12 77.68 30.34 353.67;0.7946 1 997.85 963.74 45.58 68.91 349.75;0.7496 1 461.96 558.86 78.92 43.63 348.26;0.6487 1 93.04 489.36 80.21 56.09 353.37;0.5927 1 92.50 462.83 64.35 49.02 344.38;0.5446 1 1234.41 797.79 59.83 46.75 346.55;0.5274 1 1771.24 528.44 82.29 37.55 330.70;0.4718 1 998.51 933.31 19.85 73.06 354.24;0.3595 7 1115.94 528.57 57.91 38.65 11.75;0.3528 7 876.56 460.45 55.13 30.25 9.94;0.3157 7 1117.46 493.41 55.32 45.39 15.64;0.3112 9 938.50 522.92 66.85 16.38 342.33;0.3067 1 1357.88 629.29 54.67 59.92 348.14;0.2957 7 1120.11 559.56 87.19 61.15 6.87;0.2929 1 40.87 490.42 76.36 51.12 356.96;0.2690 1 1176.67 525.86 37.28 38.79 344.09;0.2617 1 1237.66 627.45 49.72 82.62 345.84
v_jubd7zkr5d_0019,0.9255 1 279.56 528.38 82.13 45.01 348.11;0.7024 1 97.91 488.88 81.21 62.38 345.05;0.5855 1 97.52 463.50 77.66 41.77 348.13;0.4624 1 942.26 85.98 51.77 72.32 350.74;0.3853 1 1181.64 796.07 51.82 51.67 3.73;0.3620 7 875.95 459.72 46.98 41.28 12.71;0.3609 1 329.89 529.02 69.49 40.28 346.70;0.3264 1 1357.56 762.18 91.07 47.74 342.39;0.2838 9 1653.63 560.11 58.96 28.73 356.14;0.2760 9 1657.35 527.29 45.03 24.23 358.25;0.2578 9 1538.79 527.22 36.24 10.52 351.89
v_patj5eslks_0029,0.9588 1 1420.12 525.70 74.99 37.28 356.43;0.9405 1 399.07 255.09 94.68 44.22 352.61;0.9291 1 993.95 727.30 58.58 55.71 346.68;0.9183 1 1590.80 523.66 79.11 44.69 351.53;0.9172 1 1417.29 562.29 97.40 31.54 341.38;0.8604 1 873.15 223.39 62.68 50.78 347.12;0.8182 1 694.31 225.99 82.73 33.01 344.65;0.7750 1 1178.90 592.09 97.86 37.20 354.55;0.7676 1 1544.94 524.32 94.40 32.47 359.65;0.7429 1 694.96 252.87 72.22 45.41 350.92;0.7343 7 935.18 998.12 45.02 99.72 350.57;0.7313 1 995.95 696.98 58.61 50.10 334.98;0.7177 7 874.11 358.96 49.79 81.44 350.87;0.6764 7 938.11 931.64 38.74 132.52 356.03;0.6486 1 1357.79 254.28 83.07 44.66 352.66;0.6034 1 456.26 1067.23 71.31 31.09 344.97;0.5689 1 1469.22 525.60 73.59 42.28 359.25;0.5644 7 873.82 389.39 57.48 50.98 357.27;0.5542 1 150.89 1068.41 67.10 34.55 345.26;0.5320 1 1833.28 525.87 84.62 50.66 357.67;0.5275 1 273.73 1067.19 75.66 36.62 348.95;0.5190 1 448.94 255.62 67.43 41.78 348.49;0.5173 1 100.57 1068.30 59.35 30.22 353.18;0.4829 1 1060.14 831.53 69.73 45.47 340.99;0.4388 1 1357.97 226.26 80.22 29.54 350.10;0.4360 9 574.65 389.31 51.55 17.60 345.22;0.4304 1 1780.34 561.68 101.07 26.30 348.16;0.4186 1 1782.64 526.28 82.88 30.47 0.73;0.4186 7 995.15 762.31 47.08 60.35 3.18;0.4144 7 1834.32 561.92 119.62 45.62 347.84;0.4121 9 818.34 460.01 45.04 19.98 353.09;0.4069 1 337.56 1068.55 75.68 29.31 347.69;0.4013 7 821.22 358.37 78.37 30.38 358.86;0.4011 2 935.27 897.79 49.35 66.60 2.80;0.3877 1 572.59 1067.22 59.44 27.17 347.87;0.3805 9 575.03 360.16 64.30 19.40 350.12;0.3600 1 394.96 1068.12 78.90 30.80 346.05;0.3478 1 1414.07 590.68 46.78 28.99 352.62;0.3235 9 1178.57 359.58 51.45 14.04 340.71;0.3233 9 818.16 293.36 45.50 15.37 348.65;0.3207 9 155.04 120.55 43.31 19.80 349.58;0.3103 1 631.63 559.17 59.85 46.01 359.02;0.3101 1 517.56 1067.47 81.85 30.97 348.50;0.2950 9 519.00 359.37 64.27 16.19 353.85;0.2948 8 1476.89 1002.40 59.74 34.95 343.46;0.2857 9 1236.52 359.94 53.85 15.01 341.81;0.2852 9 156.57 87.76 36.71 16.72 347.95;0.2796 9 817.25 492.08 42.68 21.94 5.67;0.2751 1 873.84 251.52 44.48 40.13 355.62;0.2728 7 819.06 325.54 93.31 34.15 357.29;0.2708 9 276.68 121.04 40.34 15.63 350.46;0.2665 1 880.10 1067.02 42.22 23.37 347.57;0.2662 1 1061.66 1032.29 46.13 96.87 350.68;0.2643 9 1535.77 87.94 41.39 17.03 346.10;0.2594 9 637.61 290.69 37.96 11.80 345.90;0.2580 9 517.11 86.87 37.65 13.43 341.59;0.2555 9 815.64 560.75 34.50 25.69 9.12;0.2513 9 639.87 254.77 59.58 16.90 357.96;0.2505 9 398.41 224.36 69.90 17.54 348.90
v_uhzhygtzwf_0034,0.9834 1 996.40 494.89 72.82 43.84 356.59;0.9818 1 217.33 525.00 59.81 45.73 9.92;0.9760 1 1121.43 560.65 83.92 31.70 349.89;0.9756 1 995.10 457.18 58.96 65.07 358.26;0.9752 1 1716.06 526.27 75.74 44.44 5.74;0.9689 1 811.63 527.25 58.40 47.43 1.20;0.9618 1 1531.85 495.91 64.22 44.04 357.26;0.9452 1 940.55 286.47 60.45 63.21 22.73;0.9379 1 1838.60 592.10 90.93 54.55 354.11;0.9321 1 998.48 423.77 42.27 61.20 347.44;0.9237 1 939.54 57.37 40.10 76.54 353.09;0.9231 1 940.84 864.83 30.74 91.62 322.92;0.9142 1 762.73 527.43 59.88 41.98 2.50;0.9117 1 938.42 729.23 45.03 62.52 354.06;0.8982 1 1298.49 592.85 71.77 45.57 0.85;0.8407 1 222.24 560.69 73.15 38.88 358.26;0.8256 1 1484.02 494.80 46.23 34.82 358.58;0.8229 1 271.24 562.30 60.96 48.43 359.33;0.8185 1 998.28 795.22 39.47 71.10 320.76;0.8031 1 461.82 590.57 62.56 55.65 4.76;0.7865 1 1051.62 595.95 51.90 32.86 345.01;0.7841 1 940.54 257.17 46.05 95.45 1.27;0.7480 1 1424.06 592.34 72.99 41.45 356.78;0.7437 1 941.86 597.41 62.22 39.69 352.89;0.7403 1 459.64 563.05 67.44 42.59 14.31;0.7335 1 279.57 455.40 59.71 50.52 354.87;0.7113 1 993.77 661.39 42.05 52.95 331.42;0.6958 1 995.58 764.08 44.73 67.79 326.20;0.6874 1 940.96 1000.14 37.63 75.64 332.14;0.6601 1 816.03 493.56 46.07 63.43 354.36;0.6291 1 880.58 797.66 44.93 71.55 348.96;0.5748 1 1055.80 624.86 63.86 50.03 349.40;0.5667 1 880.91 932.21 27.27 94.22 341.56;0.5599 1 216.60 495.71 55.40 34.06 353.29;0.5576 1 1054.09 1065.01 36.85 53.64 352.87;0.5310 1 941.17 627.13 58.44 64.26 355.47;0.5215 1 1170.11 561.57 60.66 35.83 352.71;0.5101 1 1001.85 393.28 30.77 70.38 357.58;0.5013 7 940.28 223.54 43.35 88.68 8.75;0.4956 1 996.26 830.07 37.02 103.05 347.71;0.4869 1 1000.80 1065.26 33.13 42.97 340.32;0.4803 1 815.71 595.84 52.63 31.33 356.26;0.4750 1 758.16 558.95 44.60 25.54 1.78;0.4747 1 878.58 827.76 47.84 92.82 336.01;0.4587 1 814.21 763.96 26.23 72.46 357.58;0.4284 1 940.04 760.38 36.39 81.51 350.14;0.4225 1 999.44 695.65 26.89 76.47 344.55;0.4124 1 1472.14 591.72 86.19 49.53 357.21;0.3406 1 994.34 521.59 47.45 31.89 7.25;0.3342 1 1663.05 526.06 72.07 28.18 0.94;0.3245 1 457.88 627.19 80.79 35.08 348.01;0.3180 1 998.09 999.41 66.80 67.70 348.09;0.3155 1 154.85 426.00 48.86 39.63 350.27;0.2994 1 1535.29 523.08 75.96 33.38 14.32;0.2672 1 995.37 627.95 53.38 66.84 1.16;0.2540 1 276.10 426.02 41.80 60.55 350.18
v_b0ge2kn580_0017,0.9814 1 1839.52 493.13 75.89 51.78 357.61;0.9763 1 1599.04 493.10 79.39 41.24 1.34;0.9490 1 640.65 493.15 104.03 35.68 352.88;0.9434 1 1774.54 560.37 60.82 55.66 30.42;0.9231 1 402.87 490.08 75.79 36.99 354.64;0.9166 1 876.02 458.16 70.50 39.25 0.24;0.9159 1 1480.43 427.18 83.03 42.33 3.17;0.9073 1 1721.38 558.52 74.92 46.33 16.41;0.9046 1 1422.86 557.30 73.98 37.67 4.02;0.9036 1 334.15 529.00 97.13 40.06 359.64;0.8761 1 278.37 527.31 106.85 48.87 1.38;0.8726 1 818.72 528.05 71.79 55.13 8.64;0.8489 1 520.02 490.40 97.76 35.98 355.15;0.8061 1 1178.10 560.29 54.92 49.32 357.52;0.8033 1 935.38 423.41 40.76 59.96 6.56;0.7573 1 1001.79 489.05 67.30 50.24 5.17;0.7456 1 1418.61 529.44 55.86 38.67 346.68;0.7395 1 996.62 661.85 36.06 80.51 353.12;0.7334 1 937.79 393.42 38.13 61.87 351.71;0.7160 1 939.98 897.44 36.82 92.53 358.60;0.6772 1 1412.13 493.51 72.11 35.09 0.27;0.6748 1 994.55 1033.19 31.25 97.38 355.99;0.6418 1 39.00 489.93 52.68 44.91 356.76;0.6365 1 1893.68 494.77 48.52 41.90 2.35;0.6157 1 1896.38 627.01 36.34 52.01 22.60;0.5986 1 1422.00 427.29 43.72 37.66 2.45;0.5951 1 1532.70 427.55 83.32 37.43 350.44;0.5928 1 40.70 595.47 41.46 65.89 9.07;0.5891 1 1473.24 559.54 80.14 52.79 5.80;0.5876 1 1833.43 459.18 71.79 83.49 355.20;0.5746 1 1356.83 494.32 85.49 38.50 4.45;0.5701 1 999.90 461.54 64.49 57.76 347.14;0.5580 1 880.44 427.23 26.81 60.07 1.43;0.5394 1 156.30 489.47 107.81 51.97 354.69;0.5360 1 935.66 1000.46 22.59 95.89 11.69;0.5314 1 575.25 558.12 73.31 46.22 13.88;0.5284 1 995.82 121.50 33.66 74.93 0.61;0.5255 1 92.75 596.56 34.37 84.81 357.22;0.5136 1 939.72 929.99 27.38 109.06 5.21;0.5114 1 451.42 491.33 108.36 43.61 347.83;0.5082 1 1000.85 595.01 21.88 84.58 2.50;0.5053 1 1718.02 626.48 58.11 58.79 10.22;0.5033 1 1598.58 460.10 62.04 62.11 5.54;0.4984 2 274.88 491.13 106.52 45.34 352.91;0.4969 1 1900.14 559.94 37.59 36.53 4.82;0.4919 1 1417.42 458.23 41.76 28.70 348.15;0.4790 1 1062.71 727.94 38.95 52.11 349.57;0.4766 1 1118.95 492.53 52.59 62.63 15.44;0.4759 1 937.08 795.78 49.69 71.45 356.05;0.4653 1 996.25 765.17 48.25 60.36 358.94;0.4468 1 518.55 558.14 64.95 53.21 18.88;0.4446 1 1653.49 492.66 56.45 49.48 5.87;0.4299 1 995.67 1064.40 26.45 53.08 358.55;0.4175 1 997.08 933.24 28.47 85.54 343.90;0.4122 1 939.92 830.63 30.85 88.71 3.42;0.4009 1 995.73 831.83 31.70 92.23 359.68;0.3955 1 398.10 461.71 63.80 17.90 342.87;0.3916 1 993.97 1000.41 24.08 91.56 1.46;0.3889 1 997.81 629.19 23.27 88.82 354.35;0.3649 1 1118.19 526.53 32.27 69.29 15.72;0.3550 1 1659.88 625.56 52.06 66.10 4.08;0.3515 1 40.63 625.93 40.15 54.13 4.30;0.3385 1 1717.25 527.54 46.22 33.96 0.80;0.3377 1 937.03 53.65 31.79 74.21 0.07;0.3323 1 1780.43 457.03 94.54 63.59 3.84;0.3288 1 1175.16 528.47 32.00 83.09 358.82;0.3241 1 1898.29 527.22 48.88 32.65 0.44;0.3241 1 999.06 392.28 40.37 67.27 354.77;0.3096 1 937.94 86.90 29.34 77.19 4.52;0.3092 1 997.27 692.91 28.67 88.75 357.18;0.3030 1 1476.50 457.29 65.20 37.22 349.21;0.2987 1 993.12 899.22 37.81 102.67 349.88;0.2923 1 1303.19 491.86 71.36 37.69 3.13;0.2892 1 871.38 528.61 42.19 51.39 8.55;0.2884 1 693.25 559.74 47.37 32.74 359.58;0.2873 1 96.66 489.88 85.73 50.67 347.97;0.2847 7 221.00 491.83 103.74 52.50 8.23;0.2822 1 1054.32 594.51 29.58 76.29 4.72;0.2817 1 1057.62 21.17 50.05 45.97 348.53;0.2753 1 574.99 491.41 92.03 38.39 343.89
v_0sv121zlkj_0027,0.9786 1 576.85 493.67 34.67 62.61 68.10;0.9709 1 270.24 494.00 58.07 60.17 17.43;0.9557 1 521.89 560.76 57.86 39.51 15.09;0.9257 1 1420.96 524.76 91.40 37.47 1.38;0.9220 1 34.33 491.00 48.42 44.71 29.63;0.9134 1 939.60 390.47 42.57 54.31 7.48;0.8830 1 1355.25 593.02 75.25 38.47 351.68;0.8819 1 1003.61 254.84 33.31 77.18 3.64;0.8556 1 1478.65 562.63 76.33 44.78 341.24;0.8469 1 996.73 86.69 36.56 75.16 7.85;0.8044 1 1001.27 562.56 53.00 55.86 351.07;0.7976 1 693.96 555.37 70.52 48.69 0.55;0.7875 1 699.20 529.79 75.79 57.08 348.26;0.7526 1 1051.43 255.30 39.01 79.22 350.68;0.7371 1 223.29 492.98 61.70 43.70 10.82;0.7345 1 1003.92 54.27 28.90 79.72 9.11;0.7075 1 1600.58 592.97 88.04 45.33 5.14;0.7063 1 933.58 966.32 35.45 82.83 0.58;0.6647 1 1784.70 591.71 76.13 47.68 14.55;0.6599 1 933.19 797.59 34.88 81.41 0.50;0.6356 1 1479.25 590.00 54.72 47.30 357.27;0.6352 1 1050.44 592.21 61.90 58.32 341.57;0.6283 1 1002.36 591.61 52.64 52.50 349.67;0.6254 1 1055.61 223.69 34.67 90.76 2.82;0.5947 1 941.21 325.71 35.77 72.24 14.29;0.5705 1 569.24 561.88 61.34 42.31 6.24;0.5617 1 1831.75 593.31 82.66 73.90 359.42;0.5284 1 1123.61 560.00 76.54 47.39 352.75;0.5160 1 1052.13 53.84 29.49 89.14 354.07;0.5100 1 1472.47 525.38 70.21 43.72 10.95;0.4814 1 575.37 523.50 41.85 65.04 10.38;0.4537 1 1059.15 694.55 44.18 65.51 348.27;0.4528 1 1300.26 592.91 68.07 58.84 355.87;0.4484 7 1177.09 593.45 41.14 49.69 344.24;0.4434 1 933.86 997.59 26.82 77.55 7.69;0.4400 1 1236.66 594.45 65.25 49.54 348.08;0.4251 1 1053.92 21.60 40.19 64.27 353.92;0.4138 1 1003.13 21.31 30.67 53.92 1.35;0.4029 7 940.30 357.63 32.49 93.86 354.69;0.3969 1 1063.01 188.81 23.03 70.29 0.51;0.3962 2 1171.52 560.38 86.00 47.55 358.66;0.3598 1 1002.95 224.52 20.92 80.51 11.94;0.3513 1 873.18 594.64 37.19 35.71 346.85;0.3338 1 1419.87 630.64 47.58 48.57 353.90;0.3204 1 645.39 559.08 56.51 26.80 349.96;0.2744 1 991.50 325.44 28.18 54.21 0.87;0.2557 9 337.35 559.49 41.11 18.76 358.30
v_gur784uswy_0018,0.9556 1 873.60 122.11 59.93 50.70 352.35;0.9379 1 871.64 156.33 73.84 46.06 356.55;0.9329 1 336.80 423.93 84.80 45.38 4.99;0.9018 1 934.13 53.12 45.73 71.50 356.45;0.8907 1 1054.66 1033.66 42.61 75.91 6.95;0.8898 1 41.45 424.52 68.60 37.42 1.22;0.8875 1 1591.72 631.15 67.44 48.55 358.05;0.8316 1 158.72 496.35 79.65 33.76 355.77;0.8302 1 632.50 627.47 89.34 46.41 345.28;0.8173 1 457.60 395.76 89.66 29.00 343.27;0.8113 1 1002.55 120.36 61.94 56.44 323.97;0.8024 1 1839.90 630.64 81.54 34.11 350.28;0.7970 1 1472.47 526.43 74.30 47.09 3.88;0.7742 1 1777.08 155.03 74.34 36.68 350.03;0.7635 1 1234.00 629.09 60.58 54.10 2.66;0.7613 1 1896.05 561.31 65.76 40.47 1.28;0.7592 1 211.43 496.18 60.40 42.92 353.64;0.7283 1 934.34 87.44 30.69 79.04 9.27;0.6889 1 1422.43 525.57 84.08 38.56 357.27;0.6752 1 459.21 421.28 93.65 35.71 350.32;0.6658 1 819.55 156.11 49.50 43.06 7.87;0.6455 1 997.00 627.35 50.77 74.52 355.70;0.5976 1 581.99 627.29 83.17 47.06 355.05;0.5972 1 1053.82 1063.65 35.76 50.20 351.22;0.5939 1 1652.91 594.20 43.44 32.02 12.57;0.5812 1 1000.29 694.80 38.52 89.01 6.60;0.5812 1 999.95 728.76 50.13 69.49 351.63;0.5730 1 90.25 424.89 84.92 39.33 343.33;0.5718 1 158.99 522.81 82.30 38.75 357.06;0.5473 1 1002.10 150.47 48.00 54.30 349.31;0.5327 1 1054.79 862.85 37.61 96.48 354.14;0.5051 1 1053.88 893.04 40.26 64.29 9.78;0.5030 1 1060.01 627.89 41.72 69.50 355.39;0.4968 1 812.55 222.64 41.16 52.99 349.78;0.4849 1 1001.13 89.32 40.49 63.99 328.43;0.4830 1 281.93 423.74 75.97 49.99 3.53;0.4770 1 212.88 522.94 77.20 51.17 359.31;0.4587 1 819.90 121.31 45.43 51.54 24.21;0.4442 1 1840.81 657.54 75.31 55.18 1.71;0.4197 1 1055.86 828.50 35.31 88.48 355.29;0.4164 1 1294.66 1064.48 31.63 45.65 356.36;0.4082 1 1055.14 524.63 61.06 34.74 6.20;0.3987 1 938.69 21.64 31.32 58.53 355.80;0.3891 1 215.23 423.58 62.05 31.45 352.22;0.3882 1 1592.39 658.07 70.85 62.48 2.28;0.3595 1 1542.56 630.07 74.07 32.88 5.67;0.3397 3 999.55 495.03 162.04 45.69 4.28;0.3358 1 1050.35 695.46 37.09 72.13 344.52;0.3326 1 996.90 660.79 29.60 64.77 0.24;0.3122 1 1123.57 997.40 39.48 48.57 6.56;0.3013 1 1178.54 83.16 89.42 48.92 348.86;0.2958 1 1540.98 658.79 73.41 43.57 5.48;0.2953 1 1054.18 121.05 43.59 102.36 352.35;0.2933 8 1057.22 390.33 39.87 30.35 3.10;0.2732 1 814.51 188.48 31.91 37.51 351.80;0.2718 1 1894.00 659.01 82.84 50.19 10.18;0.2615 9 103.13 494.55 50.22 18.28 354.01;0.2553 1 1054.60 153.02 33.44 59.88 345.45;0.2505 1 1895.07 630.50 76.95 42.05 359.02
v_n3c9i6q2j2_0049,0.8251 1 95.96 460.46 86.68 44.99 353.48;0.7513 1 1894.72 524.40 101.10 41.85 353.33;0.6435 1 1841.55 523.74 117.98 37.20 348.30;0.4446 1 1178.32 526.14 43.31 48.39 340.27;0.4224 1 942.19 53.71 39.25 102.07 351.21;0.3941 9 1656.59 527.10 46.77 26.82 0.16;0.3815 1 1181.70 795.38 51.48 50.39 11.38;0.3680 1 35.71 525.73 60.00 45.66 359.87;0.3395 1 1356.43 761.78 90.52 69.24 343.73;0.3360 9 274.34 492.50 39.04 21.70 4.72;0.2892 9 454.60 491.76 57.02 26.68 348.49;0.2802 1 1653.94 560.31 60.65 29.51 353.23;0.2620 1 1899.68 494.63 66.25 22.74 352.70;0.2564 1 1356.94 627.69 54.12 55.44 348.43
v_pbu8a4tco7_0001,0.9564 1 874.08 122.46 61.98 48.13 351.53;0.9422 1 338.21 424.37 78.33 39.09 356.97;0.9149 1 872.23 156.75 70.78 55.09 357.35;0.9054 1 273.19 490.30 80.24 46.34 0.72;0.8684 1 1234.21 598.20 75.45 50.66 349.47;0.8635 1 1234.73 624.39 84.30 52.22 353.22;0.8613 1 461.31 421.78 105.67 33.02 350.97;0.8578 1 1055.03 1033.92 39.80 81.41 4.71;0.8387 1 217.89 461.70 74.06 42.26 356.49;0.8347 1 1410.16 630.07 73.69 61.81 1.99;0.8278 1 1776.89 154.57 71.34 38.40 346.97;0.7969 1 1591.17 632.10 78.91 51.48 357.71;0.7814 1 1840.39 630.48 81.38 46.76 353.32;0.7813 1 632.40 628.22 82.82 49.17 347.17;0.7358 1 1054.93 863.39 36.89 101.97 349.71;0.7234 1 271.73 462.33 48.34 39.50 351.88;0.7197 1 213.96 427.23 58.98 42.33 358.50;0.6839 1 819.87 156.28 42.37 43.92 10.47;0.6613 1 1841.58 656.94 73.97 56.70 3.01;0.6327 1 1056.61 829.08 40.92 87.33 0.47;0.6262 1 219.08 488.69 93.86 51.22 0.95;0.6002 1 1053.55 1063.47 33.29 52.26 351.35;0.5650 1 1592.84 658.31 62.95 60.53 10.57;0.5519 1 457.89 396.28 84.41 27.46 342.17;0.5247 1 1178.29 84.56 83.31 52.13 1.39;0.4182 1 1543.19 658.60 75.69 36.02 5.62;0.3944 1 821.96 120.99 46.92 48.91 46.25;0.3914 1 582.63 627.91 68.55 50.61 359.29;0.3867 1 936.81 21.50 37.39 46.59 352.31;0.3617 1 1893.73 658.90 80.17 54.07 7.10;0.3475 1 1181.42 624.87 75.28 35.02 354.65;0.3279 1 814.81 188.30 32.65 42.15 353.49;0.3039 9 1473.75 460.04 49.36 23.26 356.45;0.2946 1 281.42 425.10 61.18 59.90 10.98;0.2879 1 1123.48 997.74 39.24 51.26 4.19;0.2806 1 1365.00 629.04 71.87 43.02 0.71;0.2760 1 1294.41 1063.80 30.63 49.82 354.30;0.2647 1 1057.14 390.62 35.73 39.21 5.69;0.2585 1 932.64 51.93 40.75 53.23 1.25;0.2573 1 1894.03 629.96 60.11 37.83 4.69;0.2561 9 1476.51 491.79 41.73 15.94 359.13
v_fx5a3x4e3l_0032,0.9768 1 98.21 528.19 73.58 45.28 358.14;0.9540 1 932.47 458.56 41.58 59.44 2.34;0.9384 1 1777.21 494.55 75.75 36.67 3.30;0.9284 1 1593.53 495.49 85.37 35.65 346.41;0.9282 1 1424.55 525.22 50.17 50.41 354.52;0.9269 1 1055.61 662.05 51.11 59.94 350.53;0.9224 1 1116.47 591.40 66.40 52.92 354.06;0.8755 1 883.38 459.45 50.36 76.60 6.93;0.8431 1 1471.12 526.64 48.40 53.52 355.44;0.8269 1 1238.23 491.02 80.25 35.97 358.34;0.8139 1 1543.37 494.84 59.22 31.54 351.57;0.8016 1 1239.80 530.48 95.56 40.56 342.82;0.7992 7 1295.00 528.39 146.17 80.83 2.21;0.7623 1 1601.35 561.85 102.06 48.00 355.23;0.7264 1 1833.94 560.05 83.80 41.28 353.06;0.7182 1 1356.99 563.94 69.70 36.49 357.30;0.7163 1 1055.12 694.25 44.96 77.15 341.34;0.6975 1 1118.17 563.12 72.89 33.23 349.33;0.6965 1 1783.69 558.97 59.39 48.01 16.62;0.6789 1 1240.81 557.47 56.24 48.24 357.98;0.6588 1 1900.02 559.86 47.15 42.60 359.85;0.6044 1 878.06 490.95 38.02 32.86 1.56;0.5592 1 1356.48 588.84 95.35 48.58 5.99;0.4866 1 934.68 964.68 43.22 84.53 353.42;0.4770 7 1476.32 558.68 65.89 86.79 356.28;0.4445 1 1115.09 1064.68 35.06 57.60 351.84;0.4415 1 936.67 696.09 50.44 47.65 347.19;0.4213 1 1724.35 493.39 46.63 27.16 0.06;0.4097 1 934.76 796.03 33.83 65.38 1.42;0.3919 1 1062.99 187.52 30.65 79.67 356.87;0.3778 1 871.93 593.78 53.95 36.87 353.69;0.3683 1 1652.69 561.43 75.96 40.15 359.08;0.3652 1 1061.79 1066.22 28.51 42.45 0.95;0.3644 1 934.59 932.58 33.92 100.43 354.38;0.3417 1 1058.26 628.29 38.80 34.96 355.72;0.3322 1 1423.81 627.92 29.77 70.59 354.38;0.3198 1 935.02 997.69 34.70 80.93 4.92;0.2820 1 1061.15 220.82 45.77 49.09 354.74;0.2788 9 818.39 561.48 52.87 23.97 2.10
v_tuyb2j2uk6_0019,0.9193 1 279.86 556.21 81.00 53.98 358.58;0.9071 1 34.26 528.12 41.17 38.82 342.93;0.8999 1 280.44 530.20 79.09 52.25 340.13;0.6971 1 99.83 489.12 80.12 60.80 347.17;0.5633 1 1652.98 560.81 64.18 36.77 354.05;0.4349 1 97.73 464.03 57.37 41.07 349.75;0.4331 1 943.13 85.98 51.12 68.87 351.75;0.3955 1 997.74 931.17 29.62 74.33 346.95;0.3758 1 1176.65 525.41 42.94 49.82 339.85;0.3676 1 1233.12 795.33 75.21 41.04 342.72;0.3631 1 1237.21 626.87 45.81 70.88 337.22;0.3604 1 35.09 557.11 46.87 48.90 10.52;0.3332 1 1358.08 762.30 89.22 50.14 343.88;0.3238 7 876.27 459.29 46.95 39.12 12.25;0.3207 1 1415.74 661.29 69.70 49.89 356.67;0.3042 1 1356.76 628.37 58.40 51.51 343.53;0.2800 9 1657.77 527.40 42.94 25.89 0.74;0.2579 1 1177.83 492.53 40.68 50.39 342.97;0.2548 1 1175.94 559.50 46.57 47.63 353.90
v_6wcpy7t3rr_0003,0.9942 1 632.39 427.34 75.47 30.52 357.17;0.9940 1 695.99 489.71 83.54 39.77 352.05;0.9842 1 393.77 489.41 81.61 47.92 6.72;0.9814 1 1415.25 591.28 81.11 44.12 358.10;0.9783 1 520.43 388.60 93.58 27.81 351.24;0.9714 1 456.56 426.69 86.92 27.17 358.39;0.9695 1 933.10 320.55 91.12 44.49 0.49;0.9694 1 1470.56 257.68 76.04 34.70 358.18;0.9683 1 453.17 121.28 83.52 40.54 345.64;0.9582 1 514.51 425.92 88.23 28.70 350.38;0.9506 1 1535.36 218.56 94.06 47.84 357.27;0.9500 1 458.47 222.64 84.33 28.19 350.43;0.9430 1 992.29 222.09 80.84 37.29 351.47;0.9429 1 580.29 426.98 91.62 29.70 354.53;0.9347 1 818.49 388.96 89.60 37.96 354.71;0.9321 1 1302.76 219.36 72.23 35.87 357.25;0.9302 1 275.32 427.96 88.35 23.95 351.02;0.9299 1 334.61 427.59 73.44 22.91 358.21;0.9296 1 332.99 1030.11 94.08 37.64 352.30;0.9286 1 391.38 389.52 89.47 31.88 347.04;0.9215 1 395.58 293.11 51.06 43.80 339.99;0.9201 1 217.95 426.93 108.30 28.26 352.18;0.9169 1 1590.15 524.97 76.18 44.37 356.49;0.9135 1 393.48 461.28 54.45 36.03 353.54;0.9113 1 1351.90 219.92 101.12 42.11 356.62;0.9081 1 93.39 490.40 88.23 51.11 0.29;0.9071 1 883.37 320.37 74.25 31.63 349.95;0.8990 1 1418.99 256.94 80.67 31.89 3.29;0.8957 1 1420.86 527.43 82.80 36.23 354.09;0.8870 1 1781.95 191.28 86.98 36.35 347.52;0.8839 1 1718.82 361.42 96.34 29.41 350.14;0.8734 1 33.29 427.11 60.35 29.65 349.44;0.8674 1 1780.50 589.81 85.19 34.87 346.95;0.8659 1 1831.11 192.24 94.45 39.43 341.03;0.8544 1 1535.52 193.41 78.68 30.22 347.58;0.8480 1 340.18 387.77 123.95 31.31 353.81;0.8448 1 993.72 797.08 44.80 57.00 351.99;0.8427 1 1294.06 422.72 94.36 45.99 359.69;0.8379 1 822.36 559.43 47.02 64.90 1.89;0.8370 1 97.49 121.48 83.80 40.73 348.83;0.8317 1 156.81 425.77 91.38 39.32 351.29;0.8217 1 1718.57 387.25 105.31 35.97 348.31;0.8210 1 1418.65 560.39 69.00 34.44 335.96;0.8207 1 572.04 292.00 65.42 38.09 345.95;0.8143 1 1780.21 562.40 70.39 27.19 344.10;0.8110 1 36.56 1001.18 45.84 37.41 345.08;0.8071 1 397.84 425.40 76.09 38.56 5.05;0.7993 1 1778.05 222.28 68.72 34.25 350.98;0.7962 1 817.62 528.56 49.56 47.65 357.04;0.7924 1 1058.24 1033.85 74.83 49.91 345.65;0.7815 1 815.25 360.94 67.80 31.70 345.52;0.7808 1 343.53 489.45 100.65 33.54 1.79;0.7789 1 1235.29 256.86 78.58 41.03 1.04;0.7761 1 1480.72 221.52 71.92 43.23 354.45;0.7733 1 95.73 389.29 92.24 35.41 350.50;0.7695 1 870.52 561.27 42.99 53.60 348.88;0.7663 1 1177.40 221.59 87.06 39.49 357.55;0.7661 1 934.87 292.19 61.37 39.31 350.13;0.7479 1 396.68 321.02 64.36 35.99 350.60;0.7435 1 1058.54 121.43 57.94 51.89 348.79;0.7083 1 456.88 1067.80 74.84 30.81 346.80;0.7007 1 1177.53 594.40 87.84 36.24 353.66;0.6978 1 152.93 1068.22 57.90 29.89 347.74;0.6939 1 942.14 222.70 71.48 39.90 0.21;0.6828 1 517.21 1068.56 75.47 32.94 346.43;0.6709 1 1469.30 528.06 76.08 39.91 350.51;0.6325 1 824.33 763.66 88.85 29.41 40.93;0.5994 1 1294.34 395.15 80.24 32.85 340.38;0.5981 1 1546.04 525.97 73.21 34.51 9.78;0.5940 1 995.21 828.82 54.50 69.66 357.66;0.5877 2 335.94 259.37 91.14 29.10 352.77;0.5659 1 1769.61 361.95 82.78 33.43 345.34;0.5594 7 1777.17 257.03 86.99 37.51 351.93;0.5559 2 938.98 258.82 81.59 31.30 352.47;0.5129 1 401.41 121.20 81.42 41.52 345.76;0.5119 1 35.54 1028.09 58.34 45.39 16.18;0.5016 1 941.59 828.42 39.95 41.83 356.96;0.4902 7 992.82 258.01 72.06 35.83 351.70;0.4886 9 579.05 459.92 45.45 5.97 352.96;0.4870 7 39.99 491.85 99.04 52.81 11.38
v_9kc7xo3jmn_0008,0.9727 1 277.19 527.94 70.50 45.11 353.96;0.9678 1 1177.71 557.41 90.24 35.56 352.05;0.9531 1 1111.96 494.86 75.76 35.75 355.13;0.9231 1 1062.22 494.43 80.76 35.50 352.67;0.7949 1 97.18 463.15 87.33 40.96 346.59;0.6822 1 96.61 488.61 79.16 58.20 342.84;0.4494 1 1234.26 559.30 46.73 48.62 3.08;0.4103 1 998.61 931.22 33.24 87.76 355.68;0.3165 1 1653.23 560.15 59.55 32.24 355.80;0.3120 1 934.13 695.71 47.27 34.29 359.73;0.2981 9 1058.64 525.13 53.12 16.61 354.63;0.2721 9 1656.96 527.24 43.11 24.94 358.45;0.2712 7 1121.19 559.60 100.09 29.66 353.03
v_mbp49m4pdk_0037,0.9593 1 221.42 457.15 91.19 39.62 354.54;0.9518 1 272.36 457.16 79.21 41.58 346.63;0.9517 1 514.68 457.54 110.25 42.20 356.78;0.9488 1 1232.68 495.13 78.23 49.20 357.66;0.9357 1 1474.15 460.89 77.43 44.14 0.20;0.9054 1 1779.36 528.81 74.67 49.95 4.64;0.8860 1 1479.23 390.83 87.63 33.07 356.63;0.8552 1 1115.49 460.19 56.63 60.67 15.61;0.8315 1 993.43 560.67 32.41 97.89 1.14;0.8237 1 1657.85 492.30 53.17 53.14 18.22;0.8072 1 931.89 323.77 50.23 75.75 349.22;0.8070 1 994.72 628.56 32.42 79.76 351.57;0.7625 1 642.82 457.80 107.81 44.39 349.49;0.7535 1 937.74 291.32 50.36 65.97 354.22;0.7487 1 1423.37 459.68 67.03 43.02 2.76;0.7469 1 37.66 595.06 39.98 67.36 358.71;0.6999 1 36.55 562.89 36.39 54.09 357.59;0.6744 1 996.24 1032.53 29.43 87.69 352.39;0.6674 1 1059.24 695.14 37.05 57.90 349.57;0.6407 1 33.55 459.59 39.46 37.41 352.65;0.6334 2 691.00 457.35 88.37 59.10 9.98;0.6126 1 993.98 1001.23 28.76 90.26 357.56;0.6111 1 995.27 901.02 30.12 76.58 3.43;0.5976 1 695.14 492.81 50.07 53.38 357.23;0.5811 1 1899.94 591.02 44.26 64.15 23.25;0.5551 1 461.77 457.08 105.25 44.42 3.48;0.5256 1 994.55 931.01 40.17 87.89 353.27;0.5220 1 1595.66 628.40 45.39 74.59 9.11;0.4874 7 754.19 494.05 61.96 68.77 350.52;0.4836 1 1900.26 459.72 26.79 35.74 3.31;0.4735 1 994.93 595.43 25.37 114.88 356.65;0.4695 1 1356.75 595.45 56.27 56.83 17.07;0.4646 7 1360.11 562.14 68.82 83.96 5.21;0.4362 1 995.91 659.49 27.57 85.13 350.36;0.4300 1 1183.67 493.62 60.60 46.02 3.57;0.3956 7 751.56 527.72 49.28 70.48 346.03;0.3890 1 1116.12 425.82 37.98 50.90 1.89;0.3890 1 938.75 932.10 26.87 70.99 0.59;0.3871 1 1775.97 558.80 40.03 60.34 5.20;0.3866 1 883.64 324.92 39.37 56.01 2.59;0.3729 1 1777.57 392.62 117.16 36.07 351.23;0.3649 1 1901.33 527.20 18.59 42.38 0.88;0.3629 1 878.05 492.34 38.25 58.76 356.83;0.3618 1 1116.87 493.17 46.26 65.54 1.26;0.3552 1 1414.97 526.21 41.50 35.31 2.60;0.3539 1 999.31 423.76 57.67 46.68 351.45;0.3359 1 938.20 52.71 36.96 63.88 1.35;0.3255 1 1716.94 590.67 51.93 60.14 358.85;0.3211 1 940.50 527.38 37.79 62.66 354.13;0.3206 1 936.96 425.47 40.11 60.33 0.58;0.3186 1 515.11 427.99 76.89 35.19 345.25;0.3157 1 939.04 763.40 44.46 87.94 354.46;0.3149 1 996.08 86.95 43.74 89.05 13.22;0.3144 1 517.07 524.56 52.95 48.65 3.18;0.3027 9 399.73 492.07 62.06 34.06 10.34;0.2998 9 1479.14 425.55 57.11 42.45 356.62;0.2958 1 1484.01 591.98 33.65 68.68 358.39;0.2951 1 1717.69 392.08 81.81 42.52 345.93;0.2890 1 1056.38 425.29 50.67 56.52 359.37;0.2815 1 939.74 899.49 30.28 91.27 5.24;0.2783 1 1421.11 390.38 67.65 36.33 356.77;0.2783 1 1899.68 560.99 31.63 42.37 20.80;0.2740 1 1114.96 526.43 42.49 50.68 352.00;0.2722 1 877.98 424.97 40.51 76.04 354.08;0.2714 1 936.28 829.09 44.21 63.29 352.06;0.2593 1 941.47 627.14 26.30 71.43 356.50;0.2586 1 815.15 862.31 48.14 59.63 30.72;0.2584 1 1658.81 591.31 49.12 69.56 358.07;0.2579 1 999.48 795.81 33.49 72.46 355.10;0.2520 1 1716.24 563.77 29.44 42.91 359.18
v_fhb1u2nl2i_0022,0.9707 1 269.84 493.77 51.30 47.56 23.59;0.9653 1 152.81 559.76 54.51 52.43 33.27;0.9587 1 575.88 493.13 24.57 92.42 61.33;0.9350 1 1059.75 528.01 74.87 37.07 353.47;0.8812 1 1001.02 963.28 31.66 85.51 349.43;0.8383 1 1354.22 590.99 63.29 45.63 359.77;0.8301 1 517.83 526.06 40.06 41.56 17.52;0.7585 1 1053.63 729.74 40.20 79.22 348.62;0.7367 1 1598.82 592.83 86.12 60.53 3.68;0.7213 1 993.27 256.24 31.06 96.88 0.27;0.7024 1 1000.33 994.52 36.62 82.73 11.32;0.6865 1 154.44 461.32 57.12 61.69 354.25;0.6805 1 35.20 461.12 40.77 40.73 345.86;0.6589 1 1299.34 494.62 33.70 69.67 357.92;0.6256 1 1355.78 563.41 51.22 60.26 340.12;0.6165 1 1001.62 933.48 27.01 75.52 342.29;0.5837 1 1059.74 88.54 39.38 79.17 355.90;0.5655 1 156.05 488.27 79.74 57.18 3.31;0.4910 1 1061.33 997.05 46.15 72.80 335.43;0.4897 1 215.34 625.07 65.31 45.58 352.60;0.4889 1 932.15 796.00 44.61 74.82 357.84;0.4857 1 223.33 493.09 70.25 43.42 15.18;0.4819 1 1051.72 760.59 37.73 72.24 354.99;0.4776 1 36.76 488.89 54.57 48.59 11.45;0.4571 1 1301.81 591.21 53.32 49.07 355.47;0.4338 9 817.23 494.02 37.26 20.82 356.64;0.4196 1 1002.86 729.56 32.17 82.48 358.51;0.4162 1 1110.93 528.63 67.19 35.32 350.07;0.4125 1 1781.98 562.73 75.07 35.20 357.30;0.3874 1 934.55 1066.00 24.81 46.39 355.42;0.3708 1 1832.30 564.58 94.50 42.79 351.44;0.3698 1 1063.96 188.22 28.23 72.32 3.76;0.3691 1 944.86 255.57 26.49 89.47 358.72;0.3687 1 96.64 624.35 73.81 38.03 355.59;0.3659 1 1298.47 526.00 40.89 63.66 357.52;0.3653 9 816.68 526.57 43.91 23.57 1.30;0.3453 1 1061.58 1065.68 22.13 32.59 344.41;0.3318 7 993.93 54.24 40.34 96.18 18.97;0.3205 1 104.90 559.41 42.12 39.04 358.89;0.3111 1 936.27 964.40 24.27 101.99 356.26;0.3097 1 1782.03 591.70 61.00 50.21 12.20;0.2963 1 280.86 625.46 100.33 42.03 357.64;0.2936 1 937.64 997.27 19.41 76.00 358.04;0.2813 1 872.31 594.59 51.08 28.02 354.88;0.2502 1 1004.36 760.91 33.56 62.29 352.12
v_fvnjjs1zdp_0015,0.9885 1 1415.63 526.27 64.21 44.00 357.80;0.9799 1 218.21 523.47 83.85 45.16 1.97;0.9722 1 1719.20 495.24 64.70 40.33 2.83;0.9198 1 452.84 523.25 71.65 56.22 17.49;0.8913 1 339.59 562.08 74.21 32.16 16.14;0.8821 1 1236.20 490.13 83.28 40.57 1.18;0.7897 1 941.98 188.48 38.43 77.74 341.36;0.7843 1 1717.98 523.00 77.09 38.15 12.50;0.7511 1 994.09 53.37 29.65 105.02 0.18;0.7424 1 454.04 495.24 52.63 78.78 14.45;0.6959 1 1002.64 425.58 39.21 60.50 353.04;0.6949 1 933.96 964.60 37.86 84.62 0.54;0.6774 1 994.15 86.35 38.08 71.91 4.28;0.6567 1 219.47 496.51 72.54 49.01 344.72;0.6490 1 403.01 523.45 67.59 38.96 15.54;0.6368 1 1832.29 561.93 87.64 41.45 346.58;0.6160 1 1362.96 525.56 47.37 50.68 4.69;0.5981 1 1355.22 562.74 48.29 43.79 350.84;0.5949 1 1354.42 590.25 66.63 52.21 359.06;0.5533 1 995.48 20.94 43.61 63.96 0.66;0.5404 1 1784.15 560.82 60.19 44.81 4.33;0.5375 1 932.95 795.27 46.18 72.64 4.88;0.5272 1 1112.75 1064.46 25.37 59.38 346.78;0.5154 7 999.90 458.30 56.34 42.07 353.33;0.5118 1 1062.85 997.37 35.38 92.32 359.31;0.4963 1 1057.87 728.06 37.90 84.29 338.85;0.4889 1 1058.93 696.14 38.25 68.44 338.21;0.4433 1 1600.00 563.43 76.78 42.50 0.52;0.4411 1 1061.12 1064.97 25.72 50.29 2.82;0.4240 1 935.99 358.13 30.59 42.46 9.77;0.4123 1 940.94 218.61 39.73 69.18 4.10;0.3809 1 1421.56 627.53 27.00 99.21 2.50;0.3769 1 1420.14 560.66 56.93 77.92 0.97;0.3704 1 1182.86 489.67 81.59 37.76 351.49;0.3680 1 934.59 996.42 25.48 71.23 12.72;0.3562 1 1598.72 592.28 76.78 81.14 3.98;0.3561 1 1299.87 590.67 66.45 51.54 356.99;0.3433 1 1050.88 424.65 37.18 70.09 348.17;0.3365 1 1062.18 219.76 55.39 54.62 350.61;0.3097 1 1060.34 967.04 29.17 64.88 351.67;0.3084 1 1473.84 561.21 79.91 58.24 350.17;0.3079 1 872.55 594.03 53.41 32.58 353.26;0.3064 1 1113.88 999.79 28.29 103.13 354.95;0.3054 1 1773.26 495.62 55.41 33.30 0.94;0.3045 9 817.05 527.24 38.15 21.79 3.73;0.2973 7 1296.64 527.02 33.56 48.14 358.69;0.2937 1 1060.67 796.07 30.93 67.17 355.90;0.2862 1 816.28 561.73 59.65 33.72 355.50;0.2773 1 1115.03 1032.27 17.29 122.70 350.25;0.2613 1 391.42 562.28 54.62 21.68 13.39;0.2537 1 1235.92 462.66 49.69 46.01 359.69
v_x8dsc6pma4_0049,0.9547 1 759.73 492.00 94.48 41.54 352.98;0.9504 1 873.91 122.09 56.56 52.54 352.95;0.9403 1 1234.64 598.18 79.53 48.48 356.53;0.9119 1 1410.83 629.20 64.77 59.10 4.65;0.9050 1 1592.07 631.48 74.34 53.16 1.84;0.8983 1 1294.03 496.01 89.49 37.78 351.26;0.8965 1 337.05 422.96 81.67 42.17 1.09;0.8947 1 1055.00 1033.78 38.59 82.35 7.37;0.8928 1 40.05 424.26 63.78 39.80 1.29;0.8902 1 872.36 156.13 67.94 49.52 358.00;0.8880 1 459.00 395.77 100.07 27.30 342.21;0.8674 1 810.19 492.57 67.71 41.81 343.16;0.8329 1 632.13 627.25 87.23 46.86 345.42;0.8067 1 1777.72 154.74 76.19 38.05 352.45;0.7956 1 1840.56 630.60 98.43 39.33 350.35;0.6619 1 1054.45 862.60 36.14 105.86 355.86;0.6584 1 1053.69 1063.53 34.17 52.65 350.84;0.6280 1 460.43 420.63 93.07 32.98 348.47;0.6205 1 818.95 155.78 41.25 42.62 9.70;0.5974 1 581.87 627.33 79.70 46.68 355.35;0.5171 1 1296.57 523.38 55.57 37.35 355.21;0.4739 1 1235.80 623.71 79.05 57.55 349.57;0.4704 1 936.98 21.24 36.49 47.30 353.10;0.4611 1 821.73 120.60 45.88 50.41 46.84;0.4470 1 1294.63 1064.34 31.52 47.32 355.80;0.4009 1 1840.51 657.12 74.70 51.65 357.84;0.3597 1 212.76 424.20 76.28 29.39 351.92;0.3545 1 1241.58 494.99 85.26 32.47 350.50;0.3536 1 1893.82 630.58 74.65 36.29 359.15;0.3472 1 1365.29 628.39 77.71 44.51 3.02;0.3233 1 932.68 52.21 38.34 54.20 359.42;0.3190 1 1178.81 82.74 74.97 57.61 0.73;0.3032 1 1123.56 997.48 39.03 49.91 3.85;0.2958 8 1056.78 390.33 37.98 33.57 4.82;0.2869 1 1182.39 594.95 84.63 49.52 1.23;0.2869 9 278.66 527.19 47.71 14.44 357.91;0.2775 9 878.35 560.20 30.11 8.77 347.59;0.2772 9 1477.77 460.34 43.75 11.56 349.25
v_3yzj8nkhg0_0026,0.9644 1 1359.35 528.86 92.82 39.69 351.57;0.8083 1 94.60 462.07 89.44 42.07 349.81;0.5681 1 1181.89 796.14 55.97 49.72 3.47;0.4964 1 95.25 489.69 59.73 48.60 347.96;0.4839 1 996.61 931.45 36.29 78.92 355.45;0.4228 1 1357.06 762.17 95.19 51.32 344.48;0.4191 1 1232.38 795.20 72.80 42.76 339.60;0.4022 1 1411.36 529.26 67.31 40.39 347.88;0.3866 9 1656.99 527.24 47.66 26.62 357.14;0.3674 1 942.52 54.11 39.29 99.51 349.81;0.3527 1 1236.10 626.67 49.64 80.44 336.35;0.2668 9 274.88 492.89 36.99 16.62 1.24;0.2665 1 1179.23 525.82 42.43 43.59 341.70
v_rbpb03jmmz_0025,0.9834 1 214.12 426.67 83.29 39.57 353.89;0.9714 1 1419.85 525.16 81.72 39.20 356.44;0.9667 1 516.85 360.92 94.45 29.36 345.42;0.9333 1 1416.24 562.43 101.58 29.24 341.89;0.8960 1 993.14 865.44 24.32 79.48 350.15;0.8874 1 1590.27 523.70 74.10 44.99 353.10;0.8687 1 1178.38 591.48 84.02 42.05 353.13;0.8171 1 936.11 830.82 39.18 79.66 0.10;0.7526 1 1544.77 524.24 100.59 33.75 1.02;0.6798 1 100.86 1066.53 66.01 32.53 353.01;0.6679 1 514.68 386.85 87.99 39.13 344.05;0.6403 1 1469.36 524.92 71.98 42.81 356.49;0.6226 1 1782.47 526.61 85.44 33.47 358.64;0.6092 7 1835.16 561.78 120.14 49.03 350.29;0.5643 1 455.87 1065.60 76.96 34.85 348.87;0.5585 2 1836.85 359.79 116.34 34.25 354.83;0.5578 1 337.28 1066.74 77.03 33.10 348.86;0.5326 1 150.82 1066.68 72.61 39.11 343.70;0.5301 7 936.59 966.33 57.64 144.54 7.16;0.4988 1 569.46 460.80 61.18 33.60 349.22;0.4784 7 930.87 1031.37 61.18 79.84 5.29;0.4647 1 1059.86 831.10 60.25 51.23 340.66;0.4605 1 274.38 1065.69 84.02 40.18 348.12;0.4564 1 1891.87 359.48 86.01 35.37 356.94;0.4495 9 996.96 359.12 53.49 20.28 347.35;0.4403 2 1832.30 526.20 86.07 52.37 359.52;0.4377 1 573.31 490.76 65.37 40.20 350.21;0.4161 1 163.49 425.61 76.58 34.09 357.62;0.4080 7 941.00 863.08 31.58 90.80 7.35;0.4074 9 1177.86 359.69 51.44 14.79 342.72;0.4011 9 517.98 86.66 49.38 16.92 341.25;0.3911 1 995.09 894.36 25.67 85.34 356.15;0.3893 7 34.92 121.23 72.13 50.74 9.62;0.3856 9 997.22 391.13 50.34 19.36 350.26;0.3718 1 1779.86 561.77 104.31 29.25 347.69;0.3585 7 518.80 462.19 87.89 38.23 6.93;0.3565 1 571.86 1066.26 59.12 33.29 350.36;0.3565 9 817.51 460.22 45.17 14.95 354.94;0.3521 1 879.93 729.58 44.10 53.77 5.25;0.3477 9 998.16 223.11 63.18 21.87 347.37;0.3431 9 635.42 997.76 41.32 12.51 350.37;0.3320 1 1843.34 697.86 63.48 30.53 356.25;0.3276 7 881.06 1001.04 65.33 30.08 356.82;0.3151 7 1061.17 56.40 91.64 78.59 9.47;0.3076 1 878.54 663.63 40.49 39.23 346.85;0.3041 1 1058.10 119.81 65.31 50.85 13.11;0.3039 9 998.72 257.11 50.22 20.86 354.08;0.2968 9 277.00 86.76 47.28 18.74 345.33;0.2965 1 1062.34 1031.78 39.11 64.95 343.99;0.2959 9 573.28 87.31 50.54 14.82 337.48;0.2912 9 816.60 87.27 43.76 14.28 341.81;0.2898 9 398.75 359.01 52.08 15.10 344.58;0.2841 1 1781.02 359.59 92.86 24.06 345.86;0.2804 1 1178.26 564.14 57.46 28.44 346.52;0.2756 9 1536.05 87.87 41.33 18.17 346.38;0.2747 9 755.43 358.79 46.56 13.24 346.78;0.2701 9 1413.89 591.24 41.22 23.05 354.83;0.2684 9 696.54 358.77 41.99 11.55 346.97
v_64iij3aqe0_0015,0.9375 1 461.11 524.40 86.03 49.55 343.76;0.8911 1 1233.20 494.78 85.55 43.98 345.98;0.8424 1 509.85 525.14 75.10 52.79 328.98;0.8260 1 95.64 462.06 92.47 40.28 349.48;0.8080 1 1182.26 493.65 66.07 36.33 351.44;0.5434 1 95.88 489.51 63.10 48.75 344.42;0.4617 1 1182.39 795.26 48.51 56.69 12.80;0.4465 1 1177.93 525.41 46.41 32.93 339.54;0.4363 1 999.00 930.64 35.86 86.46 352.36;0.4151 1 941.60 53.82 40.35 106.70 347.80;0.3658 9 1655.92 526.90 54.34 29.35 357.36;0.3151 7 1116.06 493.59 119.89 73.51 358.52;0.3057 1 1356.22 759.95 85.53 70.24 342.74;0.2863 1 1236.43 595.76 32.04 77.76 353.07
v_qzyxrmn7gg_0034,0.9481 1 871.28 559.02 83.18 61.11 355.78;0.8239 1 823.60 557.21 86.31 36.37 355.73;0.7319 1 97.28 488.85 87.90 60.95 345.52;0.7213 1 872.29 530.77 86.87 47.23 350.43;0.6807 1 96.99 463.64 78.17 41.12 347.10;0.5852 1 822.00 529.63 79.71 25.96 350.13;0.4662 1 1181.80 795.64 47.99 51.74 7.98;0.4624 4 573.03 524.77 86.37 45.78 352.79;0.3922 1 999.94 931.52 32.96 72.44 356.94;0.3783 1 522.67 525.37 88.91 51.24 349.71;0.3108 9 1656.83 527.11 47.13 25.78 354.13;0.2829 1 1178.44 526.00 42.08 41.34 341.66;0.2822 9 1538.39 527.32 37.48 11.20 351.87;0.2782 7 576.69 496.42 66.63 49.20 353.21;0.2530 1 1357.05 762.01 91.78 47.35 341.64;0.2510 1 933.34 695.47 47.21 34.11 355.86
v_ztz69akqyn_0006,0.9780 1 755.49 423.71 103.36 33.42 344.55;0.9764 1 395.53 421.59 91.98 45.30 344.95;0.9728 1 635.83 422.47 89.98 32.07 351.81;0.9607 1 639.46 523.09 85.17 41.06 357.00;0.9588 1 94.86 422.07 102.96 36.44 352.40;0.9556 1 518.13 421.21 90.67 37.61 352.71;0.9494 1 280.66 460.17 76.62 32.14 357.66;0.9459 1 1291.20 355.18 81.27 44.85 358.15;0.9429 1 1240.83 354.66 80.41 36.97 354.29;0.9332 1 520.02 523.91 93.74 37.69 359.63;0.9318 1 160.97 458.46 71.93 34.27 357.60;0.9289 1 1481.44 626.41 101.64 42.10 351.80;0.9145 1 1711.29 591.89 81.67 53.48 350.32;0.9045 1 1356.02 292.97 71.61 20.29 6.63;0.8968 1 1414.69 291.77 74.97 21.17 358.34;0.8956 1 211.46 458.14 80.21 39.85 355.60;0.8930 1 395.57 394.56 85.45 35.26 348.73;0.8889 1 1531.99 256.18 80.06 47.27 349.27;0.8849 1 759.19 495.52 62.07 39.42 345.28;0.8823 1 1530.44 627.14 83.18 43.41 349.17;0.8693 1 33.80 459.30 49.55 25.33 350.82;0.8600 1 581.14 460.68 76.05 21.02 350.69;0.8540 1 1236.96 291.34 93.36 34.38 349.54;0.8487 1 1363.57 355.73 100.63 26.53 1.10;0.8325 1 210.38 289.39 80.03 41.29 354.24;0.8300 1 1299.43 292.07 92.12 29.81 351.64;0.8249 1 1481.27 255.35 71.60 38.65 351.57;0.8206 1 1482.10 352.89 102.83 31.37 350.85;0.8162 1 759.55 524.12 69.36 48.41 348.70;0.8155 1 1896.30 626.52 71.30 43.31 4.32;0.8137 1 935.75 1064.80 45.75 42.65 352.20;0.8136 1 1291.73 628.79 67.62 45.07 343.46;0.8096 1 454.29 524.58 96.53 37.99 355.51;0.8090 1 400.15 523.41 100.75 35.57 358.55;0.8016 1 1410.98 355.28 87.67 34.08 349.38;0.7959 1 1662.46 590.62 94.05 38.71 347.64;0.7904 1 1716.60 352.77 95.48 33.06 356.18;0.7711 7 1717.95 289.97 86.26 84.66 10.45;0.7699 1 335.15 495.29 58.62 23.06 358.48;0.7259 1 394.51 459.62 66.00 32.55 8.02;0.7116 1 572.88 523.67 83.61 37.54 346.82;0.7019 1 634.92 494.39 46.58 34.86 336.71;0.6964 1 1654.49 254.04 92.68 43.72 345.68;0.6781 1 938.77 1034.27 49.57 54.42 352.96;0.6696 1 462.32 460.70 66.25 22.22 358.62;0.6613 1 700.90 424.18 88.02 28.97 6.82;0.6453 1 1176.58 122.98 39.59 54.67 340.34;0.6405 1 1599.11 353.77 83.36 34.86 349.35;0.6364 9 753.80 460.15 52.58 17.40 1.17;0.6214 1 635.07 460.78 76.43 22.08 7.40;0.5948 1 1533.14 354.05 82.62 39.66 346.54;0.5909 1 273.87 326.66 67.56 42.48 350.47;0.5838 1 1175.59 152.88 58.02 49.28 346.71;0.5809 1 1112.58 358.32 59.95 42.06 357.19;0.5760 1 1120.81 866.91 66.90 45.98 357.88;0.5734 1 334.95 461.39 86.49 27.93 5.92;0.5719 1 698.85 461.53 77.03 17.54 348.68;0.5605 1 1534.26 290.43 88.30 40.93 353.34;0.5198 1 579.94 422.95 92.75 31.44 4.88;0.5116 1 1655.34 226.63 102.02 32.12 348.42;0.5107 9 156.09 492.72 40.63 14.39 347.07;0.5057 1 1238.65 324.59 51.45 29.16 340.55;0.4904 1 517.31 393.31 65.16 28.89 347.36;0.4780 7 158.32 260.27 82.99 29.69 356.97;0.4772 1 336.65 523.94 92.72 30.59 357.06;0.4678 1 1119.79 893.57 70.19 44.95 354.61;0.4543 1 1294.70 324.39 37.95 24.50 352.09;0.4142 9 1115.19 257.23 65.37 19.26 352.45;0.4104 1 1717.22 325.31 40.83 39.42 330.70;0.4045 1 41.87 423.51 74.77 43.60 0.32;0.4003 1 512.81 460.76 60.47 20.28 4.31;0.3911 9 279.63 493.06 74.53 19.54 353.10;0.3754 5 1356.29 256.50 117.57 45.03 18.46;0.3740 1 514.65 494.62 38.75 32.01 354.46;0.3732 1 95.64 395.18 68.44 28.94 346.43;0.3704 9 277.82 525.82 45.51 16.11 350.82;0.3548 7 157.10 289.39 109.33 39.64 1.09;0.3532 1 1601.50 253.84 67.82 30.57 0.04;0.3382 1 1480.88 290.56 53.61 24.73 0.00;0.3170 1 996.09 965.50 35.49 48.52 4.11
v_tpa7f4x6rz_0016,0.9762 1 577.24 493.87 33.04 82.50 70.92;0.9627 1 821.57 525.62 67.26 48.66 7.67;0.9446 1 510.79 559.31 60.54 51.52 20.70;0.9315 1 999.69 528.55 72.27 36.58 352.12;0.9126 1 871.03 524.65 61.33 55.21 353.68;0.9118 1 153.01 559.97 67.89 49.77 0.91;0.9024 1 35.61 491.42 49.47 43.78 35.16;0.9004 1 462.97 558.63 71.20 45.62 19.90;0.8548 1 1354.56 592.15 69.96 42.60 352.09;0.7922 1 1053.14 795.04 34.46 73.94 355.15;0.6985 1 1599.56 592.68 86.94 45.94 5.32;0.6534 1 1477.81 562.88 89.99 41.63 349.75;0.6269 1 104.70 558.49 53.74 33.93 351.63;0.6257 1 874.49 495.18 37.99 48.99 347.17;0.6227 1 1299.10 495.07 35.79 75.11 0.58;0.5879 1 1055.36 763.73 30.33 80.41 0.34;0.5479 1 1049.65 529.13 65.68 35.74 352.81;0.5362 1 933.49 797.51 36.66 81.13 355.16;0.5040 1 934.72 965.64 32.77 85.69 1.24;0.4875 1 1300.45 592.18 61.94 54.28 355.92;0.4657 1 1832.94 564.63 92.41 44.67 353.00;0.4624 1 1059.18 694.88 43.59 53.69 346.45;0.4157 1 1063.48 187.96 31.16 70.54 2.41;0.4079 1 1782.71 591.75 67.52 49.49 13.86;0.3853 1 1298.16 526.05 47.10 62.91 354.80;0.3628 1 280.57 627.08 100.32 43.26 357.15;0.3600 1 998.21 556.95 56.24 27.54 352.71;0.3545 1 215.00 627.40 59.84 40.02 347.62;0.3418 1 1477.21 591.07 60.29 47.31 352.11;0.3209 9 817.00 559.77 41.99 19.19 355.33;0.2875 9 1120.02 594.84 42.57 14.25 345.70;0.2630 1 1833.12 593.06 67.84 82.66 352.42;0.2533 1 934.32 827.62 36.38 77.54 351.46
v_rpywb1td9g_0024,0.6622 1 97.29 463.08 82.87 41.05 347.65;0.6428 1 97.54 488.79 74.27 59.70 344.20;0.4480 1 1652.71 560.49 63.58 35.88 353.20;0.4001 7 876.44 460.47 48.35 44.58 9.45;0.3117 1 1178.61 526.06 38.23 44.70 341.82;0.3034 1 941.63 85.35 44.49 80.30 354.71;0.2761 9 1538.35 527.18 38.72 11.82 354.78;0.2753 9 875.77 493.70 39.86 21.27 1.59;0.2540 8 875.28 594.71 68.17 37.58 6.90;0.2507 9 1656.98 527.17 41.47 25.13 358.45
v_bgi9ktcgda_0033,0.9859 1 1356.66 288.26 77.36 34.31 0.28;0.9838 1 1054.03 455.99 87.89 46.30 355.32;0.9809 1 339.32 457.56 97.16 37.45 348.05;0.9805 1 630.90 288.03 79.78 51.71 352.08;0.9762 1 933.95 225.80 89.22 34.02 346.79;0.9761 1 459.81 1031.69 100.64 37.73 347.24;0.9691 1 820.12 287.87 75.73 43.65 1.96;0.9663 1 1420.79 558.39 80.72 40.62 358.10;0.9623 1 1415.31 596.42 106.15 28.20 344.38;0.9604 1 1417.36 324.76 77.20 39.61 1.50;0.9604 1 97.80 457.62 64.17 35.74 353.79;0.9558 1 754.50 393.05 60.42 33.19 358.52;0.9556 1 569.79 492.28 58.66 49.25 3.84;0.9548 1 1116.17 491.84 84.25 36.79 0.15;0.9507 1 1179.83 288.12 63.44 41.40 356.99;0.9492 1 933.80 898.86 27.03 103.64 356.76;0.9405 1 272.83 393.81 98.61 28.73 347.14;0.9374 1 821.98 153.26 83.20 39.98 353.63;0.9309 1 512.65 392.95 87.79 26.12 352.53;0.9264 1 700.75 456.00 76.53 32.50 356.59;0.9256 1 342.23 393.31 96.91 26.65 354.69;0.9246 1 1056.45 426.71 69.31 39.96 339.82;0.9215 1 389.84 491.96 62.93 41.00 9.49;0.9180 1 583.31 287.90 80.62 46.47 349.01;0.9169 1 1240.17 224.04 67.57 36.84 3.11;0.9156 1 520.44 457.27 82.96 39.65 358.21;0.9126 1 214.67 456.64 82.53 45.65 351.82;0.9102 1 393.72 457.63 73.15 50.19 9.92;0.9080 1 572.99 457.99 69.91 54.47 351.11;0.8928 1 753.34 457.98 79.65 48.37 3.69;0.8789 1 636.23 1034.61 83.72 36.49 348.64;0.8712 1 869.85 288.08 68.54 37.98 351.97;0.8708 1 41.05 392.01 58.65 33.15 1.96;0.8691 1 1720.76 288.10 108.57 40.84 345.78;0.8684 1 464.56 392.77 71.92 26.95 2.78;0.8596 1 1292.49 224.25 60.64 36.93 2.59;0.8410 1 1476.45 286.87 70.03 44.99 337.29;0.8377 1 1477.90 258.85 94.99 30.52 346.89;0.8375 1 759.26 494.79 65.46 40.52 349.69;0.8352 1 810.71 524.80 65.81 51.68 351.95;0.8342 1 1176.90 624.63 90.76 46.46 351.06;0.8305 1 1053.94 123.51 72.80 41.29 341.33;0.8269 1 1061.09 393.79 77.37 32.20 356.99;0.8128 1 1470.41 558.00 63.86 44.51 355.11;0.8064 1 1470.90 324.27 90.75 33.11 357.56;0.8064 1 159.89 457.00 68.75 41.03 16.48;0.7997 1 870.65 153.49 86.97 49.91 345.15;0.7974 1 390.00 393.47 87.62 28.14 347.18;0.7824 1 762.60 522.27 66.50 39.33 351.81;0.7476 7 213.88 493.42 74.21 36.74 359.52;0.7453 1 1002.38 455.81 93.35 27.48 355.65;0.7363 1 96.57 491.17 120.76 44.48 357.46;0.7305 1 754.87 425.68 57.16 41.39 356.14;0.7248 1 214.93 426.52 57.63 28.06 351.57;0.7070 1 697.78 427.25 77.36 25.87 349.52;0.6761 7 159.12 493.97 120.98 39.97 356.66;0.6519 1 1780.58 596.19 109.35 33.91 350.08;0.6434 1 523.55 492.04 58.15 20.41 345.95;0.6267 2 1590.29 224.93 102.96 42.29 11.95;0.6171 1 1360.12 764.61 99.39 36.40 343.24;0.6168 1 509.84 1031.22 98.09 36.11 332.55;0.6118 1 1176.87 598.25 69.29 36.65 347.35;0.6076 1 883.91 224.54 64.62 22.62 352.33;0.5929 1 1110.24 394.69 62.06 25.84 347.29;0.5834 1 934.57 1033.88 40.35 74.49 356.38;0.5776 1 1230.66 288.89 68.37 36.83 1.14;0.5770 1 933.53 1063.56 40.52 50.80 345.09;0.5769 9 1052.95 257.61 43.44 15.80 9.60;0.5742 1 755.88 324.41 72.82 41.83 1.69;0.5717 1 934.68 865.71 34.07 85.88 358.79;0.5671 7 1595.17 257.95 102.76 56.61 21.53;0.5653 1 877.51 255.03 54.29 28.49 353.94;0.5513 1 91.39 392.25 87.12 27.85 344.19;0.5446 1 1057.47 863.71 57.06 57.22 344.66;0.5292 9 458.67 426.71 51.66 10.83 359.35;0.5158 1 1537.70 259.62 114.18 39.51 356.53;0.5156 1 1175.21 324.31 79.48 24.29 351.68;0.5104 2 329.84 225.40 93.63 40.41 353.98;0.5058 1 343.63 491.34 96.46 24.88 347.89;0.5055 1 700.94 392.67 66.67 26.90 4.34
v_rtb3r0rk90_0022,0.7402 1 95.59 461.94 88.03 42.05 349.35;0.5565 1 95.82 489.39 60.94 49.59 346.94;0.4841 1 998.62 930.65 35.42 91.42 352.65;0.4098 1 940.79 53.42 38.61 100.85 349.05;0.3804 1 1182.22 795.61 42.78 63.22 12.25;0.2892 1 1655.63 527.32 58.54 31.09 355.37
v_n7f0v4scts_0000,0.7227 1 95.58 462.05 87.83 41.48 349.37;0.6067 1 95.81 489.56 61.59 50.71 346.75;0.5185 1 1182.32 795.32 49.77 57.31 10.01;0.4884 1 998.98 930.74 35.36 87.93 351.38;0.3991 1 941.32 53.50 39.23 105.59 348.48;0.3578 9 1655.82 526.98 55.39 29.79 355.91;0.3037 1 1356.35 759.92 83.14 69.77 343.47
v_lk67j0ha5d_0040,0.9682 1 936.57 391.86 30.25 71.58 5.93;0.9658 1 1237.78 558.08 84.22 42.88 356.98;0.9464 1 1361.11 524.19 63.00 35.04 2.37;0.9443 1 1720.36 561.87 99.34 38.74 355.62;0.9406 1 993.20 558.75 64.58 65.74 1.73;0.9325 1 99.76 493.55 85.45 38.29 355.42;0.9309 1 821.43 525.78 66.76 46.92 3.41;0.9118 1 872.43 525.63 75.48 39.82 354.49;0.9016 1 1000.36 964.83 44.46 84.09 319.83;0.8774 1 1893.95 592.67 53.18 43.91 20.71;0.8690 1 941.41 1030.95 34.65 77.23 341.04;0.8642 1 1297.12 593.72 80.40 39.26 356.27;0.8419 1 1001.53 728.90 43.49 94.25 337.85;0.8418 1 995.80 996.92 44.58 78.27 1.75;0.8334 1 995.66 529.54 64.33 40.67 351.92;0.8331 1 1357.06 497.01 58.16 24.52 354.76;0.7991 1 1424.09 591.91 63.39 37.90 356.53;0.7281 1 999.13 21.06 53.12 42.28 357.69;0.7215 1 938.56 899.39 20.17 85.82 349.90;0.7159 1 1842.87 525.20 78.14 33.04 2.95;0.7020 1 939.79 1002.20 25.66 76.26 325.89;0.6979 1 1896.23 526.21 55.91 35.75 358.36;0.6746 7 997.40 594.97 50.07 64.04 355.01;0.6585 1 1239.77 528.62 83.38 32.58 341.84;0.6463 1 1294.23 561.85 53.90 40.75 357.21;0.6231 1 935.69 421.79 36.68 50.63 6.38;0.6129 1 999.87 694.85 46.66 83.37 343.33;0.6073 1 997.16 933.66 37.57 63.01 325.11;0.6006 1 878.77 963.81 32.85 101.83 345.66;0.5542 1 816.92 931.80 25.34 99.33 3.11;0.5519 1 1471.55 591.98 86.10 52.09 356.39;0.5443 1 1054.62 1063.73 34.89 53.06 350.76;0.5302 1 997.54 1065.94 24.87 52.40 340.06;0.5242 1 814.17 763.59 27.75 77.55 357.02;0.5049 1 880.06 829.11 30.79 84.95 343.25;0.4879 7 995.42 627.77 47.51 82.58 359.91;0.4691 1 1844.07 592.65 66.32 50.08 17.57;0.3889 1 1410.89 523.82 69.16 36.83 356.15;0.3865 1 879.95 932.66 26.48 89.84 347.84;0.3773 1 937.37 796.42 25.35 99.02 353.53;0.3553 1 1542.50 593.10 76.45 49.34 10.34;0.3281 1 815.57 795.82 28.86 84.26 1.10;0.3253 1 997.54 662.87 47.51 75.36 341.77;0.3035 1 1898.43 560.42 33.81 31.77 6.88;0.2955 9 941.74 559.28 71.88 18.40 346.18;0.2912 1 813.36 595.37 44.13 36.16 3.53;0.2878 1 1717.71 590.74 75.63 39.88 356.12;0.2861 9 941.93 594.28 29.42 8.92 347.45;0.2785 1 1770.05 562.39 71.96 31.67 0.43;0.2706 1 1900.56 998.03 56.19 48.52 4.47;0.2690 9 815.80 560.40 39.76 24.40 359.05;0.2668 1 937.64 1063.59 22.72 45.84 338.30;0.2642 1 939.92 763.42 16.11 77.88 353.06;0.2569 9 455.33 527.10 33.29 18.43 358.84;0.2533 1 1000.48 862.66 29.58 85.61 342.22
v_cbg48cgm1n_0014,0.9861 1 516.56 528.84 55.93 43.12 9.67;0.9533 1 1839.40 525.94 74.10 48.65 0.55;0.9435 1 1000.19 153.52 24.01 88.25 348.20;0.9376 1 161.17 558.07 94.07 41.95 356.45;0.9293 1 1420.95 495.08 74.21 32.15 354.53;0.9290 1 991.39 358.50 31.02 56.89 0.50;0.9101 1 1054.70 258.15 26.27 91.94 349.02;0.8505 1 941.95 358.04 39.58 78.80 7.57;0.8385 1 1053.82 287.89 33.06 92.99 355.35;0.8178 1 1000.85 124.39 33.03 72.02 346.53;0.7653 1 212.22 559.06 69.33 46.49 348.61;0.7590 1 1419.67 525.49 64.59 30.39 342.00;0.7551 1 1471.69 495.70 57.94 33.96 0.89;0.6809 1 944.83 189.55 31.13 55.09 353.63;0.6153 1 1599.13 562.99 78.42 48.35 354.31;0.6058 1 933.77 796.79 37.70 73.42 4.08;0.5737 1 1419.27 561.09 60.06 57.40 6.31;0.5670 1 1895.26 526.43 53.65 38.09 6.56;0.5529 1 994.62 185.59 47.84 83.04 1.57;0.5525 1 1353.46 563.80 48.92 47.30 354.25;0.5448 1 1473.99 560.43 76.07 53.92 5.55;0.5430 7 881.38 494.95 171.82 62.16 1.31;0.5342 1 1354.37 590.70 83.85 54.40 350.44;0.4988 1 465.20 527.88 59.07 37.55 4.15;0.4844 1 1298.55 493.68 47.68 53.61 358.21;0.4827 1 1057.67 695.48 38.54 66.13 338.94;0.4754 1 1300.55 590.66 63.67 52.26 354.25;0.4271 1 935.30 964.80 29.59 94.10 3.13;0.4202 1 1834.15 560.53 80.75 52.49 351.99;0.4042 1 819.95 494.73 83.18 38.64 353.14;0.3967 1 1780.47 560.74 55.91 34.06 9.04;0.3872 1 819.68 525.06 82.85 55.90 353.25;0.3745 1 214.66 627.09 56.54 43.27 357.80;0.3642 7 1297.37 526.58 44.83 40.89 349.96;0.3489 1 1596.86 592.37 65.71 93.06 10.20;0.3290 1 999.41 728.42 27.38 62.28 351.34;0.3259 1 941.61 219.88 41.56 56.61 4.62;0.3183 1 1005.41 288.19 15.92 63.57 4.23;0.3177 7 879.95 524.93 119.42 69.19 5.63;0.3154 7 936.63 495.47 88.59 51.93 359.43;0.2996 1 1056.29 728.36 34.21 74.75 339.70;0.2951 1 999.03 695.92 27.33 71.51 353.39;0.2776 1 1475.69 526.09 52.98 33.00 2.77;0.2642 1 935.30 996.67 21.83 78.70 15.21;0.2576 7 936.08 524.03 82.10 40.19 7.41
v_3u1ern1dd8_0038,0.9813 1 397.62 559.40 64.49 42.68 13.30;0.9724 1 813.10 560.79 87.44 41.95 358.40;0.9626 1 812.49 496.07 73.97 36.80 354.69;0.9614 1 998.85 288.11 27.91 93.42 359.30;0.9555 1 277.51 523.47 74.01 49.98 23.24;0.9383 1 999.72 258.96 24.58 78.18 345.40;0.9323 1 762.92 495.43 67.60 36.90 0.26;0.8959 1 1356.48 523.62 67.26 42.66 359.94;0.8788 1 761.62 559.91 67.77 32.88 346.86;0.8318 1 992.77 425.88 37.29 62.15 349.07;0.8095 1 937.97 356.77 39.49 68.35 13.94;0.7630 1 1356.07 496.59 59.22 46.56 345.33;0.7624 1 814.41 526.38 58.70 74.14 350.00;0.7376 1 1055.04 121.11 40.10 73.41 358.70;0.7084 1 933.71 797.25 38.00 76.33 2.09;0.6779 1 1599.81 593.05 77.51 55.14 3.82;0.6222 1 278.50 497.02 65.44 50.73 358.88;0.6200 1 1355.41 591.96 65.21 42.56 357.71;0.5837 1 760.83 524.03 45.24 34.16 0.81;0.5692 1 943.20 427.38 29.29 60.63 12.94;0.5494 1 1057.49 186.48 31.85 75.79 359.95;0.5371 1 998.23 728.65 34.66 60.50 346.58;0.5303 1 1054.44 154.32 28.38 91.54 354.25;0.5240 1 991.36 456.86 43.35 56.99 353.17;0.5116 1 1832.78 564.69 99.36 43.66 352.38;0.5025 1 938.54 326.31 20.06 68.56 5.36;0.4782 1 935.33 965.57 30.39 98.94 359.72;0.4710 1 995.42 321.61 26.72 81.93 9.76;0.4270 1 941.42 458.83 45.09 39.13 359.24;0.4152 1 1058.83 695.21 44.87 57.03 340.41;0.3869 1 996.37 188.49 29.76 55.01 357.55;0.3757 1 343.71 559.80 55.55 43.53 5.82;0.3730 1 1299.27 592.63 66.81 47.70 351.29;0.3626 1 935.68 997.06 25.16 82.03 13.37;0.3256 1 1115.77 1063.00 27.69 57.72 348.91;0.3205 1 1782.33 591.86 63.91 47.71 11.50;0.3193 1 1422.11 562.36 52.15 54.99 353.21;0.3176 9 873.45 594.71 38.40 14.79 345.58;0.3169 1 455.35 764.24 41.77 111.88 5.34;0.2963 1 1420.17 593.48 52.88 46.48 349.43;0.2945 1 1782.68 562.60 72.43 33.74 357.37;0.2920 9 875.66 461.20 44.47 26.37 3.94;0.2911 1 942.14 189.55 35.46 53.84 347.97;0.2850 2 1472.82 562.43 92.37 56.87 353.20;0.2839 1 934.87 827.97 34.44 80.44 357.60;0.2711 1 1301.07 525.80 52.18 52.72 6.19;0.2598 1 998.70 695.85 32.10 63.83 352.93
v_xdivdk2nee_0014,0.9747 1 1837.02 493.94 85.46 61.08 355.55;0.9643 1 515.29 495.44 115.10 36.13 355.55;0.9622 1 1116.18 493.94 83.71 40.99 5.86;0.9449 1 877.70 492.96 59.18 56.21 2.50;0.9395 1 1357.80 495.16 81.66 42.76 4.03;0.9349 1 1655.52 560.36 65.27 51.37 15.95;0.9075 1 215.06 492.87 91.71 39.89 357.80;0.8921 1 644.12 493.83 74.49 39.25 354.32;0.8919 1 1119.88 558.52 69.39 48.20 8.80;0.8433 1 1833.64 458.83 81.65 58.93 354.97;0.8357 1 935.59 696.40 41.03 78.90 349.08;0.8333 1 937.58 425.76 46.61 60.98 357.68;0.8271 1 934.86 725.67 51.93 66.62 352.24;0.8060 1 690.04 494.83 73.61 38.76 350.15;0.7915 1 818.75 558.92 53.79 59.84 7.94;0.7834 1 1173.43 559.31 67.34 47.48 358.33;0.7716 1 575.45 558.42 77.76 47.51 352.83;0.7630 1 993.63 1033.55 30.98 82.82 358.03;0.7426 1 162.26 492.06 71.81 50.28 3.34;0.7276 1 39.68 627.79 45.30 62.10 7.94;0.7032 1 1899.89 560.02 31.02 46.10 2.28;0.7003 1 1716.62 627.42 61.52 39.34 359.31;0.6927 1 1000.22 628.19 30.14 73.25 7.85;0.6190 1 1896.86 626.97 35.86 59.14 21.79;0.6127 1 1061.17 492.12 59.83 57.05 4.46;0.5983 1 1061.33 730.07 34.21 45.25 333.60;0.5934 1 937.18 863.42 34.33 78.82 359.17;0.5862 1 998.74 661.64 37.43 85.38 356.49;0.5830 1 1597.73 693.82 46.62 50.49 12.89;0.5740 1 1479.78 427.54 65.00 52.69 3.05;0.5628 1 38.36 596.75 38.99 53.52 3.60;0.5527 1 879.10 461.02 34.05 64.64 358.98;0.5421 1 936.85 965.98 29.02 86.72 359.55;0.5192 1 936.75 830.48 25.96 107.23 359.62;0.5152 1 1534.26 428.68 85.07 41.57 346.79;0.4972 1 1603.88 559.49 38.88 58.84 23.37;0.4967 1 1412.11 494.26 53.38 47.22 1.10;0.4964 1 1658.95 627.39 57.98 53.03 2.67;0.4936 1 994.42 797.77 35.93 67.59 351.14;0.4889 1 1119.47 527.50 48.19 47.62 336.75;0.4581 1 936.47 1000.30 25.22 104.09 5.50;0.4578 1 458.19 557.43 81.64 61.21 359.35;0.4384 1 820.42 897.95 60.58 46.60 30.57;0.4302 1 940.14 796.76 28.00 86.55 7.39;0.4258 1 876.36 525.81 34.42 77.59 6.62;0.4229 1 1778.55 457.10 99.60 58.07 3.86;0.4196 1 994.30 1000.51 27.37 92.90 356.99;0.4172 1 1777.06 559.69 52.13 46.86 4.49;0.4130 1 1420.40 459.09 47.64 46.67 358.90;0.4062 1 993.71 1064.00 27.43 48.68 359.50;0.3948 1 936.06 458.54 43.42 75.43 0.98;0.3867 1 1538.03 457.58 61.09 57.28 344.37;0.3827 1 156.75 527.19 42.55 30.76 356.58;0.3713 1 996.16 121.90 27.21 78.28 358.61;0.3686 1 937.93 663.19 21.02 61.68 358.91;0.3663 1 462.58 493.42 84.67 34.23 2.19;0.3594 1 1895.41 494.71 43.53 43.71 9.19;0.3531 1 1057.81 21.58 57.57 44.88 347.64;0.3514 1 872.60 560.23 47.80 52.78 0.61;0.3513 1 996.82 934.05 29.69 68.67 351.84;0.3282 1 455.67 528.41 52.02 38.46 0.64;0.3208 1 936.72 53.78 30.30 80.04 0.84;0.3152 1 996.99 153.89 26.12 65.31 9.01;0.3075 1 1478.08 457.77 57.48 66.07 359.55;0.3014 1 754.76 593.36 36.18 46.76 8.45;0.2981 1 1898.86 527.10 36.77 40.15 17.80;0.2950 1 518.50 558.49 67.49 60.80 3.97;0.2817 1 936.89 86.24 28.51 78.06 6.47;0.2755 1 938.34 933.11 35.22 86.38 6.97;0.2635 1 998.17 693.93 36.45 83.48 356.47;0.2619 1 217.66 527.00 57.51 41.87 350.40;0.2572 1 937.11 1066.68 20.47 26.95 0.10
v_5acfgb7ua0_0024,0.7632 1 1118.17 529.11 69.12 42.60 357.74;0.7268 1 97.44 488.87 85.86 61.87 345.30;0.7221 1 1119.51 556.93 73.76 43.63 355.39;0.6975 1 97.06 463.75 77.39 41.85 350.13;0.5475 1 1173.21 528.01 58.35 50.19 340.29;0.3564 1 999.95 931.60 33.78 70.94 357.31;0.3082 9 1656.66 527.33 48.35 27.84 352.34;0.2846 1 1172.27 557.97 66.50 50.85 351.09;0.2809 1 1653.04 560.24 63.86 34.55 351.58;0.2544 1 933.66 695.92 46.21 35.24 356.70;0.2525 8 875.38 594.71 67.79 38.54 5.20
v_utut3z28ew_0047,0.9650 1 1653.62 561.09 88.62 48.25 359.78;0.9585 1 1594.72 494.43 90.46 43.48 3.83;0.9512 1 1469.55 495.06 70.47 45.55 0.36;0.9471 1 1721.50 560.48 93.62 39.34 7.23;0.9394 1 1537.81 558.73 80.99 47.07 13.86;0.9388 1 1779.39 523.40 95.90 38.90 356.52;0.9365 1 1772.88 561.58 105.04 36.61 359.57;0.9306 1 937.08 324.88 47.44 73.98 342.41;0.9068 1 37.64 461.66 53.74 39.04 353.55;0.9019 1 1716.00 523.87 87.21 53.67 1.47;0.8980 1 1356.00 559.31 71.45 55.27 20.21;0.8884 1 995.62 662.51 48.22 71.93 356.65;0.8852 1 873.21 492.86 110.64 33.45 349.71;0.8811 1 935.93 424.44 37.42 62.16 12.93;0.8680 1 1538.84 457.58 70.14 56.06 349.35;0.8449 1 219.19 461.58 106.67 37.09 350.58;0.8441 1 995.84 898.35 40.69 78.05 358.14;0.8293 1 1354.63 493.76 86.56 42.56 356.07;0.8203 1 937.38 292.99 47.26 62.18 347.55;0.7924 1 1236.63 493.27 84.83 40.23 354.43;0.7882 1 1896.31 593.69 48.50 49.50 27.77;0.7861 1 392.89 491.01 93.04 53.34 358.00;0.7802 1 92.76 596.80 32.03 95.02 356.96;0.7689 1 1298.54 557.56 103.61 43.50 3.63;0.7542 1 934.34 831.15 30.28 101.15 7.56;0.7510 1 700.09 489.73 102.14 34.59 352.12;0.7509 1 998.43 931.60 27.92 76.93 6.51;0.7480 1 1117.28 559.75 62.74 45.12 357.16;0.7441 1 1422.65 494.00 81.16 34.54 4.18;0.7383 1 1115.98 525.99 58.52 92.08 2.26;0.7366 1 635.85 489.64 94.98 49.53 348.45;0.7356 1 935.38 356.81 35.96 79.80 351.89;0.7250 1 1896.22 561.96 44.52 34.84 5.33;0.7160 1 1477.63 559.57 92.39 58.43 15.01;0.7131 1 1899.05 525.18 45.03 38.35 357.11;0.7077 1 994.96 1032.00 36.43 86.83 347.67;0.7076 1 1717.15 627.97 72.72 41.68 3.46;0.6899 1 575.97 528.83 46.40 65.76 0.89;0.6804 1 1242.88 558.10 67.24 39.64 12.00;0.6783 1 1534.54 428.04 90.34 34.93 351.08;0.6752 1 1835.20 459.08 101.89 44.58 347.42;0.6618 1 994.87 999.43 36.15 84.00 1.16;0.6482 1 1658.07 626.95 75.48 58.43 10.62;0.6428 1 1897.31 495.00 33.67 38.80 4.71;0.6399 1 1601.83 559.83 107.78 43.22 8.65;0.6128 1 1660.31 523.83 83.49 38.87 343.53;0.6111 1 1597.30 693.26 46.47 54.15 13.72;0.6060 1 821.87 493.17 102.17 29.24 359.94;0.5967 1 1895.45 627.08 40.00 51.43 11.77;0.5822 1 993.66 693.60 42.99 85.90 358.11;0.5818 1 220.97 490.42 65.56 45.48 3.76;0.5767 1 1418.69 559.73 76.10 37.02 14.72;0.5683 1 37.71 491.13 56.56 52.79 355.48;0.5660 1 159.86 525.97 40.25 49.91 0.10;0.5618 1 1544.36 492.92 54.21 39.19 15.76;0.5585 1 516.07 489.49 102.83 46.42 355.21;0.5326 1 936.44 392.45 33.05 89.06 0.55;0.5315 1 753.42 492.22 97.78 34.56 347.41;0.5207 1 343.39 491.00 76.36 37.10 356.90;0.5203 1 816.49 558.54 75.42 43.13 357.35;0.5154 1 996.25 121.11 31.86 70.81 0.48;0.4863 1 1173.22 560.04 69.80 43.47 354.63;0.4806 1 877.33 457.83 66.72 47.63 351.01;0.4804 1 996.70 864.41 34.79 88.99 0.73;0.4799 1 1058.75 21.16 53.07 43.18 352.69;0.4766 1 999.51 628.74 26.93 85.17 356.75;0.4747 1 938.74 796.82 37.60 99.45 3.74;0.4653 1 995.95 765.55 32.65 68.71 356.36;0.4627 1 1059.52 560.59 32.20 59.69 4.15;0.4600 1 1000.86 595.31 18.19 73.88 0.60;0.4583 1 41.49 594.72 38.64 68.79 9.92;0.4435 1 1473.81 527.05 46.46 32.83 352.41;0.4377 1 996.52 796.64 37.12 83.24 354.77;0.4355 1 882.15 424.75 24.90 33.95 357.75;0.4334 1 995.63 1064.21 31.75 45.77 355.05;0.4330 1 1117.10 493.72 43.85 70.29 5.87;0.4196 1 1057.59 458.72 54.80 47.27 353.52;0.4194 1 1661.00 494.75 60.48 35.19 5.11;0.4174 1 1833.91 525.23 68.56 44.03 1.81;0.4093 1 1178.82 492.58 55.06 52.12 10.45
v_97m20qsr8f_0001,0.9810 1 392.73 424.49 78.96 41.97 355.93;0.9805 1 757.73 360.27 76.02 32.08 348.81;0.9703 1 1419.47 525.98 71.48 35.28 356.33;0.9690 1 640.36 424.76 78.23 39.23 4.53;0.9605 1 873.81 628.40 47.12 66.50 354.83;0.9568 1 515.68 387.97 102.88 35.56 351.77;0.9538 1 934.49 931.30 36.93 72.44 0.31;0.9479 1 343.58 422.97 93.44 36.28 0.51;0.9466 1 995.12 864.66 37.96 65.76 353.90;0.9328 1 1121.65 422.47 98.93 40.15 354.64;0.9328 1 1595.56 360.11 101.35 45.11 336.85;0.9204 1 215.17 388.50 97.37 40.42 357.42;0.9085 1 1178.70 592.44 84.41 36.97 350.44;0.9065 1 1417.72 562.48 87.72 32.42 343.84;0.8992 1 278.68 489.09 95.71 49.22 357.96;0.8941 1 1590.27 524.53 73.51 41.15 354.40;0.8913 1 32.34 427.08 40.15 41.11 346.41;0.8884 1 756.15 1065.04 69.95 41.75 354.50;0.8765 1 1545.00 524.80 84.01 34.31 2.02;0.8625 1 814.35 491.81 60.89 57.08 13.04;0.8564 1 277.33 462.49 73.62 25.85 342.22;0.8561 1 692.27 424.19 70.98 36.03 357.33;0.8089 1 1838.30 393.76 46.62 65.32 345.34;0.7873 1 1470.59 526.00 72.01 40.70 348.61;0.7810 1 641.41 459.32 87.34 39.37 344.95;0.7515 1 938.58 963.07 35.59 89.91 5.32;0.7289 1 936.40 1031.66 36.96 71.16 359.84;0.7179 1 994.86 966.53 31.54 81.91 356.93;0.6667 1 1414.67 590.36 56.66 34.30 354.63;0.6593 1 938.15 899.03 32.00 56.73 4.39;0.6527 1 690.20 460.24 64.47 36.10 354.64;0.6511 1 756.85 386.32 65.56 26.27 350.47;0.6399 1 515.72 361.72 85.11 27.49 345.92;0.6379 1 1833.14 526.56 78.41 53.22 1.16;0.6326 1 1169.92 423.52 78.45 42.21 354.41;0.6312 2 1414.35 460.26 112.05 47.81 0.42;0.6137 1 151.03 1068.59 61.07 31.49 348.03;0.6064 1 878.20 424.56 98.96 38.47 351.33;0.5958 1 1783.73 526.92 80.45 32.98 3.00;0.5906 1 456.42 1067.60 71.25 29.92 346.91;0.5521 1 401.94 459.83 86.75 47.06 352.19;0.5505 1 100.21 1068.31 59.80 30.65 353.49;0.5287 1 1833.84 420.67 67.39 49.15 359.02;0.5236 1 215.16 362.06 86.98 40.42 344.70;0.5120 1 519.46 489.76 79.72 38.86 347.69;0.4882 7 1834.40 562.39 118.52 47.14 350.02;0.4871 1 517.58 1067.43 79.50 31.72 349.72;0.4845 1 462.53 388.32 65.54 27.54 352.45;0.4801 1 394.58 1068.52 80.83 31.31 345.47;0.4790 1 993.82 896.07 33.79 78.28 2.17;0.4554 1 338.25 1068.51 75.85 27.19 347.87;0.4476 1 521.94 461.82 59.45 26.73 346.73;0.4324 1 1780.31 561.77 98.08 26.50 349.21;0.3947 1 875.77 658.61 40.88 65.91 346.42;0.3877 9 997.73 358.73 49.59 17.63 348.81;0.3700 1 1062.79 1032.94 36.35 63.93 335.76;0.3699 1 451.71 461.13 87.87 40.62 8.77;0.3682 1 1834.05 358.29 88.71 55.55 347.02;0.3652 1 929.22 425.75 65.13 29.47 347.20;0.3633 1 823.19 627.54 50.04 56.35 19.96;0.3566 9 635.35 998.14 40.45 12.51 353.46;0.3546 1 879.68 729.99 41.27 57.42 7.27;0.3545 9 1235.56 360.15 45.46 11.05 344.75;0.3449 1 572.26 1067.67 54.99 26.24 347.13;0.3428 1 999.97 831.86 39.82 76.77 359.73;0.3333 9 1178.71 190.59 40.61 16.12 351.77;0.3247 9 1178.38 257.11 46.48 17.79 356.38;0.3128 1 1058.32 120.08 68.73 49.12 2.56;0.3126 9 517.02 86.99 34.29 13.71 343.85;0.2999 1 1060.08 88.75 55.51 55.49 339.98;0.2979 9 458.09 359.82 64.43 15.22 352.10;0.2929 1 1361.58 460.29 83.69 35.85 355.85;0.2910 1 1417.63 492.02 53.82 31.91 337.31;0.2873 1 35.55 456.84 45.56 42.28 358.89;0.2852 7 763.27 492.08 111.36 41.39 354.62;0.2813 8 995.97 628.23 50.14 40.19 352.51;0.2800 9 998.10 291.45 48.37 17.67 352.62;0.2790 9 1118.80 393.94 61.65 19.31 340.88;0.2787 9 393.28 86.43 49.37 18.42 345.55;0.2719 9 1655.71 562.21 47.59 15.85 351.85
v_x8w1m7zdpk_0036,0.9696 1 934.93 458.68 36.06 59.65 16.62;0.9227 1 879.77 490.05 45.59 38.74 5.14;0.8526 1 994.63 53.43 37.53 103.42 14.53;0.8198 1 938.29 355.76 40.17 78.71 12.89;0.8196 1 1002.67 288.98 28.36 96.86 353.34;0.7868 1 883.53 461.04 47.17 69.43 8.65;0.7636 1 938.63 326.18 30.93 76.48 4.90;0.7519 1 1000.62 258.42 17.93 72.48 345.68;0.7224 1 933.87 797.14 38.21 77.00 2.83;0.6895 1 1599.89 592.66 82.47 55.63 3.94;0.6604 1 1002.12 594.18 54.61 51.41 352.95;0.6571 1 1052.81 122.05 30.97 65.20 345.95;0.6405 1 1354.50 590.43 82.43 45.26 350.65;0.5632 1 999.96 155.62 16.82 101.40 9.45;0.5400 1 943.82 188.79 36.19 62.36 346.72;0.5214 1 1058.98 695.68 35.68 69.54 341.78;0.5057 1 935.18 965.25 30.25 99.74 2.18;0.4855 1 995.41 87.09 26.14 109.90 6.01;0.4796 1 1831.81 564.25 96.73 43.16 352.02;0.4681 1 1116.73 1032.03 19.22 119.62 357.73;0.4473 1 1114.95 1063.51 22.74 59.92 354.49;0.4462 1 1782.69 562.53 77.21 35.70 357.45;0.4438 1 935.49 828.58 33.11 87.61 357.72;0.4426 1 999.68 321.68 28.79 77.40 12.14;0.4387 1 1298.64 494.38 39.89 65.64 359.20;0.4256 1 515.82 728.55 62.34 68.29 7.33;0.4219 1 935.55 997.14 23.53 84.65 16.84;0.4102 1 1300.95 591.22 66.89 48.87 354.11;0.3935 1 1001.51 121.61 21.16 98.84 5.42;0.3913 1 456.51 763.27 38.32 113.43 10.81;0.3739 1 998.93 728.62 35.63 49.76 348.82;0.3497 2 1472.39 562.79 91.84 56.62 357.34;0.3445 1 992.58 187.39 30.03 60.93 357.58;0.3426 1 1054.24 257.58 30.14 67.39 352.32;0.3269 1 930.58 489.76 53.16 34.56 353.55;0.3185 1 1297.35 526.83 52.67 52.29 355.53;0.3152 1 1062.34 222.65 28.03 68.03 356.47;0.3019 8 1050.93 593.77 49.99 48.13 357.27;0.2991 1 816.33 527.19 49.06 24.94 5.93;0.2805 1 1057.63 727.69 37.91 55.48 344.64;0.2789 1 1422.39 627.05 35.25 72.24 359.08;0.2593 1 1054.33 154.22 26.34 78.47 342.50;0.2567 7 455.84 830.90 34.71 180.00 0.95;0.2503 1 1356.02 563.59 51.67 52.71 346.90
v_vfvr4l26i6_0010,0.9097 1 1298.65 495.85 90.75 38.81 349.19;0.6329 1 97.19 488.83 76.04 61.14 344.45;0.6220 1 96.78 463.16 81.02 41.64 347.72;0.4096 1 1652.65 560.52 68.30 37.07 350.52;0.3720 1 999.90 931.68 33.32 69.86 356.49;0.2803 9 277.01 494.28 32.58 18.41 357.32;0.2788 1 1182.36 795.61 49.87 48.96 12.26;0.2626 9 278.20 526.12 56.80 29.78 348.34;0.2609 8 875.84 594.64 66.85 37.11 5.07
v_xeyv9j7rgl_0018,0.9608 1 1237.21 458.98 83.57 38.63 358.37;0.9437 1 1538.51 461.30 71.72 41.37 355.92;0.8682 1 1473.31 525.97 60.35 53.77 12.07;0.8518 1 1115.31 459.65 53.31 69.57 3.71;0.8332 1 511.90 461.74 81.18 39.22 353.14;0.8136 1 994.89 628.78 37.78 76.79 355.21;0.8088 1 1898.26 525.44 42.85 50.50 15.53;0.7629 1 1783.93 459.14 45.99 56.85 5.24;0.7591 1 37.24 595.09 38.08 69.34 0.15;0.7362 1 1296.80 527.93 62.86 40.22 356.39;0.7308 1 1479.31 391.58 83.41 41.13 356.75;0.6950 1 1830.36 458.88 62.22 68.28 2.29;0.6733 1 36.81 562.71 36.75 53.21 357.48;0.6434 1 1535.62 391.82 94.44 39.53 348.06;0.6326 1 1061.40 523.63 44.64 49.04 5.90;0.6325 1 462.51 460.07 83.32 38.74 357.96;0.6179 1 1114.71 493.36 40.91 69.63 11.04;0.5978 1 1059.65 696.53 32.01 53.54 348.49;0.5790 1 996.64 1033.28 26.33 91.38 348.76;0.5745 1 993.84 764.63 44.22 64.07 351.52;0.5458 7 880.80 457.56 65.14 74.26 7.47;0.5359 1 1359.64 595.80 46.36 69.78 18.63;0.5176 1 936.05 966.50 23.36 97.28 4.11;0.5090 1 936.10 829.34 37.85 64.59 354.03;0.5077 1 817.24 864.20 46.03 60.54 19.23;0.4986 1 1532.00 593.48 44.93 62.98 0.26;0.4921 1 935.76 932.73 26.46 87.90 358.21;0.4809 1 1834.89 425.04 54.31 99.29 10.70;0.4572 1 1053.23 426.32 66.04 50.32 348.55;0.4501 1 995.43 659.45 34.28 80.02 353.74;0.4423 1 993.24 1000.59 29.01 90.02 358.03;0.4175 1 1183.14 457.81 57.88 47.23 16.80;0.4110 1 936.59 796.87 29.71 80.34 352.58;0.3998 1 1112.83 525.97 50.85 74.93 8.21;0.3972 1 995.11 290.47 43.80 56.29 347.34;0.3901 1 1835.43 393.84 74.74 38.06 342.46;0.3900 1 1900.60 591.43 37.00 54.63 20.02;0.3806 1 936.44 494.15 32.68 64.34 356.59;0.3794 1 936.71 524.96 59.80 39.36 353.11;0.3756 1 1718.25 591.89 45.10 58.00 0.69;0.3600 1 1538.21 490.07 49.28 56.13 358.42;0.3556 1 1899.92 494.01 25.56 31.78 15.51;0.3451 1 938.88 998.48 22.13 83.35 7.34;0.3436 1 940.49 764.23 47.87 74.36 357.33;0.3420 1 996.65 1064.50 31.02 61.68 354.67;0.3391 1 996.07 87.19 43.64 100.23 8.69;0.3295 1 875.55 525.85 55.23 47.62 356.82;0.3261 1 996.52 391.80 40.29 53.01 355.15;0.3260 1 998.44 900.75 27.05 65.26 354.49;0.3219 1 579.08 459.06 55.07 37.34 359.68;0.3153 1 578.11 426.15 55.37 42.85 357.09;0.3118 1 1423.75 524.71 36.82 50.03 18.57;0.3116 1 938.99 53.23 32.54 70.55 359.40;0.3053 1 996.89 595.56 30.15 72.21 358.16;0.3044 1 996.41 121.05 22.87 74.44 5.15;0.3022 1 1720.38 392.38 76.18 41.73 347.20;0.2854 1 998.58 931.58 25.81 78.79 358.82;0.2803 1 1657.85 591.82 47.87 68.87 355.64;0.2753 1 1600.04 392.30 77.23 36.56 347.42;0.2685 1 1059.19 22.77 51.99 48.38 346.74;0.2647 1 816.90 526.09 87.30 47.77 350.55;0.2617 1 1598.90 629.66 32.75 71.67 1.94;0.2602 7 929.97 459.95 65.39 65.10 359.40;0.2601 1 1420.81 391.46 60.40 35.62 355.70;0.2571 1 1000.46 424.47 46.41 54.46 350.07;0.2548 1 1057.06 794.97 61.92 40.63 349.57;0.2517 1 1778.88 425.81 40.25 59.82 353.68
v_ruccqn4bj4_0021,0.9879 1 753.75 558.42 73.26 42.98 2.94;0.9534 1 700.36 558.23 86.66 42.41 356.08;0.9501 1 1722.01 492.51 76.06 44.75 356.76;0.9420 1 641.03 491.94 102.87 45.53 9.97;0.9253 1 333.27 494.28 113.45 39.53 350.54;0.9081 1 934.72 221.18 31.38 84.75 6.07;0.8958 1 513.32 494.18 94.85 38.67 356.81;0.8832 1 758.19 427.21 49.76 37.40 0.75;0.8790 1 1649.93 528.78 72.49 41.76 357.01;0.8788 1 1593.39 492.52 78.02 46.10 0.24;0.8475 1 1896.66 561.06 37.41 45.69 15.57;0.8272 4 1529.74 559.10 61.39 48.44 355.58;0.8214 1 935.32 190.12 24.42 106.90 10.72;0.8135 1 881.50 557.56 69.51 37.22 352.17;0.8042 1 1481.40 425.14 72.87 45.56 2.02;0.7887 1 1838.84 492.00 69.51 38.49 2.30;0.7634 1 461.63 493.18 92.08 41.96 0.34;0.7526 1 937.21 119.82 33.83 79.08 8.04;0.7505 1 1541.43 491.97 62.95 45.34 9.68;0.7455 1 691.74 490.41 93.06 39.94 353.00;0.7453 1 998.95 662.07 37.86 71.98 354.51;0.7246 1 1601.16 528.18 59.95 51.40 357.31;0.7031 1 282.37 493.30 85.83 42.06 354.71;0.6960 1 158.54 526.62 57.12 50.93 357.94;0.6884 1 574.18 557.23 73.89 38.74 356.72;0.6853 1 1772.98 493.90 71.12 40.34 0.16;0.6811 1 993.90 55.30 49.29 66.40 1.67;0.6620 7 817.41 493.36 69.44 47.32 358.44;0.6493 1 40.06 627.98 40.59 68.10 8.60;0.6478 1 936.68 998.56 32.50 79.99 13.30;0.6410 1 1897.17 492.81 31.69 44.78 8.14;0.6376 1 1841.80 559.74 60.30 49.33 7.39;0.6348 1 937.84 357.24 41.34 68.87 353.76;0.6304 1 1118.58 527.97 32.93 95.07 15.85;0.6149 1 1534.08 425.13 97.22 49.08 355.55;0.6148 1 938.15 87.83 32.13 81.72 6.64;0.5877 1 756.81 527.96 41.47 54.23 351.19;0.5710 1 38.27 596.10 38.85 58.16 5.98;0.5649 1 1113.76 560.26 33.22 72.34 10.49;0.5527 1 758.52 456.76 62.94 57.53 357.22;0.5393 1 935.80 862.64 31.88 75.83 358.94;0.5389 1 1062.39 561.21 35.99 57.57 2.90;0.5375 1 937.54 830.63 20.32 93.03 357.83;0.5274 1 1654.63 425.69 79.49 39.65 349.05;0.5173 1 576.68 528.84 61.71 37.15 356.76;0.5135 1 935.87 423.91 44.43 74.91 3.83;0.5135 1 931.73 558.28 68.12 62.07 346.67;0.5063 1 1357.50 595.53 28.52 110.25 7.02;0.5018 1 938.77 795.95 29.39 96.52 359.01;0.4979 1 937.98 21.51 40.53 47.10 354.63;0.4940 1 936.77 966.09 26.00 76.54 350.88;0.4841 1 932.71 528.22 43.01 62.78 358.85;0.4727 1 1060.63 828.32 48.05 50.05 349.88;0.4687 1 1058.06 462.08 56.70 48.98 355.65;0.4635 1 880.81 529.08 52.42 50.43 358.73;0.4536 1 1057.62 20.33 49.86 48.40 355.99;0.4500 1 579.60 492.63 67.66 37.92 13.43;0.4380 1 520.06 557.69 53.21 44.37 2.29;0.4377 1 937.43 932.98 33.52 83.97 4.51;0.4272 1 938.12 391.89 35.23 67.81 359.02;0.4251 1 1839.68 424.85 85.44 33.72 356.38;0.4246 1 935.89 325.24 30.96 72.69 357.71;0.4181 1 1060.18 592.57 27.80 58.38 4.66;0.4078 1 995.91 1034.10 24.88 97.98 351.46;0.4056 1 941.08 53.44 35.27 80.52 4.64;0.4013 1 996.50 1064.97 28.70 52.67 353.01;0.3898 1 1658.54 626.81 43.00 65.73 356.35;0.3794 1 997.77 629.81 26.47 65.62 349.60;0.3782 1 1064.10 728.17 34.57 52.39 350.48;0.3760 1 278.33 561.09 43.48 57.26 6.58;0.3718 1 937.08 154.34 18.75 101.49 6.52;0.3699 1 1901.04 625.63 39.27 52.88 20.29;0.3473 1 997.91 765.09 35.81 73.67 352.29;0.3437 1 821.87 895.82 61.87 43.76 72.93;0.3352 1 1112.26 728.16 46.46 60.99 355.43;0.3344 1 1174.90 963.28 24.63 68.07 3.54;0.3320 1 1484.37 557.60 61.00 62.00 5.03;0.3161 1 1053.55 1066.68 30.49 42.47 330.91;0.3065 1 1898.51 527.76 28.93 36.47 34.41;0.3053 1 1175.41 527.45 25.81 72.33 5.10
v_1wmgtwhmba_0043,0.9365 1 874.02 121.85 60.27 52.60 353.82;0.9252 1 1592.44 631.10 76.80 49.85 356.47;0.8882 1 1776.70 154.30 73.97 38.33 351.33;0.8806 1 39.27 424.19 63.11 37.68 1.59;0.8805 1 872.03 156.80 72.75 50.26 358.15;0.8804 1 459.16 395.94 102.39 30.35 342.83;0.8757 1 1234.56 629.30 70.18 46.78 356.84;0.8729 1 695.03 557.49 75.58 53.67 9.08;0.8698 1 1055.46 1033.85 40.68 78.32 6.87;0.8595 1 1002.44 222.88 44.89 71.12 339.05;0.8577 1 1840.68 630.72 93.80 39.06 350.05;0.8210 1 631.97 627.80 76.18 47.48 350.17;0.8208 1 335.19 423.07 87.10 43.90 1.39;0.7995 1 459.56 420.26 103.49 38.82 348.08;0.7815 1 995.47 764.92 34.55 74.46 354.00;0.7655 1 995.90 796.05 46.12 74.84 357.90;0.7629 1 693.58 530.34 77.42 41.57 348.60;0.7525 1 819.06 156.04 52.90 38.28 0.35;0.7320 1 582.17 627.29 91.66 47.13 355.73;0.6939 1 1053.69 1063.81 35.24 50.35 351.61;0.6921 1 1658.41 562.12 67.89 36.91 1.55;0.6847 1 1055.05 863.33 27.85 90.49 357.00;0.6604 1 821.47 120.79 45.67 48.93 23.42;0.5603 1 1000.90 251.86 53.13 71.27 351.00;0.5483 1 1178.64 82.85 73.09 55.50 0.52;0.5288 1 1001.30 191.14 45.81 52.55 355.00;0.5012 1 936.34 189.28 45.96 30.72 5.49;0.4545 1 1709.33 562.13 60.24 39.47 353.86;0.4537 1 1053.47 893.13 33.88 62.94 10.30;0.4531 9 1656.91 591.98 57.64 21.55 351.56;0.4511 1 282.95 423.19 91.75 50.37 3.45;0.4346 1 1054.23 223.51 42.72 108.85 354.41;0.4237 9 1474.95 460.05 46.42 17.73 355.09;0.4179 1 1180.92 628.67 71.39 44.38 359.11;0.3839 1 1542.94 629.56 73.30 35.28 2.53;0.3760 1 1294.58 1064.19 33.38 46.60 353.95;0.3597 1 212.18 424.09 82.52 33.64 351.43;0.3566 1 1840.60 657.03 69.66 59.91 5.95;0.3401 1 1179.91 58.20 76.86 48.81 349.13;0.3114 1 1893.85 630.71 68.10 36.19 1.83;0.2737 8 1056.59 391.00 35.52 25.06 0.94;0.2736 4 642.12 558.04 69.34 34.80 3.41;0.2733 1 1540.91 658.90 73.64 39.27 359.46;0.2645 1 1116.70 289.59 30.01 98.14 358.41;0.2576 1 1593.48 658.48 73.42 65.29 355.55
v_4ojx5e4a1n_0010,0.8372 1 95.05 461.41 93.81 42.07 350.27;0.4568 1 1233.49 795.48 67.97 43.46 345.07;0.3727 1 1357.72 761.69 104.66 51.68 344.05;0.3714 1 1237.58 627.16 46.20 84.34 337.87;0.3700 1 1417.31 658.72 64.27 54.08 356.87;0.3635 1 1416.69 629.33 47.12 69.03 4.35;0.3629 1 95.18 490.06 52.35 42.13 346.39;0.2939 9 274.43 492.86 38.10 19.11 2.01;0.2928 1 943.82 53.89 36.65 91.70 356.96;0.2910 1 1239.98 596.77 37.32 72.03 345.85;0.2612 1 1475.31 627.38 52.55 70.20 352.35
v_9n7j8m0pig_0000,0.8924 1 935.88 864.07 28.74 84.18 354.91;0.8829 1 1117.67 460.27 48.23 70.56 15.76;0.8682 1 1897.15 459.49 44.30 46.51 357.26;0.8633 1 995.05 628.45 40.66 68.20 353.26;0.8483 1 936.33 831.37 34.16 79.76 355.94;0.8166 1 455.13 423.33 64.00 39.67 11.29;0.7888 1 934.47 896.06 44.94 81.79 6.82;0.7812 1 993.62 999.80 33.33 86.05 4.15;0.7574 1 92.70 462.57 65.91 53.97 350.09;0.7274 1 1478.73 391.85 84.62 44.39 356.26;0.7214 1 877.73 425.03 56.69 54.36 353.89;0.6940 1 995.41 764.50 45.35 65.82 352.39;0.6708 1 37.74 562.98 36.87 58.14 1.48;0.6654 1 38.27 594.37 40.70 70.98 6.85;0.6474 1 96.54 491.84 53.97 73.45 352.26;0.6310 1 1118.36 491.97 38.18 68.87 7.80;0.6287 1 995.16 966.01 33.65 85.56 355.28;0.5992 1 1598.55 629.32 33.74 73.73 13.88;0.5639 1 1054.18 426.16 71.60 43.36 355.67;0.5519 1 696.47 492.36 53.99 47.27 346.42;0.5455 1 1114.57 526.98 32.90 70.09 13.78;0.5249 1 1718.17 591.14 48.06 63.64 2.64;0.5196 1 1415.99 562.89 45.96 56.65 356.72;0.5183 1 1000.42 795.84 40.94 86.19 355.37;0.5143 1 1060.43 696.10 30.82 49.05 347.96;0.5085 1 1657.74 592.35 47.45 77.62 2.78;0.5057 1 877.57 492.81 37.46 68.10 0.85;0.5037 1 1477.05 459.06 36.75 64.57 4.35;0.4882 1 998.92 424.05 72.69 46.33 353.66;0.4691 1 1534.87 392.07 85.71 43.85 346.03;0.4644 1 995.40 1031.76 31.35 85.81 0.33;0.4311 1 1834.05 393.39 93.66 35.21 343.69;0.3971 1 1477.48 425.40 55.58 64.38 358.70;0.3938 1 1900.45 591.07 35.39 58.10 23.45;0.3917 1 994.93 290.39 45.84 57.98 348.13;0.3842 1 995.47 391.59 46.07 55.34 356.69;0.3720 1 995.68 659.37 35.95 80.88 352.10;0.3706 1 940.36 763.66 42.56 79.34 359.57;0.3702 1 41.51 460.89 52.25 44.88 0.98;0.3654 1 1001.23 931.76 19.53 74.99 345.42;0.3616 1 1356.32 593.80 30.75 63.70 9.59;0.3535 1 936.10 425.16 53.77 53.28 356.43;0.3314 1 1537.00 425.52 47.66 61.34 358.06;0.3229 1 936.00 966.76 20.80 91.06 10.33;0.3171 1 938.97 52.88 33.29 69.38 0.42;0.3109 1 1419.20 492.31 36.28 52.55 8.55;0.3095 1 996.70 86.88 47.03 93.89 9.94;0.3082 1 937.38 1000.26 17.64 71.45 2.81;0.3052 1 995.96 596.20 24.92 83.90 0.20;0.3019 1 1777.36 392.95 95.95 36.64 354.43;0.2947 1 940.25 392.40 35.05 59.28 1.55;0.2926 1 941.88 627.63 27.30 73.30 1.77;0.2832 1 516.99 524.66 54.46 46.48 357.83;0.2737 1 877.34 524.64 38.37 54.65 356.12;0.2614 1 938.28 796.69 23.42 100.95 356.44;0.2600 1 40.08 491.47 40.58 48.55 359.26;0.2550 1 1420.71 391.67 62.51 39.74 356.31;0.2535 1 521.10 493.43 44.07 65.38 0.68
v_rwkobi1oh0_0004,0.6219 1 97.72 489.23 88.28 60.39 346.92;0.4729 1 1181.47 796.07 53.80 52.40 1.40;0.4447 1 941.85 85.88 49.64 76.71 350.69;0.3961 1 96.96 464.07 68.65 42.98 348.43;0.3791 7 876.08 459.70 46.70 41.80 13.00;0.3314 1 1357.47 761.92 93.26 47.44 341.38;0.3197 9 1657.40 527.39 45.94 25.37 356.40;0.3105 1 1232.31 795.03 73.07 44.76 340.91
v_eaq9flrq1l_0045,0.9794 1 160.72 526.57 80.29 43.34 1.42;0.9771 1 636.54 526.05 55.94 49.75 13.40;0.9563 1 996.27 257.51 23.67 89.52 3.76;0.9548 1 341.16 558.93 73.39 44.06 13.73;0.9217 1 212.54 528.11 72.79 40.63 352.73;0.8255 1 1002.62 594.22 46.51 57.93 353.79;0.8216 1 36.56 489.30 58.99 47.14 36.25;0.7990 1 993.73 286.23 30.80 70.77 11.41;0.7544 1 393.79 558.92 78.80 48.26 0.16;0.7320 1 994.27 153.59 24.90 75.80 11.23;0.7261 1 933.52 796.89 38.61 78.45 0.27;0.7180 1 1355.32 590.34 66.99 54.59 354.63;0.7094 1 454.61 764.14 56.32 75.17 359.97;0.6537 1 1480.06 561.61 78.54 47.51 352.67;0.6159 1 995.67 123.16 25.40 76.90 0.77;0.6117 1 1356.21 563.96 52.86 56.29 341.22;0.5649 1 1057.47 695.71 28.59 75.54 342.99;0.5588 1 515.96 726.83 50.25 71.11 14.88;0.5476 1 1299.26 494.43 39.59 74.93 359.37;0.5430 1 1050.91 594.46 44.82 72.02 356.96;0.5396 1 1599.88 591.85 82.77 55.73 4.20;0.5209 1 1783.13 561.83 73.25 41.13 2.52;0.5083 1 1832.79 563.46 94.93 40.80 348.00;0.4757 1 1064.17 188.69 23.41 76.51 356.84;0.4540 1 1062.49 221.22 31.73 66.53 359.41;0.4507 7 1297.02 526.33 51.38 64.44 353.19;0.4420 1 35.90 462.33 49.66 49.22 347.32;0.4399 1 1003.06 624.35 35.31 51.28 358.81;0.3901 1 1056.06 727.79 38.95 71.19 344.77;0.3875 9 814.53 526.83 43.68 22.82 10.87;0.3844 1 999.22 728.92 29.86 54.69 353.88;0.3798 1 1057.99 662.82 22.77 61.04 338.87;0.3759 1 934.80 964.60 33.46 82.18 1.18;0.3707 1 1114.81 1063.41 23.86 59.84 350.84;0.3660 1 455.62 797.20 40.17 113.59 7.37;0.3270 1 1053.76 625.89 40.20 75.11 342.35;0.3102 1 1063.57 998.22 30.50 84.92 358.46;0.2864 1 998.48 224.48 16.31 94.24 7.35;0.2728 1 1300.93 591.35 57.51 54.14 352.89;0.2652 1 1116.04 1031.80 18.13 129.27 352.53
v_fbwnufjbee_0042,0.9834 1 218.05 529.41 98.20 42.19 350.55;0.8001 1 97.81 489.39 82.21 53.19 349.12;0.6470 1 216.94 555.85 75.20 51.05 351.97;0.6192 1 97.40 463.61 78.31 38.90 349.18;0.5512 2 760.21 527.42 81.62 39.12 355.32;0.4413 1 1357.46 761.02 88.27 51.28 342.86;0.4142 9 1655.62 527.01 50.22 27.74 354.52;0.3919 1 1417.21 628.21 54.44 56.21 4.88;0.3600 1 809.81 528.90 86.95 39.60 356.55;0.3209 1 875.80 594.22 62.66 32.36 0.92;0.2825 1 1178.01 526.41 39.16 41.60 339.80;0.2820 9 876.88 562.53 42.19 16.11 1.06;0.2698 1 1182.31 795.88 43.85 57.82 7.66;0.2681 1 1357.14 628.28 51.72 58.82 348.10;0.2633 1 1232.84 794.25 64.68 49.86 347.00;0.2573 1 941.46 85.16 46.18 83.54 352.87
v_lyruee6zx3_0003,0.9391 1 1780.50 528.07 85.71 41.14 352.34;0.9307 1 154.95 495.04 102.61 42.91 352.58;0.8966 1 940.52 524.69 67.41 43.64 10.41;0.8787 1 521.36 459.45 95.22 43.82 357.50;0.8700 1 994.81 730.10 37.52 79.11 355.28;0.8611 1 1120.04 491.44 63.51 51.28 14.59;0.8478 1 333.91 460.71 92.16 34.68 354.72;0.8384 1 996.38 628.81 41.07 79.80 354.36;0.8106 1 280.99 459.09 94.60 36.90 353.11;0.7878 1 38.06 595.39 40.22 66.17 353.98;0.7513 1 572.00 460.47 73.48 42.22 346.99;0.7315 1 698.42 493.55 52.35 63.50 353.58;0.7101 1 877.29 592.43 56.93 80.65 3.38;0.7069 1 1118.18 461.35 62.84 62.90 352.12;0.6986 1 1173.19 490.99 53.44 64.66 9.68;0.6556 1 37.11 562.18 38.52 57.55 0.27;0.6533 1 993.59 761.81 49.58 73.69 350.88;0.6325 1 102.45 493.55 68.21 47.12 355.71;0.6318 1 940.11 457.57 61.37 42.92 4.78;0.6016 1 937.06 1000.31 24.88 79.19 353.75;0.5913 1 997.96 900.58 30.82 58.78 358.96;0.5526 1 939.49 966.43 19.94 83.29 4.77;0.5497 1 1664.43 457.29 47.39 58.45 4.18;0.5179 1 1900.05 459.65 28.94 32.87 359.46;0.5082 1 816.43 863.17 49.67 57.73 24.76;0.4778 1 997.38 931.41 32.41 80.33 357.86;0.4689 1 1776.45 494.12 53.56 50.99 356.44;0.4668 1 1173.09 460.83 37.18 70.89 9.01;0.4629 1 1354.43 493.41 63.17 48.25 7.10;0.4626 1 1596.98 628.49 44.48 70.54 7.88;0.4547 7 753.89 494.44 68.44 73.46 347.91;0.4521 1 936.65 829.20 44.29 62.36 356.75;0.4395 1 939.16 762.23 26.02 66.71 354.07;0.4383 1 1357.43 595.87 47.20 55.00 20.46;0.4352 1 1717.29 590.80 54.36 67.58 5.91;0.4301 1 1057.68 794.25 44.74 53.29 357.63;0.4128 1 997.03 426.55 47.99 71.48 359.49;0.4026 1 1900.45 591.48 37.63 53.44 21.56;0.4023 1 1901.00 527.39 20.33 44.76 8.72;0.4014 1 933.56 1031.40 38.51 76.39 355.53;0.3991 1 938.19 494.08 55.35 43.91 346.07;0.3963 1 1716.70 492.79 39.16 64.82 352.23;0.3819 1 938.85 290.30 49.24 53.26 349.80;0.3759 1 1056.16 426.21 45.85 55.14 5.27;0.3453 1 875.87 561.92 33.10 57.59 357.52;0.3425 1 1477.36 458.93 37.96 63.24 2.67;0.3414 1 1657.62 591.74 49.17 74.69 4.81;0.3353 1 1478.71 390.61 95.72 45.68 359.84;0.3336 1 994.97 457.63 88.20 53.52 356.83;0.3292 1 876.90 423.76 52.85 53.45 352.45;0.3263 1 937.20 426.17 54.77 53.85 356.97;0.3247 1 994.40 290.65 39.42 59.44 349.23;0.3159 1 993.31 965.18 37.25 85.31 358.57;0.3158 1 937.09 933.57 16.57 83.20 358.06;0.3091 1 990.94 525.08 63.98 42.32 356.36;0.3013 1 518.87 492.63 40.06 48.50 3.64;0.2995 1 1900.26 561.03 35.92 36.50 35.06;0.2980 1 939.64 729.77 27.54 104.98 354.36;0.2976 1 1833.10 392.73 94.86 40.28 340.05;0.2893 1 998.68 660.07 28.81 93.73 354.66;0.2885 1 1779.34 391.77 111.04 41.53 356.33;0.2852 7 1715.24 458.47 69.84 73.50 2.81;0.2828 1 1598.89 593.37 36.04 70.27 0.33;0.2807 1 1483.93 591.97 33.20 74.84 2.26;0.2803 1 458.42 526.38 42.95 54.12 4.17;0.2744 1 938.51 391.66 43.13 48.80 358.72;0.2739 1 935.53 797.43 23.99 72.04 355.78;0.2664 1 1534.35 390.51 79.42 47.85 349.33;0.2629 1 1897.94 492.45 29.00 32.09 22.94;0.2613 1 996.91 86.90 38.21 86.59 13.05;0.2587 1 997.71 595.67 33.83 53.19 357.30;0.2574 7 1715.67 426.71 51.42 99.18 6.95
v_0mp55gehz5_0012,0.9841 1 460.17 453.83 83.01 36.08 355.47;0.9839 1 1354.89 457.10 87.38 49.52 2.76;0.9831 1 393.13 493.45 81.98 37.05 3.66;0.9800 1 1178.75 423.78 90.37 43.36 2.00;0.9765 1 577.70 490.82 114.85 36.96 358.68;0.9696 1 1592.67 394.63 93.35 35.00 345.36;0.9688 1 751.29 460.35 68.94 44.58 2.06;0.9649 1 1420.29 558.39 73.38 44.59 358.30;0.9618 1 101.93 391.90 85.01 32.74 354.16;0.9590 1 332.43 427.18 86.13 36.66 359.81;0.9579 1 933.56 898.31 29.00 95.85 354.47;0.9489 1 150.81 392.70 82.53 36.99 349.15;0.9398 1 157.11 428.06 80.09 33.98 346.89;0.9332 1 818.63 527.54 65.25 39.21 355.32;0.9233 1 393.86 1033.36 70.49 36.99 346.08;0.9165 1 1415.52 595.86 95.48 28.53 345.02;0.9149 1 873.83 662.32 36.88 89.53 353.86;0.9103 1 1000.09 392.20 82.69 38.17 353.37;0.8975 1 459.31 428.59 74.18 24.14 338.91;0.8672 1 937.41 1000.31 34.69 73.98 10.11;0.8555 1 580.23 457.80 48.68 27.75 348.43;0.8442 1 629.45 492.28 76.90 41.46 347.22;0.8231 1 630.68 427.99 88.83 32.40 351.70;0.8208 1 1059.44 123.13 52.89 59.71 334.91;0.8191 1 1050.98 392.71 77.29 30.63 343.33;0.8170 1 158.21 456.52 50.71 36.15 348.76;0.7897 1 1541.92 393.81 98.87 24.95 347.31;0.7868 1 283.26 427.42 71.53 24.04 350.05;0.7842 1 101.90 491.91 85.04 38.26 355.85;0.7752 1 1228.91 423.37 67.39 34.76 346.90;0.7637 1 149.24 491.67 79.88 41.77 3.12;0.7634 1 579.76 427.69 91.87 32.71 345.24;0.7445 1 277.61 253.47 97.69 40.54 351.23;0.7371 1 339.14 392.38 91.86 29.63 348.42;0.7158 1 1176.90 597.72 76.60 32.67 344.77;0.7018 1 937.89 1030.39 62.41 63.70 347.45;0.6946 1 705.30 459.57 78.51 33.55 0.11;0.6942 1 575.19 393.20 87.39 30.18 1.88;0.6938 1 1302.16 457.55 98.37 28.81 359.51;0.6874 1 933.42 928.19 35.48 87.27 3.21;0.6652 1 994.99 999.67 43.66 63.30 351.55;0.6482 1 1057.01 862.45 61.42 60.54 342.91;0.6393 1 342.46 492.66 93.40 38.29 4.78;0.6295 1 874.60 694.41 31.43 82.38 351.97;0.6214 1 934.69 865.81 34.88 84.63 356.74;0.6116 1 1780.11 596.00 107.38 34.43 349.80;0.6003 1 1058.49 152.12 64.72 50.55 2.80;0.5776 7 402.87 289.57 94.24 31.22 348.02;0.5737 1 1179.29 324.71 85.19 29.63 0.39;0.5394 7 878.22 795.57 54.10 46.45 17.70;0.5200 1 1775.78 427.58 81.19 34.35 351.66;0.5178 1 1234.34 288.74 56.93 52.93 358.13;0.4803 1 1469.77 558.05 58.03 45.31 8.75;0.4778 1 1419.10 528.49 65.06 19.54 344.45;0.4771 1 1593.62 421.01 73.30 38.63 350.76;0.4528 7 453.93 260.07 69.02 38.86 354.95;0.4486 7 452.30 288.29 82.41 40.15 353.08;0.4425 7 878.07 764.23 33.60 69.07 4.92;0.4346 2 575.49 325.87 103.23 52.74 358.56;0.4340 1 884.06 897.73 25.59 61.10 15.01;0.4339 9 153.74 119.83 40.71 16.79 346.22;0.4184 2 277.50 226.78 93.29 29.33 347.42;0.4154 9 1536.57 493.93 46.08 12.79 0.34;0.3962 9 699.57 392.36 38.96 16.39 349.80;0.3955 1 1360.89 764.16 94.63 39.67 345.56;0.3761 9 279.64 457.20 52.86 12.61 357.27;0.3701 1 1058.05 1064.17 44.83 37.50 1.06;0.3663 9 1596.97 595.11 53.07 14.41 347.16;0.3598 9 275.45 119.82 41.75 15.86 346.82;0.3540 8 633.53 393.16 75.66 28.13 344.93;0.3539 7 1118.25 259.54 85.65 32.19 354.33;0.3424 9 815.38 495.72 41.64 20.90 4.28;0.3393 1 882.28 865.12 28.73 51.21 9.26;0.3298 9 1720.99 425.77 60.82 19.76 358.30;0.3284 9 517.58 121.02 39.09 14.45 345.97;0.3247 9 213.49 428.57 67.19 17.93 4.13;0.3231 7 1118.97 289.97 89.31 44.01 357.21;0.3134 1 274.38 493.08 67.01 19.43 353.39;0.3110 1 1176.23 624.84 98.84 51.72 356.10;0.3045 7 522.21 324.29 118.07 31.98 352.71
v_yha9cvj460_0049,0.9044 1 940.48 291.25 45.42 60.92 343.68;0.8873 1 573.84 462.44 85.67 41.92 356.56;0.8374 1 940.39 797.96 46.12 67.10 348.11;0.8022 1 332.33 462.92 88.57 47.26 357.75;0.7784 1 1479.00 391.67 86.99 39.92 357.04;0.7768 1 1054.68 426.67 71.56 43.06 355.23;0.7716 1 1115.95 460.85 54.35 60.22 11.95;0.7688 1 455.70 460.86 117.11 42.25 349.32;0.7663 1 880.08 458.00 86.85 45.17 358.42;0.7236 1 754.82 460.43 79.70 45.90 353.80;0.7130 1 940.74 525.53 61.81 39.56 359.38;0.7015 1 38.08 594.50 41.18 70.20 6.95;0.6995 1 1060.44 696.00 28.50 54.60 346.62;0.6867 1 994.87 628.55 47.51 70.10 350.00;0.6720 1 37.30 562.88 40.95 51.96 358.47;0.6426 1 938.83 321.48 56.17 62.20 347.20;0.6356 1 517.36 526.20 67.93 41.48 0.11;0.6231 1 940.50 828.53 35.77 79.12 352.93;0.6016 1 934.74 999.80 27.21 80.14 358.40;0.5943 1 993.24 1066.36 31.16 50.06 353.93;0.5775 1 991.90 525.87 57.25 46.60 356.04;0.5583 1 334.30 490.99 80.40 63.61 351.41;0.5346 1 576.75 490.51 83.53 60.86 10.26;0.5209 1 878.36 425.04 64.40 53.86 349.50;0.5160 1 939.98 261.13 46.04 44.58 350.21;0.5132 1 1899.57 591.26 40.32 59.69 21.49;0.4994 1 880.70 661.72 44.91 74.80 358.16;0.4893 1 281.50 461.19 74.58 37.31 356.37;0.4858 1 696.69 492.72 56.60 52.93 2.23;0.4838 1 933.40 1032.88 28.91 75.10 358.19;0.4629 1 1778.16 393.36 106.37 32.64 350.98;0.4604 1 1717.53 591.39 47.67 64.11 3.33;0.4458 1 999.55 424.87 60.66 47.25 354.34;0.4447 1 1534.70 391.41 80.97 44.06 347.09;0.4404 1 1598.23 629.24 29.44 81.64 13.19;0.4231 1 1477.29 459.11 38.39 64.67 5.15;0.3919 1 936.46 967.15 15.40 96.84 354.78;0.3899 1 994.76 392.13 44.77 46.78 348.67;0.3878 1 998.57 931.43 29.26 79.84 353.29;0.3807 1 878.16 898.22 30.75 116.12 348.51;0.3791 1 936.87 1065.56 28.65 37.80 1.11;0.3765 1 1116.37 527.08 39.06 65.16 6.57;0.3752 1 995.66 763.65 39.36 64.54 353.56;0.3682 1 1658.69 591.87 49.11 72.22 357.36;0.3677 1 519.60 461.79 84.52 35.14 2.81;0.3660 1 996.40 1033.77 24.47 96.88 3.10;0.3613 1 932.79 458.94 59.47 45.29 357.93;0.3590 1 939.66 392.27 38.35 53.88 3.86;0.3566 1 1718.44 392.23 72.86 40.26 345.40;0.3375 1 1899.50 459.55 25.25 39.48 1.98;0.3370 1 992.21 798.01 45.72 69.02 357.00;0.3305 1 936.44 426.38 42.74 70.26 3.23;0.3284 1 216.30 424.23 59.28 27.59 357.36;0.3277 1 997.21 86.36 42.93 90.70 14.30;0.3226 1 1057.34 795.05 54.03 44.57 348.44;0.3188 1 1477.11 425.65 58.85 58.37 359.27;0.3011 1 879.44 630.97 40.75 60.08 354.23;0.2936 1 1115.11 661.46 30.67 80.83 4.96;0.2787 1 1119.56 491.75 41.72 66.25 6.22;0.2764 1 1419.98 491.80 33.13 48.35 5.92;0.2731 1 400.23 461.73 74.18 36.08 354.97;0.2721 1 1420.28 392.10 58.86 39.55 359.64;0.2720 1 933.91 662.23 50.68 88.83 356.73;0.2688 1 994.69 1000.11 27.38 91.79 4.52;0.2656 1 995.14 965.89 30.36 93.07 359.53;0.2635 1 997.01 54.26 35.34 61.90 3.12;0.2573 1 879.69 525.88 36.28 52.11 4.03;0.2557 1 698.21 524.65 35.90 60.48 24.62;0.2531 1 995.40 659.59 44.53 74.38 341.19;0.2527 1 1832.29 393.95 81.12 33.45 339.98
v_epabhznuqh_0026,0.9361 1 874.45 121.91 61.06 53.72 351.44;0.9254 1 872.15 156.43 70.92 47.99 355.92;0.9249 1 38.65 424.54 62.79 36.67 0.81;0.9224 1 1592.30 563.70 93.83 44.73 353.96;0.9027 1 1235.20 629.28 75.23 49.94 0.76;0.9019 1 334.40 423.10 87.40 43.71 1.90;0.9018 1 1592.89 631.42 68.08 46.98 0.48;0.8811 1 1000.13 829.08 61.07 59.73 3.50;0.8709 1 1054.73 1034.02 43.56 74.90 4.33;0.8580 1 1541.67 562.31 104.94 44.45 355.12;0.8518 1 1000.89 660.69 48.18 54.97 345.20;0.8517 1 457.45 396.29 104.94 30.26 338.59;0.8202 1 1839.97 630.87 98.23 36.11 350.88;0.8122 1 458.62 420.59 104.43 40.17 349.01;0.7545 1 1898.30 559.69 56.09 39.01 359.27;0.7522 1 631.01 628.14 83.46 47.28 341.87;0.7496 1 818.70 156.02 50.94 42.99 357.37;0.7319 1 582.04 627.84 79.12 46.09 354.47;0.7124 1 1299.11 557.27 70.75 42.16 3.62;0.7084 1 820.96 120.61 44.22 53.34 13.92;0.6650 1 1539.28 590.25 59.79 36.06 3.69;0.6234 1 997.91 693.03 53.31 50.87 354.63;0.6175 1 1053.81 1063.54 35.53 51.72 352.06;0.6025 1 1000.46 630.87 55.09 45.43 352.07;0.5933 1 283.02 423.30 95.80 49.01 2.05;0.5656 1 1299.79 530.69 78.85 38.12 357.37;0.5466 1 1777.76 155.23 78.52 39.36 356.71;0.5050 1 1350.65 529.56 66.31 46.78 352.66;0.4645 1 1178.56 83.11 72.47 54.28 358.40;0.4556 1 1595.41 591.83 71.06 61.60 350.42;0.4151 1 997.89 862.59 60.33 50.60 354.22;0.3806 1 1542.32 629.35 72.74 23.21 355.51;0.3479 1 1839.74 657.15 77.85 51.90 355.96;0.3411 1 1179.70 58.34 77.87 45.50 346.82;0.3355 1 1122.64 997.69 45.95 46.53 6.67;0.3222 9 1476.82 459.89 40.16 15.16 357.68;0.3216 1 1350.87 556.95 74.79 59.83 354.09;0.3199 1 1294.27 1064.43 32.32 45.73 355.44;0.3091 8 1056.44 391.26 35.74 24.28 1.84;0.2757 1 1591.82 658.15 46.90 64.25 13.23;0.2648 1 1894.47 630.82 71.14 37.08 0.17;0.2646 9 879.25 527.02 42.07 13.64 356.32
v_jk3ajckoy1_0014,0.9659 1 1658.90 495.86 95.99 45.25 343.08;0.9566 1 1119.54 557.91 92.35 39.02 354.62;0.8593 1 1657.33 522.81 83.75 54.51 347.52;0.8377 1 999.82 663.56 41.25 63.29 342.98;0.8036 1 95.57 463.01 79.88 47.40 344.98;0.7458 1 999.77 693.53 42.14 79.24 353.40;0.7452 1 95.31 489.05 77.48 56.10 350.23;0.6969 1 1240.21 596.89 40.46 68.26 353.45;0.4509 1 1171.99 558.33 92.04 44.09 352.38;0.4507 1 936.87 696.25 43.00 47.36 5.99;0.4434 1 1238.08 626.02 48.78 73.26 339.81;0.3921 1 998.16 931.31 22.69 74.41 357.09;0.3150 1 1175.14 526.47 49.86 47.83 347.70;0.2979 1 1118.30 528.23 62.57 33.09 357.37;0.2957 1 1233.22 795.17 68.63 43.43 347.31;0.2817 1 942.50 53.93 37.76 99.43 355.07;0.2781 1 996.94 962.02 35.56 57.95 354.30;0.2679 1 876.41 594.68 68.06 44.27 4.87
v_6q1ipw9aoq_0024,0.9503 1 34.63 524.96 45.08 41.73 3.66;0.7949 1 96.02 461.95 80.41 41.55 348.31;0.6318 1 96.84 488.62 56.69 51.82 347.34;0.5176 1 1181.64 795.70 51.44 54.72 8.48;0.4685 1 1177.86 525.53 65.48 52.39 347.66;0.4590 1 37.86 493.56 45.59 44.90 345.90;0.3771 1 1652.81 559.72 63.60 34.98 352.86;0.3619 1 1356.27 761.76 93.30 67.48 343.87;0.3232 1 1358.24 627.74 46.37 64.27 351.28;0.3084 9 1656.22 527.27 52.69 31.45 357.76;0.2840 9 1537.38 526.03 40.29 13.82 359.30;0.2703 7 940.27 795.25 43.91 97.91 15.10;0.2698 7 1115.96 527.57 67.91 55.78 359.57;0.2668 1 995.66 929.71 38.29 80.86 358.40;0.2576 1 941.69 54.19 33.62 114.80 351.18
v_t8vcih7b0c_0048,0.9886 1 1658.24 526.73 83.09 40.78 1.55;0.9779 1 875.27 490.89 50.95 63.87 5.65;0.9659 1 939.81 359.26 25.52 78.39 1.52;0.9371 1 998.21 492.37 50.24 63.78 341.55;0.9368 1 938.65 388.91 29.53 76.43 2.00;0.9278 1 1421.41 528.34 79.11 37.66 0.43;0.9042 1 879.16 462.32 42.95 58.96 359.87;0.8995 1 1299.01 593.47 84.32 35.95 356.14;0.8877 1 1422.08 591.93 68.01 44.36 6.16;0.8643 1 938.66 157.54 27.85 81.44 353.59;0.8433 1 1896.09 592.94 69.09 50.76 8.46;0.8419 1 1237.40 525.61 79.93 46.96 4.28;0.8224 1 994.84 522.25 72.23 45.35 14.91;0.8083 1 1472.42 529.78 87.90 33.23 343.37;0.8068 1 997.66 462.73 44.78 45.49 337.82;0.7792 1 1472.98 591.10 97.09 51.15 5.81;0.7756 1 937.91 187.29 34.58 81.96 2.50;0.6764 1 1592.64 592.33 84.91 48.74 2.36;0.6240 1 881.80 797.44 34.56 84.74 346.01;0.6226 1 1001.26 695.70 60.10 57.18 353.39;0.6045 1 814.32 595.05 46.48 48.93 3.04;0.6044 1 1543.89 592.88 72.89 39.11 8.96;0.6029 1 752.41 291.48 39.17 70.32 15.28;0.5803 1 816.91 931.46 25.94 99.06 2.95;0.5636 1 878.63 964.51 30.98 112.28 333.56;0.5609 1 1182.29 523.69 67.19 38.08 351.48;0.5382 1 814.59 763.70 26.10 69.95 354.90;0.5231 1 1052.86 728.28 38.93 64.98 341.51;0.5142 1 1419.93 560.11 52.95 38.74 338.85;0.4968 1 822.63 493.00 41.01 63.15 13.15;0.4393 1 1057.96 1064.11 43.87 52.25 352.42;0.4170 1 1237.79 494.95 50.52 50.66 1.87;0.3731 1 815.69 829.64 25.52 105.96 4.57;0.3522 1 1053.42 695.07 46.02 48.38 357.03;0.3464 1 934.44 760.29 26.04 44.56 339.13;0.3383 1 1294.76 562.51 41.49 43.98 344.97;0.3149 1 1419.11 424.99 46.63 64.65 0.72;0.2726 1 1474.45 560.49 48.40 30.40 352.64;0.2722 1 1349.60 593.95 54.26 33.41 6.10;0.2668 1 996.83 390.84 34.20 54.12 346.15
v_ox8c8upqpj_0031,0.9642 1 996.03 52.03 41.45 70.17 3.26;0.9456 1 215.06 493.39 61.98 49.24 15.81;0.9027 1 100.62 560.35 84.55 38.77 1.20;0.8648 1 1355.25 563.46 56.56 54.87 342.99;0.8037 1 1598.41 563.13 101.30 42.82 355.78;0.7989 1 163.18 492.29 43.56 45.08 7.38;0.7826 1 993.08 188.10 20.68 85.48 357.37;0.7794 1 994.73 157.13 20.83 98.00 359.99;0.7742 1 996.74 23.07 34.25 68.30 351.63;0.6339 1 935.15 325.62 31.58 73.74 10.17;0.6020 1 453.47 763.80 54.53 87.03 5.27;0.5905 1 934.25 356.74 31.02 70.85 9.95;0.5590 1 933.28 795.53 43.54 68.58 2.05;0.5581 1 1782.31 561.60 74.62 42.68 6.63;0.5228 1 216.32 625.37 67.25 44.20 351.72;0.5030 1 1355.05 589.76 63.30 57.03 354.94;0.5015 1 150.78 561.25 51.14 27.38 3.42;0.4686 1 95.76 625.25 78.52 39.77 356.27;0.4465 1 934.54 963.96 36.69 75.25 1.27;0.4229 1 279.51 625.76 103.18 42.59 356.17;0.4199 1 1299.09 494.35 36.74 57.73 357.46;0.3877 1 1057.56 695.29 37.92 65.34 338.35;0.3142 9 817.54 493.65 30.72 22.18 359.73;0.3041 1 1063.85 997.60 31.31 81.81 359.08;0.2705 7 1297.78 526.98 41.39 55.92 357.57;0.2695 1 999.91 728.86 31.09 56.70 351.09;0.2676 1 1300.92 591.16 53.03 44.32 348.77;0.2587 1 814.85 527.46 44.42 28.06 6.60
v_wj0fmte8s2_0000,0.8656 1 940.50 323.70 38.01 86.36 14.86;0.8635 1 34.12 489.82 49.39 50.01 37.08;0.7745 1 1477.74 561.15 79.00 49.46 355.21;0.7519 1 1000.38 118.57 37.32 80.43 3.35;0.7236 1 933.43 964.78 30.21 87.39 3.31;0.7206 1 1001.63 55.94 38.90 88.10 352.25;0.7103 1 998.09 222.97 27.15 112.80 355.25;0.7052 1 1055.37 220.73 35.95 91.84 347.51;0.7036 1 999.88 254.53 23.36 78.95 353.29;0.6720 1 1353.74 564.21 57.25 56.22 345.75;0.6558 1 1354.15 590.56 72.47 53.02 355.88;0.5778 1 1783.07 561.39 74.61 44.64 5.05;0.5567 1 1301.33 590.87 57.41 46.93 350.73;0.5349 1 34.66 461.38 32.57 44.38 342.39;0.5220 2 1111.66 525.62 92.28 42.17 355.80;0.5072 1 1598.93 592.02 74.80 64.77 9.60;0.4871 1 944.61 189.06 26.72 73.00 356.12;0.4871 1 1062.35 998.00 40.00 84.37 354.73;0.4579 1 991.83 323.80 27.07 61.33 2.66;0.4430 1 1832.08 562.69 83.43 40.98 346.41;0.4415 1 932.98 796.40 41.15 69.64 359.81;0.4164 8 813.14 526.58 55.71 32.41 352.50;0.3946 1 1298.67 493.82 33.11 64.01 356.66;0.3780 1 1061.18 1064.88 26.62 44.57 356.52;0.3718 1 942.88 220.79 30.13 65.34 6.60;0.3650 1 1062.20 188.00 29.82 71.26 341.31;0.3442 1 934.38 997.48 20.15 75.30 6.74;0.3304 7 937.02 356.33 38.09 55.61 7.06;0.3298 1 992.13 156.35 22.21 71.04 4.99;0.3086 1 1600.85 563.13 70.64 43.07 1.13;0.2952 1 279.74 626.59 111.66 35.03 357.71;0.2700 1 1421.43 627.44 28.76 75.02 3.41;0.2665 1 991.51 190.33 19.60 88.49 355.24;0.2531 1 936.12 863.02 19.50 72.79 4.69;0.2501 7 1297.32 526.10 38.42 50.90 355.54
v_ry7797kbee_0044,0.8098 1 95.08 462.06 88.14 43.44 349.36;0.5235 1 1177.84 526.26 41.92 47.57 342.05;0.5199 1 95.48 489.30 63.05 49.04 348.44;0.4299 1 1239.25 596.73 34.80 69.44 341.08;0.4017 9 1657.85 527.06 51.71 28.27 355.30;0.3795 1 1359.59 627.07 65.01 47.78 345.71;0.3267 1 933.76 695.53 44.91 33.64 357.66;0.3187 1 1175.60 558.54 47.17 41.41 355.89;0.3136 1 1237.60 625.84 49.53 62.77 337.00;0.2682 1 942.16 53.51 36.21 101.42 355.32;0.2531 9 274.73 492.88 35.37 16.63 359.80
v_35qs647kgf_0037,0.9513 1 818.70 122.58 63.22 45.59 351.24;0.9470 1 1539.04 595.29 80.90 43.31 1.01;0.8964 1 335.26 390.14 70.73 48.65 3.13;0.8235 1 1241.73 999.46 41.01 91.27 346.45;0.8049 1 1410.52 592.43 77.09 51.99 357.64;0.7882 1 819.88 88.84 43.20 47.84 9.72;0.7835 1 38.40 391.94 59.45 38.27 355.37;0.7783 1 460.53 592.33 100.07 46.51 355.50;0.7290 1 931.97 525.31 58.90 57.52 351.22;0.6986 1 1051.06 1032.57 41.85 64.88 349.33;0.6852 1 871.87 88.79 58.26 52.75 354.59;0.6336 1 582.49 593.77 83.67 39.09 354.89;0.5718 1 1840.64 256.82 39.89 88.49 346.43;0.5546 1 1053.72 829.87 38.78 77.06 356.53;0.5524 1 1178.35 593.39 88.97 48.38 354.81;0.5377 1 1119.35 929.12 38.60 83.32 356.35;0.5324 1 1121.97 50.95 79.90 58.79 359.64;0.5172 1 1363.54 592.78 74.73 44.11 2.27;0.4790 1 758.14 189.71 38.69 64.87 9.61;0.4205 1 1234.10 594.07 86.84 44.42 348.54;0.4059 1 456.92 387.54 96.30 36.48 347.39;0.4047 9 755.99 425.49 42.42 18.37 357.58;0.3888 1 157.40 392.56 71.03 33.35 348.66;0.3770 1 518.84 387.53 108.14 37.99 349.61;0.3544 1 630.20 593.52 86.87 43.02 340.53;0.3282 1 871.02 122.97 51.68 58.43 355.72;0.3241 1 1119.86 897.96 23.39 115.99 351.72;0.3103 1 1836.81 284.94 49.71 76.30 5.69;0.3083 1 815.09 151.89 36.13 42.47 352.20;0.3066 1 510.47 593.07 93.72 52.92 346.07;0.3062 1 1003.60 765.16 47.03 45.53 357.58;0.3003 1 1004.61 1030.76 34.48 79.13 2.21;0.2890 1 1002.94 829.34 47.04 54.10 351.03;0.2870 3 878.31 526.88 141.11 51.74 5.77;0.2854 1 284.19 389.92 61.95 44.06 358.76;0.2704 9 1418.35 426.07 41.04 15.46 358.13;0.2698 1 1001.36 795.91 35.63 69.20 352.48;0.2603 8 1899.93 359.36 44.29 23.05 351.49;0.2583 1 573.01 387.12 72.59 38.88 356.52;0.2578 9 937.07 629.47 42.44 21.30 353.23
v_3vf73dh5d4_0013,0.9927 1 152.29 558.44 90.87 46.94 0.04;0.9791 1 158.34 494.81 91.52 36.84 353.11;0.9668 1 636.29 492.85 77.20 42.60 2.32;0.9491 1 753.41 563.66 88.45 37.56 349.54;0.9461 1 874.14 121.83 58.39 55.90 349.97;0.9314 1 458.46 395.56 107.64 30.24 339.31;0.9126 1 101.55 558.67 83.56 40.42 351.12;0.9121 1 39.41 423.44 63.50 37.83 4.77;0.9119 1 1839.63 630.56 101.85 39.02 350.84;0.8952 1 1533.29 527.10 74.33 40.80 2.59;0.8756 1 871.58 155.82 68.22 48.88 356.43;0.8576 1 335.10 422.94 83.36 50.04 6.06;0.8241 1 1591.10 630.92 72.27 53.82 2.73;0.8144 1 875.58 489.80 83.37 50.50 0.20;0.8110 1 1054.79 1033.62 39.55 77.19 10.99;0.8081 1 879.17 463.51 76.94 43.24 346.26;0.7991 1 581.12 627.09 81.59 44.78 353.69;0.7724 1 703.65 562.31 71.14 22.62 357.89;0.7686 1 630.06 626.92 83.39 42.69 347.59;0.7594 1 1482.33 525.99 79.24 43.28 2.50;0.7485 1 818.44 155.46 48.99 43.63 355.36;0.7401 1 1055.23 829.42 45.72 82.72 2.37;0.7222 1 1235.21 628.92 71.71 50.36 355.71;0.7001 1 817.13 623.13 92.61 39.76 354.50;0.6982 1 1121.52 998.16 47.12 51.20 0.85;0.6864 1 1053.60 1064.02 33.57 46.83 351.25;0.6835 1 159.11 524.47 57.50 45.48 331.89;0.6757 1 1054.12 894.59 38.63 59.09 15.41;0.6669 1 821.15 121.27 37.36 56.76 10.78;0.6406 1 1054.41 863.43 39.74 83.10 0.20;0.5768 1 1777.36 154.02 66.78 40.58 351.05;0.5286 1 1293.86 1064.77 36.67 40.48 353.34;0.4826 1 1177.44 57.86 85.85 43.79 347.22;0.4654 7 1240.37 495.84 111.12 37.73 359.25;0.4594 1 1542.77 629.69 77.82 40.02 5.74;0.4382 1 458.05 419.97 82.83 32.25 347.87;0.4198 2 1291.42 494.48 96.54 46.44 355.42;0.4123 1 283.88 423.15 84.06 49.27 1.04;0.3892 1 1177.72 83.41 73.77 54.06 356.51;0.3389 1 102.76 494.14 58.25 29.29 352.38;0.3221 1 1895.54 525.45 74.61 42.24 1.26;0.3166 9 1477.44 460.00 42.27 13.24 354.23;0.3144 1 37.39 394.82 44.16 34.63 340.83;0.2945 1 1893.28 630.36 71.57 34.82 358.27;0.2856 1 212.66 423.90 80.24 33.26 348.75;0.2816 9 1237.59 526.38 61.68 24.79 356.51;0.2757 9 1120.55 965.98 30.96 33.27 339.63;0.2571 1 399.97 795.80 22.30 200.82 25.62
v_zskoepk3hb_0000,0.9728 1 516.71 557.01 90.35 47.96 355.50;0.9630 1 1661.35 589.24 81.32 45.11 358.55;0.9623 1 932.65 494.11 77.25 42.83 357.42;0.9411 1 1840.69 630.19 93.42 44.38 354.07;0.9297 1 1591.41 631.59 80.53 41.71 2.97;0.9295 1 874.25 122.05 58.14 59.54 349.58;0.9295 1 1235.33 628.59 62.03 46.41 1.93;0.9197 1 1659.89 563.63 83.59 38.97 348.52;0.9168 1 459.71 395.44 98.36 29.71 342.96;0.9151 1 152.05 492.84 72.92 38.27 355.05;0.9140 1 871.75 156.03 73.18 46.60 356.61;0.9082 1 1055.23 1033.84 41.44 80.58 7.06;0.9035 1 1119.52 591.31 76.10 47.82 8.06;0.8973 1 336.52 422.98 84.56 46.11 3.00;0.8906 1 1776.62 153.86 72.87 38.05 351.67;0.8897 1 39.92 424.04 60.76 38.49 4.09;0.8151 1 630.31 627.59 83.90 49.18 338.70;0.8082 1 582.61 626.58 71.38 34.80 349.18;0.7901 1 881.46 493.47 88.77 40.71 355.75;0.7786 1 818.73 155.89 54.00 39.96 358.94;0.7670 1 517.77 530.22 96.62 43.64 344.31;0.7473 1 103.91 491.41 73.37 27.48 348.35;0.7110 1 1053.78 1063.56 34.61 50.85 351.64;0.6929 1 459.84 420.39 91.86 34.19 347.50;0.6366 1 1054.01 862.69 40.18 97.79 358.75;0.6110 1 1121.96 564.21 73.95 36.20 354.68;0.5952 1 820.94 121.07 42.81 56.40 16.70;0.5221 1 1054.78 829.92 34.34 100.73 3.68;0.4889 1 1172.64 562.84 72.79 46.31 358.69;0.4682 1 1178.47 83.13 72.86 55.44 357.11;0.4515 1 1179.54 58.22 82.54 45.28 347.76;0.4249 1 213.18 423.87 77.65 32.36 352.90;0.4138 1 1893.52 630.44 66.10 36.28 2.07;0.4079 1 1542.39 629.33 75.23 35.64 4.14;0.3976 1 1170.78 592.92 56.46 62.32 354.79;0.3760 1 701.24 626.86 65.62 39.33 1.36;0.3695 8 1473.79 459.64 48.28 22.88 356.72;0.3341 1 1116.40 290.41 43.35 52.44 356.41;0.3203 1 1294.64 1064.11 34.68 47.05 354.95;0.3118 1 1710.88 590.95 67.83 38.72 354.81;0.3074 1 993.86 359.08 39.56 42.12 345.69;0.2976 1 1181.71 627.67 52.70 39.88 359.64;0.2708 1 997.14 694.70 58.17 39.43 352.29;0.2633 7 877.06 628.74 71.98 30.40 2.06
v_6m3wu0tbtk_0018,0.9781 1 875.27 558.79 74.83 47.52 356.24;0.9579 1 636.12 529.65 82.77 49.53 350.85;0.9481 1 1417.73 527.47 86.88 40.73 359.39;0.8603 1 401.33 525.41 106.95 50.39 347.08;0.8213 1 95.89 462.73 80.13 47.51 345.18;0.7700 1 450.42 525.59 75.22 50.51 332.45;0.7517 1 877.40 530.27 87.28 41.01 341.60;0.7254 1 1176.27 526.45 43.90 59.84 339.85;0.7030 1 95.72 488.88 73.62 55.88 349.67;0.6958 1 1002.39 1030.55 45.57 112.31 341.81;0.5218 1 1174.78 557.99 50.18 52.41 354.55;0.4930 1 1237.65 626.28 43.67 87.78 338.43;0.4552 1 1357.30 629.10 59.24 61.04 346.61;0.4407 1 1239.39 596.63 33.09 65.71 334.50;0.3250 1 1002.02 1001.57 24.75 88.97 343.92;0.2934 7 876.84 593.91 58.14 31.21 356.79;0.2867 1 1358.48 762.04 91.24 48.19 344.06;0.2838 1 1232.77 795.95 70.65 41.20 341.87;0.2722 9 1657.76 527.52 42.70 28.04 0.91
v_qhoua2184j_0013,0.9921 1 697.97 490.54 86.97 38.34 351.37;0.9889 1 578.68 424.48 86.11 33.69 355.18;0.9808 1 699.07 525.94 89.59 33.54 357.81;0.9778 1 577.97 525.56 94.36 37.18 356.33;0.9770 1 338.86 426.10 104.46 29.43 350.90;0.9764 1 1593.23 355.76 98.43 42.00 1.64;0.9692 1 461.78 425.15 83.70 33.46 4.54;0.9688 1 1419.79 355.03 110.75 33.07 348.16;0.9626 1 393.66 489.84 65.98 40.58 1.62;0.9611 1 1713.66 594.80 79.76 41.17 351.96;0.9561 1 1533.17 629.41 82.15 41.30 353.28;0.9547 1 702.00 426.22 98.51 27.84 358.20;0.9495 1 514.46 461.75 81.58 32.11 356.85;0.9447 1 1417.07 255.60 93.15 33.21 355.33;0.9248 1 1299.86 255.41 68.32 29.83 352.54;0.9230 1 1654.18 292.32 98.31 23.86 352.47;0.9161 1 1717.55 292.26 101.14 35.89 353.46;0.9140 1 94.19 523.77 111.55 34.22 351.48;0.9070 1 1542.85 355.90 107.27 34.45 356.06;0.9052 1 1355.62 292.95 86.26 37.07 347.43;0.9025 1 157.01 424.39 72.37 35.94 357.94;0.8960 1 394.32 462.04 77.77 29.52 8.13;0.8939 1 632.64 526.43 93.64 29.63 354.12;0.8922 1 1709.95 254.63 89.60 35.12 347.48;0.8843 1 1471.01 355.51 112.91 37.56 354.76;0.8800 1 210.95 525.53 82.97 29.26 355.31;0.8744 1 158.86 526.30 89.37 31.47 359.35;0.8634 1 1660.42 255.09 101.57 34.00 356.11;0.8470 1 1234.14 355.23 87.07 39.60 356.55;0.8421 2 1539.43 256.44 117.98 40.34 0.69;0.8344 1 156.72 1065.62 77.86 31.44 353.68;0.8278 1 331.88 526.41 73.18 28.03 2.81;0.8059 1 513.59 424.33 106.50 39.77 4.44;0.7950 1 268.65 461.51 74.07 24.12 357.43;0.7866 1 215.22 425.73 102.10 36.07 357.31;0.7844 1 277.13 425.15 100.24 36.03 355.29;0.7711 1 1291.44 630.91 72.65 44.37 346.61;0.7705 7 456.46 527.09 103.93 30.12 355.08;0.7686 1 1530.94 293.16 82.80 24.77 356.52;0.7602 1 822.91 828.22 74.64 27.75 157.22;0.7555 1 578.09 461.22 90.29 26.90 353.22;0.7536 1 748.97 426.25 84.13 24.70 337.47;0.7393 1 1120.90 895.64 76.29 46.94 357.75;0.7341 1 697.73 460.62 71.52 14.24 341.54;0.7249 4 217.75 461.24 72.39 26.48 344.43;0.7211 1 1599.64 292.05 94.77 26.74 353.69;0.6981 1 633.83 424.43 100.85 35.87 353.86;0.6703 1 33.34 425.35 44.95 29.35 349.43;0.6618 1 280.88 525.59 89.67 36.40 4.40;0.6605 1 41.33 524.99 77.02 31.57 348.95;0.6594 1 691.61 1065.38 82.22 34.72 341.21;0.6369 7 1839.27 292.94 106.88 40.05 0.81;0.6282 7 96.81 461.87 72.24 34.73 353.44;0.6279 7 1298.64 356.41 113.33 32.02 5.91;0.6206 1 1778.02 292.66 110.20 32.36 355.41;0.6176 1 641.27 1065.59 86.12 30.74 352.29;0.6160 1 331.12 292.47 88.51 38.47 352.57;0.6121 1 1353.91 256.99 93.25 36.95 353.20;0.6054 1 748.97 523.95 51.55 31.12 353.48;0.5976 1 515.37 526.31 96.93 33.67 355.85;0.5650 7 404.45 525.47 116.83 36.33 10.47;0.5559 2 1234.24 293.28 76.57 33.79 358.92;0.5487 2 1589.45 256.03 122.39 38.79 2.84;0.5475 1 97.38 490.61 58.59 46.14 338.86;0.5403 4 1479.25 291.76 105.47 31.09 349.25;0.5280 1 1475.19 322.65 41.70 22.45 351.11;0.5232 1 336.86 1065.63 88.48 31.22 339.38;0.5230 1 279.02 292.03 93.86 35.81 348.68;0.5080 1 1296.28 324.43 51.13 31.25 347.14;0.5034 1 1482.38 628.71 85.27 37.01 356.31;0.5000 9 815.59 459.65 45.07 10.92 351.86;0.4841 1 1895.69 629.02 57.37 32.78 5.37;0.4818 1 1663.03 593.38 89.43 34.69 350.51;0.4792 1 1597.05 324.94 57.39 21.47 351.14;0.4592 7 1239.55 157.42 93.00 60.25 351.04;0.4589 1 218.30 488.94 56.77 33.85 352.54;0.4494 4 1233.05 323.35 55.15 37.66 347.06;0.4455 1 1417.10 326.49 45.80 20.30 336.75;0.4388 1 273.21 491.60 50.57 31.93 345.70;0.4324 1 633.09 460.90 58.24 15.29 354.47
v_r8j0we04o9_0000,0.9909 1 1416.35 525.69 55.38 42.51 2.79;0.9820 1 1538.27 523.03 71.72 31.79 350.32;0.9696 1 1716.63 523.02 79.07 42.75 8.57;0.9282 1 1236.60 491.05 87.47 38.01 359.56;0.9022 1 756.14 527.30 61.99 45.26 15.58;0.8986 1 1004.09 52.78 40.63 88.53 1.27;0.8817 1 1718.35 495.74 61.50 39.77 352.56;0.8257 1 1180.43 557.43 82.09 41.94 350.01;0.7884 1 1898.44 494.99 41.44 31.43 356.98;0.7680 1 1539.07 496.06 63.37 25.60 333.54;0.7619 1 1897.89 523.14 76.39 49.03 10.67;0.7524 1 1005.31 761.70 40.11 75.57 342.03;0.6990 7 1239.18 528.60 141.20 78.44 0.58;0.6694 1 938.68 356.76 29.98 77.48 4.35;0.6663 1 1834.25 562.05 83.48 34.82 0.09;0.6594 1 1059.03 626.51 61.76 58.98 345.58;0.6079 1 937.32 325.93 28.18 82.03 4.26;0.6050 1 1898.62 561.22 41.35 43.31 359.50;0.6011 1 1055.29 660.14 39.66 64.25 342.51;0.5812 1 935.36 797.29 33.57 79.68 355.63;0.5805 1 1356.13 590.66 77.47 44.98 4.13;0.5419 1 1599.44 591.74 71.49 56.37 355.98;0.5058 1 1055.48 729.66 33.24 81.28 352.92;0.4751 1 1180.44 530.16 82.29 26.93 352.47;0.4457 1 1050.77 760.74 36.43 75.70 356.56;0.4291 1 1059.10 597.88 55.12 33.07 351.45;0.4097 1 935.46 964.76 32.16 89.56 1.13;0.4049 1 1115.07 1063.33 32.29 59.08 350.51;0.4010 1 1782.57 561.95 48.17 38.62 356.33;0.3662 1 1001.80 23.28 28.28 57.87 352.20;0.3568 1 1002.23 731.08 33.68 67.25 347.89;0.3372 1 1419.27 560.45 56.36 85.55 9.58;0.3273 1 935.81 827.16 37.31 75.30 354.60;0.3223 1 1423.18 627.99 29.95 93.05 12.57;0.2965 1 1474.05 562.42 75.05 46.72 353.61;0.2855 1 454.61 763.88 44.62 114.18 2.58;0.2835 1 1062.15 1065.83 26.44 36.66 357.54;0.2757 1 1061.36 221.84 42.38 44.94 0.33;0.2744 9 875.16 561.34 39.45 15.76 357.72;0.2622 9 817.54 562.23 60.12 21.91 355.04;0.2543 1 1300.63 590.51 84.90 40.98 356.03;0.2531 1 935.64 997.05 23.19 82.49 13.76
v_7sg36mgmvg_0021,0.9655 1 575.58 492.53 113.68 40.06 350.89;0.9572 1 1476.44 495.01 67.42 40.06 0.85;0.9506 1 1357.90 494.19 96.82 41.48 354.96;0.9503 1 700.12 493.74 118.69 38.47 358.28;0.9447 1 1290.92 562.20 71.74 44.27 9.24;0.9360 1 1722.38 492.71 71.71 48.17 354.65;0.9194 1 1595.16 492.34 66.31 41.04 1.01;0.9147 1 1652.70 528.40 69.85 44.54 1.07;0.9104 1 1358.91 458.46 92.18 40.26 359.37;0.8840 1 1357.69 525.78 58.39 49.93 358.34;0.8728 1 1838.25 492.45 66.19 41.45 358.83;0.8697 1 1361.37 558.38 47.79 62.19 45.57;0.8665 4 1532.18 558.18 73.59 47.02 348.58;0.8531 1 938.58 557.84 74.73 36.80 356.63;0.8518 1 1175.27 527.49 61.29 51.89 359.16;0.8341 1 217.23 529.55 81.18 31.67 338.06;0.8180 1 753.52 494.45 85.94 40.95 2.75;0.8156 1 1413.65 458.69 84.92 39.79 351.85;0.8011 1 1177.08 493.71 60.13 47.49 8.48;0.8006 1 818.46 557.43 85.12 42.70 352.38;0.7967 1 819.28 493.49 80.51 39.01 0.99;0.7945 1 998.86 764.85 51.43 66.48 350.97;0.7769 1 1054.30 557.51 57.71 49.39 2.45;0.7569 1 1479.24 526.82 53.25 28.33 353.18;0.7565 1 1413.56 558.22 75.18 59.52 20.32;0.7514 1 1056.03 527.65 41.52 74.17 7.34;0.7431 1 453.13 493.34 117.33 46.43 359.04;0.7425 1 1238.80 494.18 85.75 35.71 4.05;0.7183 1 1356.48 625.70 46.37 63.37 1.46;0.7170 1 401.78 492.56 90.82 43.44 358.72;0.7159 1 1535.10 425.08 103.10 47.35 356.37;0.7146 1 269.82 492.78 98.23 40.94 343.75;0.7118 1 517.50 558.52 73.20 44.54 2.71;0.7116 1 1655.22 426.00 79.33 39.69 348.31;0.7114 1 1482.94 424.49 61.82 39.97 4.87;0.7064 1 937.64 356.93 44.76 59.13 351.90;0.6903 1 39.60 628.11 44.37 65.16 6.19;0.6783 1 36.64 526.42 58.88 44.09 359.93;0.6598 1 1772.75 494.05 64.36 43.29 0.59;0.6532 1 999.64 661.90 34.30 73.88 0.55;0.6353 1 936.54 696.03 34.99 60.53 351.82;0.6283 1 992.20 493.22 59.96 41.45 354.08;0.6143 1 37.34 596.53 42.64 59.99 2.62;0.5917 1 938.65 727.54 41.28 68.41 359.89;0.5806 1 1244.35 560.74 70.22 41.49 353.32;0.5793 1 1540.72 493.44 67.54 42.89 17.39;0.5721 1 219.32 557.47 66.14 45.23 357.99;0.5686 1 996.16 121.49 33.94 76.82 2.38;0.5565 1 872.37 559.06 63.44 39.81 345.71;0.5337 1 1175.15 964.09 19.43 87.27 7.94;0.5291 1 814.09 460.55 53.75 44.66 359.21;0.5231 1 1839.73 425.25 88.14 32.83 356.63;0.5197 1 1121.16 559.29 48.62 61.80 2.81;0.5151 1 1896.24 492.68 31.27 44.15 13.69;0.5068 1 934.86 422.36 51.54 61.22 11.64;0.4987 1 996.99 559.28 70.11 36.83 2.67;0.4818 2 214.97 491.72 104.61 47.16 0.78;0.4797 1 337.36 527.89 53.76 46.18 351.82;0.4774 1 693.42 559.89 43.60 44.77 5.43;0.4650 1 1483.62 557.36 106.62 52.72 18.85;0.4413 1 520.02 492.90 87.99 38.44 4.43;0.4348 1 1060.94 827.52 52.76 40.67 345.33;0.4340 1 1058.26 459.16 53.60 60.60 357.17;0.4317 1 1659.08 626.54 43.61 68.05 358.47;0.4157 1 937.50 528.23 51.93 43.09 352.50;0.3983 1 1417.48 494.93 71.22 38.09 5.82;0.3976 1 517.15 529.17 52.26 32.89 356.90;0.3934 1 937.30 392.38 35.35 67.94 2.23;0.3622 1 1055.18 189.56 27.83 80.10 351.72;0.3588 1 884.03 424.21 31.75 44.19 2.57;0.3569 1 1414.08 527.81 37.10 23.79 353.98;0.3504 1 1602.61 527.77 68.91 42.91 359.41;0.3432 1 936.01 325.97 38.67 59.27 348.16;0.3394 1 821.70 895.67 57.87 48.71 62.77;0.3366 9 696.84 526.00 52.26 26.09 6.36;0.3314 1 1899.04 459.59 44.18 43.80 16.16;0.3308 1 998.41 630.56 29.60 61.16 356.48;0.3254 1 939.86 931.88 41.28 86.76 12.00;0.3187 1 760.18 457.74 83.47 47.45 8.26;0.3179 1 1473.55 1032.01 46.34 74.17 4.80
v_dp7u6lkn3b_0047,0.9597 1 390.88 528.68 77.11 42.47 350.84;0.9215 1 341.60 527.66 91.80 42.19 353.96;0.8778 1 97.59 492.05 62.06 62.35 341.17;0.8385 1 1296.07 528.73 76.25 47.58 355.10;0.8268 1 91.92 524.15 81.32 33.48 359.11;0.7484 1 41.19 525.12 78.38 39.03 350.74;0.6113 1 1353.92 527.46 75.04 35.40 347.67;0.5018 1 1181.65 795.62 52.02 54.25 10.03;0.4468 1 1243.06 527.98 53.15 54.91 352.23;0.3786 1 1652.86 559.58 62.43 34.99 353.16;0.3505 1 1178.49 525.33 51.03 52.49 342.38;0.3498 1 1356.26 761.77 93.49 67.82 343.90;0.3102 9 1656.06 527.35 52.58 31.34 357.70;0.3009 9 1536.91 525.94 40.92 14.93 2.52;0.2966 1 995.75 929.97 37.90 80.37 358.18;0.2717 7 940.21 795.30 45.36 95.79 15.05
v_cmduq2oh71_0023,0.9790 1 640.57 458.48 106.11 33.45 356.03;0.9290 1 814.28 455.05 104.90 44.34 353.83;0.9116 1 94.04 459.06 83.99 42.44 354.15;0.8958 1 1120.44 458.23 83.57 46.13 358.77;0.8896 1 1780.50 529.07 66.27 49.96 358.11;0.8498 1 818.77 428.85 110.71 36.67 343.48;0.8436 1 41.75 457.68 64.22 37.23 0.46;0.8075 1 1421.93 458.39 60.64 46.59 2.96;0.8071 1 995.61 629.39 33.34 78.97 349.99;0.7793 1 1899.98 591.72 43.82 55.45 18.65;0.7757 1 689.19 458.52 80.43 33.14 350.64;0.7734 1 993.41 999.88 30.99 96.03 2.93;0.7468 1 36.86 563.21 38.74 51.66 356.46;0.7313 1 1060.14 695.44 32.75 58.62 347.40;0.7035 1 37.91 594.66 40.17 69.49 2.52;0.7006 1 1170.10 458.60 53.42 44.28 1.27;0.6857 1 940.98 459.75 61.51 55.57 0.31;0.6344 1 1473.23 459.37 65.94 51.92 3.85;0.6318 1 941.14 490.82 55.62 57.33 13.42;0.6311 1 762.10 457.56 81.36 33.76 357.88;0.6263 1 998.20 900.39 33.03 59.32 359.05;0.5984 1 1716.82 591.58 55.37 56.49 7.92;0.5828 1 880.57 290.72 45.51 62.69 354.48;0.5750 1 1597.02 629.03 46.94 71.21 5.96;0.5599 1 1479.29 391.74 85.62 38.09 357.41;0.5449 1 519.73 495.26 86.70 46.50 353.09;0.5398 1 996.21 659.08 33.02 81.47 354.64;0.5051 1 816.28 862.74 48.53 56.36 23.92;0.5046 1 1778.00 557.78 47.40 59.64 6.63;0.5012 1 1357.32 595.73 45.42 66.90 20.47;0.4863 1 938.35 763.28 53.55 76.96 358.14;0.4570 1 1658.16 592.08 56.81 69.99 4.03;0.4538 1 1778.05 393.22 109.99 34.11 351.57;0.4351 1 1900.28 527.56 19.84 43.44 1.40;0.4322 1 994.87 763.78 46.15 62.44 353.45;0.4146 1 1900.48 459.53 26.09 33.34 3.79;0.3944 9 757.49 494.30 52.78 18.94 357.17;0.3924 1 1718.26 392.36 78.27 40.24 345.23;0.3868 1 571.14 496.02 65.34 37.56 359.82;0.3840 7 1477.28 425.90 59.59 68.65 0.74;0.3767 1 1832.69 393.53 87.93 32.67 340.36;0.3732 1 1117.85 527.35 38.84 68.08 13.43;0.3724 1 992.62 492.65 55.99 81.61 353.14;0.3645 1 755.53 527.57 46.31 48.03 353.60;0.3636 1 936.48 829.17 39.81 60.62 356.31;0.3624 1 1530.71 594.21 42.12 82.55 3.19;0.3526 1 995.63 290.32 39.82 58.81 348.04;0.3519 1 998.64 931.33 28.71 88.69 356.90;0.3237 1 937.16 290.22 53.58 61.21 349.16;0.3198 1 1476.68 493.37 41.13 63.90 352.71;0.3191 9 696.72 493.30 48.51 23.31 2.59;0.3178 1 1485.13 592.50 32.52 63.03 0.49;0.3050 1 1535.32 391.43 78.64 38.42 347.01;0.3041 1 1417.95 526.48 42.41 49.62 2.10;0.2955 1 1900.74 560.63 34.61 39.42 24.68;0.2766 1 997.12 53.73 38.00 59.11 3.54;0.2762 1 996.86 86.66 43.90 82.25 14.08;0.2715 1 937.91 898.92 31.51 88.97 8.95;0.2710 9 876.12 392.56 58.99 35.67 357.52;0.2705 1 999.21 796.30 36.93 79.26 356.56;0.2654 1 1598.73 593.70 35.49 70.47 0.40;0.2576 1 1119.82 492.96 39.58 49.02 353.42;0.2568 1 935.70 796.76 27.00 73.62 354.95;0.2547 1 100.56 527.11 30.86 47.66 358.99
v_jan9vil7e9_0038,0.9387 1 393.18 458.62 99.07 40.70 353.23;0.8936 1 1782.13 527.10 71.86 50.59 6.88;0.8911 1 342.54 458.30 78.00 41.00 6.46;0.8803 1 994.52 559.34 34.89 90.77 1.04;0.8794 1 996.02 628.29 35.94 71.37 359.17;0.8378 1 1479.67 390.31 76.98 44.49 358.02;0.8160 1 933.18 425.12 53.62 51.65 354.25;0.8095 1 934.09 899.82 36.73 98.50 2.03;0.7887 1 932.72 693.87 53.93 65.85 348.08;0.7775 1 1117.54 460.63 42.54 63.90 8.24;0.7542 1 336.66 494.49 79.91 46.69 347.75;0.7273 1 935.62 663.30 33.13 65.18 349.80;0.7266 1 37.29 562.62 39.41 53.87 358.19;0.7228 1 37.57 594.53 40.13 69.42 2.27;0.6986 1 1833.33 391.15 99.18 36.94 346.83;0.6618 1 993.97 829.01 56.87 82.29 358.75;0.6362 1 1596.40 628.07 44.18 61.26 5.37;0.6032 1 994.51 797.54 37.76 80.40 357.47;0.5965 1 995.19 1000.45 30.73 88.96 0.59;0.5956 1 1534.44 390.45 79.83 45.49 352.76;0.5929 1 1900.71 591.45 44.98 54.25 18.75;0.5893 1 1056.21 424.89 65.91 44.49 355.85;0.5891 1 1899.96 459.37 31.02 31.69 359.60;0.5881 1 1357.98 595.03 41.68 66.23 20.38;0.5876 1 1476.83 459.31 37.90 67.47 4.41;0.5638 1 994.56 595.04 23.40 98.10 358.96;0.5560 1 696.14 491.78 56.93 51.66 343.80;0.5256 7 753.55 494.83 66.82 62.50 349.43;0.5228 1 1477.12 425.60 42.58 55.14 356.32;0.5170 1 938.76 21.79 48.71 49.06 355.37;0.4975 7 753.01 527.12 49.68 81.15 348.69;0.4877 1 1118.92 492.80 43.22 66.68 1.30;0.4786 1 518.76 459.97 68.04 34.53 352.96;0.4629 1 880.96 424.19 52.36 60.96 356.14;0.4604 1 1061.44 694.83 33.68 50.67 343.68;0.4538 1 937.44 1064.48 35.92 38.19 2.55;0.4306 1 1899.48 562.18 35.54 33.42 28.52;0.4306 1 1778.13 390.96 116.26 40.34 353.20;0.4297 1 879.80 290.33 45.44 66.78 355.19;0.4117 1 994.11 1033.77 28.07 88.72 2.83;0.4087 1 996.89 86.65 44.83 72.57 8.52;0.4060 1 642.44 459.04 61.50 47.25 341.36;0.3959 1 1718.30 390.36 83.55 42.72 352.36;0.3723 1 1117.68 525.92 45.74 53.53 357.81;0.3633 1 1531.65 593.79 37.09 89.06 357.39;0.3632 1 1715.69 564.16 29.85 48.54 3.90;0.3579 1 934.65 458.35 52.12 51.20 359.35;0.3526 1 940.29 796.38 31.89 77.94 354.08;0.3491 1 1657.06 592.32 43.67 80.81 4.75;0.3426 1 1718.15 590.35 50.75 77.26 4.83;0.3394 1 1902.68 526.53 19.38 44.02 16.54;0.3390 1 995.73 289.67 39.25 61.70 348.28;0.3371 1 1419.87 492.55 39.72 51.31 4.69;0.3337 1 996.82 55.23 41.29 64.29 0.39;0.3333 1 935.83 965.46 18.28 109.80 358.01;0.3225 1 101.60 494.05 45.17 48.55 357.43;0.3161 1 937.70 289.59 51.56 59.38 347.71;0.3050 1 459.33 524.85 53.12 43.48 355.55;0.2957 1 937.87 1035.50 19.50 67.36 359.84;0.2938 1 520.61 493.03 48.15 75.41 7.34;0.2932 1 1000.37 900.05 31.29 68.95 1.45;0.2930 1 816.37 862.34 45.15 61.57 27.18;0.2907 1 992.89 1066.61 36.11 58.44 347.40;0.2813 1 999.96 423.58 63.17 52.43 1.87;0.2756 1 155.29 493.48 51.72 39.17 4.17;0.2734 1 941.23 828.77 35.18 73.74 357.59;0.2720 1 1476.03 492.76 36.76 70.20 2.78;0.2675 1 1057.35 21.94 52.08 53.66 348.29;0.2672 1 996.66 391.90 36.00 54.69 356.68;0.2621 1 1898.36 492.69 29.33 33.45 18.68;0.2544 1 1056.01 792.55 47.29 54.02 357.76;0.2540 1 336.88 523.20 54.33 59.86 2.52;0.2539 1 938.41 51.85 40.10 73.18 358.10;0.2524 1 995.54 966.28 26.81 86.19 359.38;0.2518 1 998.78 930.52 23.32 84.93 356.47
v_1kkn624m4y_0006,0.9349 1 816.19 151.71 61.37 41.40 351.38;0.9117 1 996.47 153.08 51.38 75.59 354.50;0.8868 1 337.98 390.83 62.61 52.02 5.89;0.8723 1 819.31 123.39 43.87 54.99 347.40;0.8654 1 1539.77 596.36 75.04 39.57 358.61;0.8129 1 516.71 493.50 66.71 50.34 5.65;0.7859 1 1119.39 896.65 31.90 130.26 348.70;0.7680 1 820.53 89.41 43.47 44.03 7.58;0.7649 1 873.31 90.10 63.22 45.15 356.98;0.7083 1 38.51 392.52 65.66 37.77 355.10;0.6810 1 574.37 389.66 66.46 37.73 4.36;0.6684 1 1241.52 1000.08 38.23 89.16 341.30;0.6283 1 460.33 389.32 97.87 32.78 348.64;0.6268 1 1240.46 1029.94 49.86 98.48 0.30;0.5858 1 1054.53 828.99 44.83 91.75 2.40;0.5785 1 517.48 389.92 113.67 42.27 350.40;0.5676 1 999.73 660.74 61.60 61.99 346.93;0.5638 1 1174.57 54.51 94.79 49.99 4.15;0.5358 1 461.30 592.83 105.18 49.74 354.84;0.5274 1 1411.56 594.75 69.64 45.27 350.84;0.5194 1 1840.91 256.03 31.26 93.60 351.91;0.5072 1 1051.44 1032.46 44.57 56.06 343.58;0.5070 1 995.69 186.35 42.47 54.90 9.72;0.4977 1 631.42 594.15 75.10 52.31 349.45;0.4827 1 1180.43 593.94 63.43 49.84 356.95;0.4770 1 1003.30 827.96 53.45 67.43 345.43;0.4296 1 512.09 593.14 79.41 53.51 350.54;0.3868 1 1123.15 53.37 71.21 59.94 358.39;0.3843 8 1893.66 459.87 63.86 35.41 4.87;0.3823 1 1840.79 459.66 76.88 36.50 357.07;0.3796 1 873.93 123.35 37.95 60.84 4.31;0.3795 1 156.40 392.27 60.72 36.96 350.54;0.3506 9 1418.02 426.45 49.29 17.55 358.46;0.3445 9 756.61 426.33 38.48 18.36 2.70;0.3107 1 1363.37 594.37 59.14 43.74 5.22;0.3038 1 998.33 122.58 36.45 50.60 353.87;0.2866 1 1232.42 594.95 67.18 48.22 346.47;0.2786 1 94.94 393.21 94.64 38.47 344.26;0.2679 1 1002.06 798.06 34.95 74.42 341.87;0.2678 8 1055.11 357.98 35.69 26.64 0.94
v_6xppovrd26_0020,0.8658 1 1179.46 557.59 82.45 41.08 358.39;0.8563 1 1180.21 491.65 83.02 29.40 349.71;0.8490 1 92.43 462.25 82.97 42.69 346.58;0.6791 1 1234.41 493.47 80.64 44.88 348.41;0.5119 1 1233.72 794.03 62.57 44.57 351.44;0.5000 1 997.88 931.28 30.20 72.66 352.17;0.4661 1 1415.74 628.14 38.29 73.24 0.32;0.4413 1 1234.24 560.91 63.23 56.47 6.30;0.4044 1 1417.17 657.06 55.55 56.92 0.57;0.4026 1 942.01 53.21 42.07 99.11 1.17;0.3713 1 1358.20 761.03 104.71 66.39 345.66;0.3479 9 1658.99 527.57 53.06 26.74 353.23;0.3007 1 39.70 461.75 73.37 42.34 2.15;0.2999 1 1476.73 597.52 63.19 44.58 0.64;0.2546 7 1118.25 493.24 124.97 42.09 353.92
v_dwrqjfch44_0047,0.9916 1 578.33 423.16 89.06 33.20 352.32;0.9904 1 698.88 524.96 101.16 34.86 353.72;0.9872 1 459.63 424.19 88.67 30.88 358.14;0.9870 1 576.91 524.70 93.21 36.09 353.86;0.9862 1 1593.70 355.13 94.07 44.16 3.86;0.9827 1 698.24 490.30 88.72 37.59 349.32;0.9790 1 701.07 425.76 99.36 27.05 358.48;0.9742 1 337.45 425.37 97.55 28.74 350.56;0.9700 1 1053.95 458.56 48.19 57.84 353.12;0.9645 1 758.51 258.40 83.27 30.12 343.22;0.9606 1 1714.05 594.70 84.98 40.78 351.18;0.9561 1 1420.11 354.14 106.20 36.33 346.85;0.9553 1 1057.15 627.46 36.86 58.32 334.71;0.9464 1 1417.57 254.85 88.25 33.53 356.16;0.9462 1 1531.95 629.42 83.91 40.41 351.83;0.9425 1 513.46 461.43 78.82 26.07 354.17;0.9316 1 700.47 326.05 71.50 40.79 346.51;0.9255 1 1656.35 292.24 102.78 32.45 356.07;0.9245 1 210.68 525.20 85.72 32.34 356.95;0.9148 1 1059.18 762.23 40.87 63.56 336.04;0.9077 1 93.82 522.60 118.59 37.44 351.49;0.8959 1 156.62 423.24 86.56 35.30 0.01;0.8932 1 1300.97 254.87 72.79 29.84 354.92;0.8922 1 1001.28 965.95 30.05 81.90 3.89;0.8884 1 997.78 530.42 48.49 46.78 351.48;0.8840 1 331.43 525.68 76.28 30.10 359.33;0.8831 1 1357.06 292.11 90.17 36.85 348.11;0.8771 1 392.80 490.29 63.14 35.84 358.14;0.8664 1 749.60 326.52 63.83 36.85 352.70;0.8596 1 1600.08 291.53 94.38 31.22 352.57;0.8578 1 1716.85 292.60 107.94 35.52 350.81;0.8533 1 1122.66 895.89 51.65 44.07 0.42;0.8461 1 276.41 424.33 92.51 35.46 353.34;0.8430 1 392.37 462.26 80.25 26.47 6.41;0.8426 1 1291.39 630.87 78.43 43.35 345.76;0.8412 1 1000.30 996.75 40.42 72.79 0.87;0.8338 1 697.55 461.50 80.71 15.42 342.52;0.8337 1 1471.52 355.31 108.95 41.00 356.55;0.8234 1 1543.52 355.48 108.95 33.09 354.44;0.8207 1 161.42 525.11 95.19 33.94 359.84;0.8156 1 943.42 325.02 51.81 55.16 355.12;0.8104 1 579.35 460.99 92.80 24.36 353.13;0.8001 1 401.59 289.33 92.29 40.95 353.53;0.7980 1 1531.55 292.91 88.01 23.05 356.92;0.7908 7 1296.64 356.56 126.67 38.55 0.38;0.7858 1 991.38 353.84 73.53 56.47 347.75;0.7836 1 635.56 525.88 89.89 25.38 354.48;0.7818 1 216.13 425.09 95.11 36.08 2.39;0.7785 1 822.86 827.61 70.34 28.17 150.09;0.7715 1 269.87 461.03 77.43 23.37 355.12;0.7693 1 996.82 558.65 53.79 54.78 352.92;0.7651 1 749.30 425.26 80.44 22.66 339.73;0.7622 1 41.61 524.35 75.77 33.39 350.83;0.7613 1 991.87 325.78 49.32 69.67 352.16;0.7520 2 1540.29 255.46 121.57 42.09 1.66;0.7438 1 450.17 290.13 68.06 44.08 350.71;0.7430 1 1056.30 964.65 39.01 78.70 349.98;0.7417 1 996.35 698.51 31.56 54.66 354.78;0.7402 1 398.84 1065.75 87.62 32.28 339.90;0.7401 1 1295.64 121.49 74.78 38.95 352.84;0.7292 1 1353.37 256.51 97.24 39.01 352.81;0.7220 7 454.27 526.39 105.72 31.20 358.18;0.7178 1 749.60 523.82 57.95 34.23 351.09;0.7143 7 404.66 525.57 131.51 45.12 10.91;0.6987 1 1482.24 628.82 90.08 37.38 354.03;0.6981 4 216.87 460.91 77.35 28.11 349.89;0.6971 1 640.86 1065.88 86.62 32.18 353.08;0.6877 1 282.06 525.43 89.75 32.08 4.78;0.6777 2 1232.40 293.05 77.57 33.79 357.08;0.6653 2 1589.67 255.01 112.78 32.54 354.98;0.6605 1 1777.97 292.94 112.02 34.24 353.75;0.6558 1 97.12 492.57 57.12 42.20 340.03;0.6525 1 1058.62 793.47 41.88 58.88 351.03;0.6514 1 515.62 525.76 104.48 30.31 351.94;0.6375 1 759.29 286.79 63.92 40.35 358.25;0.6272 1 100.44 424.34 78.01 39.98 358.46;0.6214 1 1417.14 326.82 47.03 25.39 337.80;0.6108 1 514.64 423.51 103.92 37.24 6.22;0.6055 1 1058.51 934.72 41.39 49.29 359.98;0.5948 7 96.16 461.31 87.19 27.56 351.79
v_endcg53tby_0027,0.9687 1 520.38 458.82 108.07 42.39 356.69;0.9601 1 698.10 458.67 113.10 44.88 2.02;0.9462 1 1779.48 528.49 88.46 47.52 353.90;0.9197 1 1477.86 392.07 100.14 34.25 354.77;0.9009 1 1778.73 492.61 74.48 53.21 15.28;0.8991 1 751.49 457.97 87.83 35.96 355.46;0.8881 1 935.16 458.00 68.55 41.25 4.17;0.8829 1 991.32 257.97 29.71 98.21 348.99;0.8274 1 275.95 459.63 102.40 36.92 356.16;0.8263 1 1116.45 460.52 51.82 71.00 7.86;0.8193 1 995.30 629.08 33.80 78.44 352.57;0.7808 1 1117.56 492.87 41.66 71.77 10.56;0.7523 1 569.99 459.11 85.20 37.33 339.88;0.7438 1 37.73 595.04 39.63 68.40 359.19;0.7181 1 944.17 256.30 29.91 69.14 356.61;0.7129 1 993.38 1000.56 27.23 96.35 1.06;0.7126 1 942.14 762.19 62.69 69.79 353.03;0.7114 1 1899.89 591.12 48.00 58.33 19.12;0.7005 1 36.91 562.67 39.00 53.37 357.36;0.6911 1 996.29 1032.49 28.50 91.60 354.22;0.6362 1 221.90 458.05 85.76 41.99 356.41;0.6098 1 1899.42 527.90 27.34 37.77 356.19;0.5978 1 997.31 659.80 30.17 84.79 351.79;0.5958 1 1716.28 591.59 61.15 52.24 2.74;0.5916 9 695.79 494.21 51.23 20.57 358.28;0.5867 1 882.24 458.09 62.63 51.02 4.23;0.5743 1 644.26 458.86 64.41 38.25 11.32;0.5687 1 1596.83 628.66 49.91 75.78 7.98;0.5234 1 698.22 423.77 82.90 38.74 349.30;0.5217 1 942.88 731.84 40.05 61.33 356.03;0.5192 1 999.23 900.22 28.60 61.13 0.01;0.5182 1 1059.31 694.79 37.91 57.17 345.16;0.5067 1 997.70 424.34 52.10 59.12 359.22;0.5060 1 875.17 494.33 39.00 41.17 0.87;0.4974 1 937.34 427.08 45.37 63.93 356.06;0.4922 1 1778.41 393.48 118.77 34.72 350.81;0.4869 1 1356.68 596.02 54.51 54.73 17.01;0.4764 1 1777.33 557.96 47.71 62.71 9.21;0.4663 1 941.47 288.79 35.49 51.57 355.46;0.4603 1 1896.47 492.72 39.72 31.21 11.26;0.4590 1 1899.38 459.28 32.86 32.63 356.23;0.4535 1 990.97 764.94 50.94 81.35 348.12;0.4415 1 1421.53 391.30 70.38 39.83 356.25;0.4148 1 936.07 966.21 23.17 94.52 3.16;0.4140 1 996.26 87.02 44.90 88.91 13.67;0.4098 1 1899.32 560.66 36.28 41.12 18.36;0.4007 1 1659.21 591.44 58.41 65.57 2.82;0.3993 1 943.57 225.93 24.42 54.25 1.16;0.3777 1 938.18 52.93 37.36 63.59 1.28;0.3640 1 1477.60 425.05 57.35 46.49 355.03;0.3589 1 879.32 525.25 36.83 49.29 359.98;0.3534 1 1484.91 592.31 35.47 65.31 1.18;0.3382 1 1477.67 459.53 49.08 59.25 4.02;0.3378 1 998.66 931.10 26.35 82.16 0.66;0.3276 1 1419.88 492.85 41.06 51.76 2.18;0.3273 1 996.06 595.88 24.05 82.19 2.44;0.3178 7 754.82 527.53 45.76 44.82 343.58;0.3176 1 1115.78 525.58 34.26 66.52 7.66;0.3175 1 933.96 933.30 20.71 80.93 358.34;0.3152 9 641.96 492.59 54.23 18.44 358.47;0.3129 1 1598.84 425.14 56.64 57.99 3.15;0.3054 1 993.32 730.80 65.75 80.35 11.75;0.2897 1 936.91 899.30 30.83 90.16 5.30;0.2857 1 1530.47 594.18 43.30 79.07 1.49;0.2748 1 1717.14 392.29 79.35 44.86 343.55;0.2700 1 1060.33 525.91 26.45 50.06 9.75;0.2667 1 517.49 525.73 57.23 52.92 9.25;0.2635 1 998.74 796.65 51.16 61.51 332.85;0.2615 1 1054.83 425.91 68.09 48.46 353.26;0.2612 1 996.34 1064.17 31.84 64.49 354.32;0.2589 1 1836.66 492.31 70.47 58.91 7.28;0.2537 1 940.33 795.77 32.58 69.27 356.16;0.2507 1 99.18 526.54 37.88 61.97 357.09
v_6wikobtfep_0027,0.9773 1 1418.59 524.10 109.02 43.87 355.63;0.9261 1 581.23 528.93 91.51 47.50 346.26;0.6851 1 97.42 489.07 89.33 61.98 346.34;0.4879 1 96.48 463.97 71.67 42.93 346.90;0.4310 1 630.06 530.59 81.38 45.60 342.85;0.4167 1 577.87 558.05 97.03 47.12 349.90;0.3523 1 1418.51 495.76 65.17 42.51 339.46;0.3111 1 576.28 696.24 65.15 36.18 5.81;0.3062 1 1470.58 523.77 57.66 36.31 346.28;0.2822 1 1000.11 931.72 31.11 65.87 357.22;0.2667 9 1656.58 527.31 49.42 25.78 355.96;0.2651 1 998.25 762.48 69.54 141.23 3.77;0.2605 1 1358.13 761.86 87.69 42.20 342.13;0.2537 9 456.00 493.29 49.53 19.44 349.75
v_2xxuzy5797_0030,0.9725 1 753.17 119.35 86.29 46.53 346.94;0.9627 1 1420.51 524.87 74.82 43.86 359.28;0.9249 1 1301.48 423.31 92.16 38.05 351.75;0.9242 1 874.87 796.32 63.52 46.00 15.05;0.9214 1 453.71 424.25 87.64 42.11 358.37;0.9140 1 871.54 423.57 83.66 48.04 354.01;0.8995 1 994.92 865.33 26.19 92.77 354.99;0.8842 1 822.80 422.92 93.48 37.66 352.87;0.8619 1 1416.36 561.93 93.27 26.96 343.21;0.8591 1 403.09 423.70 79.88 32.10 353.73;0.8395 1 1178.88 591.03 80.68 43.00 355.45;0.7636 1 938.31 831.47 30.90 70.07 6.63;0.7576 7 932.71 1030.74 50.83 75.33 2.75;0.7175 1 701.45 119.86 89.12 41.59 350.80;0.7118 2 632.28 461.48 78.18 36.72 352.67;0.7111 1 1469.81 524.68 67.65 53.24 359.10;0.7099 7 936.06 966.71 57.11 151.94 3.81;0.7085 1 1782.84 525.67 81.92 35.83 358.51;0.6932 1 151.83 1066.30 74.60 38.95 345.07;0.6504 7 1835.35 560.64 112.50 48.35 352.43;0.6113 1 1590.81 522.85 65.69 38.41 353.29;0.5917 1 941.00 864.03 22.92 85.46 8.84;0.5831 1 1591.97 495.14 74.44 40.93 353.20;0.5745 1 1060.09 829.24 55.94 57.58 344.99;0.5655 1 101.17 1066.58 63.55 31.75 352.75;0.5008 9 1177.95 359.69 49.56 14.12 341.85;0.4887 1 334.39 389.49 92.99 32.62 359.07;0.4797 9 576.08 359.54 51.35 12.97 340.60;0.4692 8 1349.19 424.15 72.92 40.44 348.99;0.4670 1 995.54 964.74 26.76 65.47 353.05;0.4662 1 1178.73 564.64 63.69 30.54 343.83;0.4655 7 281.31 361.61 107.06 27.57 356.96;0.4615 1 337.44 1066.68 77.83 32.25 348.99;0.4597 1 456.21 1065.14 77.69 34.60 349.54;0.4557 9 573.81 87.60 50.24 16.91 342.02;0.4444 1 274.82 1065.77 78.36 39.03 349.65;0.4389 9 698.54 359.40 51.09 13.58 345.02;0.4347 9 996.75 359.10 48.65 15.02 345.23;0.4283 1 1543.57 523.79 83.51 27.30 0.43;0.4097 1 572.28 1065.48 62.38 38.69 350.80;0.4080 7 637.08 491.42 62.05 50.38 351.53;0.4062 2 1832.20 525.11 79.60 60.03 358.72;0.3872 9 998.14 223.12 64.48 21.12 346.92;0.3869 7 996.13 88.40 83.22 61.22 359.11;0.3850 9 1235.89 360.18 48.38 12.81 343.99;0.3758 9 755.17 359.64 51.31 13.95 349.52;0.3699 1 996.48 895.29 20.19 90.69 357.66;0.3636 1 1779.94 561.34 96.30 26.26 346.48;0.3568 7 581.78 461.28 102.65 37.63 353.22;0.3518 1 1064.81 1031.59 46.23 67.37 344.48;0.3485 2 1476.08 1002.36 75.25 38.73 347.51;0.3442 1 878.23 763.90 46.65 48.86 2.60;0.3414 7 997.41 122.20 103.41 61.68 0.51;0.3389 9 576.83 426.56 30.99 11.83 352.76;0.3368 1 879.60 664.03 38.23 34.65 345.05;0.3367 9 516.79 359.27 50.38 11.30 345.61;0.3324 1 1112.07 1031.28 46.66 74.81 2.24;0.3322 9 518.00 86.63 45.13 15.88 340.95;0.3038 9 1535.61 88.21 44.15 16.68 347.07;0.2962 2 333.69 360.94 94.29 36.08 353.69;0.2948 9 1298.73 393.09 60.11 14.12 343.58;0.2878 9 1656.34 87.89 39.98 14.54 349.37;0.2853 7 881.75 1000.71 68.87 33.11 359.04;0.2841 9 998.68 256.72 47.40 18.53 354.04;0.2736 1 880.12 1066.70 48.86 30.78 347.30;0.2714 1 1541.40 495.30 63.16 30.44 2.04;0.2699 9 997.03 390.06 45.06 15.94 351.31;0.2647 9 156.57 87.24 31.74 13.82 345.90;0.2624 9 698.84 388.98 35.91 15.55 346.49;0.2594 2 1893.56 696.89 91.50 36.60 2.11;0.2592 9 997.95 291.84 57.88 22.42 349.23;0.2569 1 1057.27 88.43 47.58 56.75 338.34;0.2523 9 817.27 358.30 33.75 13.11 352.54;0.2520 1 394.57 1066.35 80.88 35.99 347.08
v_kltit1l47h_0015,0.9818 1 1657.97 526.76 65.31 43.27 9.30;0.9786 1 1355.67 494.11 59.05 42.13 356.05;0.9782 1 994.35 525.82 90.90 39.69 355.00;0.9520 1 1000.15 964.52 46.21 75.13 324.09;0.9331 1 941.72 1031.43 33.77 83.72 343.38;0.9225 1 1298.93 528.23 56.74 39.27 355.82;0.9182 1 1298.67 558.90 54.70 56.57 351.30;0.9023 1 152.57 494.02 80.57 39.92 356.94;0.8841 1 995.06 997.14 41.58 74.60 0.20;0.8699 1 1297.16 593.25 86.71 36.33 356.46;0.8635 1 1000.67 695.68 55.97 64.35 333.06;0.8586 1 1423.21 592.14 74.11 41.67 357.79;0.8417 1 938.73 899.01 20.26 74.38 337.07;0.8345 1 1418.48 425.41 39.72 56.46 358.48;0.7703 1 998.78 725.87 59.07 59.27 345.83;0.7583 1 1895.38 594.11 58.04 41.71 9.25;0.7408 1 1000.04 832.53 48.84 91.07 333.75;0.7066 1 1000.00 862.18 39.61 70.98 347.12;0.6964 7 998.51 391.98 43.08 84.75 353.72;0.6897 1 938.57 187.20 29.31 74.36 7.07;0.6859 1 940.67 1002.35 24.41 73.81 321.90;0.6679 4 454.52 558.54 79.32 52.88 20.74;0.6612 1 1353.88 526.78 51.61 45.31 9.73;0.6519 1 1000.01 665.23 73.18 35.00 343.50;0.6038 7 996.81 422.70 49.32 67.60 1.32;0.5799 1 879.20 963.62 33.27 98.11 350.18;0.5553 1 996.16 1066.10 26.82 52.14 338.30;0.5479 1 1417.85 456.55 40.83 70.42 13.68;0.5283 1 1357.25 358.48 87.75 26.90 350.70;0.5150 7 458.57 531.51 59.28 43.93 353.23;0.5106 1 878.80 827.80 51.73 106.93 339.10;0.4913 1 1055.85 1063.99 41.99 52.13 347.29;0.4888 1 938.44 728.09 28.91 60.40 346.90;0.4744 1 1471.52 592.76 79.07 58.97 359.67;0.4641 1 996.98 933.68 33.81 75.12 331.52;0.4504 1 103.39 492.96 56.10 36.89 357.08;0.4478 1 880.43 797.24 41.90 86.52 346.96;0.4462 1 937.68 156.83 25.74 101.61 347.11;0.4180 7 1177.82 527.53 103.24 34.42 359.58;0.3745 1 934.49 760.64 23.87 48.99 342.82;0.3697 1 879.98 932.89 26.73 100.91 343.90;0.3559 1 938.38 1063.19 24.63 47.88 344.19;0.3042 1 1542.74 593.95 63.03 48.89 20.82;0.2963 1 1239.36 593.84 64.79 38.52 352.59;0.2694 1 938.08 392.20 48.68 43.30 0.46;0.2652 1 1591.20 593.16 63.69 45.21 6.42;0.2580 9 1235.10 560.71 35.43 27.25 4.40;0.2562 9 1119.33 594.93 39.16 19.96 340.85;0.2525 9 815.39 561.27 44.15 28.69 359.23
v_06xnbcrtte_0021,0.9897 1 640.92 492.53 54.07 48.68 32.41;0.9555 1 933.79 461.65 41.08 58.76 5.07;0.9548 1 1059.86 555.77 99.85 48.76 353.02;0.9491 1 811.42 528.34 53.03 52.80 29.70;0.9468 1 1061.83 529.91 85.17 43.02 347.52;0.9353 1 1237.64 491.30 98.17 32.52 353.03;0.9198 1 995.71 156.64 19.58 87.99 9.91;0.9118 1 763.19 528.25 77.33 38.37 13.73;0.9036 1 1001.86 289.41 27.36 92.07 358.17;0.8710 1 993.79 323.35 30.65 84.74 0.31;0.8592 1 1003.01 258.86 22.12 82.67 9.32;0.8073 1 934.11 490.05 61.23 48.31 353.70;0.7878 1 941.50 356.02 31.38 73.06 7.67;0.7563 1 521.37 531.34 55.58 27.87 346.10;0.7268 1 455.42 764.52 41.58 94.28 359.81;0.7188 1 942.78 326.17 24.24 85.26 12.11;0.7025 1 690.28 493.67 61.37 28.23 351.32;0.6829 1 1055.46 728.40 38.71 75.95 337.89;0.6220 1 884.15 460.82 36.16 57.86 9.74;0.5917 1 992.49 185.00 30.88 70.82 358.81;0.5626 1 1355.25 590.81 70.70 50.94 353.37;0.5455 1 1110.85 557.63 89.00 50.64 354.27;0.5400 1 872.64 593.99 50.59 29.18 347.96;0.5372 1 759.72 557.88 51.89 18.85 347.89;0.5291 1 31.73 492.82 34.90 39.36 357.97;0.5243 1 1053.85 55.36 21.89 86.68 359.60;0.5181 1 1062.37 222.64 23.22 68.92 350.11;0.5040 1 1109.60 530.50 67.67 42.50 352.44;0.5033 1 1053.45 85.32 29.12 87.85 351.22;0.5004 1 1182.88 492.15 79.92 25.43 1.51;0.4915 1 1059.18 695.49 42.15 70.86 341.44;0.4632 7 1295.48 528.14 37.93 53.11 359.09;0.4581 1 520.81 557.38 49.12 54.14 23.66;0.4567 1 1299.62 591.33 55.19 60.64 356.68;0.4543 1 882.04 490.29 43.31 41.30 3.72;0.4538 2 1473.38 561.83 91.31 61.42 2.31;0.4429 2 399.73 562.83 81.76 30.68 14.74;0.4376 1 934.67 964.34 40.71 81.00 353.52;0.4362 1 1600.59 562.87 81.24 42.18 355.68;0.4228 1 1052.73 257.36 40.27 78.02 350.68;0.3967 1 455.41 796.73 28.08 116.80 15.53;0.3842 1 1782.74 561.44 68.69 42.87 6.94;0.3706 1 1298.60 560.17 52.87 65.41 352.92;0.3542 1 1900.79 561.33 45.04 34.47 353.76;0.3351 1 516.74 728.59 60.89 78.93 358.05;0.3337 1 1117.13 1063.64 44.24 47.98 344.34;0.3189 1 815.70 560.47 53.49 44.89 357.09;0.2961 1 934.75 932.39 32.63 99.86 353.90;0.2740 1 1056.21 761.81 30.09 75.87 353.15;0.2690 1 1004.70 54.29 22.98 81.99 12.03;0.2688 1 933.75 795.44 42.21 70.13 2.61;0.2682 1 1421.01 561.87 70.71 65.91 2.24;0.2538 1 934.91 997.51 29.67 78.13 8.74
v_i6j2p8a7mw_0008,0.9868 1 1536.75 523.32 99.25 44.69 2.71;0.9779 1 874.13 529.48 65.78 45.13 352.24;0.9733 1 938.93 425.88 33.26 63.53 353.41;0.9597 1 1776.04 561.68 94.50 41.17 358.52;0.9578 1 1355.51 525.86 60.22 58.51 14.83;0.9548 1 1180.65 494.27 81.98 38.57 357.30;0.9491 1 1059.31 592.07 58.75 47.46 349.52;0.9454 1 997.63 357.71 36.59 63.97 356.92;0.9416 1 1712.76 496.75 91.54 30.79 354.64;0.9226 1 998.17 122.63 32.23 71.78 355.38;0.9034 1 939.36 863.90 33.31 89.11 335.42;0.8840 1 99.86 492.95 83.76 36.18 358.29;0.8734 1 1300.15 560.71 62.83 39.60 357.97;0.8509 1 1299.59 593.36 73.17 40.76 7.84;0.8397 1 938.67 456.62 37.42 63.58 358.66;0.8328 1 1354.93 557.03 62.05 64.76 15.94;0.8309 1 1352.37 496.19 67.03 40.54 358.39;0.8181 1 996.77 154.69 29.45 92.27 355.78;0.8092 1 1474.25 591.93 89.09 51.39 12.45;0.7994 1 941.87 189.61 19.82 112.97 356.48;0.7641 1 1897.67 593.24 58.99 43.00 22.20;0.7401 1 939.55 219.91 27.31 92.30 12.84;0.7368 1 1663.07 495.36 78.47 30.11 350.67;0.7359 1 815.23 763.86 28.38 76.22 356.95;0.6884 1 939.12 21.90 53.09 43.25 356.85;0.6806 1 998.95 1066.77 32.49 40.80 349.76;0.6803 1 998.87 930.71 45.85 71.20 303.99;0.6598 1 1593.22 592.75 85.10 46.36 355.27;0.6487 1 937.29 393.60 17.94 75.17 351.08;0.6435 1 1424.96 591.76 60.37 40.27 349.14;0.6394 1 1059.57 563.58 53.63 32.66 355.52;0.6337 1 1301.14 524.53 67.02 37.81 0.65;0.6193 1 1537.88 497.02 91.57 46.40 337.96;0.6148 1 1659.60 525.46 78.37 19.59 354.41;0.6128 1 879.79 963.64 29.57 114.90 341.12;0.5929 1 996.00 389.51 27.32 70.25 8.19;0.5721 1 880.59 796.87 37.39 79.34 352.76;0.5665 1 997.50 961.88 70.47 68.80 334.11;0.5557 1 819.59 558.84 62.55 42.66 1.58;0.5341 1 873.49 555.77 68.08 57.93 352.65;0.5260 1 816.58 931.86 24.22 107.83 3.40;0.4891 1 1057.32 1064.49 38.96 52.45 355.24;0.4719 7 998.68 662.08 65.24 63.26 2.71;0.4709 1 1060.19 1033.14 35.54 91.18 339.02;0.4619 1 1053.61 694.82 39.36 48.05 339.42;0.4539 1 881.80 357.46 48.15 47.19 2.44;0.4468 1 1542.04 594.15 68.00 42.11 17.02;0.4451 1 999.37 898.93 36.86 59.12 319.02;0.4333 1 938.64 894.94 28.43 85.99 351.53;0.4175 1 936.83 727.32 35.15 55.84 343.58;0.3904 1 1301.22 495.74 57.15 32.45 7.01;0.3686 1 1481.42 524.96 64.83 31.88 351.66;0.3634 1 938.57 832.26 28.48 96.68 329.90;0.3613 1 822.87 528.24 63.69 45.88 5.24;0.3572 1 813.72 594.83 50.99 27.05 349.48;0.3297 1 1713.54 524.34 67.20 27.41 7.96;0.3277 1 815.10 829.01 34.77 90.88 357.79;0.3276 1 816.13 796.49 31.30 79.77 0.25;0.3247 7 999.28 695.08 53.18 64.92 352.79;0.3226 1 1176.62 863.38 42.88 61.16 6.05;0.2822 1 934.02 760.06 22.28 57.44 343.77;0.2743 1 1901.60 562.22 29.38 27.31 2.17;0.2707 1 1179.14 830.40 39.65 75.61 353.21;0.2595 1 938.45 357.51 33.82 91.65 12.91
v_q4drgeylry_0007,0.8653 1 1296.05 525.48 68.90 41.75 353.76;0.7277 1 34.30 527.44 46.05 34.64 348.11;0.7098 1 98.62 488.79 82.90 65.49 348.10;0.5098 1 96.77 463.91 63.05 43.91 347.01;0.4304 1 1181.65 795.54 49.79 49.89 7.29;0.3425 1 999.72 931.59 33.13 67.32 356.95;0.2880 9 1538.18 527.42 36.87 11.86 355.11
v_vyo0osh1q5_0014,0.9839 1 1658.00 494.45 96.91 42.85 355.49;0.9757 1 694.41 494.33 69.45 46.36 2.58;0.9646 1 340.88 527.21 83.67 43.29 352.41;0.9541 1 37.86 523.32 66.68 45.60 3.54;0.9531 1 1895.08 527.24 68.82 41.37 356.97;0.9357 1 1537.89 595.46 80.91 51.38 348.04;0.9305 1 391.04 528.08 67.50 44.69 352.29;0.9120 1 816.32 151.57 59.12 40.79 354.55;0.9023 1 338.19 391.02 65.59 48.87 4.37;0.8971 1 1833.29 460.80 120.33 39.25 342.19;0.8896 1 1534.06 561.37 66.80 43.85 359.21;0.8752 1 819.68 123.12 41.47 54.39 350.32;0.8569 1 461.18 591.69 97.70 37.90 349.20;0.8543 1 1832.35 596.56 70.60 45.05 3.66;0.8314 1 1241.44 1000.00 40.65 88.01 344.80;0.8181 1 820.41 89.44 46.30 41.43 7.87;0.8161 1 996.86 323.65 44.25 66.51 351.83;0.7898 1 38.31 496.77 64.85 38.29 333.35;0.7664 1 1782.28 459.97 101.18 35.00 353.20;0.7299 1 1841.75 526.40 78.48 31.94 5.07;0.7279 1 871.97 89.96 62.99 51.77 352.89;0.7256 1 1410.11 594.57 75.58 46.38 354.67;0.7201 1 38.90 392.74 64.06 38.68 355.51;0.7041 1 1051.17 1032.51 43.24 63.36 346.84;0.6986 1 1179.80 594.76 72.80 47.66 359.16;0.6672 1 1233.32 595.31 75.69 42.49 349.83;0.6639 1 460.57 389.52 103.05 31.55 348.19;0.6608 1 1000.75 462.04 65.13 34.73 350.53;0.6545 1 1002.02 491.36 71.49 43.50 353.84;0.6523 1 1601.74 493.92 76.36 40.19 359.09;0.6306 1 1119.72 929.36 38.52 84.82 354.11;0.6288 1 511.39 593.26 82.68 55.42 345.15;0.6043 1 575.18 389.92 74.13 33.51 1.37;0.5880 1 1050.13 492.10 62.52 52.01 352.87;0.5562 1 1841.13 255.92 28.07 92.21 353.66;0.5040 1 632.44 595.01 89.97 48.34 345.96;0.4892 1 872.99 124.14 36.93 70.26 358.45;0.4842 1 1001.39 796.93 49.95 71.91 346.80;0.4807 1 1363.77 594.13 61.97 44.47 6.48;0.4763 1 1707.45 495.02 62.96 34.03 351.50;0.4490 1 1002.11 828.41 59.22 69.28 343.97;0.4421 1 996.84 292.90 39.80 54.87 335.23;0.4152 1 1717.52 122.90 72.72 36.93 352.80;0.3999 9 1778.00 527.31 53.50 11.69 13.82;0.3768 1 517.25 390.27 121.83 40.56 346.26;0.3721 1 156.90 392.47 63.76 35.97 351.81;0.3617 1 874.20 154.95 60.20 45.50 352.12;0.3560 9 1417.68 426.40 46.70 15.91 354.77;0.3495 1 583.58 594.37 77.64 42.60 357.02;0.3404 7 1122.57 53.58 75.69 55.95 357.24;0.3336 1 994.67 353.96 68.18 50.71 1.26;0.3030 9 1118.22 527.87 43.71 14.93 358.76;0.3014 1 881.90 53.63 37.94 92.87 1.26;0.3004 1 93.94 393.52 91.29 39.37 344.36;0.2900 1 1356.52 963.10 70.66 61.05 341.43;0.2780 1 1004.31 1030.94 38.27 75.64 357.62;0.2739 1 1836.46 288.62 40.00 74.96 358.52;0.2718 9 337.82 557.30 52.45 13.46 350.23;0.2695 1 1779.76 491.74 39.16 21.72 8.85;0.2632 9 757.88 425.58 35.38 18.46 350.99;0.2522 9 1899.12 559.61 48.52 26.79 3.51
v_afhs8e8chi_0000,0.9791 1 637.06 524.50 73.17 48.51 8.66;0.9682 1 1180.67 558.77 81.28 33.70 356.35;0.9608 1 994.43 661.18 55.70 62.76 348.54;0.9487 1 939.28 321.91 24.21 97.67 4.58;0.9468 1 154.85 493.38 61.46 50.91 3.10;0.9467 1 994.61 628.11 53.36 71.13 349.76;0.9341 1 940.50 55.11 33.14 86.28 358.56;0.9241 1 1234.76 559.23 79.26 38.71 356.86;0.8956 1 1298.22 592.87 72.68 46.10 2.41;0.8883 1 1175.41 493.72 87.65 37.19 356.52;0.8782 1 96.43 562.66 72.73 50.71 1.69;0.8689 1 1423.45 592.41 72.14 40.43 1.44;0.8538 1 1471.94 591.35 97.37 52.36 4.51;0.8110 1 941.22 188.78 30.50 93.60 355.86;0.7961 1 1481.07 528.67 89.24 31.45 347.93;0.7899 1 1894.72 592.99 73.01 44.78 7.86;0.6939 1 1238.31 527.91 50.65 36.52 355.10;0.6648 1 1542.24 593.49 73.45 41.80 12.80;0.5656 1 878.90 964.37 31.07 113.16 329.87;0.5258 1 1122.27 493.71 84.61 33.28 354.36;0.5057 1 881.93 797.46 32.61 82.96 345.55;0.4860 1 1592.75 592.47 67.20 44.80 356.05;0.4853 1 1296.99 562.50 41.02 51.73 357.76;0.4844 1 879.82 358.10 24.31 52.76 9.25;0.4804 1 1057.87 1063.77 41.45 50.32 350.84;0.4559 1 817.85 931.34 26.93 96.84 2.05;0.4559 1 1531.73 529.64 73.79 26.33 351.74;0.4418 1 936.75 1065.98 28.18 41.36 324.03;0.4300 9 760.81 560.83 48.64 19.93 359.42;0.4178 1 1476.70 558.46 53.97 29.15 349.58;0.3884 1 997.83 595.08 55.92 38.19 357.85;0.3871 1 934.66 355.85 21.53 75.97 11.63;0.3217 7 814.79 595.21 55.75 46.42 352.18;0.2975 1 934.20 761.10 22.63 50.11 339.72;0.2910 1 1845.34 592.12 58.07 54.67 11.79;0.2829 1 1053.38 728.56 31.66 48.28 345.49;0.2734 1 812.38 561.51 40.11 47.39 4.28;0.2609 9 1293.17 526.58 50.31 37.76 4.66;0.2597 1 1054.26 695.15 26.52 47.19 338.62;0.2583 9 1291.91 494.39 44.27 30.51 352.51;0.2503 7 1058.55 829.68 52.89 61.36 358.90
v_q2wru9u253_0025,0.6760 1 97.74 489.34 93.55 58.32 347.67;0.4850 1 995.93 794.49 36.80 118.58 353.69;0.4193 1 1417.78 628.19 57.32 58.98 3.75;0.3883 9 1655.41 526.93 52.26 30.24 354.80;0.3242 1 97.22 464.16 64.19 45.82 350.78;0.3222 1 998.78 628.75 58.14 61.98 347.38;0.3193 7 997.54 661.90 41.39 72.50 348.59;0.2979 1 941.29 85.22 49.18 89.30 350.88;0.2918 1 1177.75 526.40 38.79 41.84 340.66;0.2671 1 1356.58 761.49 94.87 56.33 342.38;0.2603 8 875.98 594.71 68.54 37.06 5.68;0.2523 8 995.73 762.58 56.53 132.74 5.13
v_pybagppb4s_0014,0.9850 1 998.82 53.33 36.33 83.48 351.30;0.9835 1 995.41 558.14 87.03 45.63 356.01;0.9768 1 639.12 526.00 62.50 48.72 9.26;0.9617 1 1775.33 495.37 80.03 34.44 3.45;0.9567 1 451.20 526.57 56.69 47.05 3.48;0.9346 1 1537.04 526.22 59.35 31.60 357.61;0.9242 1 1358.19 525.91 79.94 35.91 354.32;0.9157 1 1723.33 494.65 71.07 32.54 355.94;0.9017 1 404.26 525.12 67.32 42.21 1.82;0.7616 1 1355.97 591.19 76.63 46.87 1.38;0.7005 1 939.44 356.62 33.58 81.31 6.90;0.6952 1 933.77 796.47 42.01 74.82 4.43;0.6706 1 1414.34 526.13 57.75 34.53 350.33;0.6617 1 999.13 23.67 34.62 78.34 349.24;0.6107 1 1599.93 592.19 70.75 58.65 357.73;0.5866 1 1899.73 561.89 38.47 39.46 352.16;0.5448 1 1835.49 562.00 107.01 39.98 351.57;0.5071 1 1422.57 628.48 31.34 75.18 352.94;0.4983 1 997.15 529.02 78.55 38.13 343.50;0.4931 1 1358.05 562.49 47.50 47.67 350.45;0.4712 1 1058.44 694.69 47.40 61.21 342.34;0.4703 1 1783.52 560.60 64.11 39.79 359.97;0.4312 1 997.01 84.11 30.57 96.76 6.24;0.4309 1 935.17 964.96 37.63 96.20 358.79;0.4103 1 935.31 997.49 29.65 84.58 14.35;0.4049 1 937.30 326.18 27.55 80.63 1.86;0.3761 1 1115.18 1063.65 31.60 56.04 345.95;0.3683 1 1061.97 863.44 28.87 69.15 351.49;0.3678 1 1062.46 1065.25 28.39 44.87 0.79;0.3660 1 1598.73 562.83 53.91 42.19 347.31;0.3635 9 1716.93 524.11 62.90 12.65 2.77;0.3506 4 1475.27 562.14 94.66 55.53 349.49;0.3467 1 1000.45 728.62 30.21 60.46 347.53;0.3211 1 871.65 594.34 53.61 27.00 353.56;0.2982 1 1419.28 562.28 57.15 58.24 7.80;0.2973 1 999.95 696.02 32.63 68.56 352.63;0.2947 9 815.46 525.81 34.96 16.20 7.56;0.2832 1 1064.01 996.81 35.21 81.16 359.04;0.2790 7 1301.60 526.62 66.39 43.90 359.68;0.2725 1 935.15 118.64 54.85 49.73 5.94;0.2616 1 1299.25 592.25 69.88 48.36 359.31
v_u47h4byhne_0044,0.9786 1 1478.02 393.75 97.03 33.01 345.69;0.9677 1 1420.07 558.76 83.98 39.61 356.60;0.9560 1 1415.54 596.40 107.51 29.57 343.00;0.8665 1 934.47 930.44 39.48 69.75 358.60;0.8611 1 1780.60 595.21 94.34 31.67 344.48;0.8416 1 1590.63 556.82 89.04 43.95 348.97;0.8089 1 1831.95 561.21 79.17 43.07 350.42;0.7781 1 873.86 763.17 45.05 59.55 356.40;0.7429 1 1177.04 598.28 71.60 32.34 342.14;0.7317 1 1176.59 624.33 92.36 47.09 353.47;0.7147 1 1544.76 558.22 102.50 34.15 0.39;0.6648 1 1469.49 558.46 72.84 42.96 356.08;0.6601 1 935.90 964.26 29.32 75.17 356.40;0.6117 1 515.02 1067.97 70.07 27.48 345.53;0.5593 1 941.70 898.06 31.26 68.44 2.20;0.5575 1 97.38 1068.62 67.03 28.96 349.27;0.5515 1 874.81 729.90 49.43 55.59 356.15;0.5508 1 995.07 998.36 50.03 66.10 345.80;0.5381 1 1057.28 862.86 72.97 54.60 343.34;0.5273 1 1779.15 560.90 85.65 43.14 2.94;0.5263 1 1476.75 420.72 80.93 31.48 344.93;0.5139 1 934.02 1033.41 36.98 62.00 348.33;0.5137 1 1834.72 596.11 91.18 52.69 355.48;0.4869 1 37.44 1067.91 59.01 31.67 349.61;0.4788 9 997.47 392.43 56.16 19.73 346.54;0.4482 1 1360.97 764.94 102.51 37.46 340.64;0.4352 1 1058.62 123.33 58.21 48.66 334.44;0.4269 9 998.29 256.91 64.97 20.56 347.99;0.4255 1 1714.98 558.70 88.53 41.92 0.62;0.4219 1 996.82 865.32 45.70 83.38 1.95;0.4158 9 1180.25 224.27 42.98 17.23 353.00;0.4107 1 993.57 897.77 37.44 68.99 353.61;0.3879 9 573.67 120.07 51.10 18.26 345.07;0.3838 1 1119.57 20.17 57.56 32.32 349.11;0.3705 1 457.22 1068.50 70.15 25.28 348.24;0.3655 7 995.95 90.29 67.66 39.68 3.35;0.3556 7 995.63 122.78 104.88 53.95 356.88;0.3534 9 576.04 391.71 41.17 12.64 340.24;0.3483 9 519.14 120.37 49.94 19.17 344.62;0.3282 1 1059.74 153.10 62.48 44.45 356.66;0.3239 9 1178.10 392.76 41.47 11.83 340.74;0.3138 9 816.92 493.46 38.82 15.18 0.54;0.3104 1 873.60 1066.37 49.47 37.86 350.39;0.3085 9 697.28 391.86 38.06 11.05 344.37;0.3048 9 1234.23 289.43 46.53 24.23 8.16;0.3036 9 276.96 120.41 42.37 16.05 349.24;0.3015 9 1235.10 224.46 50.05 16.56 354.23;0.2987 9 1536.95 121.87 43.91 17.61 351.79;0.2942 9 155.52 120.26 39.24 15.80 348.87;0.2887 9 1179.21 289.31 44.03 21.96 358.00;0.2879 9 1055.42 223.49 44.42 12.70 344.65;0.2858 1 1779.02 623.61 57.75 27.00 344.69;0.2858 9 1357.85 393.18 50.33 12.84 341.95;0.2851 1 941.86 865.90 27.83 50.11 356.13;0.2787 9 1421.78 392.53 75.73 22.03 350.64;0.2779 1 935.92 1064.23 41.31 39.24 345.18;0.2688 9 397.49 120.61 42.67 17.62 348.30;0.2686 1 152.32 1068.61 54.35 24.00 347.44;0.2648 1 1058.31 1064.48 40.14 31.77 347.22;0.2641 1 941.66 998.26 32.30 74.48 5.60;0.2640 9 996.79 223.69 65.19 23.22 350.10;0.2611 7 818.38 1067.34 64.04 36.12 354.28;0.2592 9 997.90 290.56 50.22 18.57 351.05;0.2553 1 876.04 794.75 41.79 44.45 16.30
v_tbf39o7or8_0029,0.9842 1 1599.56 528.38 94.44 31.16 345.91;0.9816 1 214.45 529.12 76.72 46.93 358.64;0.9378 1 1600.79 492.81 48.18 59.63 6.07;0.9155 1 1242.37 528.00 63.45 37.09 0.06;0.9124 1 821.96 494.07 45.81 66.97 6.31;0.9111 1 1292.93 528.69 61.55 40.82 357.65;0.9026 1 941.84 762.67 35.22 71.92 340.21;0.9012 1 871.15 494.31 41.18 56.58 4.41;0.8842 1 1297.85 591.70 83.36 39.84 358.20;0.8548 1 1423.06 591.14 66.81 45.43 2.26;0.8327 1 997.50 1065.33 32.73 40.19 344.79;0.8292 1 1894.93 592.27 80.91 50.18 7.25;0.8169 1 939.30 962.49 37.01 97.96 335.43;0.7308 1 1296.21 562.80 55.96 65.25 339.22;0.6527 1 817.21 525.51 44.33 49.63 357.23;0.6306 1 752.72 291.32 34.78 71.72 18.71;0.6198 1 1417.53 425.26 42.85 57.86 356.27;0.5877 1 880.94 828.58 38.39 99.75 335.02;0.5504 1 1542.07 592.79 82.58 41.01 11.58;0.5045 1 881.55 797.82 31.78 86.94 342.14;0.4991 1 1355.03 357.12 78.11 27.20 356.99;0.4848 1 814.63 763.14 30.05 72.08 356.52;0.4549 1 992.48 761.75 42.86 55.81 345.90;0.4503 1 999.97 391.04 38.72 47.76 2.82;0.4370 1 1299.29 357.07 68.00 31.68 10.09;0.4268 1 940.83 933.39 29.70 80.54 330.36;0.4240 1 936.92 256.62 33.58 122.48 22.15;0.4022 1 881.31 998.71 27.73 86.82 340.98;0.4017 1 937.02 793.71 39.88 85.32 347.98;0.3864 1 817.00 899.48 21.15 101.47 2.12;0.3788 1 881.74 357.69 33.39 54.79 14.06;0.3747 1 1237.99 559.36 50.54 35.18 358.20;0.3234 1 1650.65 528.30 56.18 34.67 350.14;0.3123 1 1000.10 695.70 45.50 52.20 349.03;0.3091 1 880.73 966.06 23.45 109.90 334.25;0.2993 7 1056.30 797.53 51.38 65.67 343.68;0.2898 1 1056.52 1065.28 33.67 51.79 0.38;0.2728 1 938.64 728.96 32.31 53.96 338.31;0.2704 1 1845.77 591.83 50.39 57.97 11.90;0.2664 1 997.98 729.33 40.23 55.33 345.07;0.2629 1 815.41 829.49 22.09 105.16 8.02;0.2580 1 1471.99 591.65 83.55 47.08 2.69
v_ef3r28lnxa_0032,0.9381 1 873.81 492.49 74.48 49.12 355.04;0.9312 1 814.20 557.55 69.12 40.99 4.81;0.9138 1 934.33 425.34 41.91 71.32 0.74;0.9056 1 1836.30 494.26 58.70 70.72 349.59;0.8717 1 995.12 291.27 30.38 69.53 351.35;0.8517 1 1479.24 426.63 84.45 50.07 357.62;0.8402 1 997.06 662.35 35.01 69.76 351.46;0.7731 1 995.31 934.24 30.85 79.46 359.62;0.7646 1 1117.69 494.22 36.13 74.52 13.04;0.7575 1 150.91 493.73 71.28 45.25 352.89;0.7562 1 100.23 493.38 92.32 45.17 353.99;0.7455 1 696.23 492.66 81.11 46.54 359.25;0.7154 1 935.24 898.45 37.46 98.50 359.40;0.6932 1 1062.68 727.87 41.62 48.69 348.64;0.6618 1 994.27 963.99 40.67 76.45 358.13;0.6312 1 92.60 596.88 34.30 87.84 357.94;0.6260 1 760.44 557.00 74.65 47.46 356.59;0.6126 1 932.43 865.09 35.80 88.58 11.28;0.6029 1 1118.98 525.98 38.35 70.36 7.55;0.5973 1 937.42 794.56 52.53 62.71 356.21;0.5851 1 40.97 595.52 43.53 62.91 7.62;0.5735 1 938.89 932.49 23.95 110.40 359.84;0.5705 1 1897.53 626.06 36.89 59.10 24.16;0.5661 1 996.02 121.80 31.33 79.20 358.98;0.5648 1 933.50 457.79 49.30 70.35 358.11;0.5320 1 938.33 53.47 36.18 74.45 4.97;0.5272 1 932.23 1065.83 31.39 41.06 357.79;0.5098 1 1418.76 459.35 44.02 39.03 355.16;0.5034 1 1716.62 626.39 53.08 53.21 3.43;0.4987 1 336.47 526.48 48.73 58.42 1.85;0.4926 1 938.99 965.31 20.01 79.31 7.55;0.4869 1 995.91 765.91 39.55 63.46 356.40;0.4761 1 996.70 258.91 18.80 69.85 3.08;0.4759 1 1056.91 459.29 48.01 59.06 354.00;0.4620 1 574.31 527.71 48.98 62.38 349.94;0.4419 1 816.49 527.46 45.26 51.36 355.14;0.4353 1 517.59 557.55 44.84 47.34 4.38;0.4131 1 40.73 625.89 42.70 53.41 6.63;0.4097 1 1416.57 526.95 42.38 58.98 358.92;0.4064 1 881.01 459.36 39.70 56.89 356.65;0.3994 1 996.72 153.72 26.44 67.50 6.77;0.3974 1 994.96 321.37 36.21 86.49 354.12;0.3935 1 936.00 393.49 31.81 76.10 354.16;0.3917 1 1421.49 427.35 43.22 50.66 0.36;0.3741 1 995.42 1033.60 28.11 76.72 1.05;0.3708 1 37.93 560.13 43.01 41.92 353.57;0.3663 1 1533.51 426.83 76.28 43.16 346.48;0.3603 1 997.52 692.76 30.50 92.17 354.48;0.3534 1 1599.78 457.48 66.14 55.86 357.28;0.3533 1 643.12 492.19 72.06 44.80 3.95;0.3449 1 1057.08 21.18 52.98 45.87 348.32;0.3422 1 932.88 1035.11 30.01 73.75 358.94;0.3409 1 1116.79 559.72 31.86 63.90 9.33;0.3367 1 999.31 831.62 28.93 71.97 358.74;0.3319 1 1659.55 625.54 50.42 67.33 1.23;0.3297 1 1354.16 391.17 69.38 48.09 11.99;0.3222 1 573.67 492.27 75.97 41.58 0.63;0.3218 1 884.89 424.20 26.40 60.65 2.51;0.3168 1 1054.69 190.41 24.60 89.88 342.31;0.3128 1 1718.39 527.01 30.72 60.07 358.90;0.3030 1 159.44 560.03 39.68 37.20 359.39;0.2973 1 996.82 795.44 49.30 64.41 355.15;0.2902 1 91.99 626.34 48.94 76.03 349.98;0.2878 1 994.66 1066.22 34.90 46.68 355.29;0.2816 1 994.90 1000.08 27.70 84.26 1.44;0.2772 1 938.22 86.25 29.75 77.46 5.35;0.2698 1 1476.10 457.61 50.37 56.14 354.70;0.2655 1 936.98 559.56 34.04 38.32 355.06;0.2595 1 996.34 899.41 33.86 85.97 4.96;0.2551 1 995.35 88.65 30.54 94.55 359.92;0.2515 1 573.83 556.68 62.85 49.12 358.15
v_jcwrohjewu_0016,0.8377 1 95.33 460.31 88.16 45.34 351.24;0.7347 1 1232.89 530.25 80.49 48.25 340.42;0.6909 1 1180.45 528.65 69.84 44.03 349.71;0.6011 1 1178.98 556.52 67.61 41.27 346.35;0.5870 1 1234.15 797.95 57.52 46.05 345.97;0.4890 7 875.98 459.87 51.28 44.81 12.52;0.3715 7 876.94 426.24 41.65 68.15 20.92;0.3637 9 1715.47 527.37 47.64 18.96 351.44;0.3286 1 1234.72 557.61 77.76 59.43 345.93;0.3242 1 1237.89 627.58 35.89 76.91 357.30;0.2697 1 1657.96 562.15 63.31 30.25 357.13
v_hp0fgwmq93_0046,0.9857 1 275.46 462.12 74.48 39.83 357.36;0.9743 1 760.40 392.70 83.78 37.40 352.78;0.9646 1 1538.03 595.46 76.25 39.05 357.10;0.9458 1 338.42 389.82 62.94 46.60 7.62;0.9415 1 1420.34 525.81 77.43 46.05 6.50;0.9155 1 819.46 122.48 55.51 50.83 354.53;0.8710 1 1241.82 999.20 46.90 77.71 347.65;0.8553 1 460.96 387.95 95.97 37.72 351.83;0.8410 1 872.97 89.30 59.89 47.13 351.67;0.8209 1 1411.13 593.41 72.66 45.83 13.48;0.8165 1 1833.50 595.78 91.12 45.35 350.24;0.8129 1 819.97 88.81 42.43 44.39 8.96;0.8035 1 1051.57 1031.49 49.47 54.56 349.34;0.7984 1 1471.79 525.69 58.73 46.18 356.76;0.7449 1 871.46 123.78 53.13 58.57 355.61;0.7159 1 1180.49 593.11 90.13 45.18 353.73;0.7013 1 1120.28 898.05 29.57 100.05 345.80;0.6915 1 458.68 362.21 78.37 29.11 347.32;0.6911 1 1713.42 593.00 89.22 57.84 6.52;0.6828 1 39.24 390.69 69.02 38.06 354.96;0.6683 1 631.77 592.21 83.45 48.54 345.37;0.6521 1 1232.31 593.90 87.33 45.66 344.18;0.6412 8 870.81 527.59 61.17 31.49 357.60;0.6322 1 1051.15 828.90 41.41 73.06 356.23;0.6128 1 1842.37 491.87 92.79 38.09 355.50;0.6054 1 1003.95 827.64 52.99 63.25 348.76;0.5445 1 223.73 460.65 71.27 24.50 357.88;0.5322 1 461.26 592.32 94.20 48.40 355.73;0.5290 1 1176.06 52.99 103.54 49.13 8.81;0.5266 1 1363.20 593.09 76.10 42.90 8.79;0.5018 1 511.33 591.82 84.86 51.30 345.62;0.4613 1 1893.55 492.87 72.32 37.93 0.83;0.4609 1 1837.07 286.64 47.54 70.23 3.69;0.4590 1 1118.56 928.55 42.93 72.78 355.62;0.4574 1 158.07 391.47 74.08 31.55 351.37;0.4393 1 815.03 152.29 39.75 43.83 351.01;0.4102 1 1840.64 256.10 31.59 98.83 345.83;0.3658 1 1717.24 122.35 74.12 41.85 356.51;0.3619 1 1122.39 51.87 75.58 58.04 358.44;0.3569 1 1054.88 796.54 34.44 115.99 3.76;0.3505 9 820.40 526.26 75.15 21.60 351.08;0.3457 1 275.74 487.97 77.72 43.50 3.22;0.3217 1 1055.70 763.84 51.43 72.15 354.86;0.2987 1 95.28 391.30 98.64 37.07 343.14;0.2916 1 811.52 394.38 93.27 33.63 338.42;0.2903 1 1001.96 797.69 33.48 78.73 343.83;0.2744 9 936.51 628.70 46.43 20.25 353.69;0.2730 1 1004.42 1030.19 46.33 63.09 355.45;0.2672 1 934.19 325.20 30.67 71.62 4.69
v_gig403rlnb_0029,0.9758 1 1713.27 494.73 72.02 54.17 10.82;0.9603 1 457.00 491.40 124.51 42.17 352.61;0.9454 1 1654.04 560.84 67.12 49.63 20.59;0.9446 1 938.78 291.62 41.56 67.38 341.90;0.9260 1 997.09 933.83 31.49 84.28 359.45;0.9255 1 1239.11 522.95 87.25 48.42 354.61;0.9240 1 1235.81 496.55 93.03 45.26 341.01;0.9181 1 692.19 489.93 104.89 49.97 350.60;0.9036 1 36.20 527.80 56.46 34.43 355.90;0.9019 1 279.80 491.15 84.60 48.90 0.77;0.8680 1 93.94 490.40 80.19 63.41 353.37;0.8442 1 1478.77 427.10 80.83 54.17 357.36;0.8374 1 935.67 424.18 49.54 60.57 358.99;0.8107 1 274.60 528.59 76.54 44.36 356.28;0.7880 1 41.87 491.30 57.64 44.38 2.39;0.7608 1 995.49 964.04 38.30 82.68 358.95;0.7486 1 1056.90 459.94 51.27 53.39 358.10;0.7447 1 1716.62 627.18 74.10 39.83 353.90;0.7270 1 1117.35 493.74 55.79 52.68 11.78;0.7245 1 993.82 1033.16 32.68 82.66 3.56;0.7159 1 1602.64 559.60 48.69 57.47 31.69;0.6892 1 162.12 525.77 43.47 39.61 354.11;0.6863 1 937.43 320.40 55.07 69.00 354.51;0.6505 1 877.10 459.34 43.04 48.60 353.35;0.6407 1 93.81 595.97 42.69 78.84 353.07;0.6091 1 91.39 462.79 65.72 46.91 346.67;0.6075 1 933.63 1001.27 17.08 87.29 6.72;0.5949 1 576.63 527.94 62.19 43.03 356.83;0.5788 1 40.42 461.29 59.55 36.94 356.96;0.5760 1 220.55 526.60 80.22 43.70 2.47;0.5719 1 993.90 630.10 34.11 77.90 12.78;0.5595 1 1838.59 494.32 46.51 72.24 348.11;0.5505 1 883.07 424.78 26.04 63.68 0.06;0.5443 1 1665.16 492.03 46.67 45.55 5.12;0.5303 1 278.03 559.33 43.62 61.10 3.82;0.5288 1 1896.80 626.51 37.85 58.36 24.31;0.5054 1 1661.49 626.08 69.15 53.48 2.43;0.4879 1 939.40 662.13 36.93 68.03 353.79;0.4839 1 1420.16 459.66 41.36 31.02 351.48;0.4741 1 874.71 492.64 45.04 57.62 358.53;0.4652 1 937.21 830.37 27.10 76.13 3.42;0.4637 1 993.92 662.68 46.65 101.69 344.26;0.4410 1 994.11 1000.02 26.10 99.05 7.12;0.4396 1 1715.89 524.40 48.06 59.50 359.26;0.4349 1 994.89 529.91 52.39 54.03 4.02;0.4336 1 995.88 557.34 68.02 67.28 354.70;0.4282 1 937.40 87.15 30.53 73.02 2.64;0.4253 1 1781.33 455.81 107.02 65.17 10.80;0.4197 1 39.90 595.26 47.67 60.50 6.56;0.4186 1 995.93 122.15 32.50 76.25 359.33;0.4064 1 277.20 461.29 69.03 29.45 349.89;0.4014 1 518.49 557.51 49.77 40.20 357.48;0.3954 1 37.31 559.65 46.12 41.89 1.84;0.3899 1 997.36 899.41 33.17 90.62 356.84;0.3863 1 1064.14 728.89 35.29 47.94 350.19;0.3812 1 403.99 491.74 86.83 35.49 358.46;0.3811 1 940.19 556.37 39.82 51.67 352.79;0.3727 1 40.70 626.82 40.34 53.38 3.19;0.3707 1 1057.67 21.34 53.10 44.88 350.16;0.3697 1 995.86 1064.52 28.33 55.27 357.00;0.3682 1 1476.18 457.44 50.52 59.35 352.02;0.3677 1 938.42 795.37 41.26 75.99 358.87;0.3610 1 330.35 492.05 72.35 55.88 354.96;0.3600 1 935.75 863.29 28.28 73.68 0.25;0.3599 1 1116.78 461.37 38.94 51.09 0.79;0.3589 1 1416.20 526.18 48.35 52.10 2.58;0.3539 1 92.17 626.36 44.82 77.76 347.06;0.3516 1 819.17 866.45 35.29 49.93 358.36;0.3500 1 1896.05 524.80 42.23 54.32 18.46;0.3398 1 936.49 394.32 32.74 67.10 358.26;0.3390 1 1596.94 663.65 29.23 64.83 12.77;0.3358 1 1533.78 427.50 75.36 42.75 347.35;0.3340 1 1840.19 522.80 54.59 65.22 3.95;0.3223 1 996.94 153.81 26.09 57.84 3.29;0.3116 1 937.00 53.96 29.91 73.32 358.50;0.3078 1 1360.89 526.06 53.72 38.02 8.52;0.3059 1 818.54 493.23 47.65 58.68 2.31;0.3055 1 1599.17 457.38 75.34 47.24 358.92;0.3023 2 638.79 491.07 128.82 48.75 1.63;0.3002 1 1055.14 191.05 24.10 94.82 347.31
v_j63s9yvulo_0046,0.9116 1 1831.15 527.93 83.37 38.50 342.25;0.8379 1 1783.59 526.69 92.12 40.25 347.35;0.6839 1 98.02 488.80 79.28 59.65 345.70;0.6100 1 97.53 463.44 77.43 41.80 348.52;0.4684 1 1652.75 560.66 67.53 36.04 352.01;0.4080 1 1418.40 628.07 59.53 55.81 2.58;0.3587 7 876.27 460.18 52.43 43.34 10.82;0.3205 1 999.00 930.98 34.61 62.18 353.95;0.2947 9 1657.25 527.29 52.28 28.83 358.46;0.2780 9 1538.55 527.31 36.27 11.09 352.54;0.2679 8 875.21 594.42 67.92 39.85 8.52;0.2635 1 634.21 391.00 64.27 51.61 355.52;0.2545 1 1178.47 526.27 37.05 41.27 340.97
v_cvp7tdcwa2_0009,0.9661 1 873.77 495.77 63.00 43.79 353.93;0.9038 1 877.65 525.50 74.06 54.56 356.39;0.7804 1 95.45 459.89 89.41 42.16 355.47;0.4873 1 1176.48 526.55 43.63 57.89 343.56;0.4829 1 1233.94 797.53 56.01 49.94 347.35;0.4378 1 932.15 527.01 52.54 35.27 348.96;0.3960 1 1356.83 629.65 54.14 62.88 348.70;0.3606 1 1415.48 661.00 52.45 52.93 351.61;0.3554 1 1358.64 763.37 89.73 50.72 346.22;0.3280 1 1174.87 558.47 47.34 48.25 355.33;0.3145 8 991.44 762.78 65.51 95.11 351.82;0.3057 9 274.92 492.80 37.10 20.58 4.26;0.2942 1 1657.49 562.00 65.54 31.96 356.67;0.2852 1 40.15 459.42 90.91 53.09 3.54;0.2758 1 692.42 595.46 35.82 49.15 358.75;0.2721 7 876.36 459.91 44.50 63.13 6.58;0.2580 1 1476.47 628.05 62.24 55.68 353.07;0.2521 9 1715.08 526.88 47.87 17.84 350.35
v_n2pd1bhie3_0023,0.9170 1 392.88 523.87 89.85 54.63 357.35;0.8504 1 95.21 461.98 91.34 40.93 349.71;0.7410 1 395.70 496.84 85.30 52.57 342.77;0.6917 1 341.23 524.42 102.28 42.36 354.91;0.5044 1 1182.14 795.50 53.14 54.91 10.58;0.4777 1 997.65 930.81 34.15 88.09 352.65;0.4494 1 95.61 489.30 60.38 46.54 346.34;0.3986 1 941.31 53.43 38.91 104.18 349.73;0.3894 9 1655.84 526.90 54.12 28.64 355.98;0.3094 1 1356.18 760.40 88.55 69.89 344.23
v_ww2zjk1qm0_0006,0.7783 1 95.42 462.97 81.81 42.60 347.35;0.6667 1 95.63 489.13 70.31 56.79 347.11;0.4855 1 1177.44 525.65 46.92 51.55 339.10;0.4832 1 1416.54 627.88 59.42 54.61 0.37;0.3695 9 1656.02 527.27 53.85 27.04 354.36;0.2966 1 1356.66 761.29 86.07 62.03 343.92;0.2515 1 1182.05 795.84 54.02 47.33 11.66;0.2512 1 941.71 53.88 33.87 111.59 351.64
v_r6tuihtpwu_0024,0.7998 1 95.79 459.35 88.43 43.27 355.46;0.7310 1 1294.13 558.56 77.40 57.13 4.83;0.6799 1 1241.50 557.28 60.29 44.15 353.33;0.5886 1 1234.16 797.13 57.66 49.62 347.85;0.4924 1 1239.63 529.63 64.31 49.42 345.79;0.4856 1 1293.23 528.70 64.17 53.69 348.85;0.4361 7 875.98 459.57 49.45 42.59 14.79;0.4243 7 876.65 426.63 40.98 61.49 17.91;0.3816 1 934.55 696.10 49.42 35.31 1.11;0.3786 1 1358.37 762.90 100.49 50.04 344.86;0.3591 1 1415.02 660.58 51.80 53.98 353.16;0.3554 1 1299.10 492.52 61.30 37.50 356.43;0.3320 1 1477.44 627.75 57.35 55.07 355.36;0.2989 9 275.12 492.85 38.31 18.36 1.21;0.2963 1 1359.64 629.10 45.81 52.90 343.29;0.2786 1 1657.42 561.69 65.78 31.96 356.83;0.2538 8 991.45 762.75 53.59 86.89 353.70
v_ef7bmdjv8u_0009,0.9242 1 1776.95 524.64 76.81 54.70 8.59;0.9045 1 336.13 391.71 64.45 52.13 4.55;0.8860 1 816.85 151.33 61.79 44.41 352.44;0.8692 1 819.12 123.18 47.68 55.56 349.70;0.8197 1 1539.15 596.52 75.51 39.49 359.27;0.8035 1 38.63 393.27 63.12 39.13 354.92;0.7669 1 574.33 390.03 72.09 38.58 2.16;0.7120 1 1119.17 928.11 39.88 98.50 358.10;0.7070 1 820.12 89.93 37.72 46.13 8.34;0.7045 1 1241.46 999.53 38.73 82.40 341.39;0.6442 1 459.17 389.19 93.36 36.06 349.91;0.6440 1 1050.81 1033.06 41.41 62.16 345.20;0.6327 1 1178.79 594.69 72.47 49.44 358.15;0.6268 1 873.14 89.33 59.91 55.90 354.54;0.5797 1 1240.10 1029.31 51.69 101.38 3.20;0.5367 1 460.32 593.24 91.55 50.24 359.56;0.4603 1 582.54 594.41 75.88 41.09 356.15;0.4595 1 155.94 393.09 59.66 38.65 354.66;0.4431 1 1003.00 828.63 59.39 66.43 346.29;0.4357 1 518.02 390.12 113.49 42.75 350.99;0.4173 1 1122.22 53.36 78.33 53.44 358.38;0.3864 1 1411.59 594.83 68.61 43.36 350.06;0.3662 1 872.12 123.95 36.17 72.63 359.85;0.3540 1 1114.31 392.84 52.90 31.95 355.27;0.3514 1 1840.88 256.84 33.07 94.08 347.81;0.3348 9 1114.49 424.40 43.28 20.64 359.63;0.3343 1 1002.16 797.49 43.68 68.30 348.82;0.3328 1 1055.51 829.82 43.60 104.78 3.21;0.3176 1 1173.84 55.18 103.32 48.01 5.32;0.3120 9 1418.14 426.23 48.23 17.44 359.03;0.3094 1 511.84 593.60 88.11 50.64 348.57;0.2875 1 881.29 53.58 35.15 84.53 2.54;0.2839 1 1363.32 594.61 57.34 43.95 5.90;0.2807 1 1836.61 286.07 48.45 80.01 7.45;0.2696 9 276.00 560.55 41.94 15.04 3.03;0.2615 1 1115.67 288.74 45.89 53.11 349.37;0.2542 1 1777.46 495.12 50.17 34.62 1.87
v_n897cnclxy_0007,0.9873 1 877.90 493.36 72.62 35.48 2.93;0.8368 1 93.03 461.93 80.23 45.67 345.85;0.7857 1 1179.69 557.64 84.14 39.10 356.00;0.6092 1 1233.94 559.94 69.38 62.98 358.66;0.4724 1 1234.57 794.73 66.52 40.53 349.14;0.4139 1 998.34 931.83 31.27 63.37 348.48;0.4083 1 929.64 493.05 55.88 30.28 339.13;0.3428 9 1659.17 528.11 58.70 29.22 351.37;0.3220 1 93.93 489.08 65.57 48.15 353.81;0.3090 8 991.38 762.69 60.10 98.53 353.54;0.2845 9 1296.99 492.79 38.85 27.89 355.16;0.2744 7 876.44 461.00 38.87 64.01 5.06;0.2657 7 39.17 461.72 77.79 46.76 3.51
v_92oo8js7ly_0045,0.9514 1 752.86 528.79 52.32 49.47 19.70;0.9460 1 993.33 55.12 42.22 70.47 356.61;0.9326 1 583.05 492.26 36.27 76.28 57.34;0.9302 1 631.71 493.55 50.11 46.00 20.32;0.8493 1 35.38 489.34 54.21 50.89 39.95;0.7446 1 704.09 529.01 67.44 38.93 7.50;0.6897 1 1355.06 563.88 60.37 54.40 343.04;0.6514 1 933.33 796.64 39.09 84.23 2.69;0.5686 1 1057.31 696.15 36.41 65.24 340.69;0.5349 1 1056.78 728.15 40.60 75.47 340.60;0.5193 1 1783.59 561.43 69.94 43.75 8.86;0.5132 1 35.34 462.12 41.62 49.41 342.72;0.5111 1 935.19 964.55 33.07 89.06 6.12;0.5049 1 1480.44 561.02 70.35 48.80 358.11;0.4917 1 1298.32 494.20 32.85 63.82 1.09;0.4247 1 1832.02 562.75 88.90 42.08 346.64;0.4193 1 819.21 458.89 29.78 31.62 353.17;0.4148 1 1060.31 220.84 49.74 55.00 355.73;0.4125 1 934.46 325.15 28.32 69.15 7.38;0.3941 1 1354.93 589.23 68.87 55.58 355.41;0.3913 1 1062.63 188.16 30.06 80.06 357.01;0.3618 1 1058.42 663.39 47.75 43.62 352.83;0.3484 1 1000.13 728.74 28.87 63.81 355.27;0.3433 1 998.68 695.82 30.80 66.15 356.04;0.3376 1 935.17 357.43 26.44 55.09 7.43;0.3096 1 1600.74 562.95 84.40 42.34 2.19;0.3085 7 1297.10 526.66 40.58 59.28 3.81;0.3056 9 699.16 558.06 54.29 19.82 346.93;0.2963 1 935.07 997.19 23.43 78.20 16.84;0.2768 1 1060.77 155.21 26.04 68.32 355.73;0.2765 1 755.39 557.64 50.68 35.98 347.46;0.2740 1 279.23 625.50 107.77 39.99 356.92;0.2709 1 873.13 594.14 53.66 27.73 352.70;0.2676 9 817.34 493.00 36.22 19.78 2.81;0.2613 1 938.57 763.31 23.29 100.55 358.08;0.2592 1 995.07 86.43 28.46 73.85 2.89;0.2556 9 1117.50 627.74 49.36 16.81 356.65;0.2520 9 1120.22 595.11 50.16 16.97 353.91
v_8o5bv9l6le_0010,0.9719 1 636.75 526.55 82.51 47.58 352.03;0.8093 1 1176.51 526.39 51.79 57.79 340.86;0.7557 1 95.44 462.25 87.33 40.78 349.24;0.6463 1 1174.51 558.09 55.32 47.13 354.92;0.6261 1 1232.76 795.48 72.84 44.35 342.41;0.5976 1 95.85 489.43 62.83 51.41 346.80;0.5968 1 1237.06 626.70 47.51 84.94 344.57;0.5564 1 581.73 526.25 100.35 45.73 349.09;0.4411 1 1358.27 761.73 96.62 46.67 343.99;0.4053 1 1239.44 596.81 33.94 58.31 341.14;0.3680 1 691.21 525.95 44.02 33.18 336.11;0.3644 1 1182.42 796.31 49.34 54.98 0.99;0.3611 1 1357.36 628.58 56.32 58.86 347.70;0.2851 1 933.02 695.85 44.41 32.24 359.56
v_g5ispywgbm_0011,0.9602 1 1780.63 493.34 97.93 42.91 349.41;0.9566 1 874.13 122.18 56.00 51.21 352.52;0.9153 1 1234.58 598.01 71.54 49.19 355.14;0.9059 1 1592.39 631.57 74.85 52.74 0.95;0.9038 1 1410.78 629.32 62.74 60.60 8.84;0.8966 1 872.17 156.05 67.88 49.54 357.48;0.8927 1 336.75 423.18 84.18 42.26 0.24;0.8884 1 40.00 424.49 64.23 38.34 1.07;0.8865 1 1055.01 1033.79 39.20 81.73 6.20;0.8751 1 458.94 396.01 101.02 27.70 342.19;0.8684 1 1236.16 525.39 80.49 43.31 2.22;0.8404 1 632.22 627.48 87.66 46.59 345.36;0.8019 1 1840.36 630.53 99.53 39.87 350.58;0.7627 8 751.40 459.44 67.17 26.01 347.94;0.7434 1 1778.04 154.72 75.89 38.54 354.20;0.7193 1 460.32 420.71 98.31 35.25 348.79;0.6683 1 1054.52 862.63 35.85 104.44 354.56;0.6572 1 819.00 155.89 40.80 44.37 10.26;0.6327 1 1235.20 623.86 75.21 61.99 353.49;0.6270 1 1053.75 1063.52 34.30 52.28 351.00;0.5852 1 1829.97 494.58 86.07 41.99 338.26;0.5600 1 582.05 627.46 77.08 47.31 355.68;0.5194 1 1181.96 525.50 88.89 37.84 354.36;0.5030 1 936.97 21.46 37.62 47.59 352.49;0.4548 1 1900.84 559.52 27.01 21.38 353.61;0.4467 1 821.63 120.74 44.70 52.68 38.98;0.4275 1 932.84 52.06 40.80 57.91 358.71;0.4199 1 1294.70 1064.39 31.43 46.71 356.02;0.3632 1 1893.92 630.54 72.86 35.66 359.62;0.3583 1 1840.41 657.09 73.83 51.21 357.86;0.3321 9 1116.56 460.27 46.84 16.13 345.39;0.3278 9 701.18 458.31 78.35 26.10 350.46;0.3252 1 212.79 424.32 76.96 29.36 351.41;0.3225 1 1178.88 82.70 75.72 56.84 0.75;0.3203 1 1593.97 657.33 59.13 65.20 11.38;0.3096 8 1056.80 390.34 37.45 35.08 5.46;0.2946 1 1365.76 628.42 75.90 45.80 6.85;0.2925 9 1476.86 460.15 40.37 13.43 352.83;0.2881 1 1123.85 997.60 38.39 50.08 4.25;0.2619 1 282.01 423.25 89.86 49.64 1.44;0.2579 1 1180.19 625.05 68.06 30.15 355.24
v_f1lh7z872p_0015,0.6770 1 1000.56 389.97 61.04 88.46 346.76;0.6043 1 98.93 489.43 80.12 59.71 347.03;0.5655 1 999.11 930.98 36.75 75.41 354.84;0.4968 1 1358.20 628.12 46.76 62.09 350.43;0.4397 1 1177.13 526.39 41.62 47.19 339.54;0.3530 9 1655.52 527.17 50.41 27.78 1.40;0.3209 1 941.83 85.35 47.89 90.79 354.88;0.3190 1 97.80 463.80 68.37 42.86 352.44;0.3071 1 1416.77 627.67 56.30 61.68 7.31;0.2809 1 1356.43 761.17 80.35 60.34 344.72;0.2765 1 1237.29 595.19 30.95 67.00 346.30;0.2591 7 1057.39 425.25 76.35 73.00 4.80;0.2566 7 1118.35 526.96 65.11 76.91 7.65;0.2543 7 1056.56 393.65 129.99 119.80 0.42
v_30pmnl0zcr_0017,0.9821 1 1779.95 528.62 70.80 37.15 357.75;0.9597 1 995.40 222.86 33.84 65.50 359.55;0.9590 1 581.50 561.41 81.14 48.72 6.08;0.9528 1 999.58 864.89 35.18 74.04 341.66;0.9305 1 1895.31 593.09 75.48 49.99 4.51;0.8998 1 1297.58 592.67 80.26 42.83 359.26;0.8910 1 995.28 55.54 31.28 86.05 1.39;0.8645 1 996.79 1065.96 26.74 40.21 344.95;0.7622 1 1423.40 592.11 66.26 43.85 359.37;0.7542 1 1236.44 492.31 68.15 48.62 3.75;0.6700 1 939.06 996.92 30.87 83.16 351.90;0.6444 1 994.35 895.71 36.10 114.01 352.48;0.6423 1 880.94 796.68 41.33 80.99 341.80;0.6294 1 997.49 965.21 30.29 119.74 343.05;0.5165 1 878.96 827.74 56.32 105.32 334.44;0.4587 1 1418.05 425.49 41.10 61.40 2.21;0.4373 1 1059.42 1032.86 25.38 157.36 337.12;0.4320 1 935.92 728.02 31.40 55.77 338.02;0.4121 1 944.68 898.23 16.39 60.96 328.70;0.4084 7 37.85 528.68 86.43 61.54 15.45;0.3755 1 880.73 357.96 37.66 55.40 5.89;0.3746 1 1845.79 590.70 53.47 59.04 6.30;0.3630 9 814.56 493.41 34.97 21.12 354.84;0.3248 1 1056.55 1064.18 26.95 61.05 359.23;0.3023 1 993.46 118.39 25.94 77.46 9.28;0.3009 1 1297.49 562.18 45.49 40.47 347.94;0.3006 1 1902.13 525.84 23.77 32.77 9.53;0.2956 1 877.16 933.14 26.28 99.16 336.58;0.2858 1 817.19 898.53 19.45 110.41 0.97;0.2602 1 92.09 528.57 50.93 51.39 351.80;0.2602 1 1542.08 593.08 79.31 44.02 7.75;0.2593 1 933.29 761.00 21.32 52.55 341.38;0.2551 9 816.46 460.18 38.71 24.17 357.72;0.2548 1 815.68 830.92 20.63 126.78 12.64;0.2501 1 814.93 763.13 27.34 79.41 3.27
v_dp3dwhfdws_0028,0.9701 1 1242.10 523.94 75.02 36.36 354.26;0.9596 1 993.00 54.42 37.62 83.47 3.09;0.9180 1 1713.86 492.41 86.79 39.93 355.09;0.9069 1 34.50 493.40 43.40 43.61 6.61;0.8870 1 1292.17 525.43 79.37 53.19 358.86;0.8657 1 1595.42 528.33 104.35 33.48 348.82;0.8654 1 1663.86 491.99 48.64 39.91 5.58;0.8220 1 937.96 356.81 35.89 80.39 6.86;0.8128 1 933.90 797.14 39.38 75.21 0.67;0.7827 1 331.16 530.52 58.22 54.08 5.62;0.7705 1 1055.44 120.85 30.09 55.33 345.63;0.7277 1 282.43 529.64 76.16 46.93 3.69;0.7009 1 1354.67 591.74 75.57 43.51 349.56;0.6714 1 1542.97 526.50 71.71 33.09 353.44;0.6431 1 1240.27 495.84 69.02 30.20 342.07;0.6420 1 872.06 593.82 47.67 38.97 0.86;0.6355 1 999.85 729.07 31.74 59.41 348.03;0.6202 1 942.90 188.67 40.18 68.12 343.03;0.6045 1 1833.01 564.37 94.30 47.63 348.69;0.5873 1 332.92 558.63 80.08 71.25 359.80;0.5449 1 282.92 556.69 67.07 32.37 7.12;0.5307 1 515.83 726.79 59.81 63.20 7.79;0.5144 1 935.12 965.47 31.43 101.80 0.49;0.5044 1 1114.61 1063.10 26.23 55.96 350.75;0.4983 1 454.64 764.35 48.41 101.95 4.76;0.4944 1 935.50 997.99 25.18 87.30 13.54;0.4851 1 1599.65 593.26 65.19 54.84 5.22;0.4762 1 937.56 326.35 26.64 84.04 4.40;0.4718 1 456.23 797.50 33.91 120.14 11.48;0.4658 1 935.06 828.24 35.58 82.83 359.15;0.4652 1 1058.34 695.34 43.82 57.35 341.49;0.4062 1 1301.31 592.00 53.67 40.35 344.67;0.4028 1 1116.25 1031.51 20.67 115.86 354.13;0.3552 1 997.02 21.50 35.31 80.65 2.30;0.3461 1 1833.37 592.52 62.75 81.15 357.22;0.3403 1 1784.00 591.20 47.81 51.27 12.87;0.3395 1 1295.94 494.42 55.90 57.73 357.22;0.3347 2 1472.32 563.55 83.99 50.63 358.45;0.3327 9 817.46 493.96 34.99 21.81 3.34;0.3282 1 935.62 119.25 69.60 55.59 3.21;0.3220 7 461.92 729.53 56.35 127.65 3.59;0.3163 8 1115.18 594.65 63.87 28.39 348.38;0.3153 9 817.17 526.40 39.86 22.00 9.37;0.3134 1 1056.08 728.36 39.61 53.10 341.47;0.3096 1 1062.97 221.40 47.58 45.45 356.69;0.3024 1 1655.01 592.59 69.19 66.80 353.40;0.2901 1 817.11 763.13 54.41 75.47 350.50;0.2873 1 1783.52 561.90 48.98 30.90 352.01;0.2839 1 996.50 1068.29 17.69 21.75 313.87;0.2817 1 935.15 389.40 26.58 36.44 14.70;0.2806 1 1421.16 562.50 76.04 58.76 4.17;0.2715 8 990.91 188.76 30.62 52.13 350.17;0.2715 1 942.60 219.37 39.38 62.82 358.58;0.2666 1 1056.74 154.73 25.39 57.18 349.39
v_b9y35x9ivz_0001,0.9927 1 1774.69 460.33 76.53 43.47 5.63;0.9728 1 813.72 525.24 80.77 36.94 355.19;0.9583 1 873.93 462.26 98.23 44.19 357.07;0.9494 1 340.00 457.05 103.40 42.14 0.53;0.9439 1 1534.42 460.93 61.17 40.85 7.91;0.9412 1 1471.62 528.39 68.63 44.34 7.19;0.9223 1 1422.05 526.75 53.68 40.52 4.67;0.9128 1 512.24 460.04 96.47 38.40 354.22;0.9019 1 1656.62 523.77 81.64 62.88 19.10;0.8945 1 994.78 524.45 49.31 69.25 3.92;0.8789 1 1302.06 459.31 86.55 35.58 359.94;0.8784 1 634.72 457.32 103.30 48.26 347.47;0.8424 1 393.08 457.36 97.13 43.53 352.84;0.8398 1 1179.26 458.65 81.14 41.41 3.25;0.8367 2 151.42 458.95 87.28 48.10 357.72;0.8240 1 1779.96 529.58 105.00 46.94 352.09;0.8119 1 753.27 461.59 100.16 38.88 351.18;0.7523 1 996.60 494.47 52.03 73.08 359.16;0.7348 1 996.18 1032.93 27.46 101.92 358.00;0.7243 1 1900.94 460.55 16.72 32.68 4.02;0.7227 1 994.45 629.03 33.50 76.58 358.90;0.7082 1 462.15 458.79 90.99 36.01 0.46;0.6982 1 36.61 595.14 35.38 75.54 0.92;0.6837 1 1778.58 557.70 55.73 59.02 12.28;0.6818 1 1899.79 591.73 41.29 55.97 25.01;0.6808 1 1481.85 458.68 61.29 47.32 5.90;0.6406 1 38.62 524.68 53.84 54.98 1.25;0.6334 1 1350.98 459.71 80.63 41.46 354.97;0.6185 1 1116.67 460.44 64.59 55.76 7.88;0.6135 1 937.80 424.94 70.11 51.38 358.25;0.6077 1 995.94 659.78 34.24 76.74 349.89;0.5870 1 581.77 458.74 68.02 33.94 6.28;0.5808 1 1657.28 495.63 44.30 45.95 2.09;0.5696 1 876.95 488.63 83.57 51.96 0.86;0.5599 1 1725.27 458.60 54.60 53.69 15.37;0.5571 1 1053.71 425.48 71.25 49.84 350.43;0.5385 1 758.42 525.75 62.51 51.92 356.89;0.5370 1 1058.83 696.00 32.54 57.40 343.85;0.5240 1 39.25 495.57 44.76 36.21 349.22;0.4894 1 1718.48 592.02 55.16 47.53 359.52;0.4823 1 1900.66 527.03 17.55 45.72 357.57;0.4685 1 817.27 492.41 53.08 37.98 344.96;0.4642 1 1233.26 458.98 81.24 37.17 346.25;0.4608 1 37.39 561.99 37.79 54.75 0.56;0.4491 1 995.98 87.27 44.35 91.93 14.12;0.4313 1 1659.24 591.85 51.02 74.09 5.51;0.4239 9 1898.74 493.07 26.96 22.01 34.33;0.4122 1 999.41 930.32 35.25 91.00 349.80;0.4034 1 1478.91 391.54 96.54 36.24 358.15;0.3982 1 999.68 899.97 29.57 74.19 347.14;0.3949 1 1000.66 424.05 73.35 46.91 354.43;0.3945 1 996.06 1064.13 27.83 62.82 356.67;0.3870 1 1779.98 392.66 82.24 31.60 352.79;0.3725 1 938.15 53.11 37.21 62.33 2.17;0.3715 1 999.44 795.62 38.33 64.72 349.53;0.3593 1 1532.22 592.44 61.67 63.78 355.27;0.3591 1 821.47 460.91 80.41 30.32 358.19;0.3562 1 1603.53 524.13 45.78 48.35 17.04;0.3538 1 518.27 525.01 60.97 43.32 1.85;0.3476 1 1475.76 493.30 32.83 41.99 358.61;0.3201 1 938.75 594.92 25.47 51.14 1.69;0.3187 1 460.38 526.17 54.43 48.60 3.46;0.3147 1 995.22 965.73 30.46 110.34 356.12;0.3147 1 939.10 392.03 33.62 42.76 358.33;0.3060 1 1597.86 629.75 31.31 69.67 4.73;0.3042 1 1600.39 424.11 56.37 64.35 3.42;0.3023 1 104.67 459.69 69.41 54.34 1.16;0.2976 1 938.97 290.39 42.87 47.34 345.51;0.2930 1 1483.28 592.39 45.55 55.73 357.90;0.2880 1 1117.47 527.12 39.96 72.00 9.36;0.2852 1 1304.44 594.87 40.00 82.45 9.41;0.2848 1 1833.40 393.86 80.26 32.87 339.02;0.2846 9 817.80 425.40 60.14 27.12 3.71;0.2805 1 1118.78 492.57 43.69 49.93 4.28;0.2780 1 1536.46 491.58 47.30 45.13 357.38;0.2755 1 1356.33 595.69 56.92 76.79 19.17;0.2751 1 217.57 525.24 45.23 39.87 348.48;0.2668 1 754.45 491.89 40.34 43.96 337.66;0.2657 1 1478.79 562.78 42.95 44.05 348.31;0.2545 1 941.73 627.83 26.88 78.66 6.72
v_at0nazxy83_0046,0.9809 1 98.03 527.72 67.48 43.76 352.18;0.9253 1 881.62 490.47 49.00 55.70 1.70;0.9182 1 942.11 358.42 32.29 87.25 1.42;0.8439 1 881.21 462.51 44.88 68.89 5.43;0.7738 1 36.60 490.31 55.21 48.21 27.89;0.7336 1 1355.06 563.67 60.20 57.31 343.37;0.7046 1 931.11 491.28 56.90 67.81 352.55;0.6921 1 942.21 389.45 25.76 54.98 0.03;0.6653 1 933.92 796.32 37.89 75.36 1.18;0.6393 1 991.88 359.08 30.73 76.66 357.36;0.6287 1 993.60 390.53 31.68 64.89 346.38;0.6015 1 931.50 461.71 38.88 63.69 3.19;0.5898 1 1056.37 695.78 37.64 65.88 342.34;0.5669 1 1480.29 560.87 71.94 49.10 355.19;0.5467 1 1057.61 663.39 50.41 45.26 351.33;0.5246 1 1782.95 561.49 66.04 45.99 9.50;0.5203 1 1298.60 494.57 33.06 62.16 358.11;0.4856 1 1063.24 187.45 31.02 87.14 1.73;0.4736 1 1355.02 589.57 67.08 57.68 355.53;0.4724 1 1000.27 728.55 31.59 62.06 355.89;0.4456 1 1055.77 728.28 40.92 71.18 345.11;0.4317 1 872.44 593.82 53.65 36.39 354.81;0.3969 1 816.97 561.36 69.36 38.37 358.02;0.3939 1 934.96 964.17 33.23 81.07 3.96;0.3700 1 1600.34 562.65 87.11 45.26 1.58;0.3660 1 35.05 461.92 49.41 45.98 353.89;0.3361 1 1297.50 526.69 38.34 61.43 0.13;0.3344 1 1060.60 221.11 44.60 49.24 359.34;0.3178 1 999.09 696.06 30.85 65.95 359.50;0.2841 1 1832.25 562.68 83.67 44.03 348.19;0.2797 1 1059.95 155.01 33.50 74.37 359.97
v_5zheze2kjr_0009,0.9873 1 1060.37 224.98 81.00 27.31 349.99;0.9847 1 635.90 1031.27 101.04 37.75 350.25;0.9841 1 458.37 455.28 125.12 36.46 0.02;0.9830 1 336.87 393.26 79.33 28.59 352.86;0.9829 1 1181.53 288.16 80.03 38.69 358.33;0.9742 1 1354.89 287.67 86.21 36.21 354.90;0.9722 1 458.39 287.64 77.44 42.93 355.97;0.9709 1 758.92 455.74 71.45 42.15 357.24;0.9677 1 1000.14 456.38 89.94 39.73 355.98;0.9672 1 570.62 492.72 65.57 43.20 0.87;0.9666 1 1420.93 558.41 80.26 42.70 358.25;0.9660 1 1482.50 392.33 74.83 27.68 351.42;0.9647 1 995.84 288.10 85.22 41.28 352.88;0.9611 1 1415.16 596.32 104.96 28.04 344.92;0.9597 1 752.27 393.09 77.86 31.57 348.70;0.9556 1 1412.54 323.81 78.38 40.66 358.65;0.9523 1 758.74 427.93 69.85 35.45 343.48;0.9505 1 272.92 456.97 76.95 47.12 351.21;0.9490 1 1530.93 393.46 59.38 31.05 346.50;0.9444 1 161.74 286.32 91.31 45.06 351.89;0.9414 1 933.67 898.74 26.94 102.63 357.47;0.9351 1 458.63 394.09 68.58 27.88 347.32;0.9329 1 153.54 457.34 72.27 48.17 349.73;0.9296 1 1054.62 392.78 79.48 33.47 348.62;0.9262 1 93.16 391.96 84.68 35.45 344.51;0.9245 1 701.21 392.95 83.36 27.10 355.44;0.9204 1 1051.01 457.17 78.70 47.73 0.11;0.9159 1 1360.21 428.69 105.09 35.05 347.32;0.9078 1 1658.43 287.65 76.60 40.22 348.12;0.9062 1 522.06 224.09 67.22 33.65 357.30;0.9039 1 392.63 324.28 67.00 41.87 3.73;0.8975 1 702.59 492.44 71.77 28.06 357.68;0.8960 1 1359.26 454.52 100.73 41.10 348.86;0.8876 1 210.05 287.91 86.64 60.08 353.07;0.8809 1 460.21 427.06 64.22 27.64 354.81;0.8793 7 279.16 493.44 79.75 40.77 352.00;0.8784 1 873.07 624.70 51.42 62.81 356.93;0.8750 1 570.93 225.38 56.45 32.96 2.74;0.8725 1 932.80 1030.83 40.04 81.77 354.19;0.8703 1 749.78 493.03 82.22 31.12 353.79;0.8661 1 512.37 457.03 66.37 45.85 349.29;0.8532 1 573.42 152.35 67.22 48.97 359.54;0.8391 1 1231.78 288.81 66.64 55.58 0.56;0.8360 1 1355.21 258.74 85.10 29.98 345.50;0.8152 1 816.89 122.99 75.39 36.65 353.68;0.8139 1 934.66 1000.54 25.53 93.19 2.83;0.8121 1 42.93 392.07 59.94 37.43 4.07;0.8105 1 1545.00 490.97 96.24 31.22 0.20;0.8077 1 1176.63 624.49 92.82 47.23 350.79;0.7887 1 873.20 595.79 39.06 82.24 0.78;0.7858 1 1470.94 557.56 70.60 45.22 355.74;0.7825 1 523.21 492.03 65.45 40.05 354.36;0.7656 1 1593.04 490.63 79.94 49.65 4.10;0.7342 1 1407.90 428.83 76.87 34.25 353.40;0.7297 1 160.32 259.80 93.61 27.99 347.40;0.7296 2 1357.85 224.40 98.49 35.81 358.33;0.7185 1 1412.61 455.26 81.58 44.31 356.95;0.7081 1 1177.10 598.33 71.77 33.77 342.59;0.6856 1 1780.82 596.05 105.10 35.10 352.19;0.6696 1 223.02 456.48 56.00 35.08 14.76;0.6660 1 634.07 1001.18 79.21 30.13 342.88;0.6652 1 149.83 489.75 76.28 42.43 354.52;0.6640 1 1111.00 225.91 72.35 32.87 350.00;0.6586 1 1000.49 392.35 82.63 38.54 0.91;0.6438 1 1303.77 287.25 67.19 28.81 358.63;0.6363 1 104.36 458.37 48.64 39.40 354.08;0.5969 1 934.58 865.70 33.88 86.87 359.06;0.5683 1 823.21 288.54 80.11 48.32 358.04;0.5619 1 1361.72 323.97 82.40 34.16 0.34;0.5579 9 575.94 392.84 37.64 13.93 346.89;0.5546 1 522.62 152.15 89.09 44.70 358.08;0.5468 1 1056.38 425.28 49.97 38.81 339.75;0.5451 1 398.50 394.58 76.31 26.24 356.26;0.5197 1 1057.51 863.42 56.57 59.55 345.62;0.5168 1 1058.06 123.05 53.38 54.67 333.61;0.5142 7 1533.84 289.94 67.72 25.57 359.98;0.5055 7 573.59 124.86 82.84 50.96 345.55;0.5036 1 1475.31 289.55 61.33 27.71 344.02;0.4961 2 872.96 288.23 92.58 48.52 359.90;0.4697 7 1481.22 258.44 94.86 38.37 355.82
v_7zs7ujez77_0049,0.9688 1 161.42 557.92 84.43 44.07 3.53;0.9555 1 575.99 493.63 36.40 74.18 70.15;0.9380 1 1002.03 54.07 32.85 106.28 349.41;0.9336 1 34.88 491.06 44.75 44.79 36.22;0.8706 1 1354.14 591.54 71.53 42.61 352.49;0.7031 1 998.83 324.46 35.12 79.85 5.76;0.6954 1 1299.25 495.06 33.71 77.21 358.63;0.6885 1 942.72 324.24 32.10 89.24 7.51;0.6866 1 211.91 558.69 63.02 49.16 348.47;0.6809 1 1600.04 592.75 85.98 46.21 5.34;0.6728 1 278.88 626.40 100.99 40.29 353.51;0.6131 1 932.91 797.14 39.37 71.02 359.42;0.6122 1 934.12 965.67 35.61 81.73 0.19;0.6111 1 1478.53 562.74 87.60 41.81 350.97;0.5875 1 1053.87 290.83 35.25 79.65 353.77;0.5694 1 1057.77 695.31 46.11 60.37 342.74;0.5432 1 1002.38 290.85 27.54 97.72 16.29;0.5148 1 1298.12 525.69 44.93 64.96 355.66;0.5147 1 814.11 560.74 59.70 43.54 359.96;0.5042 1 1051.59 323.87 34.39 77.43 342.26;0.4680 1 1063.47 187.69 27.39 68.24 357.32;0.4664 1 1782.86 591.42 71.69 47.16 11.99;0.4644 1 815.53 528.05 47.99 31.50 4.68;0.4240 1 1832.22 564.69 98.08 44.05 352.61;0.4157 1 1000.72 23.05 32.24 56.23 351.86;0.4090 1 1301.02 591.96 60.18 52.73 355.81;0.4074 7 939.08 356.62 34.05 59.11 0.88;0.3999 1 1782.38 562.84 76.96 34.44 356.62;0.3266 1 1477.27 591.10 61.58 47.18 351.77;0.3227 1 996.92 356.16 22.34 68.29 353.72;0.3005 1 935.68 120.05 51.75 51.15 4.23;0.2993 9 818.10 493.60 27.18 22.12 356.51;0.2988 1 1056.69 728.13 34.60 69.84 337.33;0.2867 1 934.00 997.01 25.66 75.71 9.26;0.2725 1 1062.76 222.21 31.89 54.99 356.76;0.2608 1 216.18 627.48 54.32 37.81 359.18
v_13rzcztzn2_0010,0.9629 1 632.15 526.03 79.34 44.82 342.79;0.8172 1 95.32 461.25 94.03 41.74 350.68;0.8048 1 582.02 525.72 97.74 51.14 349.94;0.6158 1 1233.41 794.85 68.79 44.20 347.12;0.5096 1 1178.08 526.45 45.79 47.28 341.01;0.3919 1 1240.58 596.99 36.88 69.49 345.19;0.3340 9 1658.77 527.59 48.05 27.18 352.58;0.3234 1 1237.75 626.41 50.60 73.80 334.43;0.3132 1 1655.40 560.74 65.55 30.90 353.56;0.2835 1 95.38 489.86 51.98 38.53 345.47;0.2574 1 1416.51 629.10 48.04 70.83 3.10;0.2523 8 991.12 762.90 45.99 76.10 351.95
v_0s8cb4es83_0018,0.9917 1 577.10 1002.29 81.64 29.37 345.24;0.9890 1 456.07 425.07 95.50 29.64 356.86;0.9879 1 693.31 490.03 85.15 41.37 349.77;0.9855 1 631.13 426.63 85.40 28.09 354.15;0.9854 1 1420.49 254.01 82.40 42.01 351.29;0.9725 1 1415.50 590.71 82.74 45.10 356.98;0.9724 1 581.64 426.68 101.04 23.42 352.97;0.9676 1 635.91 388.73 120.64 40.12 344.48;0.9648 1 1600.93 191.46 89.46 34.76 351.43;0.9636 1 1775.10 190.31 90.07 38.88 0.65;0.9632 1 400.89 424.78 80.85 28.02 356.47;0.9629 1 515.11 488.76 80.47 45.12 359.35;0.9578 1 514.50 426.57 77.04 27.33 355.77;0.9513 1 1659.21 251.86 91.00 41.33 353.64;0.9431 1 218.67 488.57 99.96 41.76 357.50;0.9378 1 338.54 461.36 70.10 44.82 356.49;0.9338 1 818.88 389.53 101.68 37.62 356.08;0.9328 1 514.99 460.58 68.77 27.70 349.68;0.9307 1 330.68 427.47 78.29 24.88 352.75;0.9303 1 642.47 492.22 82.69 29.46 355.62;0.9287 1 1234.65 291.82 50.87 46.27 2.23;0.9211 1 877.07 320.57 74.04 48.74 353.03;0.9191 1 876.48 293.79 84.42 38.83 342.46;0.9162 1 217.33 460.89 82.10 37.71 352.88;0.8965 1 993.55 797.74 44.81 55.63 350.70;0.8957 1 452.54 388.27 84.76 31.16 345.89;0.8946 1 1420.40 527.29 77.89 34.95 354.56;0.8913 1 1419.10 561.21 78.16 37.28 336.49;0.8903 1 1114.43 118.86 65.08 45.11 351.95;0.8847 1 1590.30 524.26 92.32 40.32 351.36;0.8717 1 1357.93 291.27 64.39 29.63 343.28;0.8648 1 336.38 387.43 127.31 32.96 343.54;0.8642 1 817.06 87.01 68.02 29.93 355.32;0.8638 1 1240.06 192.39 83.36 33.03 353.69;0.8478 1 339.91 487.71 93.32 37.09 356.79;0.8345 1 1478.97 191.53 89.51 31.52 347.48;0.8296 1 278.31 427.23 93.05 19.85 354.12;0.8228 1 515.42 1067.66 63.70 25.01 347.04;0.8223 1 1781.26 562.40 83.27 28.23 346.61;0.8022 1 1059.74 1034.12 76.57 48.15 345.83;0.7989 1 1542.07 290.23 99.89 28.16 349.01;0.7852 1 1412.72 222.40 71.04 39.41 336.05;0.7781 1 1712.34 254.22 70.13 27.39 340.51;0.7754 1 1001.57 222.35 67.49 38.98 357.78;0.7656 1 1541.96 256.85 78.76 28.01 4.14;0.7638 7 1053.46 256.37 61.60 43.37 347.56;0.7572 1 155.99 426.61 97.54 32.63 354.18;0.7463 1 101.52 121.19 81.45 40.72 346.08;0.7411 1 1545.51 525.72 84.24 32.94 2.73;0.7394 1 1590.96 292.32 68.05 32.28 356.95;0.7380 1 1833.97 562.40 79.87 54.46 354.31;0.7309 1 1894.34 190.07 62.28 30.52 357.36;0.7278 1 337.26 360.64 88.18 26.46 348.69;0.7248 1 581.85 389.26 82.67 29.30 354.65;0.7133 1 1470.80 253.94 82.89 26.26 6.03;0.6932 1 1241.00 219.26 60.53 44.03 358.22;0.6906 1 215.07 427.50 88.51 25.90 355.43;0.6802 1 995.00 828.76 55.23 66.26 353.70;0.6787 1 150.13 121.94 76.06 44.16 337.22;0.6662 1 1178.85 593.25 85.91 37.75 352.38;0.6540 1 1835.18 527.52 81.95 45.24 352.78;0.6515 1 1362.08 192.26 60.62 32.76 357.14;0.6434 1 1468.86 527.42 76.64 39.34 352.89;0.6338 1 1295.31 255.86 73.50 46.48 358.69;0.6109 1 1292.17 223.44 61.57 62.53 355.42;0.5963 1 1780.02 589.49 75.35 27.31 345.02;0.5907 1 1360.37 733.28 92.16 29.74 339.72;0.5786 2 1715.53 525.76 93.62 40.38 2.04;0.5637 1 1648.34 191.39 87.88 31.73 347.82;0.5494 1 1658.08 225.41 53.94 20.73 337.69;0.5490 1 461.41 491.34 87.22 19.01 359.79;0.5471 7 1056.28 192.21 78.78 83.48 357.34;0.5462 1 815.96 360.27 58.03 22.60 342.05;0.5253 9 994.92 426.86 47.40 19.53 354.56;0.5150 1 272.15 489.85 85.67 33.03 346.47;0.5091 1 457.00 1068.55 61.16 20.95 349.58;0.5084 2 1055.69 221.72 66.89 67.28 356.23;0.5042 2 95.31 425.09 108.29 44.75 353.16;0.4947 1 997.48 324.03 56.47 31.52 357.50;0.4862 1 576.52 1027.11 70.02 33.70 344.22
v_q2xw9bmkzp_0037,0.9688 1 521.58 1030.09 95.82 32.17 343.94;0.9671 1 1419.48 559.33 77.58 38.81 356.15;0.9504 1 933.02 898.19 35.84 73.41 359.73;0.9476 1 1416.30 595.87 99.40 32.75 341.20;0.9120 1 992.95 830.72 48.19 86.30 346.90;0.8804 1 570.19 1030.50 85.48 37.50 336.49;0.8642 1 1780.54 595.55 85.38 30.13 342.53;0.8038 1 994.71 999.55 47.01 66.40 349.84;0.7938 1 1779.72 623.26 78.88 32.05 345.14;0.7744 1 1177.27 624.89 89.74 46.01 353.85;0.7558 1 939.46 526.85 67.15 48.85 348.64;0.7345 1 931.73 928.69 40.41 70.72 0.05;0.7319 1 933.78 662.26 41.03 77.41 344.63;0.7148 1 1059.03 862.55 51.22 53.68 345.62;0.7052 1 878.47 392.55 57.23 42.86 346.67;0.6860 1 97.94 1068.28 69.55 32.16 350.85;0.6511 1 1060.28 123.10 68.21 49.37 338.03;0.5956 1 1058.26 1063.72 43.39 34.98 356.00;0.5474 2 1713.33 560.15 116.42 45.75 357.15;0.5381 1 1177.74 598.38 62.28 31.64 343.73;0.5281 1 1779.43 561.78 83.76 38.12 358.24;0.5278 1 37.66 1067.59 59.10 33.33 350.11;0.4881 1 1830.93 562.11 87.91 43.91 351.17;0.4838 7 458.26 124.14 99.59 40.14 349.76;0.4472 9 277.11 120.82 46.77 18.98 348.45;0.4463 1 996.11 863.28 30.01 92.24 351.75;0.4434 1 1834.21 596.14 64.94 59.61 355.49;0.4296 7 514.52 153.04 75.26 46.80 1.17;0.4289 1 1469.81 559.39 55.84 32.48 354.63;0.4215 1 1360.09 765.85 95.76 35.23 337.81;0.4156 9 576.31 391.97 41.80 13.27 342.53;0.4123 1 518.22 999.58 61.53 23.36 344.75;0.3972 9 1596.38 595.71 43.28 11.73 348.86;0.3969 1 883.57 897.84 34.05 57.46 19.77;0.3939 1 151.53 1068.60 57.28 28.43 346.69;0.3879 7 944.27 830.18 32.67 58.54 359.50;0.3854 7 878.08 795.36 68.81 34.25 21.74;0.3786 9 816.78 493.56 42.93 17.08 1.35;0.3744 7 513.19 124.62 81.87 46.73 344.34;0.3473 1 877.13 423.64 58.51 34.14 351.68;0.3406 9 155.64 120.28 38.87 16.29 349.88;0.3387 1 941.52 999.57 39.54 60.73 2.89;0.3330 1 1119.05 20.53 54.11 33.15 346.49;0.3320 7 1835.43 624.89 127.89 56.42 354.19;0.3310 1 994.72 797.94 51.51 65.89 353.59;0.3178 9 1177.97 393.03 47.32 14.46 340.76;0.3177 9 999.10 256.46 58.63 17.55 347.12;0.3152 9 1180.50 224.18 40.26 15.10 345.59;0.3136 1 882.66 930.01 37.76 40.98 9.32;0.3105 9 1535.32 122.13 51.83 21.19 348.24;0.3075 1 1059.42 152.66 78.61 48.74 2.60;0.3068 1 932.90 691.69 35.95 75.39 346.06;0.3040 1 1058.68 1033.36 48.58 70.56 335.10;0.2942 1 453.67 1069.20 62.26 17.07 351.72;0.2913 9 1235.52 224.67 53.42 15.80 344.74;0.2897 1 572.91 998.91 62.70 27.54 345.70;0.2831 9 577.16 425.45 43.90 13.00 345.51;0.2782 1 941.30 863.90 21.91 52.67 358.16;0.2767 7 576.58 1067.10 56.60 25.80 353.23;0.2754 1 1897.26 627.00 77.53 42.10 12.30;0.2737 9 940.05 495.85 32.55 17.58 351.32;0.2732 9 1055.32 223.61 46.88 12.96 342.06;0.2514 9 880.12 966.06 30.00 21.70 359.54;0.2502 9 999.37 290.47 44.81 15.86 353.00
v_4j4yizs3uu_0023,0.9795 1 334.57 528.59 55.59 49.36 20.54;0.9684 1 98.93 493.26 60.16 41.90 3.41;0.9463 1 998.66 288.34 25.32 97.50 345.65;0.9088 1 40.30 561.31 58.64 45.68 1.74;0.8884 1 1001.15 123.53 26.33 82.97 353.67;0.8689 1 999.02 152.25 23.20 92.67 4.83;0.8357 1 1004.12 899.87 27.04 68.42 340.54;0.7587 1 90.62 562.25 70.11 39.73 1.38;0.7579 1 942.64 189.51 29.47 74.14 355.06;0.7568 1 1898.29 494.98 45.22 32.81 3.65;0.7514 1 1000.02 22.31 43.49 46.82 351.81;0.7477 1 1003.54 928.04 37.89 78.61 347.74;0.6516 1 941.26 219.23 35.60 70.59 7.83;0.6415 1 284.30 527.31 61.45 55.95 18.74;0.5715 1 164.02 624.38 72.75 36.36 345.88;0.5674 1 1354.66 590.52 74.36 51.96 352.75;0.5515 1 936.53 964.12 36.74 78.69 354.36;0.5465 1 1782.50 561.66 77.19 40.72 4.79;0.5350 1 1598.21 592.35 83.93 69.62 7.07;0.5000 1 933.61 795.62 42.94 68.37 2.33;0.4850 1 996.38 320.53 29.15 93.29 9.02;0.4577 1 1063.46 997.28 27.51 80.62 347.64;0.4568 1 937.26 324.74 21.08 69.92 5.93;0.4509 1 1298.84 494.46 40.83 58.28 358.64;0.4492 1 1898.57 525.12 59.26 38.47 11.28;0.4449 1 1300.62 590.96 58.91 49.22 353.39;0.4246 1 1000.26 49.77 37.60 90.82 8.59;0.4165 1 1058.47 695.12 39.31 65.63 338.80;0.4150 1 1061.54 1065.33 25.83 49.70 359.71;0.4077 1 937.27 357.59 22.55 51.96 11.76;0.4067 1 936.08 996.08 25.96 77.80 14.61;0.4020 9 815.48 527.00 41.17 23.91 4.16;0.3744 1 1355.06 563.60 52.38 57.46 349.52;0.3731 1 1420.62 561.73 65.84 61.70 2.29;0.3718 1 39.05 594.33 60.01 29.63 346.91;0.3649 1 1052.79 897.15 31.69 76.76 7.79;0.3589 1 157.19 423.71 48.88 53.35 356.55;0.3504 7 1297.97 526.75 46.96 51.01 353.38;0.3500 1 1831.11 562.90 89.42 34.52 348.01;0.3495 1 1061.79 221.80 34.86 61.58 341.05;0.3388 1 1473.15 561.70 88.26 56.21 0.42;0.3360 1 1058.16 966.06 25.02 54.14 329.35;0.3091 1 1051.37 930.82 33.13 75.83 342.86;0.3050 1 215.84 358.98 59.66 61.25 357.17;0.2878 1 1421.37 627.46 27.76 99.50 3.44;0.2732 1 213.43 625.31 68.46 68.99 347.20;0.2533 1 1600.09 562.98 71.62 41.17 358.21
v_1rfeli831e_0008,0.9452 1 213.86 496.68 63.55 46.78 358.64;0.9383 1 999.50 51.68 41.05 85.71 1.82;0.9354 1 214.11 523.54 67.80 73.51 9.95;0.9257 1 156.97 560.83 69.50 34.78 352.72;0.8865 1 695.21 527.34 65.13 46.57 6.16;0.8437 1 162.38 524.63 59.02 57.38 9.98;0.8314 1 1000.18 325.90 31.68 80.93 3.00;0.7928 1 1000.94 356.73 32.75 83.70 354.81;0.7892 1 402.43 495.84 53.10 46.33 19.94;0.7843 1 448.46 495.12 52.99 70.85 27.75;0.7565 1 999.55 22.18 36.97 61.18 350.15;0.7468 1 942.04 188.26 34.02 86.49 346.04;0.7150 1 399.89 520.87 69.29 37.02 7.29;0.6339 1 933.71 797.05 38.54 78.23 2.51;0.6183 1 1355.71 590.32 70.86 49.36 354.22;0.6100 1 1058.33 695.44 41.05 64.07 341.14;0.5876 1 1782.92 561.96 76.13 38.72 358.88;0.5832 1 1599.73 592.57 81.83 61.59 4.27;0.5469 1 643.81 526.29 67.30 40.87 6.93;0.5332 1 941.31 218.72 42.31 66.97 1.03;0.5201 1 1832.66 563.77 98.11 39.11 348.12;0.4963 1 1298.36 494.09 40.70 61.43 358.34;0.4730 1 213.06 624.75 71.61 52.57 343.10;0.4375 1 1052.76 357.44 33.06 84.46 336.65;0.4236 9 815.80 526.59 32.01 17.48 355.15;0.4157 1 935.10 964.85 31.57 93.05 0.51;0.4102 1 999.13 728.81 32.22 54.43 351.02;0.3933 1 1114.67 1063.77 23.70 58.82 353.33;0.3660 1 999.46 389.10 26.13 58.37 359.42;0.3583 1 1056.36 728.31 37.39 64.04 342.13;0.3379 1 454.15 764.09 46.93 113.96 3.56;0.3366 1 36.36 597.48 64.26 36.27 339.32;0.3292 1 1422.10 627.99 33.00 87.91 359.00;0.3190 1 935.57 996.87 24.21 83.61 14.31;0.3190 1 935.33 119.82 60.03 62.79 6.46;0.3043 1 939.54 357.35 27.23 61.92 1.62;0.3010 1 449.74 522.84 59.36 49.50 15.56;0.2995 1 1356.66 563.74 47.98 55.22 347.04;0.2984 1 1061.65 220.33 53.27 63.98 349.52;0.2977 1 1297.30 526.06 45.96 54.80 357.90;0.2894 1 937.64 324.37 33.80 81.63 4.32;0.2890 1 1063.12 997.88 33.83 83.57 358.53;0.2882 1 935.51 828.01 31.49 89.34 357.40;0.2823 1 1300.57 591.42 57.08 55.46 353.67;0.2784 2 1473.78 562.39 89.52 59.28 356.43;0.2664 1 998.73 695.86 30.74 65.03 353.92;0.2657 7 817.63 459.69 54.90 39.79 1.24;0.2513 1 995.03 155.91 20.48 65.54 352.65
v_q26jh92rlw_0043,0.9724 1 700.85 495.30 71.28 33.55 351.05;0.9691 1 1660.28 525.08 81.99 48.52 359.08;0.9323 1 390.39 525.04 87.14 52.97 349.31;0.9150 1 341.79 524.10 101.89 46.88 353.98;0.9148 1 39.63 527.82 63.15 42.84 353.26;0.8366 1 939.26 593.82 54.13 73.78 339.77;0.8046 1 96.82 462.22 70.75 42.92 349.33;0.8003 1 97.45 489.82 71.17 70.56 354.98;0.7953 1 936.81 564.04 62.24 43.27 343.87;0.7237 1 1711.67 524.70 75.02 41.34 337.94;0.7174 1 750.44 496.71 83.63 43.94 346.55;0.7060 1 1176.47 525.89 46.69 57.14 339.82;0.5006 1 1237.39 626.29 45.15 82.94 339.85;0.4965 1 698.70 522.59 59.88 42.46 340.48;0.4464 1 1357.75 628.39 58.07 58.14 347.41;0.4122 1 1175.13 558.18 48.33 45.26 353.86;0.4009 1 1239.53 596.59 33.12 64.89 338.96;0.3990 1 88.84 527.89 61.51 37.80 356.24;0.3170 1 752.98 523.78 70.45 44.35 346.79;0.3149 1 942.63 53.96 36.11 102.86 354.20;0.3046 1 1001.21 863.32 27.03 118.18 353.80;0.2971 1 1358.15 761.73 89.39 49.66 344.23;0.2928 1 993.10 625.52 43.82 81.33 327.41;0.2819 1 1178.52 492.94 37.41 52.88 342.38
v_9akff6lzqs_0030,0.9016 1 1237.08 496.20 74.35 47.44 348.60;0.6554 1 97.83 489.41 92.03 59.64 347.46;0.6489 1 1236.08 523.67 67.05 58.25 345.78;0.6193 1 1181.90 796.05 48.14 56.31 359.10;0.5079 1 1180.61 525.40 44.30 35.89 345.19;0.4115 1 1231.93 794.28 68.11 45.88 343.11;0.3195 9 1656.23 527.12 46.46 24.79 356.59;0.3043 1 1356.87 761.89 99.90 50.19 342.37;0.2856 1 941.23 85.34 48.18 87.62 351.52;0.2850 1 1418.92 626.90 54.18 57.26 2.06;0.2741 1 97.11 464.06 64.04 46.03 349.38
v_gvxtl15uol_0037,0.9801 1 875.10 491.36 44.77 59.97 5.02;0.9717 1 699.41 558.50 82.00 47.64 4.30;0.9348 1 523.59 528.36 67.53 42.55 357.45;0.9077 1 878.88 462.86 39.43 73.91 355.95;0.8925 1 942.70 288.84 24.95 110.89 3.40;0.8870 1 937.04 322.87 26.88 97.79 8.08;0.8188 1 569.95 529.65 75.35 46.78 350.66;0.8138 1 34.26 489.70 48.40 53.58 34.99;0.8102 1 1355.18 563.70 59.53 55.54 347.58;0.7844 1 751.89 558.42 60.94 42.74 352.14;0.7657 1 933.54 356.32 33.27 87.30 16.12;0.7570 1 1000.90 87.02 39.31 87.09 352.14;0.7282 1 1598.54 563.35 96.15 42.08 356.82;0.7183 1 1003.67 591.22 46.74 62.54 358.80;0.7009 1 823.16 494.15 42.02 36.28 14.47;0.6949 1 1002.49 562.64 41.06 61.69 353.01;0.6754 1 933.99 964.57 33.67 84.83 4.53;0.6710 1 34.58 461.45 33.78 44.49 341.85;0.6016 1 932.15 795.96 44.74 72.73 1.45;0.5418 1 1355.15 589.62 65.11 55.97 358.69;0.5317 1 1049.80 592.21 49.04 74.19 344.73;0.5285 1 1056.78 357.57 35.78 64.83 353.65;0.4888 1 1063.00 997.66 35.06 89.48 357.82;0.4641 1 992.84 257.10 31.15 79.01 356.81;0.4610 1 1782.56 561.36 69.16 42.90 6.69;0.4125 1 817.34 561.19 46.09 27.04 7.29;0.3998 1 1001.50 56.07 33.66 65.37 348.24;0.3800 1 997.04 223.82 21.11 51.08 9.29;0.3489 1 999.67 118.50 35.95 78.19 0.68;0.3458 7 819.98 594.55 84.48 30.42 353.46;0.3319 1 1062.97 185.91 28.45 57.67 357.86;0.3225 1 1301.05 590.59 61.39 44.94 350.20;0.3149 1 1060.91 1065.75 23.65 42.73 358.16;0.3043 1 933.80 996.79 22.28 68.65 15.34;0.3027 1 278.70 625.78 109.33 36.05 356.95;0.3013 1 1061.95 156.12 19.80 53.64 337.49;0.2987 1 933.41 389.86 28.26 35.15 6.96;0.2985 1 883.10 796.60 41.31 67.27 3.63
v_i0q42z9wgi_0005,0.9905 1 1057.58 460.56 91.11 34.60 346.52;0.9883 1 694.47 521.59 90.42 34.96 350.50;0.9772 1 876.85 257.73 78.00 34.66 345.79;0.9720 1 934.11 524.52 79.59 42.22 359.93;0.9652 1 937.98 1033.38 46.31 68.60 354.02;0.9651 1 452.82 461.44 99.56 39.17 353.64;0.9500 1 1712.22 591.61 87.65 51.79 351.84;0.9464 1 819.22 325.25 54.26 36.40 345.71;0.9435 7 759.09 459.89 115.00 39.61 0.60;0.9390 1 1532.39 626.77 86.93 46.46 354.99;0.9352 7 161.96 459.65 127.78 55.77 357.71;0.9352 1 38.28 422.63 62.23 45.70 356.42;0.9202 1 629.98 461.70 95.58 26.89 353.37;0.9095 1 941.56 730.37 48.84 38.42 8.33;0.8969 1 698.08 495.51 63.47 34.50 335.59;0.8959 1 583.67 121.75 76.62 38.81 350.32;0.8861 1 1002.88 931.41 34.88 66.23 9.89;0.8781 1 1839.54 522.16 105.26 43.90 352.59;0.8616 1 583.45 460.24 73.54 29.70 353.58;0.8541 1 33.00 459.94 43.72 31.69 355.32;0.8430 1 1291.59 628.74 73.96 45.45 341.27;0.8407 1 1055.83 899.97 34.10 72.32 3.22;0.8290 1 753.81 423.28 100.28 36.41 351.63;0.8177 1 1839.26 496.58 90.59 35.42 345.60;0.8115 1 1051.97 931.38 47.12 72.60 8.20;0.8025 1 274.27 459.89 66.39 38.96 349.67;0.7993 1 513.57 525.41 80.76 33.06 2.10;0.7883 1 1897.03 626.72 66.69 42.89 3.30;0.7708 1 152.43 523.46 74.50 45.52 15.66;0.7513 1 1060.48 423.20 87.16 45.67 359.37;0.7362 1 872.71 799.22 60.91 33.97 24.86;0.7213 7 818.98 460.34 145.96 35.22 1.90;0.7142 1 102.94 522.55 78.46 38.18 343.47;0.7062 1 38.91 394.45 62.08 33.28 337.40;0.6660 1 939.69 761.38 60.43 45.19 5.90;0.6614 1 999.03 963.90 26.73 51.04 1.58;0.6566 7 217.12 459.81 126.05 37.54 5.02;0.6413 1 1482.09 626.29 108.64 40.07 350.29;0.6358 1 873.11 459.82 81.66 41.61 353.01;0.6340 1 1112.47 422.42 71.71 50.54 358.24;0.6154 1 935.71 494.74 42.76 36.72 338.97;0.5850 1 1662.76 590.64 98.52 37.30 346.68;0.5815 1 876.90 286.27 50.05 37.04 355.26;0.5814 1 935.86 1064.24 38.66 46.93 354.19;0.5812 1 1175.12 152.87 49.63 56.52 351.64;0.5641 1 695.75 156.18 78.63 38.26 348.54;0.5339 7 880.77 223.58 125.48 72.52 356.02;0.5326 2 276.64 291.20 106.30 37.24 355.59;0.5157 1 1112.20 393.52 48.06 31.84 353.20;0.5101 1 631.80 121.54 89.93 48.25 350.89;0.4982 1 329.02 290.26 91.78 40.91 351.80;0.4869 1 458.39 524.69 101.03 44.95 359.85;0.4804 1 939.97 1000.95 28.80 58.69 4.78;0.4743 1 642.50 523.70 76.88 31.10 345.37;0.4728 1 1176.02 122.69 34.64 60.66 337.93;0.4707 1 404.43 460.29 68.69 33.48 354.78;0.4278 8 156.22 424.79 65.60 29.75 357.12;0.4101 7 881.01 525.40 89.25 33.13 357.90;0.4088 4 754.54 394.79 81.56 29.43 355.50;0.3920 1 1110.31 461.39 58.55 29.57 359.30;0.3868 1 824.12 798.95 68.34 35.93 137.84;0.3866 9 817.57 492.59 37.25 7.79 336.42;0.3821 1 1713.29 563.80 84.94 36.03 347.56;0.3780 7 933.71 220.98 86.41 54.67 7.97;0.3526 9 154.15 393.97 51.45 17.84 343.48;0.3523 7 703.47 460.32 90.44 33.24 5.37;0.3518 7 635.52 155.80 99.21 54.99 347.84;0.3504 1 1001.69 899.21 27.32 66.10 14.25;0.3298 9 217.32 155.10 56.89 28.89 345.84;0.3297 1 1121.56 866.81 50.99 55.48 2.53;0.3246 9 699.12 424.09 90.60 22.36 350.45;0.3237 4 152.04 495.05 74.67 62.29 342.91;0.3233 8 1293.64 358.29 64.70 32.94 358.70;0.3223 1 456.05 492.93 53.03 45.99 344.11;0.3203 9 1296.47 256.16 46.76 18.55 2.69;0.3179 1 1118.25 122.26 48.13 89.73 8.58;0.3167 7 872.82 325.68 71.25 30.93 354.11;0.3067 9 818.49 225.73 64.68 18.27 344.23;0.3018 9 756.48 256.13 57.44 15.48 342.46;0.3016 9 1296.67 290.75 48.67 17.24 356.51
v_x0p4fqfqs6_0019,0.9354 1 997.60 326.48 23.60 87.90 336.61;0.8983 1 34.56 489.71 51.58 48.73 32.91;0.8937 1 942.38 288.01 31.99 90.16 1.72;0.8627 1 1594.14 529.28 64.14 44.88 1.45;0.7930 1 943.62 258.50 25.96 86.58 355.25;0.7482 1 1597.52 562.18 62.93 74.43 353.23;0.6926 1 933.29 796.72 40.80 79.48 359.33;0.6921 1 1355.00 590.12 64.21 52.09 1.47;0.6891 1 1054.09 728.62 42.34 79.17 343.63;0.6649 1 1356.16 564.10 50.93 53.84 346.27;0.6201 1 1057.46 696.06 38.44 67.30 346.31;0.6191 1 1542.72 529.20 62.95 31.89 358.62;0.5607 1 1782.67 561.87 68.72 43.73 6.14;0.5591 1 1001.97 729.51 31.59 70.41 352.11;0.5455 1 934.52 964.70 35.08 82.98 0.97;0.5426 1 35.14 461.35 32.12 40.04 341.37;0.5205 1 280.56 626.02 96.84 40.04 355.66;0.5041 1 992.73 292.81 26.50 107.49 346.35;0.5021 1 1599.05 590.83 57.03 77.15 3.30;0.5020 1 1298.67 493.57 36.95 61.26 2.24;0.4819 1 1063.85 185.90 36.51 68.69 4.89;0.4506 9 817.72 494.40 40.34 19.52 354.42;0.4334 1 1114.83 1063.42 27.34 56.62 351.10;0.4083 1 1832.64 563.24 91.94 36.74 345.38;0.3986 9 816.26 526.62 49.73 24.13 354.68;0.3845 1 1059.44 155.13 34.49 74.58 356.20;0.3481 1 939.33 358.08 21.44 68.49 6.52;0.3431 1 993.94 256.53 36.08 77.37 1.44;0.3282 1 940.93 321.77 16.96 106.17 7.91;0.3214 1 99.88 425.09 44.00 57.22 350.37;0.3146 1 1063.70 998.29 35.43 72.54 359.01;0.3023 7 1297.67 526.52 44.47 48.49 3.01;0.2922 1 1301.97 591.23 57.56 49.91 353.64;0.2747 1 997.62 388.57 25.44 51.11 3.54;0.2641 1 1421.56 627.60 30.29 75.73 343.61;0.2587 1 934.58 996.80 23.53 74.49 15.09;0.2553 1 873.44 594.31 53.90 35.41 351.11
v_856x3vz6nf_0043,0.9581 1 1658.35 495.59 80.91 43.63 2.22;0.9481 1 1776.59 559.86 97.46 41.47 7.17;0.9472 1 638.41 494.57 119.31 36.91 348.56;0.9286 1 1653.88 560.24 87.90 45.14 12.00;0.9225 1 1897.04 560.79 47.93 45.76 5.62;0.9214 1 934.06 222.94 28.40 97.81 356.79;0.9202 1 275.91 496.07 104.50 42.06 346.53;0.9100 1 933.47 594.71 40.16 79.09 358.27;0.8865 1 932.67 426.59 37.83 79.17 358.48;0.8847 1 934.64 830.25 33.28 85.03 5.78;0.8778 1 1720.41 559.74 74.99 40.66 14.93;0.8736 1 993.41 123.61 31.51 100.67 0.80;0.8731 1 994.56 153.71 41.27 88.52 1.02;0.8601 1 1783.34 494.38 65.29 35.04 359.63;0.8128 1 997.06 525.48 56.08 54.22 2.18;0.8023 1 996.57 762.62 38.50 95.31 1.20;0.7948 1 820.80 523.01 62.76 44.48 2.61;0.7942 1 1898.69 493.83 35.81 41.45 1.11;0.7785 1 1539.15 525.33 47.84 52.99 2.40;0.7739 1 817.94 494.64 76.68 47.04 354.61;0.7722 1 997.02 730.27 32.91 95.83 355.61;0.7475 1 1301.52 556.74 71.52 61.83 359.79;0.7461 1 1535.13 558.82 66.63 52.11 11.35;0.7102 1 881.44 457.77 56.43 47.52 359.56;0.7032 1 1897.30 627.06 38.97 51.97 16.98;0.6945 1 1834.87 457.66 85.19 63.29 358.01;0.6900 1 1118.71 525.63 42.05 77.81 2.51;0.6870 1 992.53 1065.34 36.37 45.29 356.08;0.6790 1 1834.76 494.11 76.00 47.65 9.00;0.6790 1 936.15 562.23 27.94 84.04 1.37;0.6635 1 932.29 625.64 37.89 84.70 354.21;0.6631 1 1056.81 459.86 58.64 56.68 346.99;0.6600 1 883.60 425.72 31.53 67.01 3.80;0.6553 1 38.49 596.48 42.39 56.04 4.78;0.6393 1 936.64 190.43 23.71 79.93 4.79;0.6391 1 993.19 1034.40 31.58 92.24 358.10;0.6346 1 1773.91 628.21 63.40 50.04 5.66;0.6322 1 1533.58 427.99 104.09 41.12 350.34;0.6285 1 999.95 662.63 23.88 75.65 345.78;0.6282 1 1116.46 494.62 40.95 73.05 3.49;0.6134 1 938.68 1065.44 28.71 27.88 0.40;0.6033 1 1600.10 560.13 65.24 42.22 7.31;0.5934 1 1719.99 627.59 63.00 41.48 4.50;0.5890 1 39.75 627.23 43.01 64.63 7.73;0.5882 1 1352.29 558.00 71.07 58.70 4.23;0.5872 1 993.14 89.76 43.21 80.17 2.43;0.5823 1 1480.50 427.18 77.23 47.35 358.38;0.5705 1 155.53 527.85 46.15 44.92 359.07;0.5616 1 1116.85 560.01 34.56 73.90 14.35;0.5604 1 931.82 252.43 39.92 79.68 3.63;0.5549 1 1000.25 695.00 27.78 94.20 351.32;0.5542 1 933.44 456.94 53.48 67.24 1.23;0.5479 1 1658.45 626.63 65.25 54.67 6.81;0.5400 1 1540.06 494.53 69.33 48.31 354.04;0.5395 1 1658.18 523.53 65.70 50.22 349.16;0.5314 1 1057.91 21.35 49.42 44.28 353.72;0.5289 1 994.35 999.43 30.86 88.97 1.43;0.5155 1 935.16 999.15 26.95 97.60 356.44;0.5128 1 1598.12 693.18 46.70 53.05 14.54;0.5117 1 1778.42 456.79 96.26 49.30 7.79;0.5094 1 938.41 797.38 25.53 72.72 2.49;0.5037 1 997.23 933.06 29.04 67.86 0.97;0.4989 1 934.66 861.29 44.08 75.31 2.52;0.4816 1 1295.75 528.65 56.15 50.23 350.95;0.4795 1 579.86 493.35 84.05 36.95 359.60;0.4719 1 1476.92 458.35 56.61 58.36 356.89;0.4659 1 1838.96 560.12 73.59 48.13 6.62;0.4184 1 820.04 897.42 55.39 49.92 33.12;0.4048 1 574.48 559.91 59.92 49.92 359.37;0.4047 1 1899.66 526.51 34.84 34.12 6.60;0.4008 1 1059.17 828.76 48.28 47.46 346.60;0.3800 1 1590.53 525.92 41.23 45.94 347.92;0.3752 1 1420.76 459.88 35.45 34.72 356.24;0.3706 1 278.43 523.73 76.85 55.49 352.80;0.3663 1 940.59 88.44 37.27 71.89 3.37;0.3448 1 938.41 1033.96 21.18 87.34 355.23;0.3351 1 698.00 559.13 36.09 45.65 10.15;0.3330 1 516.40 558.82 41.24 65.90 13.20;0.3294 1 1001.48 392.12 33.17 64.23 355.20;0.3259 1 1898.00 595.32 30.58 34.60 31.43
v_03ah598sio_0049,0.9429 1 456.37 526.29 71.46 48.40 347.96;0.8120 1 1002.25 1029.98 45.57 88.02 351.03;0.8007 1 95.36 459.62 90.16 42.93 354.59;0.6164 1 1234.04 797.27 57.28 50.85 347.28;0.5805 1 1001.79 998.06 32.00 100.78 333.27;0.5719 1 1001.63 965.98 49.58 68.77 340.30;0.5158 1 1176.11 526.16 47.16 56.68 343.47;0.4075 1 1358.28 763.09 98.86 50.15 345.02;0.3826 1 1358.22 629.45 53.89 61.29 348.47;0.3811 1 934.01 696.17 50.73 34.78 359.70;0.3512 7 876.44 426.30 42.84 59.26 22.71;0.3423 1 1415.15 660.87 51.96 50.05 352.33;0.3379 1 1657.79 561.52 68.11 34.41 356.57;0.3142 7 875.72 459.86 46.80 38.64 14.10;0.3104 1 1477.23 627.97 60.15 54.82 353.89;0.2985 9 275.38 492.82 38.24 19.28 1.71;0.2974 8 991.55 762.88 57.74 86.66 354.08;0.2954 1 1297.98 492.86 50.17 32.80 348.56;0.2623 1 1237.06 627.58 52.12 83.52 343.33;0.2584 1 1178.51 493.18 42.36 48.34 346.85
v_tpm3wmkwl7_0022,0.9515 1 1056.75 999.69 42.55 60.09 347.88;0.9187 1 753.17 524.40 76.01 50.91 355.55;0.8962 1 1531.27 626.99 87.79 44.75 349.55;0.8921 1 1589.82 495.52 70.49 43.16 355.51;0.8918 1 1711.44 591.67 83.28 58.50 355.47;0.8611 1 1541.91 494.41 89.32 37.04 350.51;0.8108 1 999.04 965.70 35.51 54.35 7.11;0.8082 1 1291.40 628.71 70.42 41.67 339.78;0.7916 1 1896.53 626.42 75.50 43.87 1.53;0.7600 1 1662.37 590.35 104.32 37.40 343.92;0.7581 1 1481.77 626.46 110.19 40.18 349.87;0.7278 1 1056.93 898.50 40.72 63.89 353.08;0.6093 1 1659.93 564.06 74.48 20.03 346.17;0.5742 1 994.95 356.91 66.28 35.73 353.97;0.5336 1 1176.19 153.44 59.16 45.99 347.91;0.4915 1 1111.58 358.84 44.49 42.30 0.01;0.4785 1 1057.48 929.13 32.22 71.58 358.25;0.4619 9 815.60 424.10 38.55 13.78 345.44;0.4463 1 1177.81 122.92 37.42 48.01 340.08;0.4440 1 755.86 495.76 63.98 33.95 350.64;0.4435 9 1295.18 255.89 54.06 24.34 2.39;0.4362 9 1114.57 289.92 53.14 21.68 356.94;0.4001 1 1056.22 967.47 44.64 69.17 354.78;0.3995 1 997.33 1067.77 39.74 23.27 351.81;0.3972 9 1115.24 256.64 56.61 19.71 352.14;0.3748 9 1296.15 290.91 54.54 19.65 354.76;0.3385 9 932.98 526.51 43.16 16.54 3.03;0.3294 1 1001.58 998.52 55.83 67.53 4.52;0.3280 1 1712.28 563.77 83.64 44.78 347.98;0.3043 9 1060.79 290.13 52.35 18.11 358.45;0.3009 9 1295.13 120.12 39.18 26.37 349.35;0.2945 9 156.42 493.90 46.53 19.33 0.42;0.2928 1 1057.87 1027.96 44.26 73.15 346.89;0.2807 9 1061.03 426.15 40.63 16.00 347.53;0.2681 1 1119.89 930.67 49.76 47.08 357.35;0.2649 9 877.20 291.37 41.30 14.24 354.21;0.2642 9 694.91 424.14 43.53 13.84 344.29;0.2631 9 875.24 392.22 54.31 19.97 352.91;0.2530 9 638.07 424.14 45.55 13.13 344.08;0.2524 9 1114.18 459.64 48.91 20.69 355.53
v_g0w4h0n5lv_0008,0.9903 1 637.41 559.25 67.30 51.39 16.00;0.9839 1 999.06 524.29 96.52 43.11 354.03;0.9605 1 154.59 559.10 70.99 48.29 22.26;0.9521 1 1602.77 524.76 80.63 37.65 358.17;0.9286 1 154.33 493.61 63.20 46.04 0.72;0.9127 1 1650.99 524.77 73.92 45.79 347.33;0.8814 1 1418.71 526.17 78.68 41.25 12.66;0.8600 1 1298.61 593.35 67.91 42.13 359.97;0.8516 1 1239.49 495.86 71.96 42.93 355.55;0.8452 1 1240.91 523.52 81.60 43.94 356.48;0.8268 1 1895.86 593.96 65.49 42.30 4.12;0.7316 1 1424.04 592.52 59.93 43.17 8.70;0.7280 1 1050.34 524.48 65.39 39.05 342.04;0.6829 1 1472.46 592.58 80.72 45.73 1.10;0.6726 1 938.16 728.25 32.21 59.58 343.42;0.5820 1 996.17 660.98 55.47 67.98 340.85;0.5607 1 1542.41 593.72 69.45 38.90 12.90;0.5332 1 996.67 996.10 104.12 99.96 324.31;0.5223 1 880.17 828.01 47.42 110.40 334.80;0.4931 1 878.15 964.19 34.68 140.62 333.44;0.4873 1 812.82 595.20 41.51 53.63 357.83;0.4822 1 1292.67 525.08 66.31 60.94 356.84;0.4701 1 1000.09 861.63 68.01 77.64 337.59;0.4635 1 881.77 797.72 37.26 83.63 346.01;0.4406 1 997.41 694.77 36.09 80.59 347.75;0.4397 1 762.06 560.64 50.53 25.62 359.61;0.4356 1 105.02 558.76 51.53 37.88 359.50;0.4078 2 997.85 630.23 57.07 55.41 357.60;0.3862 1 1475.17 526.26 71.75 33.96 343.65;0.3727 1 154.96 525.26 36.93 60.41 351.88;0.3603 1 998.44 832.18 54.51 83.05 328.71;0.3192 1 999.38 966.50 61.44 87.78 322.99;0.3136 1 935.09 760.43 24.25 54.09 343.31;0.3059 1 103.50 492.53 47.25 40.48 359.80;0.2942 1 817.91 930.40 21.35 96.30 1.52;0.2881 1 998.06 1029.54 60.55 137.10 341.62;0.2829 1 1363.71 526.50 60.48 35.65 7.45;0.2828 1 879.00 358.08 35.70 51.91 7.37;0.2776 9 761.06 594.38 48.05 21.78 356.15;0.2676 1 933.36 121.77 31.66 68.92 358.49;0.2618 1 1055.35 1064.29 31.99 62.02 334.18
v_yzk20gnzmj_0048,0.8530 1 92.16 529.12 57.18 50.88 349.65;0.5702 1 97.51 462.93 77.97 41.74 352.20;0.4913 1 41.74 557.77 74.03 42.66 357.92;0.4807 1 1652.98 560.27 61.04 35.02 355.48;0.4629 7 876.33 459.84 51.42 46.44 11.41;0.3870 1 91.73 557.15 67.60 61.19 3.34;0.3835 1 41.76 529.28 59.42 35.04 353.73;0.3818 1 100.58 491.31 61.21 70.91 349.14;0.3804 1 1178.10 525.94 38.58 45.65 342.25;0.3341 1 942.08 85.17 45.66 76.23 354.34;0.2973 9 1657.28 527.33 42.69 26.05 0.18
v_m3cj8gi92l_0017,0.9413 1 996.68 933.16 35.24 75.82 354.16;0.9251 1 1235.12 492.98 77.76 39.51 354.12;0.8802 1 936.58 423.47 54.68 55.86 358.72;0.8562 1 995.29 963.94 36.38 78.88 0.46;0.8389 1 579.07 492.09 101.14 47.87 356.53;0.8282 1 1479.11 427.22 91.35 44.20 353.56;0.7967 1 1476.07 560.22 68.43 52.12 4.33;0.7869 1 996.31 662.35 37.61 72.27 353.48;0.7044 1 1599.84 524.49 63.87 51.58 7.80;0.7007 1 876.40 459.41 50.19 49.65 352.46;0.6592 1 931.33 865.33 33.30 77.50 9.34;0.6460 1 936.88 795.04 51.94 66.49 356.04;0.6411 1 1897.88 626.11 33.43 61.83 24.99;0.6397 1 1061.33 727.92 42.47 57.52 350.70;0.6385 1 1055.57 459.82 56.88 58.28 356.74;0.6276 1 932.09 1001.25 24.24 81.74 0.20;0.6013 1 1115.15 493.34 45.08 71.41 358.87;0.5472 1 40.10 595.83 40.72 62.24 9.75;0.5414 1 995.68 765.81 37.79 62.05 356.89;0.5374 1 1118.27 525.54 39.22 70.67 6.06;0.5334 1 936.70 54.86 33.85 75.81 358.07;0.5229 1 932.48 1065.86 30.29 47.37 353.61;0.5095 1 937.22 85.27 36.73 80.93 7.57;0.4971 1 159.14 526.56 48.14 52.02 2.16;0.4949 1 1419.27 459.31 41.85 41.19 354.92;0.4888 1 937.62 393.78 32.96 64.94 348.88;0.4807 1 876.65 525.65 36.68 67.11 0.68;0.4757 1 697.99 526.23 42.81 60.08 351.93;0.4730 1 1115.59 560.32 34.88 69.09 12.64;0.4501 1 93.79 596.14 36.85 79.55 358.50;0.4453 1 1716.60 626.46 53.83 51.52 4.02;0.4426 1 1421.72 427.60 47.33 56.04 1.16;0.4423 1 876.10 493.01 38.82 70.56 358.93;0.4355 1 1832.81 458.40 59.52 99.55 350.91;0.4256 1 1354.52 391.72 64.25 42.74 5.18;0.4160 1 882.48 425.02 25.94 61.96 1.98;0.4156 1 1598.91 493.27 48.98 66.03 2.35;0.4018 1 576.46 526.14 64.53 62.81 351.47;0.3977 1 996.39 121.66 27.31 73.80 355.35;0.3924 1 40.82 626.28 42.86 56.16 5.05;0.3890 1 1658.97 625.72 48.81 61.60 1.76;0.3884 1 1417.97 1031.89 41.46 51.07 4.65;0.3875 1 936.28 830.44 26.63 76.62 5.79;0.3854 1 995.21 1064.89 30.82 49.97 353.80;0.3706 1 756.30 527.50 48.43 66.21 3.54;0.3668 1 932.00 1034.04 29.62 106.40 356.95;0.3528 1 878.80 897.70 40.12 93.89 355.74;0.3511 1 91.75 626.99 47.55 83.26 348.95;0.3501 1 1477.44 457.78 50.01 55.10 350.71;0.3444 1 37.21 526.01 47.55 37.79 354.89;0.3372 1 1717.64 525.83 42.75 57.35 1.90;0.3317 1 996.90 153.85 25.70 59.36 6.92;0.3283 1 1056.97 21.22 55.42 44.44 347.83;0.3267 1 997.42 693.29 27.36 87.88 356.58;0.3224 1 1654.84 525.78 50.64 51.67 356.81;0.3221 1 695.43 491.89 46.03 45.99 351.48;0.3146 1 695.09 558.15 32.33 59.64 4.66;0.3083 1 1598.20 663.09 28.53 69.08 13.16;0.3055 1 1181.50 491.61 59.04 54.23 10.85;0.3012 1 1898.85 526.34 21.21 44.39 3.13;0.2911 1 517.44 557.73 40.89 49.45 6.08;0.2865 1 995.56 1033.84 28.54 95.20 357.18;0.2768 1 1782.09 457.01 72.45 70.33 0.68;0.2610 1 997.71 899.67 27.81 94.36 355.49;0.2543 1 1900.42 560.24 18.60 45.80 7.75
v_oxn1ezy3cr_0001,0.8130 8 1597.95 496.26 60.97 21.97 348.97;0.7251 1 98.09 489.84 96.65 54.53 350.83;0.6561 1 1652.62 560.63 62.77 37.05 352.18;0.4327 7 876.12 459.81 48.12 46.26 15.92;0.3766 1 941.74 86.11 47.38 86.62 350.91;0.3541 1 1232.31 795.24 62.81 50.69 342.98;0.3339 1 1177.54 492.72 46.79 44.55 342.76;0.2785 9 1655.68 527.72 39.94 26.67 355.60;0.2634 1 1357.99 762.91 86.15 51.53 340.69
v_awslkgu4yp_0042,0.9824 1 1180.91 288.16 80.88 30.81 356.64;0.9774 1 1299.41 288.25 66.06 38.48 2.81;0.9712 1 1058.01 225.13 92.93 29.21 353.67;0.9710 1 403.04 458.25 72.10 31.79 5.04;0.9695 1 1418.19 323.72 93.31 35.35 0.59;0.9673 1 638.11 393.31 76.14 25.91 352.85;0.9673 1 518.73 455.85 76.87 33.80 348.56;0.9667 1 281.36 456.60 83.66 30.35 348.58;0.9657 1 1420.80 558.37 79.64 40.90 357.30;0.9645 1 1060.88 288.21 76.92 36.75 355.92;0.9576 1 1414.95 596.32 104.58 27.95 345.05;0.9570 1 332.40 456.61 91.52 40.40 357.77;0.9487 1 338.83 393.25 93.19 29.42 353.33;0.9282 1 1351.81 125.01 76.21 43.76 356.83;0.9242 1 274.99 393.60 115.65 27.14 346.30;0.9241 1 1114.11 289.25 85.71 50.89 0.14;0.9220 1 690.39 427.59 60.48 32.87 350.00;0.9220 1 515.02 491.89 82.47 29.05 359.37;0.9191 1 454.54 457.50 83.83 35.02 359.63;0.9184 1 40.65 392.00 57.57 31.06 0.85;0.9134 1 1478.78 258.59 81.00 41.22 355.55;0.9078 1 1117.51 87.04 97.74 36.28 348.46;0.8977 1 640.28 455.92 73.65 30.49 348.62;0.8936 1 518.41 393.62 93.84 22.83 357.89;0.8889 1 1718.93 288.15 104.05 29.60 349.84;0.8771 1 570.34 1033.66 79.72 34.45 339.88;0.8751 1 1119.76 153.40 58.43 34.04 4.36;0.8547 1 640.31 427.28 76.39 28.14 347.50;0.8536 1 219.27 392.55 92.38 24.63 348.87;0.8497 1 1234.48 288.59 78.78 32.13 349.94;0.8425 1 99.83 455.70 54.04 40.55 342.93;0.8412 1 455.39 392.56 93.81 30.57 353.42;0.8319 1 574.03 393.41 89.05 26.97 351.98;0.8260 1 572.17 457.00 58.51 28.54 354.02;0.8256 1 1412.22 289.57 67.82 28.47 343.50;0.8130 1 631.78 493.45 73.17 30.53 357.93;0.8125 1 1470.08 324.05 87.25 31.14 2.73;0.8124 1 1472.04 224.06 77.66 42.30 354.89;0.8100 1 519.22 427.22 68.10 20.55 349.27;0.8028 1 97.57 490.19 113.70 43.99 359.44;0.8011 1 1176.24 624.72 93.46 48.10 351.76;0.7858 1 1057.45 863.45 61.34 70.04 349.79;0.7853 1 1470.45 557.95 64.42 45.31 355.90;0.7776 7 159.68 493.12 111.46 42.05 1.05;0.7571 1 1173.29 154.15 69.05 34.65 356.82;0.7525 1 1477.89 287.23 59.66 34.74 351.18;0.7364 1 1592.86 222.72 101.97 31.74 354.26;0.7305 1 1059.00 256.36 71.97 26.82 333.46;0.7300 1 1538.18 290.52 71.99 32.94 349.99;0.7279 1 1539.77 223.63 85.66 31.58 6.11;0.7270 1 1176.84 598.27 74.62 33.63 343.34;0.7171 1 1534.64 259.91 101.43 34.25 0.09;0.7140 2 1714.49 224.29 88.50 37.94 4.80;0.6962 1 1780.49 596.07 108.40 34.63 350.18;0.6920 1 521.17 1033.61 86.23 36.89 348.21;0.6706 1 580.10 492.44 91.76 27.07 6.12;0.6701 1 1357.05 287.69 99.56 26.85 355.82;0.6689 1 399.73 393.03 88.92 27.17 9.18;0.6680 1 933.20 964.83 37.74 54.89 357.85;0.6589 1 102.95 1033.39 63.99 45.73 347.86;0.6503 1 398.95 491.87 98.21 21.02 356.95;0.6412 1 1303.09 123.63 85.18 39.45 356.75;0.6394 7 1597.96 259.30 135.87 58.94 6.03;0.6268 7 1597.18 292.06 67.55 55.73 1.19;0.6182 1 1242.41 323.89 92.59 26.20 353.13;0.6080 1 1112.13 324.20 77.16 31.91 353.48;0.6044 1 1716.30 258.91 53.56 23.65 334.86;0.5876 1 89.28 393.00 75.40 33.69 348.58;0.5856 1 456.91 492.90 106.26 29.45 359.97;0.5846 1 1658.42 286.24 67.87 30.94 344.78;0.5675 1 154.96 457.97 52.51 31.62 356.08;0.5664 1 96.48 428.14 74.81 39.79 339.81;0.5533 9 395.61 427.35 42.37 9.29 347.56;0.5532 1 37.50 491.05 63.68 28.58 351.29;0.5354 2 1351.69 224.09 107.94 41.16 10.37;0.5335 1 210.36 255.11 98.00 49.21 357.70;0.5332 2 1301.24 225.13 89.28 35.88 13.83;0.5220 1 692.21 455.82 49.04 28.87 348.40;0.5213 1 1543.91 322.20 89.09 36.71 1.15;0.5197 1 1298.22 257.47 58.33 22.05 343.61
v_xn5n2k0t7u_0007,0.9767 1 1357.12 528.81 77.12 42.38 358.41;0.8816 1 277.34 523.87 97.55 53.67 359.65;0.8355 1 95.56 462.42 77.83 46.53 346.38;0.8269 1 34.49 525.66 43.25 42.06 358.55;0.8260 1 1119.04 494.72 75.80 41.35 358.97;0.7208 1 991.54 593.97 64.21 69.29 335.69;0.6641 1 96.52 489.07 61.78 55.72 349.46;0.5704 1 1172.41 494.80 57.50 44.43 337.31;0.5143 1 1174.90 526.45 49.09 69.48 342.99;0.4951 1 1237.36 626.30 49.08 85.77 337.38;0.4223 1 942.23 593.34 66.61 62.59 355.81;0.3617 1 1174.68 558.54 44.93 53.88 354.29;0.3324 1 1357.39 629.17 50.23 60.59 354.96;0.3304 1 38.45 493.09 49.26 53.87 352.80;0.3192 9 1657.85 527.44 46.32 25.66 355.58;0.2983 1 1358.11 761.66 90.14 48.39 343.78;0.2962 1 224.27 523.67 90.25 32.57 356.61;0.2930 1 1232.66 795.55 71.55 41.82 341.88
v_1v3nchg0m1_0026,0.9243 1 514.47 459.41 96.50 42.19 358.10;0.9042 1 994.15 897.88 40.29 72.94 356.80;0.8925 1 1772.80 462.08 69.11 46.93 3.44;0.8845 1 642.16 460.56 128.61 36.19 348.20;0.8500 1 994.41 864.51 44.88 91.50 0.66;0.8143 1 37.24 595.32 36.93 68.15 358.55;0.8086 1 463.38 459.01 68.73 32.80 6.09;0.7698 1 632.96 525.65 68.85 46.07 2.31;0.7641 1 994.71 659.38 40.26 74.65 356.64;0.7453 1 995.32 629.98 31.77 70.59 357.84;0.7311 1 1899.97 592.09 41.81 58.11 19.17;0.7183 1 1721.04 460.56 60.08 55.41 2.48;0.7119 1 880.46 289.84 47.17 69.01 353.27;0.7063 1 1536.58 425.77 47.04 58.76 0.56;0.6999 1 812.13 461.02 70.48 43.69 354.12;0.6977 1 992.27 528.65 24.73 96.06 358.50;0.6942 1 1055.42 426.10 74.03 39.09 353.39;0.6736 1 999.57 424.82 66.10 46.18 355.00;0.6587 1 1780.12 529.03 61.81 50.23 350.54;0.6304 1 1061.15 697.21 32.90 46.32 346.28;0.6289 1 638.31 491.74 58.95 35.75 351.59;0.6236 1 933.82 795.67 46.82 66.19 354.79;0.6215 1 1899.94 527.72 23.31 56.42 1.85;0.6212 1 36.88 562.77 34.02 50.71 356.77;0.6158 1 1535.45 392.82 86.38 44.96 350.21;0.6078 1 1057.58 795.34 56.68 55.16 350.81;0.6030 1 878.09 425.29 67.93 52.43 356.94;0.5916 1 817.71 864.57 52.54 55.07 25.50;0.5815 1 1779.27 558.37 43.17 61.56 10.97;0.5602 1 691.48 462.68 111.10 38.22 350.41;0.5598 1 994.30 763.84 39.92 64.26 353.33;0.5587 1 933.17 459.11 42.55 62.92 357.43;0.5533 1 937.91 493.07 46.58 72.53 0.74;0.5378 1 938.63 967.23 25.88 87.32 5.22;0.5214 1 993.61 967.01 33.58 90.62 4.12;0.5126 1 994.25 559.35 31.51 78.87 356.08;0.5042 1 934.82 999.91 35.46 85.74 1.43;0.4955 1 937.95 933.88 25.14 66.04 354.13;0.4953 1 1834.89 393.36 73.65 34.98 340.30;0.4710 1 1477.08 459.33 27.33 72.62 1.66;0.4638 1 515.40 526.09 71.98 42.54 355.75;0.4630 1 939.50 763.97 43.44 73.90 354.36;0.4584 1 994.44 1065.74 30.33 52.46 354.77;0.4570 1 995.06 932.82 24.74 75.41 10.46;0.4537 1 1720.42 490.32 41.39 57.58 17.25;0.4455 1 394.91 523.66 94.45 37.44 355.48;0.4116 1 1357.12 596.41 37.18 94.28 20.52;0.3921 1 996.11 86.45 45.25 88.38 14.81;0.3823 1 942.94 525.44 21.28 105.41 4.50;0.3787 1 1719.01 592.77 49.80 56.38 4.43;0.3738 1 1775.81 491.98 59.70 63.88 350.45;0.3700 1 100.13 527.01 38.47 63.36 357.06;0.3647 1 1599.37 392.93 76.44 37.39 344.57;0.3635 1 762.01 461.57 62.72 37.97 15.82;0.3601 1 996.36 54.14 38.73 60.07 3.81;0.3576 1 936.93 628.61 27.71 100.12 3.09;0.3520 1 994.49 494.70 30.61 71.13 8.89;0.3433 1 995.16 1033.36 22.53 100.09 356.35;0.3405 1 1900.79 559.33 36.96 52.77 13.85;0.3251 1 994.44 290.30 41.67 53.73 349.53;0.3229 1 1599.40 424.86 54.90 55.68 355.54;0.3210 7 1297.75 492.31 99.36 74.36 10.27;0.3132 1 1657.29 592.09 46.89 71.25 359.67;0.3090 1 936.95 290.32 59.64 69.12 346.62;0.3085 1 395.71 494.35 68.60 34.08 356.01;0.3015 1 1479.03 425.29 46.83 59.97 354.26;0.2970 1 1531.50 593.32 36.30 86.63 355.72;0.2964 2 1479.46 391.73 90.60 48.73 357.09;0.2908 1 1901.60 459.75 16.77 33.33 357.90;0.2856 1 998.23 831.98 31.49 79.91 3.09;0.2803 1 1538.62 493.27 32.04 67.68 357.57;0.2777 1 932.69 595.65 22.86 78.24 356.56;0.2772 1 1597.48 658.43 45.93 50.26 355.71;0.2752 1 1117.27 527.29 31.41 65.99 0.33;0.2709 1 878.30 258.53 37.49 53.98 354.96;0.2685 1 1476.16 492.36 25.36 88.87 6.26;0.2668 1 995.42 392.41 40.16 47.80 357.84;0.2667 7 1297.74 462.23 127.05 66.52 8.02;0.2576 1 1719.09 392.27 76.63 40.08 348.64;0.2570 1 936.45 1065.76 30.69 50.58 0.42
v_2a14i95fb1_0047,0.9819 1 338.07 528.30 84.69 40.84 355.19;0.8959 1 933.74 561.62 45.34 98.18 330.21;0.8718 1 1120.16 557.19 73.91 47.39 358.72;0.7769 1 882.54 529.61 66.55 30.57 356.62;0.7489 1 1117.76 529.48 59.63 38.68 352.93;0.6251 1 98.04 489.34 89.14 59.95 347.42;0.6196 1 931.93 529.39 61.94 52.26 349.46;0.5024 1 1652.84 560.42 64.25 35.80 354.11;0.4954 1 1171.05 558.01 78.12 52.62 352.50;0.4870 1 942.70 85.97 50.52 72.84 351.50;0.4224 1 1174.42 527.16 50.55 50.11 342.52;0.3977 1 1177.60 492.74 49.35 37.09 342.92;0.3931 7 876.43 459.00 50.43 48.20 9.71;0.3647 1 1232.58 795.31 68.01 45.06 342.97;0.3585 7 936.20 591.26 55.77 76.67 350.39;0.3493 1 96.97 464.09 67.19 43.62 348.94;0.3224 1 337.02 556.97 61.57 26.93 348.33;0.3149 1 883.00 558.51 58.14 40.19 5.12;0.3062 1 1357.55 762.23 89.06 51.07 341.85;0.2811 1 996.97 930.56 25.29 66.60 350.14;0.2669 1 633.66 423.81 55.53 63.22 0.88;0.2639 1 1239.09 596.00 28.51 70.07 347.55;0.2524 1 1236.54 626.66 48.56 66.87 339.30;0.2510 9 1657.31 527.33 43.22 24.66 359.69
v_a0vwscsw6p_0008,0.9582 1 1056.35 461.90 88.60 44.79 349.94;0.9112 1 1057.88 489.29 83.93 51.09 356.99;0.8046 1 95.28 462.06 87.62 40.99 349.23;0.6563 1 1178.39 525.50 39.09 68.13 350.88;0.6143 1 1001.93 289.75 54.86 67.76 0.97;0.6054 1 1181.75 795.76 51.70 55.87 5.89;0.5129 1 95.72 489.21 61.39 48.49 347.66;0.3971 1 1356.30 761.60 92.01 65.31 343.46;0.3561 1 1652.79 559.91 65.78 35.12 351.46;0.3472 9 1656.08 527.15 52.11 30.50 356.90;0.3202 1 1358.06 627.84 46.09 63.04 349.54;0.2955 7 1120.26 526.35 47.87 51.28 0.21;0.2921 1 941.54 54.00 35.44 109.42 349.29;0.2758 1 1231.68 793.50 64.36 49.29 344.81;0.2758 7 1115.88 492.18 86.57 59.17 8.86;0.2596 7 940.08 795.29 45.14 97.19 15.09;0.2585 9 1537.36 526.02 40.23 13.39 358.25
v_cbrd8irjjf_0046,0.9385 1 1413.77 594.49 88.70 32.56 352.13;0.9243 1 936.52 999.03 33.27 85.23 355.83;0.9088 1 1420.35 557.30 71.90 46.64 346.52;0.8977 1 993.20 897.08 44.41 49.78 353.45;0.8720 1 1419.76 529.44 91.16 32.91 347.88;0.8302 1 1177.82 596.66 81.89 37.20 347.78;0.8285 1 996.27 865.29 38.21 65.98 355.33;0.7353 1 936.38 966.43 26.98 96.05 355.34;0.7241 1 938.63 897.77 33.88 72.63 2.07;0.7059 1 1779.66 594.33 100.82 34.94 350.22;0.6947 1 1059.80 122.18 61.19 56.42 343.66;0.6705 1 1057.59 860.31 77.19 53.26 340.57;0.6134 1 935.77 930.66 25.57 90.92 0.24;0.6084 1 697.97 1067.84 66.08 32.09 351.07;0.6044 1 516.36 1067.94 71.10 28.45 348.26;0.4767 9 996.80 256.86 61.43 21.29 348.64;0.4751 7 879.02 763.70 42.96 57.13 12.36;0.4615 9 697.23 392.05 42.36 12.27 343.03;0.4581 1 934.34 1029.26 46.21 88.53 353.85;0.4573 1 1060.44 1032.76 56.71 66.00 347.50;0.4530 9 1179.11 223.72 46.77 17.40 350.61;0.4418 7 879.10 795.93 54.02 39.27 23.29;0.4183 1 938.57 865.07 35.43 75.12 1.91;0.3829 9 815.70 493.22 40.93 18.93 2.25;0.3817 7 878.17 730.22 48.75 68.86 358.35;0.3634 9 518.85 120.61 47.28 17.81 345.68;0.3394 2 1475.77 1034.92 75.69 46.58 346.48;0.3247 1 1471.52 530.17 76.47 33.40 356.33;0.3145 9 816.27 121.54 44.22 15.43 348.04;0.3087 2 1893.10 730.54 95.98 38.46 1.86;0.3066 9 1598.64 594.18 60.83 17.07 340.97;0.3037 9 1235.14 223.62 45.63 15.02 354.36;0.3007 9 1779.07 223.39 43.75 12.84 348.78;0.2977 9 996.83 392.59 49.90 20.02 347.61;0.2976 9 576.53 391.68 40.79 13.40 340.76;0.2969 9 574.20 120.39 50.84 17.21 344.01;0.2893 1 37.11 1068.03 56.38 27.99 348.72;0.2840 9 1536.39 121.90 43.52 15.42 354.95;0.2837 2 1835.26 595.55 147.86 45.50 348.09;0.2753 1 1843.94 730.13 75.05 38.38 358.61;0.2701 9 155.49 119.79 38.02 15.77 345.55;0.2610 9 996.73 223.11 64.02 25.61 351.53;0.2605 9 1178.84 256.92 50.49 15.34 356.16;0.2574 9 576.87 425.54 43.36 12.75 344.19;0.2567 9 276.96 119.93 41.84 16.52 345.41
v_3mx8i4vo8k_0012,0.8998 1 279.52 527.85 80.22 43.19 355.29;0.8021 1 95.34 462.82 82.57 44.77 346.45;0.6692 1 95.69 489.00 70.54 55.52 348.71;0.5316 1 328.74 528.55 69.80 41.32 350.45;0.5230 1 1177.30 525.86 42.53 52.43 339.89;0.4082 1 1414.96 628.85 59.22 56.50 1.64;0.4011 1 1359.23 627.57 64.20 50.59 348.05;0.3731 1 1239.16 596.26 32.03 68.57 337.85;0.3659 1 1237.40 625.91 45.04 74.23 337.99;0.3476 9 1657.48 527.36 46.60 26.93 357.05;0.3215 1 1175.33 558.51 47.01 46.33 355.49;0.3213 1 934.59 695.36 46.26 39.72 355.68;0.3127 1 1418.72 659.59 66.41 49.24 356.88;0.3017 1 1357.56 761.57 93.27 51.32 344.36
v_5ror9vxsrx_0021,0.7433 1 96.20 462.94 78.56 44.98 346.10;0.7172 1 95.86 489.12 71.82 58.23 347.67;0.6814 1 999.95 596.13 52.63 69.39 337.71;0.5454 1 1180.96 795.59 53.64 56.07 6.12;0.5449 1 998.63 624.55 48.53 81.96 350.51;0.5159 1 1178.20 525.00 52.88 53.38 341.44;0.4131 9 1655.40 526.83 53.32 29.70 356.04;0.4070 1 1356.10 760.48 81.20 69.37 344.38;0.3588 1 997.77 762.47 42.36 97.99 347.13;0.3443 1 941.44 54.04 34.70 101.98 350.87;0.3150 1 937.99 83.83 44.00 90.21 4.86;0.2937 1 996.02 929.91 34.21 86.69 359.87;0.2845 1 1416.24 627.70 49.84 61.12 2.49;0.2531 1 1178.78 493.40 33.18 53.66 339.38
v_gz2ih75d5m_0027,0.9298 1 937.02 999.39 34.24 78.99 353.60;0.9241 1 1414.01 594.56 88.95 31.65 351.18;0.9195 1 1420.24 557.40 73.50 47.05 346.85;0.8896 1 1419.60 529.51 94.48 33.84 347.41;0.8364 1 1178.06 596.53 82.12 37.82 347.18;0.8077 1 992.45 896.47 45.57 49.21 352.32;0.7943 1 995.88 865.16 38.32 71.13 355.91;0.7789 1 938.05 897.33 39.25 67.78 0.72;0.7299 1 1059.55 122.29 58.60 57.76 340.92;0.7268 1 1779.41 594.59 102.38 36.14 350.27;0.6941 1 637.41 1067.29 59.37 32.93 351.98;0.5909 1 937.47 966.85 26.95 90.28 356.97;0.5785 1 1057.18 860.13 76.05 56.67 339.60;0.5751 1 934.36 1029.22 50.44 87.75 353.17;0.5309 1 938.22 865.12 37.95 73.31 0.66;0.4801 7 878.29 763.51 45.48 55.75 12.61;0.4732 9 697.35 392.12 42.32 12.39 343.71;0.4565 1 516.21 1068.49 79.36 26.63 346.00;0.4231 9 1179.21 223.78 45.63 16.33 348.19;0.4197 9 996.90 257.00 66.68 26.25 349.65;0.4012 2 1475.41 1034.60 78.64 49.70 346.64;0.3998 1 1059.33 1032.81 59.74 61.36 345.77;0.3953 1 935.43 930.19 22.89 84.10 0.34;0.3943 7 877.84 730.33 48.04 66.90 359.78;0.3799 7 878.16 796.09 53.11 37.05 25.98;0.3752 9 815.91 493.21 40.17 18.42 2.46;0.3534 9 997.10 223.79 64.79 27.90 353.04;0.3453 1 37.24 1068.05 58.78 29.73 348.97;0.3287 9 1597.97 594.28 60.17 17.34 341.02;0.3280 2 1835.28 595.82 145.54 43.94 348.17;0.3266 9 518.89 120.61 46.30 17.00 345.61;0.3152 9 816.36 121.56 43.80 15.43 348.66;0.3142 9 576.47 391.62 41.09 13.34 340.68;0.2978 1 456.92 1068.51 70.77 23.90 347.63;0.2916 9 1235.40 223.68 46.87 14.44 351.17;0.2910 9 574.31 120.45 49.92 16.51 344.01;0.2898 1 1471.66 530.21 77.37 33.82 356.39;0.2850 2 1893.42 730.45 95.57 38.64 3.01;0.2830 9 996.87 392.56 50.75 20.59 347.92;0.2799 9 276.96 119.97 43.02 16.98 345.67;0.2694 1 1118.77 19.18 56.54 38.02 349.76;0.2686 9 997.03 290.14 44.81 22.49 355.39;0.2584 9 1535.66 121.87 44.53 15.79 354.40
v_xeac18rgky_0029,0.9286 1 992.26 492.54 74.05 48.36 2.57;0.9283 1 512.11 492.34 103.04 39.45 350.26;0.9192 1 816.34 463.05 70.15 43.61 353.63;0.8889 1 1658.93 491.34 65.86 43.95 5.54;0.8841 1 1480.17 423.83 74.07 45.04 0.76;0.8615 1 1775.10 493.26 65.09 44.88 2.11;0.8603 1 462.14 492.39 80.10 33.57 353.54;0.8552 1 1894.34 490.91 53.41 41.37 6.94;0.8189 1 998.21 662.49 33.18 79.41 347.70;0.8180 1 1117.28 493.45 48.15 64.46 4.22;0.8147 1 636.34 492.33 129.44 42.49 354.21;0.8092 1 939.82 186.79 30.31 100.98 9.65;0.7890 1 1056.86 458.53 61.17 61.21 6.67;0.7621 1 1117.48 526.96 43.36 75.30 10.68;0.7562 2 334.80 492.11 100.51 41.14 5.49;0.7532 1 1534.26 559.47 62.02 67.06 13.69;0.6874 1 941.21 156.35 19.96 100.10 2.03;0.6664 1 937.70 357.77 38.54 75.68 346.84;0.6616 1 40.05 627.90 43.14 67.03 9.14;0.6560 1 1839.19 422.90 116.53 35.48 355.47;0.6493 1 1839.67 490.80 80.40 36.55 5.52;0.6417 1 757.47 528.54 54.83 58.07 4.89;0.6310 1 1534.04 423.23 75.09 53.34 356.36;0.6284 4 278.04 556.88 71.17 58.72 358.05;0.5981 1 936.00 391.95 39.22 63.20 356.39;0.5969 1 759.98 557.36 65.53 60.04 3.38;0.5861 1 938.92 932.85 35.49 83.20 1.52;0.5847 1 37.70 596.54 38.97 54.91 2.37;0.5573 1 939.72 998.82 33.78 79.10 12.90;0.5495 1 389.22 493.54 77.80 37.63 352.29;0.5340 1 1116.45 558.11 37.41 54.80 9.80;0.5260 1 1174.88 963.83 27.28 72.98 8.95;0.5150 1 997.10 765.32 37.97 73.07 353.43;0.5097 1 694.54 558.50 41.30 54.01 346.93;0.4952 1 995.61 122.60 30.60 96.47 358.28;0.4900 1 938.90 966.10 29.99 76.87 351.91;0.4851 1 1898.28 593.39 32.37 51.72 11.45;0.4761 1 817.99 490.28 101.20 62.19 351.57;0.4746 1 1717.70 595.92 47.61 54.27 8.95;0.4642 1 1483.51 559.10 44.91 56.00 14.45;0.4586 1 881.27 424.17 37.14 44.38 357.10;0.4576 1 1000.52 458.52 52.19 71.53 3.81;0.4555 1 993.39 1000.73 33.65 82.05 354.41;0.4392 1 518.82 558.99 57.20 49.76 3.09;0.4352 1 938.34 795.16 35.05 81.15 0.20;0.4281 1 812.19 557.26 58.91 52.68 0.77;0.4179 1 759.16 491.26 54.11 45.63 6.53;0.4173 1 223.58 557.50 52.31 54.26 349.61;0.4121 1 1053.63 1066.31 31.95 41.60 333.22;0.4113 1 937.79 863.09 33.72 76.92 2.07;0.4021 1 994.90 1033.68 27.86 98.23 345.29;0.4019 1 582.82 491.74 80.94 39.41 10.55;0.3984 1 1063.03 727.33 37.21 51.96 341.80;0.3934 1 576.55 558.58 60.82 41.48 359.43;0.3823 7 755.81 427.54 54.33 33.49 8.76;0.3788 1 938.42 830.66 24.01 78.89 357.68;0.3751 1 1717.44 492.60 49.32 40.60 9.11;0.3710 1 1538.00 527.11 34.00 63.10 9.47;0.3603 1 1658.13 460.39 48.54 52.25 356.38;0.3592 1 1420.92 425.49 50.55 41.14 358.71;0.3529 1 937.75 53.85 36.12 72.34 1.43;0.3495 1 1896.99 53.40 45.20 79.93 16.90;0.3480 1 945.34 492.54 65.60 44.76 353.67;0.3430 1 996.83 630.80 22.68 80.55 351.64;0.3375 1 157.27 526.53 41.94 47.55 356.22;0.3344 1 996.81 1065.03 27.98 51.07 352.52;0.3307 1 1721.17 423.89 85.68 33.99 358.72;0.3279 1 938.00 325.85 40.71 65.72 347.51;0.3173 1 1059.92 559.70 33.51 41.23 2.75;0.3061 1 1055.70 931.61 37.76 52.47 352.73;0.3011 1 998.34 693.31 28.11 99.66 354.37;0.2763 1 1537.82 492.35 30.59 37.39 354.89;0.2748 1 998.17 933.42 33.75 78.29 359.44;0.2677 1 1000.24 21.52 36.32 46.83 358.72;0.2633 1 90.98 629.70 34.31 92.77 354.95;0.2616 9 578.77 528.42 55.92 28.95 348.84;0.2583 1 1174.65 527.22 32.14 68.96 4.00;0.2542 1 996.20 795.14 43.64 77.51 351.87
v_9v4lxizqv8_0004,0.9578 1 934.96 223.49 29.72 75.40 0.71;0.9556 1 1721.44 492.27 74.40 42.50 355.88;0.9535 1 579.97 494.11 114.53 38.90 357.06;0.9527 1 1356.88 494.12 87.50 46.05 357.99;0.9396 1 1475.82 494.58 63.02 41.27 2.04;0.9271 1 1651.37 528.13 75.60 43.99 359.40;0.9264 1 1594.60 491.72 72.73 42.04 357.41;0.9261 1 1290.05 561.68 65.98 42.52 11.97;0.9010 4 1532.54 557.48 68.43 49.46 346.93;0.8994 1 455.91 492.38 118.16 38.42 346.11;0.8948 1 1358.49 458.46 81.92 44.56 359.50;0.8728 1 1357.59 526.85 52.77 55.11 2.03;0.8726 1 635.52 494.67 109.17 36.22 358.76;0.8598 1 1176.89 493.53 65.43 44.40 5.00;0.8554 1 1837.80 492.15 65.96 41.33 0.34;0.8280 1 161.57 560.05 57.06 46.83 357.36;0.7913 1 935.24 525.62 46.21 84.76 0.70;0.7778 1 1056.61 527.00 34.04 81.84 11.56;0.7719 1 1243.40 560.57 73.01 39.22 354.76;0.7654 1 997.15 695.43 34.92 86.00 356.84;0.7557 1 337.14 492.34 96.55 48.50 359.38;0.7472 1 1175.60 527.80 66.03 44.26 358.29;0.7356 1 1238.47 493.84 87.56 33.40 1.17;0.7235 1 936.99 493.33 38.31 68.49 358.51;0.7214 1 876.28 492.41 63.63 63.04 356.15;0.7144 1 938.02 358.05 38.97 71.83 352.79;0.7068 1 1054.40 558.26 40.63 83.18 12.67;0.6839 1 999.16 663.68 29.37 84.46 353.09;0.6818 1 1362.98 557.56 39.93 74.04 51.81;0.6754 1 1535.59 424.16 101.53 54.10 0.56;0.6729 1 1654.88 425.25 78.26 41.31 349.12;0.6646 1 698.50 556.46 75.90 38.66 355.97;0.6637 1 397.55 492.54 89.27 36.94 354.02;0.6588 1 1773.63 493.53 68.27 40.42 358.61;0.6544 1 1413.89 557.42 78.21 59.50 9.17;0.6468 1 995.11 729.22 39.90 89.56 358.76;0.6296 1 277.59 491.95 97.60 44.16 358.81;0.6242 1 1356.20 624.97 44.46 59.36 359.81;0.6231 1 997.84 121.51 31.64 75.56 3.28;0.6220 1 1542.17 492.49 63.55 46.12 21.47;0.6214 1 1479.46 527.74 52.08 33.46 357.27;0.6195 1 938.26 830.67 23.36 88.77 356.16;0.6163 1 1413.65 458.16 74.80 47.40 354.61;0.6104 1 1839.91 425.11 90.98 33.60 358.56;0.6099 1 758.71 427.41 45.81 33.77 7.52;0.6051 1 697.50 493.07 81.47 37.68 14.15;0.5892 1 936.64 391.83 38.99 68.72 357.36;0.5832 1 39.43 627.78 38.79 75.95 13.39;0.5788 1 1483.99 424.10 57.11 43.25 6.32;0.5639 1 1601.90 528.04 73.06 45.04 358.37;0.5630 1 37.15 596.56 37.34 53.33 2.49;0.5559 1 938.34 796.44 31.07 93.45 1.07;0.5430 1 1896.68 492.69 33.11 42.21 13.86;0.5359 1 938.54 933.62 40.26 78.00 3.03;0.5239 1 938.56 999.59 32.51 84.72 8.42;0.5231 1 1174.43 964.07 23.88 73.77 6.17;0.5196 1 516.69 559.37 57.77 49.99 6.43;0.5196 1 932.67 251.56 37.64 81.55 2.90;0.4942 1 938.86 965.81 30.10 75.72 351.64;0.4909 2 212.99 491.42 106.29 51.72 5.20;0.4899 7 820.12 492.01 73.97 50.20 353.03;0.4699 1 937.00 862.66 34.57 74.63 358.49;0.4686 1 994.39 1034.25 27.64 100.97 344.69;0.4503 1 820.82 895.51 60.39 44.95 57.95;0.4476 1 1414.82 427.96 44.97 38.98 357.29;0.4450 1 993.40 1000.53 32.38 88.13 352.71;0.4390 1 1120.13 559.78 34.19 68.91 358.55;0.4359 1 937.28 53.40 35.99 68.23 4.78;0.4330 1 995.97 1064.84 27.14 50.57 351.50;0.4152 1 995.53 763.78 36.48 88.14 358.57;0.4089 1 997.65 154.47 23.25 64.81 358.29;0.4024 1 1061.11 828.17 47.96 48.91 347.03;0.3894 1 1775.65 425.70 94.07 46.11 356.26;0.3830 1 934.82 423.93 38.72 79.84 6.54;0.3777 1 934.12 557.99 35.72 55.58 1.32;0.3597 1 1473.50 1032.17 46.03 76.80 7.00;0.3580 1 91.01 629.12 35.93 92.44 356.27;0.3507 1 1414.55 528.75 34.21 26.05 355.04;0.3442 1 939.41 763.02 28.57 73.01 6.15;0.3405 7 757.64 492.17 77.10 60.87 13.52
v_gowtdh4du4_0044,0.9810 1 515.14 560.08 85.87 45.41 355.42;0.9531 1 999.13 492.38 92.63 39.95 353.36;0.9320 1 874.52 121.92 59.19 60.26 349.77;0.9124 1 459.39 395.81 104.65 29.63 341.68;0.9038 1 871.97 155.95 72.07 46.22 357.50;0.9018 1 39.06 423.99 64.33 37.75 1.51;0.9010 1 1235.70 629.01 61.31 45.86 0.18;0.8928 1 1590.72 631.25 75.37 48.63 351.03;0.8806 1 1482.37 556.05 91.99 44.86 357.43;0.8678 1 1532.33 557.64 86.86 54.10 358.09;0.8669 1 630.79 627.59 79.41 45.79 341.62;0.8637 1 1840.13 629.72 92.98 28.41 348.02;0.8422 1 998.07 965.60 43.43 63.83 7.99;0.8401 1 582.29 626.57 83.16 36.21 351.96;0.8117 1 1054.78 1034.04 28.38 70.81 345.25;0.7931 1 335.14 422.92 84.88 44.45 2.43;0.7760 1 818.20 155.77 53.15 42.12 356.90;0.7605 1 1049.56 492.41 60.67 37.05 347.87;0.7286 1 461.57 559.92 90.03 41.25 351.72;0.7120 1 459.43 420.02 98.12 37.41 346.98;0.7067 1 1778.13 154.76 74.35 38.21 353.91;0.6717 1 1054.14 1063.60 28.18 47.88 350.10;0.6478 1 1531.82 530.58 76.70 51.77 348.57;0.6276 1 820.62 120.96 40.36 59.19 12.87;0.6152 1 999.86 798.88 61.89 52.26 355.91;0.5744 1 1173.74 562.66 60.89 42.92 356.39;0.5741 1 1895.39 592.25 82.54 48.64 3.20;0.5617 1 1481.05 529.05 94.43 37.08 354.30;0.5183 1 1000.61 695.51 58.12 56.00 351.81;0.5125 1 1893.83 630.07 71.12 36.85 357.36;0.4734 1 1051.43 694.93 49.64 72.60 345.10;0.4643 1 1121.43 563.62 54.38 28.25 354.09;0.4488 1 1545.17 629.58 59.33 29.83 1.50;0.4017 1 283.23 423.19 94.75 50.80 2.22;0.3937 1 995.86 996.98 43.94 70.71 6.75;0.3890 1 1841.01 591.48 90.59 57.12 11.49;0.3887 9 1475.56 459.71 47.35 19.01 356.99;0.3751 1 1052.72 862.88 38.89 93.25 353.01;0.3738 1 1294.64 1064.48 34.10 46.62 354.15;0.3665 1 1055.64 661.91 58.02 52.20 355.23;0.3657 9 1117.32 426.51 43.15 20.68 345.49;0.3522 1 1119.57 592.48 66.87 50.90 13.25;0.3125 1 1170.70 593.43 54.04 71.65 2.61;0.3045 1 1178.66 83.46 74.95 56.61 356.72;0.2928 1 211.95 424.15 86.86 33.36 350.55;0.2899 1 999.69 830.04 37.50 89.29 1.55;0.2852 1 700.95 626.85 59.81 38.38 358.36;0.2842 1 999.44 726.83 45.99 48.22 351.22;0.2500 9 398.70 493.95 45.10 12.76 346.54
v_azsh7mr6fm_0031,0.8948 1 1233.36 525.15 94.06 37.14 342.30;0.7709 1 1182.67 523.96 75.62 34.02 346.21;0.7461 1 98.15 490.25 99.30 51.51 352.08;0.3721 1 1232.17 795.83 62.83 50.13 343.61;0.3243 1 1182.66 796.25 43.08 61.71 7.55;0.3188 8 874.44 594.57 62.27 34.02 7.89;0.3022 1 942.27 86.76 43.43 88.64 352.47;0.2935 8 1057.47 562.62 74.73 27.69 352.50;0.2905 9 1656.96 527.24 45.40 24.02 356.40;0.2856 9 1653.61 560.11 58.66 28.79 356.23;0.2614 1 1357.92 762.89 87.29 49.36 342.27
v_6qbarag8up_0024,0.9602 1 940.07 326.38 38.75 74.92 3.43;0.9394 1 938.30 355.80 41.22 85.51 355.45;0.9263 1 997.35 221.64 29.71 80.25 14.59;0.9192 1 1357.32 524.38 78.99 47.12 349.80;0.9038 1 1355.21 563.14 67.93 54.31 350.25;0.9000 1 1356.76 496.23 67.51 38.35 348.74;0.8501 1 1599.20 562.96 96.28 41.95 355.24;0.8372 1 35.45 489.14 54.94 54.02 36.44;0.7812 1 995.42 191.98 17.64 91.50 358.10;0.7514 1 35.63 461.73 37.78 41.63 340.50;0.7502 1 995.84 19.50 54.73 43.92 4.14;0.7026 1 1782.01 561.45 76.60 42.77 7.88;0.5915 1 934.13 963.94 37.77 74.95 1.56;0.5280 1 279.40 624.84 87.79 43.18 357.77;0.4562 1 932.70 794.79 45.81 69.78 3.50;0.4132 1 1354.71 590.27 57.76 62.07 5.57;0.4065 1 1063.12 996.94 34.03 93.33 357.04;0.3874 1 1300.79 525.64 41.57 45.69 4.02;0.3525 1 872.27 594.00 53.41 34.39 354.20;0.3416 1 1902.88 560.07 41.30 36.77 358.62;0.3270 1 1300.22 591.86 55.26 39.63 352.49;0.3240 1 1061.29 1065.73 24.96 46.03 359.17;0.3135 9 817.53 493.27 33.34 20.83 2.76;0.2994 1 1063.99 156.24 23.20 88.10 4.83;0.2849 1 1300.67 494.00 47.29 52.02 3.81;0.2829 1 1060.74 966.90 28.62 60.65 349.77;0.2781 9 817.22 527.07 39.89 20.56 4.50;0.2613 9 1119.55 595.39 52.49 17.63 350.76;0.2585 1 1058.35 188.91 18.94 84.99 357.69;0.2560 1 936.51 763.01 27.13 98.29 357.61;0.2523 1 696.59 663.03 33.33 85.25 23.53;0.2519 1 883.48 795.51 39.87 66.32 0.39
v_x7vnc140it_0020,0.9706 1 1653.39 560.77 89.70 44.93 3.56;0.9662 1 1535.06 558.76 87.25 47.65 6.46;0.9597 1 1594.04 494.41 94.43 45.46 4.32;0.9494 1 936.74 425.38 41.01 66.39 358.93;0.9459 1 1721.05 560.02 89.98 38.09 11.71;0.9412 1 1779.10 523.33 91.71 38.60 356.30;0.9088 1 1422.26 494.16 87.12 37.22 5.68;0.9034 1 1716.73 524.66 78.02 57.86 1.15;0.9032 1 281.93 491.42 86.31 40.95 353.25;0.8888 1 935.05 830.71 35.42 76.41 3.35;0.8856 1 1355.29 558.82 74.03 57.05 19.92;0.8743 1 996.28 933.32 34.06 77.95 357.19;0.8658 1 872.38 493.09 78.18 34.96 356.68;0.8629 1 1468.30 495.15 73.62 43.66 1.73;0.8340 1 1298.43 557.62 110.24 39.99 4.24;0.8297 1 1115.12 559.42 52.70 57.84 5.55;0.8261 1 1774.29 561.12 97.75 37.71 0.55;0.8245 1 996.92 661.67 39.83 71.22 348.77;0.8182 1 1236.30 493.71 89.10 39.71 352.36;0.8161 1 515.21 491.06 94.79 45.10 359.80;0.8139 1 1899.02 525.45 51.67 38.32 354.24;0.8122 1 1115.54 526.25 48.77 78.42 1.28;0.8095 1 1418.37 559.12 79.97 42.01 14.38;0.8053 1 699.53 491.56 111.67 33.18 349.55;0.8026 1 93.59 596.64 35.11 83.28 357.63;0.7878 1 331.99 491.78 98.16 40.65 343.37;0.7609 1 934.80 457.26 47.32 70.86 358.94;0.7599 1 1838.72 561.82 80.15 42.57 356.23;0.7500 1 634.81 492.15 97.39 41.80 352.98;0.7440 1 1894.57 561.80 48.71 37.26 2.77;0.7434 1 460.56 491.66 103.18 47.63 359.29;0.7410 1 1240.17 558.84 72.27 38.31 9.09;0.7359 1 1718.92 627.56 76.09 41.87 4.00;0.7268 1 1354.07 494.53 79.61 41.54 358.41;0.7202 1 1545.76 492.57 54.94 39.72 16.48;0.7097 1 159.83 526.06 54.76 50.01 1.82;0.6856 1 992.78 1032.96 33.02 78.29 7.27;0.6640 1 1056.62 459.32 63.32 45.29 349.02;0.6495 1 1897.44 495.09 36.69 36.42 357.84;0.6450 1 1832.22 459.03 105.01 53.06 344.03;0.6192 1 579.08 491.39 92.68 42.56 0.44;0.6186 1 1481.06 427.19 73.41 42.14 0.95;0.6011 1 1659.00 626.84 76.72 58.54 14.69;0.5958 1 820.57 494.27 100.35 29.30 0.84;0.5798 1 1479.69 559.93 93.29 47.17 11.06;0.5796 1 1062.31 728.26 34.67 48.42 347.28;0.5776 1 1603.12 559.76 89.92 43.34 12.19;0.5758 1 1773.60 627.51 59.78 52.24 6.31;0.5731 1 996.95 899.21 33.49 87.03 355.46;0.5596 1 1896.62 627.21 37.73 51.23 21.10;0.5539 1 1660.38 523.50 79.51 40.29 342.65;0.5489 1 1536.71 459.56 56.19 47.96 352.63;0.5449 1 1661.73 494.66 61.22 39.57 3.63;0.5414 1 1300.25 494.51 82.72 35.17 0.41;0.5403 1 1778.56 494.48 51.94 22.43 339.36;0.5373 1 754.19 492.91 114.96 33.07 344.14;0.5337 1 1897.13 594.28 44.94 46.47 23.64;0.5309 1 1180.62 492.38 62.82 50.79 13.36;0.5293 1 1177.03 560.02 65.60 43.66 3.25;0.5127 1 933.97 861.52 40.52 77.17 0.84;0.5117 1 995.70 1000.51 28.50 98.20 3.16;0.5041 1 1417.60 459.62 56.13 34.06 353.02;0.5005 1 995.98 963.96 38.38 83.39 356.41;0.4541 1 819.23 867.01 37.19 43.67 353.50;0.4523 1 997.56 795.94 44.69 77.75 353.99;0.4424 1 996.27 765.62 36.00 65.97 351.99;0.4192 1 996.99 630.32 23.98 83.72 356.77;0.4174 1 41.26 595.10 38.40 59.83 8.02;0.4172 1 1058.67 21.76 55.70 42.99 349.94;0.4166 1 997.22 121.81 29.90 72.08 356.49;0.4083 1 1116.85 493.95 44.75 65.34 9.69;0.4076 1 938.67 796.68 44.68 91.35 1.10;0.4060 1 1597.84 692.75 44.01 53.32 11.05;0.3904 1 1532.52 427.67 71.64 35.18 350.37;0.3889 1 938.03 392.97 25.23 82.94 356.32;0.3809 1 936.89 1065.27 23.38 35.14 356.49;0.3754 1 1601.87 626.53 56.09 46.80 4.17;0.3646 1 819.18 893.43 51.54 43.99 59.94;0.3565 1 1353.56 391.64 65.00 46.56 4.50;0.3541 1 1417.94 1031.92 38.39 51.64 4.37
v_eegu44ulko_0029,0.9623 1 219.46 492.87 103.13 40.25 355.00;0.9446 1 873.61 558.65 50.04 43.59 4.69;0.9370 1 936.86 830.70 39.41 77.89 358.67;0.9153 1 391.99 495.47 113.39 36.95 348.76;0.9101 1 1357.05 494.16 70.40 49.91 356.65;0.9078 1 936.65 492.95 42.76 67.04 356.71;0.8989 1 1600.82 492.52 67.71 37.62 4.18;0.8964 1 996.78 425.28 43.54 66.84 348.40;0.8792 1 998.18 933.39 39.99 62.53 3.52;0.8721 1 274.89 558.84 76.36 55.74 358.80;0.8666 1 517.77 492.02 84.37 44.62 16.00;0.8661 1 935.48 289.55 38.71 73.92 345.93;0.8558 1 635.51 529.81 101.59 40.34 352.18;0.8543 1 935.90 627.98 45.71 59.35 349.61;0.8450 1 1481.10 492.15 70.04 43.50 4.74;0.8420 1 634.72 491.92 119.69 38.83 359.45;0.8207 1 345.34 494.38 91.71 39.34 359.36;0.8205 1 935.34 999.79 40.25 78.97 0.90;0.8061 1 753.99 494.14 78.98 36.33 357.76;0.8025 1 934.52 258.87 35.45 77.44 355.25;0.8002 1 578.25 492.99 107.29 43.72 5.93;0.7625 1 1481.80 424.37 80.74 47.20 10.66;0.7293 1 1535.58 424.39 83.59 52.01 359.11;0.7266 1 1771.96 490.53 68.28 50.79 358.01;0.7251 1 1894.89 491.75 47.89 46.41 8.59;0.7168 1 992.77 154.44 34.12 82.12 12.55;0.7054 1 395.98 558.53 92.47 41.81 356.27;0.6844 1 700.25 493.05 92.68 28.45 0.88;0.6635 1 818.27 461.32 80.50 42.74 0.18;0.6555 1 1533.83 492.38 66.16 44.02 1.93;0.6537 1 999.29 729.07 36.17 99.93 354.65;0.6441 1 700.14 557.22 93.25 39.17 9.14;0.6298 1 1650.43 492.63 54.76 43.11 0.35;0.6211 1 935.25 1031.90 45.99 76.66 351.95;0.6088 1 996.84 456.61 50.23 69.23 3.88;0.6069 1 999.06 695.11 28.86 96.65 344.25;0.6057 1 1120.10 492.78 39.47 80.34 19.24;0.6053 1 93.33 629.03 35.24 92.41 349.82;0.6029 1 938.82 763.47 30.31 69.15 4.83;0.6027 1 517.51 555.73 82.28 45.84 358.83;0.5900 1 936.45 860.33 45.60 70.77 5.92;0.5801 1 934.11 523.70 28.68 79.18 16.65;0.5777 1 1174.50 526.84 31.38 80.25 1.47;0.5774 1 1723.16 490.38 50.66 44.08 13.42;0.5765 1 995.78 122.68 28.95 83.64 5.39;0.5738 1 938.89 796.23 31.48 87.37 0.46;0.5694 1 1839.16 423.68 105.66 37.22 358.26;0.5445 1 41.07 628.15 36.40 67.69 7.46;0.5395 1 755.51 557.73 94.86 39.95 3.22;0.5382 1 935.85 659.29 47.10 93.04 357.59;0.5304 1 1117.87 559.79 29.97 61.38 13.34;0.5233 1 818.06 491.25 93.50 40.46 0.60;0.5224 1 637.42 555.36 87.20 41.71 354.54;0.5179 1 996.36 1065.23 29.72 48.03 353.59;0.5074 1 934.54 321.62 38.33 86.60 359.14;0.4990 1 1173.84 494.40 35.45 73.71 11.32;0.4950 1 996.69 763.26 41.78 86.04 2.94;0.4662 1 161.81 559.48 68.71 60.74 1.63;0.4626 1 516.48 529.38 73.08 44.45 4.17;0.4603 1 936.07 1065.26 37.74 35.45 2.88;0.4599 1 821.09 558.37 91.70 36.98 358.15;0.4579 1 997.28 393.41 30.52 67.09 347.48;0.4497 1 936.38 459.76 28.71 73.44 356.65;0.4411 1 1120.32 526.37 27.23 73.69 11.32;0.4305 1 754.74 528.58 41.46 40.08 16.13;0.4158 1 1898.14 593.94 29.71 51.38 8.23;0.3965 1 1060.11 827.26 39.69 53.31 350.98;0.3924 1 1599.09 661.19 36.73 70.34 5.03;0.3896 1 871.91 898.19 57.44 66.33 357.82;0.3872 1 937.45 52.71 35.93 69.61 4.51;0.3812 1 1420.89 425.64 49.19 35.13 1.90;0.3688 4 215.78 559.18 106.36 54.59 355.42;0.3673 7 1719.78 424.67 87.35 33.43 2.25;0.3510 1 998.09 1034.39 20.14 96.01 357.32;0.3504 1 696.93 529.03 51.99 30.05 4.39;0.3333 1 996.55 964.83 27.66 72.08 357.20;0.3279 1 36.10 527.13 36.20 39.67 350.56;0.3223 1 997.15 188.44 25.70 71.48 8.64;0.3165 1 339.50 559.10 67.47 40.69 3.56;0.3151 1 944.80 154.68 25.56 54.36 7.77
v_dc11gl5xxe_0019,0.9869 1 514.89 493.18 66.03 42.37 5.13;0.9572 1 939.99 525.91 93.17 44.20 353.02;0.9562 1 874.26 122.38 62.37 49.57 351.05;0.9560 1 1172.82 558.95 74.67 49.64 8.38;0.9466 1 1234.15 597.89 61.86 50.11 349.79;0.9457 1 992.03 526.39 72.94 44.11 354.07;0.9258 1 1121.83 558.16 77.07 44.87 8.49;0.9234 1 998.36 390.59 46.00 49.31 348.63;0.9233 1 872.23 156.65 71.74 52.89 356.70;0.9223 1 1234.09 624.48 79.34 49.29 352.94;0.9041 1 39.32 425.17 63.09 36.30 0.52;0.8722 1 336.82 424.02 77.48 41.30 0.79;0.8614 1 1777.27 154.90 73.78 37.42 348.51;0.8566 1 1410.01 630.04 71.62 63.52 2.62;0.8471 1 1054.37 1033.91 39.47 79.22 5.16;0.8213 1 632.58 628.33 81.86 49.74 348.13;0.8109 1 1592.01 631.97 74.36 52.94 356.76;0.7060 1 461.79 421.53 106.70 33.07 355.54;0.6774 1 819.87 156.31 42.42 44.30 10.29;0.6730 1 1054.72 863.18 36.98 100.87 351.11;0.6422 1 1056.58 828.81 42.39 84.78 0.14;0.6344 1 463.54 493.39 74.54 38.87 5.90;0.5963 1 1179.03 83.86 76.83 52.72 3.06;0.5711 1 1840.12 630.64 86.55 35.69 353.24;0.5449 1 1593.78 657.86 62.51 60.82 10.59;0.5390 1 458.07 396.31 87.35 25.66 341.30;0.5385 1 1182.29 624.32 61.70 32.93 356.82;0.5279 1 1053.64 1063.51 33.62 52.77 351.54;0.4920 1 1841.22 657.44 77.12 53.64 0.34;0.4050 1 212.81 425.32 73.87 34.12 352.77;0.4016 1 822.00 120.89 47.20 49.65 43.48;0.4004 1 1893.83 658.86 85.77 52.43 4.94;0.3835 1 1542.88 658.55 70.23 38.40 2.96;0.3822 9 1116.90 459.92 34.74 15.97 350.11;0.3753 1 936.78 21.32 35.73 47.34 353.25;0.3543 1 582.78 627.89 68.06 50.03 358.91;0.3269 1 1894.95 630.38 65.24 33.51 1.79;0.3255 1 1365.03 629.08 70.75 42.16 0.64;0.3174 1 932.44 52.23 39.69 54.71 0.53;0.3114 1 941.92 423.35 70.70 23.21 11.78;0.3062 1 1294.49 1064.28 30.56 47.66 356.46;0.3026 1 814.44 188.27 31.83 41.36 353.99;0.2986 9 1476.87 460.25 39.59 13.06 353.42;0.2937 1 1124.06 997.75 38.50 53.77 4.09;0.2871 1 282.27 424.27 85.35 52.14 2.65;0.2578 9 399.10 493.05 57.26 18.01 349.94
v_yzrlq8qm5e_0011,0.9534 1 1536.14 462.40 88.28 45.53 349.24;0.9386 1 819.52 122.71 65.14 45.58 353.14;0.9169 1 334.89 390.09 74.86 49.22 5.49;0.9096 1 1541.11 595.89 83.03 41.00 358.53;0.9076 1 995.16 933.00 43.75 79.96 0.69;0.8700 1 995.44 963.72 51.71 87.63 354.46;0.8448 1 1411.41 594.24 67.25 51.90 358.77;0.8267 1 39.72 391.23 71.15 38.22 356.31;0.8030 1 1536.01 488.25 85.70 59.27 357.86;0.7882 1 1241.70 1000.27 44.06 74.58 340.98;0.7741 1 1051.60 1033.92 36.63 63.43 345.17;0.7666 1 819.74 88.96 46.12 43.52 8.23;0.7594 1 872.62 89.30 63.52 51.68 351.52;0.7260 1 1053.47 829.57 43.05 84.23 3.40;0.7231 1 1241.41 1029.38 54.18 93.28 0.01;0.7091 1 870.99 123.73 55.94 57.13 356.68;0.7089 1 157.99 392.35 75.47 33.03 351.04;0.6853 1 461.46 592.20 98.09 44.19 354.22;0.6844 1 1175.84 52.30 99.75 48.38 6.82;0.6124 1 1003.74 828.54 54.62 62.83 349.23;0.5627 1 1232.56 594.89 68.62 51.89 350.09;0.5483 2 991.45 528.43 73.82 56.41 3.71;0.5416 1 1122.01 51.62 73.76 60.89 357.04;0.5279 1 583.14 594.03 79.68 38.98 357.32;0.5017 1 510.89 592.88 91.10 53.13 347.23;0.4933 1 630.37 593.68 82.08 43.82 343.04;0.4715 1 519.08 387.66 107.81 44.32 349.68;0.4679 1 1181.11 593.71 58.10 53.84 1.25;0.4624 1 1118.58 929.12 40.03 81.33 338.63;0.4595 1 1358.14 963.82 75.20 48.75 352.04;0.4216 1 815.26 151.57 41.71 41.18 351.05;0.4143 9 1115.43 426.45 47.64 18.23 351.04;0.3917 1 1055.86 861.51 25.65 65.82 347.97;0.3809 1 285.00 390.05 65.13 41.31 4.22;0.3770 1 457.76 387.40 91.41 39.19 346.60;0.3725 1 573.81 387.38 70.25 43.53 1.79;0.3601 9 756.64 425.81 40.29 17.80 356.42;0.3342 1 1720.54 121.73 79.44 38.55 4.11;0.3341 1 758.87 190.56 33.53 45.95 9.78;0.3104 1 94.78 392.48 93.96 35.65 342.35;0.2903 9 1419.30 426.66 46.44 13.16 357.04;0.2842 1 1001.81 797.25 36.62 77.81 349.40;0.2813 1 1364.10 594.02 55.38 45.47 3.47;0.2745 1 941.29 528.78 77.85 31.04 355.86
v_daqso071ui_0023,0.9596 1 695.01 491.52 110.62 37.76 354.09;0.9595 1 1778.35 492.82 73.68 42.60 359.82;0.9491 1 1413.62 493.01 85.63 38.53 352.39;0.9265 1 941.64 257.67 38.63 58.47 358.21;0.9225 1 935.37 830.82 30.00 93.99 0.04;0.9148 1 1717.51 559.16 56.38 55.09 19.29;0.8891 1 935.80 965.61 36.80 78.96 353.73;0.8707 1 935.62 933.39 39.08 72.78 10.45;0.8542 1 42.37 491.95 68.64 35.71 2.12;0.8490 1 1660.42 490.13 69.46 47.82 4.92;0.8305 1 935.22 861.22 44.43 74.26 7.89;0.8246 1 1363.24 491.81 75.78 39.54 0.77;0.8193 1 998.37 662.49 34.27 78.62 347.21;0.8183 1 1900.15 491.94 35.24 38.26 4.43;0.7978 1 91.73 492.92 96.41 43.21 347.68;0.7912 1 1117.42 493.69 37.84 72.03 14.67;0.7791 1 158.22 526.55 56.82 51.03 359.11;0.7788 1 940.32 289.57 44.38 67.50 342.84;0.7674 1 936.51 391.80 41.36 65.70 358.30;0.7448 1 874.15 458.41 73.22 49.16 353.55;0.7232 1 1056.28 458.02 61.84 49.81 3.70;0.6959 1 996.93 765.33 40.11 75.20 354.02;0.6915 4 696.97 558.38 73.21 49.60 344.68;0.6818 1 994.89 1064.86 37.84 40.34 357.58;0.6501 1 938.94 796.88 30.73 90.31 2.10;0.6499 1 1479.88 424.39 66.91 61.27 11.34;0.6340 1 39.68 628.25 41.54 71.20 9.66;0.6338 1 1838.72 422.99 105.32 41.41 354.25;0.6119 2 512.33 493.06 100.75 52.35 2.87;0.5997 1 1719.14 594.28 56.43 63.59 359.40;0.5897 1 37.04 597.05 38.71 56.29 0.94;0.5878 1 821.00 458.64 77.64 39.75 358.55;0.5710 1 1117.45 526.40 37.10 77.48 359.74;0.5684 1 818.33 492.85 66.18 42.11 352.04;0.5623 1 644.15 491.75 68.24 36.97 351.53;0.5416 1 752.39 557.95 98.64 58.15 348.49;0.5312 1 1239.63 528.83 56.40 54.11 350.05;0.5312 1 1239.03 555.32 67.52 50.24 7.24;0.5166 1 879.69 427.41 26.58 67.93 355.09;0.5091 1 996.08 1034.40 26.82 95.26 342.95;0.4964 1 1897.40 593.15 35.00 52.35 17.91;0.4843 1 1174.89 963.55 27.93 66.84 5.33;0.4817 1 937.37 53.67 38.63 69.42 2.41;0.4771 1 936.03 997.27 38.21 83.93 12.05;0.4521 1 996.40 121.43 33.00 75.88 2.36;0.4504 1 1357.31 595.80 26.01 138.84 8.60;0.4327 1 1000.51 456.74 69.44 44.17 352.00;0.4268 7 337.82 528.27 102.78 89.96 0.53;0.4212 1 1535.64 423.87 80.94 63.52 356.50;0.4128 1 996.92 999.46 35.11 70.01 354.53;0.4127 7 1721.46 423.93 88.72 38.51 355.47;0.4037 1 1421.97 425.65 44.52 37.64 359.86;0.4008 1 575.69 527.79 42.30 49.26 354.02;0.3969 1 1717.48 491.79 53.43 47.09 10.87;0.3806 1 1062.31 727.50 37.22 51.05 340.45;0.3708 1 939.42 323.71 34.95 86.18 355.21;0.3653 1 1658.06 459.82 44.00 62.85 350.22;0.3489 1 937.50 358.32 26.20 91.61 353.70;0.3432 1 1717.00 527.84 28.04 33.62 346.79;0.3413 1 1055.50 931.57 37.33 58.06 356.47;0.3296 1 998.41 693.21 28.04 99.35 354.14;0.3240 1 996.90 630.80 22.37 87.43 350.77;0.3235 1 938.63 86.58 31.04 77.85 6.99;0.3108 1 997.09 795.14 39.37 84.28 355.09;0.3090 1 991.01 256.62 47.21 63.98 2.88;0.3069 1 940.75 1066.73 28.08 24.60 0.42;0.3011 1 757.70 529.03 48.24 41.33 352.78;0.2884 1 1116.87 558.33 33.06 55.49 5.49;0.2877 1 1773.80 595.08 51.55 69.78 352.79;0.2851 1 999.72 932.45 36.46 59.19 3.34;0.2707 7 395.46 530.95 81.51 58.54 358.08;0.2697 1 1419.79 459.17 48.87 43.37 355.25;0.2690 1 821.70 895.99 70.44 37.46 76.10;0.2645 1 1899.06 526.84 28.32 39.39 20.36;0.2642 1 938.37 21.81 28.69 51.14 354.52;0.2530 1 933.69 425.34 26.21 69.73 1.00
v_2dxvvipomi_0041,0.9644 1 1536.79 592.04 67.09 50.13 18.08;0.9622 1 1292.21 495.09 79.81 40.77 356.15;0.9565 1 873.92 122.18 59.00 51.79 351.34;0.9536 1 1592.45 630.83 53.98 56.25 352.19;0.9497 1 639.03 526.87 78.97 40.96 356.88;0.9492 1 336.86 423.68 82.32 44.14 2.20;0.9230 1 871.86 156.41 70.16 49.55 356.46;0.9143 1 1532.23 495.21 77.00 44.42 354.80;0.8979 1 39.80 424.46 65.45 37.25 0.59;0.8912 1 1234.72 629.39 64.17 48.78 358.91;0.8712 1 997.32 594.38 45.58 64.31 342.89;0.8711 1 1054.53 1033.74 42.80 75.14 6.07;0.8557 1 1241.22 494.02 78.28 37.18 357.86;0.8347 1 1481.24 493.90 87.86 40.06 355.23;0.8269 1 457.27 395.57 88.13 30.39 344.50;0.8183 1 1777.11 154.89 73.76 37.29 350.42;0.7918 1 459.97 421.43 95.38 37.75 352.67;0.7798 1 633.19 628.70 86.18 48.58 348.67;0.7702 1 1840.05 631.28 98.06 38.56 354.85;0.7328 1 819.50 156.39 45.58 40.66 3.75;0.6988 1 689.51 527.32 60.21 38.03 349.17;0.6549 1 1054.93 862.94 38.96 95.53 352.29;0.6476 1 1056.20 828.90 41.33 84.62 0.48;0.5938 1 1537.95 563.06 72.97 34.13 354.00;0.5909 1 998.68 562.69 52.56 46.07 353.47;0.5823 1 995.61 625.58 49.60 58.26 355.29;0.5783 1 582.07 628.08 82.15 48.84 355.96;0.5717 8 1172.06 460.02 70.86 25.77 353.47;0.5653 1 1053.66 1063.71 35.77 50.52 350.61;0.5068 1 821.12 120.87 45.30 54.73 22.95;0.4999 1 1053.67 892.85 40.31 63.59 9.80;0.4979 1 1179.23 82.98 77.05 52.90 4.05;0.4632 1 1483.44 592.08 76.65 38.67 12.77;0.4481 1 1840.68 657.28 78.79 53.19 358.68;0.4407 1 1842.50 527.81 83.31 32.00 354.42;0.4313 1 1121.32 458.89 76.94 27.53 354.25;0.4238 1 1893.82 528.39 74.18 37.21 1.14;0.3955 8 1057.04 390.61 39.37 28.48 3.24;0.3839 1 1592.25 657.53 54.97 60.37 3.22;0.3640 9 1237.79 525.09 55.57 19.42 352.94;0.3195 1 1294.49 1064.26 30.65 47.21 357.63;0.3119 1 1536.20 524.85 59.35 40.62 350.69;0.3117 1 814.05 188.34 33.00 37.11 351.45;0.3100 1 1181.51 628.60 55.07 45.89 3.10;0.2996 1 1116.01 221.37 45.85 85.78 349.49;0.2944 1 1123.69 997.46 40.03 49.11 7.51;0.2857 1 936.89 20.79 35.27 40.80 353.68;0.2753 1 1893.89 630.61 66.26 32.93 6.50;0.2679 1 1894.08 659.11 85.55 50.83 5.61
v_aezq2v2os1_0028,0.9884 1 516.55 494.00 41.03 69.19 40.65;0.9211 1 1058.33 528.02 77.21 35.57 354.95;0.9011 1 1355.25 563.49 56.99 52.96 346.13;0.8481 1 1599.08 562.85 99.33 42.84 355.80;0.6125 1 933.48 796.22 40.13 72.90 1.66;0.5619 1 1782.33 561.39 69.66 45.06 9.66;0.5459 1 1299.62 493.94 35.64 59.70 357.82;0.5278 1 453.51 763.96 49.80 96.61 7.51;0.4787 1 1354.82 589.82 62.34 58.88 357.07;0.4525 1 1057.64 695.12 39.61 63.63 339.15;0.4081 1 935.08 964.25 31.66 85.43 3.18;0.3578 1 463.69 493.33 30.38 58.39 45.47;0.3523 1 279.92 626.21 107.77 39.97 357.28;0.3454 9 816.10 527.42 39.60 22.58 7.33;0.3387 1 1060.95 155.37 32.60 72.47 355.83;0.3062 1 935.01 325.27 30.48 67.47 8.35;0.2884 9 1056.72 557.81 58.25 18.59 347.47;0.2878 9 1120.16 594.72 47.36 15.71 348.11;0.2818 7 1297.64 526.93 41.37 57.17 358.65;0.2796 9 817.72 493.45 29.78 19.69 1.37;0.2545 1 815.21 561.60 64.34 34.07 356.78;0.2519 1 1057.89 358.27 29.89 56.17 349.73;0.2508 1 999.14 728.36 31.99 53.91 350.08
v_2fmgjnh78z_0001,0.9880 1 95.25 494.80 87.06 42.11 355.85;0.9858 1 638.53 492.47 56.10 54.21 40.06;0.9396 1 995.14 53.63 35.65 87.56 9.44;0.9370 1 1361.49 525.06 88.20 31.70 357.86;0.9217 1 992.20 629.48 50.30 57.76 344.77;0.9137 1 998.90 291.26 32.42 96.75 351.18;0.9051 1 1237.35 492.61 82.41 39.78 356.74;0.8237 1 1410.88 526.17 64.04 37.23 350.72;0.7858 1 1236.38 526.42 83.72 40.21 345.19;0.7162 1 993.78 660.19 47.11 83.11 343.11;0.7038 1 992.22 156.06 23.13 79.59 13.76;0.6441 1 1355.75 591.27 69.20 45.25 2.07;0.6222 1 933.71 796.31 43.02 63.56 1.78;0.6209 1 993.33 258.44 24.26 100.70 6.47;0.6050 1 1058.66 694.89 28.71 63.49 335.39;0.5702 1 1003.27 322.23 18.59 94.06 350.31;0.5445 1 1051.82 324.13 26.80 98.18 342.75;0.4995 1 1299.80 591.66 64.30 44.65 349.39;0.4968 1 944.54 630.12 43.15 51.15 1.80;0.4794 1 934.27 964.60 43.05 78.48 354.88;0.4733 2 1108.81 560.86 103.75 42.93 359.40;0.4210 7 1061.59 561.84 103.21 34.91 356.85;0.4138 1 995.32 85.76 25.58 99.98 7.04;0.3639 1 1782.97 561.42 69.29 43.73 5.44;0.3514 2 1473.27 561.44 87.63 59.36 353.05;0.3436 1 1601.27 563.09 69.33 44.17 356.75;0.3426 1 1421.19 562.09 51.44 67.89 357.51;0.3361 1 944.96 257.26 22.60 76.29 3.76;0.3310 1 1062.68 220.91 26.46 60.18 346.95;0.3262 1 1901.25 561.51 43.94 33.95 353.86;0.3212 9 815.53 527.28 29.04 18.35 8.90;0.3160 1 1599.37 592.49 61.88 80.45 5.62;0.3064 1 1422.36 594.24 45.54 49.46 353.45;0.2998 1 993.11 186.18 21.78 76.07 355.13;0.2998 1 1061.81 863.90 30.35 58.20 350.84;0.2961 1 1295.21 527.38 69.27 43.59 350.83;0.2793 1 1063.92 188.03 28.68 77.06 349.68;0.2773 1 1116.95 1064.17 40.41 46.72 342.99;0.2732 9 1056.38 594.01 58.90 18.50 353.04;0.2673 9 817.63 561.76 56.19 23.91 350.47;0.2671 1 934.76 932.53 31.40 97.20 355.59;0.2633 1 1422.22 627.07 34.75 76.65 2.99
v_961gu1h6l9_0001,0.9326 1 1832.10 459.72 86.98 41.08 355.76;0.9273 1 1835.09 524.18 99.23 50.91 9.53;0.8869 1 1712.04 459.56 74.05 50.05 6.49;0.8754 1 995.11 629.44 36.71 71.33 351.71;0.8505 1 576.73 461.77 93.08 41.81 348.27;0.8452 1 1782.62 459.39 74.50 41.33 6.70;0.8430 1 935.22 292.26 45.67 78.95 348.88;0.8422 1 994.08 1001.54 28.07 96.57 358.23;0.8281 1 994.38 1032.26 34.99 75.70 1.51;0.7607 1 37.63 595.17 38.58 70.71 0.86;0.7598 1 996.26 899.41 29.37 69.19 355.91;0.7296 1 1054.62 426.25 69.75 48.68 357.67;0.7283 1 875.18 459.31 67.68 60.93 352.71;0.7240 1 931.96 321.65 65.63 57.36 348.88;0.7238 1 1480.28 391.58 84.43 36.75 0.95;0.7222 1 1540.29 458.67 63.56 34.96 1.62;0.7220 1 1471.68 460.81 68.19 47.65 2.18;0.7160 1 1117.16 460.44 55.32 64.07 10.39;0.7090 1 1661.84 458.44 60.83 43.80 11.55;0.7062 1 932.98 696.01 42.00 81.56 350.43;0.6925 1 1898.98 591.58 43.24 51.47 19.33;0.6745 1 943.00 122.67 27.60 91.81 11.17;0.6669 1 37.26 562.41 37.03 54.70 358.59;0.6565 1 1593.89 458.70 62.24 42.70 356.16;0.6501 1 816.39 864.15 45.49 57.42 20.85;0.6371 1 994.50 764.36 44.06 68.17 347.53;0.6361 1 932.53 1064.95 26.78 29.39 356.78;0.6355 1 1902.64 458.93 25.13 36.17 8.58;0.6233 1 989.77 123.75 30.68 103.97 8.38;0.6168 1 944.56 151.45 37.41 75.26 11.38;0.6075 1 994.61 154.82 39.58 77.32 3.30;0.5945 1 1419.97 459.38 72.26 41.50 359.03;0.5890 1 877.31 426.59 63.48 57.96 356.54;0.5602 1 1783.20 524.59 50.71 40.28 23.13;0.5579 1 1901.61 525.01 27.45 47.00 21.03;0.5238 1 882.88 322.17 47.34 43.67 356.53;0.5119 1 997.20 659.60 38.39 86.31 344.80;0.5044 1 931.80 933.95 29.17 94.90 359.94;0.4992 1 1357.59 595.76 36.82 74.27 17.38;0.4655 1 1778.99 393.59 91.07 29.39 1.09;0.4652 1 1418.84 526.37 41.92 57.20 0.75;0.4442 1 934.96 965.72 25.95 111.89 353.68;0.4411 1 996.34 87.96 41.57 101.09 11.28;0.4361 1 1718.13 591.20 50.66 70.37 0.09;0.4283 1 702.10 462.87 67.70 34.77 352.05;0.4258 1 700.52 487.72 90.00 40.90 0.49;0.4228 1 939.09 392.08 38.36 48.31 3.08;0.4166 1 1475.37 493.80 46.43 47.87 354.05;0.4056 1 936.15 425.16 52.32 54.97 359.66;0.3876 1 997.20 54.86 31.23 62.84 6.72;0.3798 1 996.20 391.56 40.66 41.31 348.76;0.3743 1 1000.48 424.32 69.06 45.67 353.50;0.3732 1 1833.91 393.64 75.95 34.11 343.59;0.3639 1 576.70 490.05 61.98 58.86 353.30;0.3585 1 1720.54 392.68 75.96 34.75 351.40;0.3405 1 1836.70 494.09 38.21 42.32 4.89;0.3226 1 997.33 930.56 31.06 92.59 358.98;0.3190 1 995.58 493.76 43.25 63.60 8.24;0.3157 1 995.46 966.16 25.42 106.95 2.69;0.3079 1 936.45 829.92 34.50 62.58 354.02;0.3077 1 882.86 291.49 36.54 64.48 359.81;0.3062 1 939.01 1034.94 15.86 67.19 357.76;0.3061 1 1531.11 593.84 39.49 82.04 2.25;0.3038 1 942.53 628.00 21.68 77.09 3.55;0.3029 1 938.22 525.61 36.77 49.92 350.66;0.2936 1 1058.28 560.37 23.49 53.17 1.17;0.2914 1 1061.50 695.73 26.61 52.13 337.63;0.2911 1 1597.04 629.12 33.44 73.68 4.32;0.2909 1 1119.19 491.51 39.99 66.79 5.20;0.2901 1 1658.45 591.84 52.16 74.72 354.80;0.2796 1 998.42 795.83 36.44 81.09 357.48;0.2764 1 937.28 796.70 22.15 72.01 348.67;0.2677 1 1418.71 492.40 41.53 39.81 354.57;0.2675 1 939.50 763.75 34.43 94.31 350.63;0.2606 1 516.56 525.42 42.45 50.06 7.19;0.2596 1 938.30 52.73 34.47 67.81 0.90;0.2586 1 935.01 259.93 36.35 61.24 354.17;0.2547 1 1117.67 526.89 31.94 65.67 7.05;0.2524 1 994.46 1064.97 29.10 52.87 359.92
v_09gpsv2mc8_0047,0.9863 1 1176.89 360.27 78.42 29.64 347.35;0.9827 1 212.26 258.66 84.22 37.60 354.50;0.9737 1 819.80 360.51 86.37 31.30 351.30;0.9719 1 1419.53 525.20 79.47 38.76 356.87;0.9710 1 935.06 931.12 34.40 70.14 357.70;0.9490 1 1110.45 424.56 81.05 42.19 357.52;0.9418 1 1415.46 562.49 101.91 30.60 344.28;0.9404 1 994.82 864.58 30.85 75.45 353.39;0.9346 1 875.30 662.08 46.17 56.22 355.19;0.9333 1 332.45 293.30 58.04 46.34 1.15;0.9180 1 873.87 461.21 56.64 41.41 2.56;0.9124 1 1061.29 424.17 94.69 37.36 355.97;0.9107 1 280.78 1000.35 94.19 33.21 347.63;0.9076 1 1177.08 591.58 91.16 39.74 350.47;0.8845 1 99.80 460.15 78.41 46.92 342.46;0.8832 1 216.77 388.06 106.26 36.33 346.05;0.8764 1 702.11 293.11 76.03 33.56 349.52;0.8644 1 934.49 1000.38 37.22 83.39 356.54;0.8620 1 689.76 461.18 62.49 47.70 345.50;0.8543 1 572.51 291.83 65.71 40.06 354.53;0.8533 1 642.94 460.09 58.93 28.05 356.61;0.8371 1 1544.21 523.53 101.37 35.61 358.42;0.8265 1 1589.80 523.51 72.08 45.93 354.25;0.8196 1 578.61 1001.54 75.64 25.65 345.45;0.8106 1 637.05 426.89 63.26 39.64 1.92;0.8032 1 515.79 461.69 87.78 25.27 345.14;0.7890 1 1782.66 526.06 86.35 34.78 356.82;0.7737 1 933.10 190.15 80.16 41.16 348.29;0.7698 1 521.19 361.39 81.78 37.97 328.93;0.7562 1 151.09 1068.17 65.01 32.55 348.71;0.7527 1 332.39 1001.20 103.99 39.32 346.96;0.7490 1 933.73 1029.76 44.51 87.18 0.36;0.7483 1 394.41 1067.64 71.83 30.61 342.33;0.7424 1 753.73 321.98 71.27 36.88 0.33;0.7385 1 571.07 362.22 83.29 38.01 346.15;0.7349 1 334.17 321.52 77.52 39.90 357.06;0.7302 1 338.93 1067.83 71.00 27.79 350.26;0.7192 1 163.64 257.13 88.56 34.94 350.42;0.7074 7 579.95 425.51 144.29 38.26 19.02;0.7070 1 939.41 898.71 27.59 67.61 3.17;0.7041 1 214.46 361.92 65.97 27.91 354.91;0.7023 1 700.21 320.73 78.47 28.43 353.57;0.7017 1 870.35 361.29 77.94 35.21 352.61;0.7012 1 280.38 321.16 72.99 21.19 344.77;0.6945 1 391.78 223.15 78.22 33.56 350.27;0.6906 1 281.54 293.29 68.54 25.51 3.66;0.6896 1 1060.20 88.24 56.74 67.98 338.96;0.6792 1 516.88 1066.04 79.43 31.95 355.47;0.6652 7 1835.98 561.38 122.61 48.58 353.04;0.6627 1 750.80 293.89 92.07 37.22 352.93;0.6569 2 871.42 257.52 79.74 35.33 353.07;0.6458 1 457.04 1066.89 63.74 33.64 350.50;0.6283 1 521.63 291.90 71.68 29.28 353.06;0.6226 1 1058.49 119.28 60.02 53.21 2.89;0.6103 1 1409.61 424.50 86.22 38.76 351.40;0.5930 7 518.84 425.82 209.84 63.15 19.17;0.5803 1 100.57 1068.03 62.75 30.99 353.33;0.5762 1 1831.75 525.43 85.68 54.70 357.10;0.5717 1 150.06 460.57 47.89 42.27 355.92;0.5395 1 821.86 257.56 85.00 31.38 355.78;0.5375 1 1898.96 423.64 53.40 31.95 355.13;0.5305 1 935.69 963.74 28.04 93.41 1.42;0.5259 7 1358.44 424.87 108.50 38.08 356.20;0.4988 1 1781.99 359.76 90.24 24.49 346.65;0.4987 7 1356.77 394.67 65.91 23.86 357.01;0.4976 1 1061.01 1031.25 49.76 68.80 353.27;0.4794 2 1830.85 360.04 101.52 35.34 349.49;0.4749 1 1176.70 386.48 67.52 31.46 347.28;0.4515 1 819.66 387.20 59.35 24.58 347.17;0.4509 1 98.20 488.40 61.10 42.73 353.06;0.4503 1 151.28 426.58 68.20 27.66 350.25;0.4488 1 1897.36 394.35 57.52 25.87 10.89;0.4399 1 1469.40 524.96 68.14 43.48 1.49;0.4310 2 97.11 427.93 79.58 40.61 354.72;0.4204 9 995.09 291.58 44.51 24.93 0.53;0.4181 9 696.82 357.47 28.02 21.98 348.98;0.4115 1 577.94 1028.47 64.30 33.32 354.17;0.4076 1 875.69 489.31 50.71 36.57 353.95;0.4070 1 881.57 189.91 73.04 34.48 351.28;0.3847 1 998.40 832.02 38.07 81.04 358.16
v_bzgxoanxvr_0049,0.8270 8 1598.26 496.22 62.87 22.37 349.07;0.7328 1 98.16 489.84 95.83 54.84 350.51;0.5918 1 1652.81 560.67 62.77 34.86 351.16;0.3979 1 941.98 86.32 46.80 85.10 350.52;0.3943 7 876.12 459.75 48.44 45.61 16.36;0.3535 1 1232.34 795.39 63.77 50.64 343.10;0.3449 1 1177.48 492.74 48.73 44.40 342.59;0.2769 9 1655.65 527.68 39.91 26.15 354.09;0.2696 1 1358.09 762.87 86.60 50.72 341.01
v_helcprhhci_0046,0.9894 1 155.23 460.62 79.99 36.93 8.72;0.9660 1 816.41 153.33 70.25 34.84 350.61;0.9432 1 218.74 526.86 84.88 37.37 358.32;0.9071 1 337.10 393.47 62.82 53.18 1.17;0.8479 1 1537.54 597.01 69.28 45.14 358.62;0.8125 1 272.62 526.92 57.84 34.28 352.44;0.7954 1 40.12 394.08 67.50 37.47 356.86;0.7914 1 574.20 391.74 63.92 34.40 0.61;0.7808 1 819.49 122.12 38.97 54.38 345.54;0.7666 1 1119.37 928.16 37.55 96.76 358.04;0.7612 1 819.72 90.28 46.61 43.21 7.42;0.7202 1 872.84 90.36 58.07 52.98 358.93;0.7178 1 517.68 391.64 97.38 39.66 356.31;0.6945 1 1240.93 999.70 37.26 81.21 340.58;0.6843 1 460.03 390.74 78.29 35.13 351.56;0.6774 1 1050.91 1033.35 44.31 61.92 344.35;0.6773 1 1178.40 595.02 71.15 50.70 359.47;0.6387 1 873.35 155.04 57.55 38.36 359.57;0.6200 1 511.71 594.65 77.93 53.54 350.24;0.5937 1 1239.49 1029.85 49.49 101.34 2.86;0.5704 1 873.86 122.33 41.16 74.38 355.82;0.5638 1 1412.33 595.43 72.31 45.13 352.08;0.5637 1 1122.20 54.90 72.82 46.97 354.99;0.5615 1 157.84 426.29 57.00 62.29 10.74;0.5521 1 993.96 730.16 35.65 98.02 354.13;0.4530 1 629.92 595.57 80.34 50.07 349.84;0.4165 9 1416.72 426.54 53.68 20.16 359.25;0.4017 1 1835.68 288.06 45.21 72.75 3.68;0.3938 1 461.93 594.02 77.16 50.86 2.91;0.3874 1 92.81 395.24 94.56 38.75 351.29;0.3404 1 1535.97 624.21 61.86 56.84 5.59;0.3349 1 1115.88 289.72 44.94 62.95 351.37;0.3297 1 1839.37 257.38 28.78 96.72 359.78;0.3275 1 935.04 358.96 50.94 41.88 352.79;0.3265 9 756.96 426.56 39.73 17.13 359.49;0.3253 1 1052.94 358.90 41.68 31.18 357.73;0.3167 1 1054.94 860.33 30.28 68.34 352.92;0.3005 1 760.87 222.22 47.41 63.79 0.98;0.2906 1 156.70 393.46 44.71 41.04 3.38;0.2828 1 1055.55 830.90 36.93 128.23 352.86;0.2668 1 1000.71 829.15 41.64 91.32 353.96
v_ezo72gwc0x_0017,0.9845 1 1292.91 524.22 54.71 60.64 34.49;0.9696 1 1295.58 429.22 96.75 35.73 344.08;0.9539 1 514.96 495.85 78.75 45.67 357.20;0.9390 1 819.71 122.85 63.08 47.46 350.90;0.9294 1 335.72 390.46 80.08 48.40 7.10;0.9178 1 1540.23 596.21 77.47 39.83 357.33;0.9112 1 1114.61 490.15 80.61 53.88 2.79;0.8465 1 1411.42 594.16 67.66 46.89 352.21;0.8399 1 1114.04 463.43 78.28 43.40 346.41;0.8139 1 1241.62 1000.25 42.72 80.22 344.11;0.7927 1 1051.11 1032.96 41.26 63.85 350.42;0.7926 1 39.21 391.41 69.40 37.82 356.74;0.7873 1 1297.02 456.14 93.93 57.90 356.94;0.7694 1 872.37 89.38 62.82 51.21 352.60;0.7504 1 819.94 89.36 41.33 46.02 6.91;0.7281 1 1120.10 897.96 28.22 119.19 349.15;0.7266 1 517.39 523.65 68.44 51.58 357.90;0.7188 1 1244.30 523.45 80.59 45.11 355.50;0.7058 1 458.95 387.63 96.20 39.58 350.31;0.6880 1 460.96 592.52 95.26 50.94 0.49;0.6824 1 1240.85 1029.20 51.06 99.35 1.55;0.6777 1 1111.84 561.19 48.18 56.22 13.10;0.6609 1 1119.18 928.69 40.51 89.41 355.56;0.6584 1 871.12 123.77 51.82 59.83 358.22;0.6187 1 157.02 392.10 70.46 34.49 351.37;0.6158 1 1176.47 52.96 102.81 48.56 9.30;0.5946 1 815.60 151.23 46.28 43.06 349.90;0.5863 1 1772.01 494.10 79.01 45.88 0.57;0.5431 1 1003.24 827.86 59.12 65.91 349.04;0.5046 1 1054.24 829.22 43.10 91.40 358.79;0.4664 1 1002.17 797.41 43.23 74.61 349.31;0.4410 1 1062.50 489.26 83.37 35.48 6.18;0.4379 9 756.10 425.55 43.25 20.75 0.35;0.4178 1 993.04 560.56 52.39 66.64 354.90;0.4156 1 1363.76 593.50 59.04 34.17 356.15;0.4011 1 758.90 190.64 36.39 38.99 6.06;0.3975 1 583.99 593.11 72.61 37.07 347.58;0.3919 1 990.30 591.60 53.56 62.24 341.04;0.3862 1 574.16 387.35 71.43 42.35 4.16;0.3807 1 517.23 388.39 116.59 44.99 349.71;0.3775 1 941.76 561.30 56.40 74.30 1.09;0.3723 2 1720.49 493.92 91.96 44.00 0.15;0.3505 1 629.53 593.09 74.25 49.63 343.21;0.3258 1 1122.72 51.84 74.24 59.93 358.91;0.3211 1 95.34 392.37 94.69 36.32 344.16;0.3137 1 511.53 593.06 72.89 58.24 2.09;0.3034 1 1295.93 494.46 71.99 44.54 349.77;0.3009 1 284.32 390.03 65.92 42.98 3.70;0.2970 7 941.22 593.21 61.25 45.69 355.20;0.2772 9 1718.94 526.18 48.99 18.26 356.48;0.2765 1 1233.03 594.06 52.22 43.56 10.26;0.2729 1 1004.72 1031.08 37.04 74.56 1.06;0.2656 9 1418.36 425.73 42.95 29.87 344.74
v_qh610yk9yf_0048,0.9372 1 819.67 122.91 59.90 48.62 351.20;0.9333 1 335.89 390.40 77.67 48.68 7.31;0.9238 1 1540.46 596.13 78.98 39.99 356.85;0.8911 1 754.08 494.41 74.69 43.85 0.22;0.8767 1 998.73 627.45 49.93 64.37 349.46;0.8407 1 1411.39 593.96 68.61 51.37 358.06;0.8328 1 1111.43 561.11 52.63 58.15 357.97;0.8020 1 872.29 89.51 62.77 51.06 351.91;0.7937 1 39.19 391.43 69.32 37.94 356.96;0.7880 1 1056.59 592.37 49.30 50.53 1.31;0.7478 1 1119.84 897.35 29.84 130.21 349.00;0.7403 1 999.59 596.40 37.84 54.45 356.77;0.7316 1 820.06 89.32 40.39 47.38 7.73;0.7230 1 997.31 762.56 52.55 76.25 348.55;0.6995 1 1241.49 1000.10 40.10 83.76 342.15;0.6804 1 459.17 387.56 94.87 38.65 350.10;0.6522 1 157.03 392.14 70.81 34.66 351.55;0.6448 1 1051.15 1032.67 41.69 63.85 346.55;0.6408 1 871.45 123.67 50.93 60.84 359.16;0.6357 1 993.54 731.12 33.90 80.34 358.58;0.6323 1 1062.89 563.02 48.64 52.64 5.25;0.6299 1 815.47 151.18 46.21 43.52 350.52;0.5881 1 1176.38 53.12 101.53 48.67 10.09;0.5771 1 460.42 592.24 95.85 50.31 357.36;0.5729 1 1240.39 1029.58 50.15 99.57 2.71;0.4993 1 1232.72 593.55 55.53 50.09 359.35;0.4719 1 583.26 593.13 82.29 40.80 353.95;0.4687 1 1055.09 829.66 39.40 103.60 357.81;0.4687 1 757.20 524.53 60.61 32.86 352.38;0.4277 1 758.75 190.56 36.67 40.11 7.30;0.3971 1 574.28 387.35 70.70 43.39 4.62;0.3833 1 1363.80 593.85 61.15 45.34 4.87;0.3556 1 998.83 657.74 33.09 65.85 358.55;0.3509 1 517.33 388.44 113.97 45.79 350.08;0.3428 1 999.24 795.93 29.42 97.13 346.83;0.3390 1 630.93 593.18 93.10 50.67 339.53;0.3346 1 95.41 392.36 94.99 36.41 344.53;0.3265 1 1001.56 828.11 43.02 86.05 354.65;0.3127 1 701.78 594.15 72.68 34.85 355.89;0.2977 1 1122.75 52.02 73.35 60.74 358.87;0.2973 1 510.90 592.81 90.09 58.37 349.01;0.2825 1 284.27 390.02 64.54 43.02 4.41;0.2737 9 757.97 424.14 38.93 26.10 357.43;0.2704 1 572.79 361.97 38.16 37.78 352.89;0.2565 1 1004.71 1030.92 34.59 76.10 359.27;0.2545 9 698.27 525.69 60.71 15.92 2.13
v_kb75zilx4a_0022,0.9333 1 454.86 491.82 97.88 43.69 354.06;0.9309 1 1896.80 559.90 57.00 50.16 16.19;0.9272 1 996.33 933.49 29.66 82.66 357.01;0.9034 1 935.90 423.36 47.25 57.12 2.07;0.8953 1 1774.20 525.26 66.15 49.16 13.67;0.8854 1 1534.14 526.82 55.85 48.32 7.82;0.8786 1 1120.86 524.63 51.24 61.29 10.91;0.8564 1 932.12 559.04 58.59 50.61 356.53;0.8337 1 817.60 492.69 79.71 39.85 357.91;0.8279 1 1478.93 426.84 90.85 46.29 356.27;0.8242 1 1119.14 495.09 48.16 66.07 1.85;0.7884 1 1722.14 524.45 59.04 54.24 15.90;0.7606 1 875.91 458.31 52.26 45.59 358.26;0.7409 1 93.36 596.64 35.18 80.66 356.72;0.7403 1 996.60 662.40 37.17 69.28 355.25;0.6634 1 937.00 393.91 38.21 65.64 351.09;0.6532 1 994.35 1033.38 29.93 86.07 3.04;0.6483 1 1056.92 459.37 57.35 48.58 357.28;0.6474 1 994.65 963.70 37.93 82.26 359.85;0.6429 1 403.13 491.70 68.23 46.27 3.33;0.6176 1 881.42 424.75 27.61 47.63 0.11;0.6069 1 996.65 899.55 35.61 91.07 356.47;0.5788 1 1062.53 727.34 41.09 52.36 349.74;0.5672 1 883.20 557.97 47.40 38.13 353.63;0.5545 1 1716.72 626.29 52.91 54.34 357.86;0.5518 1 937.32 795.16 42.74 76.76 357.40;0.5497 1 1898.51 526.54 33.04 37.14 354.10;0.5384 1 933.27 1001.18 15.94 85.55 2.66;0.5223 1 575.43 527.56 55.51 62.97 0.18;0.5219 1 336.97 526.87 58.06 49.64 0.71;0.5157 1 1419.54 459.09 42.01 42.21 357.63;0.5143 1 1599.53 457.62 58.03 50.59 3.73;0.4944 1 995.81 765.91 39.68 65.10 356.06;0.4921 1 36.81 525.86 50.72 39.12 356.44;0.4791 1 159.53 526.97 44.75 54.09 0.62;0.4748 1 1659.22 625.68 50.89 70.79 8.05;0.4555 1 759.56 492.84 59.48 62.53 5.40;0.4409 1 1897.18 626.25 38.87 54.01 27.06;0.4349 1 1597.89 662.88 34.72 70.81 11.25;0.4316 1 40.23 626.25 41.23 53.38 3.80;0.4294 1 519.07 557.84 45.82 40.36 0.55;0.4215 1 41.08 595.37 36.87 62.91 10.03;0.4149 1 995.93 122.05 29.88 76.40 0.39;0.4137 1 1422.04 427.36 44.42 54.34 359.31;0.4096 1 1482.66 526.79 40.59 49.09 2.09;0.3833 1 996.10 1064.46 27.49 56.37 355.62;0.3811 1 996.51 153.73 29.00 67.36 7.14;0.3727 1 936.59 53.58 31.35 75.13 0.16;0.3712 1 936.47 829.98 25.55 69.79 7.45;0.3695 1 696.14 491.55 52.35 45.65 357.40;0.3593 1 1778.64 494.04 40.63 62.58 4.23;0.3574 1 998.21 391.92 41.58 69.37 356.61;0.3545 1 819.43 866.88 36.06 47.10 1.54;0.3470 1 939.85 661.00 33.85 69.85 358.19;0.3438 1 92.48 626.24 47.95 83.61 348.15;0.3349 1 1354.75 391.52 61.94 44.49 5.22;0.3343 1 1414.77 526.92 40.42 65.04 359.55;0.3340 1 997.48 630.02 27.80 63.04 354.33;0.3268 1 1056.69 21.27 54.93 46.19 348.31;0.3204 1 1116.35 558.92 40.70 52.08 11.93;0.3195 7 1781.43 456.94 77.59 63.78 6.31;0.2986 1 936.04 528.03 33.35 64.79 9.22;0.2912 1 994.15 999.98 24.12 98.76 8.53;0.2908 1 997.63 693.35 28.64 87.81 353.66;0.2802 1 937.54 966.60 16.20 70.44 359.52;0.2798 1 573.93 492.87 70.77 32.19 355.91;0.2724 1 1056.75 593.70 28.90 48.51 9.11;0.2718 1 1533.02 426.58 67.54 41.02 344.74;0.2543 1 1833.73 457.92 65.32 82.17 357.30;0.2517 1 1054.20 1066.79 29.51 40.75 329.50
v_w84q90lc0d_0044,0.8905 1 1297.82 526.63 54.06 46.97 5.65;0.8854 1 940.18 457.08 45.27 72.42 350.75;0.8836 1 941.08 428.36 31.86 68.54 347.36;0.8795 1 937.44 592.66 61.57 52.87 351.72;0.8473 1 1298.42 593.27 87.37 41.72 358.79;0.7938 1 1423.88 592.18 65.32 41.05 2.83;0.7612 1 1895.01 593.58 67.33 42.53 6.54;0.6942 1 102.81 493.64 48.49 44.92 356.07;0.6650 1 938.05 694.12 38.77 71.06 359.72;0.6013 1 879.93 357.34 45.83 53.72 9.52;0.5743 1 998.34 760.96 46.76 63.09 320.04;0.5736 1 936.97 1063.02 21.51 57.63 336.61;0.5691 1 880.76 797.25 38.13 84.73 342.43;0.5665 1 938.50 897.73 25.96 72.45 334.63;0.5414 1 149.55 493.78 57.69 43.78 358.93;0.5396 1 939.54 663.47 42.53 54.49 357.13;0.5283 1 878.16 827.99 50.84 111.12 334.50;0.4807 1 994.02 932.68 38.53 83.56 308.07;0.4737 1 1001.26 729.95 36.49 68.64 327.69;0.4221 1 1471.65 591.81 89.93 53.78 356.04;0.4162 1 936.81 727.79 28.33 67.10 349.52;0.4051 1 939.19 564.09 44.22 46.90 352.24;0.3873 1 1298.39 560.15 46.75 53.98 349.21;0.3507 1 1542.47 593.34 73.95 42.41 10.03;0.3450 1 879.15 965.23 26.76 122.78 336.35;0.3248 1 998.30 794.27 49.08 54.07 331.19;0.2789 1 1052.96 728.65 30.90 63.42 346.59;0.2766 1 1000.50 391.76 29.02 68.78 356.86
v_682q2k39tj_0001,0.9666 1 994.14 291.68 23.45 93.81 8.63;0.9356 1 569.96 562.83 64.09 47.75 15.19;0.9352 1 153.44 491.78 75.66 40.14 3.85;0.9116 1 1355.23 593.38 79.97 38.28 353.74;0.9091 1 576.72 493.92 33.08 77.06 66.13;0.9043 1 1004.19 188.37 31.64 60.94 350.82;0.8671 1 1050.79 559.08 44.94 72.21 346.93;0.8599 1 402.27 559.06 71.15 52.91 24.62;0.8539 1 993.14 322.31 29.43 79.50 357.79;0.8463 1 1480.14 591.12 62.67 38.43 356.43;0.8402 1 1002.34 157.34 26.73 57.81 349.21;0.8401 1 1055.38 730.51 46.43 70.94 341.21;0.8398 1 877.69 493.83 36.04 65.89 2.60;0.8236 1 1832.46 593.19 87.66 54.76 359.20;0.7929 1 1002.16 528.95 52.14 50.96 352.90;0.7884 1 1003.05 557.90 52.91 57.25 350.54;0.7756 1 1053.53 761.18 44.65 69.07 358.78;0.7398 1 1050.85 528.38 44.87 62.59 349.68;0.7080 1 33.49 490.72 49.10 38.05 2.92;0.6301 1 1059.94 89.38 36.43 74.70 350.80;0.6225 1 526.22 561.08 69.52 33.79 12.35;0.6157 1 1784.75 592.20 67.72 46.98 16.49;0.6148 1 873.21 524.76 48.21 48.91 356.08;0.5931 1 821.33 526.39 51.94 32.65 1.80;0.5456 1 1004.32 762.08 35.27 64.50 357.72;0.5284 1 1057.00 222.19 32.19 92.30 346.77;0.5267 1 1053.80 999.76 34.74 87.35 349.86;0.5185 1 1599.83 594.60 75.71 51.92 5.83;0.5007 1 576.35 523.92 40.57 72.59 10.63;0.4786 1 933.65 797.55 31.59 85.19 353.59;0.4294 1 1300.28 593.50 63.82 49.28 356.20;0.3819 1 936.71 356.94 24.72 57.33 9.64;0.3681 1 1003.24 220.02 21.24 82.31 9.04;0.3561 7 1301.19 526.10 60.27 66.25 358.89;0.3488 1 1004.65 996.89 35.47 85.07 350.17;0.3444 1 936.34 120.86 65.87 43.05 358.80;0.3430 1 943.48 324.39 18.56 65.98 8.69;0.3397 1 1358.23 559.98 50.19 56.25 346.34;0.3344 1 934.13 965.43 31.18 88.79 359.88;0.3209 7 1359.18 527.76 58.71 48.78 1.93;0.3117 1 1409.53 529.24 64.30 37.72 352.10;0.2924 9 1119.30 628.62 46.61 19.56 339.49;0.2888 1 934.08 997.63 22.57 80.32 354.80;0.2856 1 818.70 964.57 27.63 113.74 2.88;0.2742 9 817.49 560.21 35.16 22.79 2.98;0.2594 1 933.50 827.39 44.41 72.13 357.32;0.2545 1 513.39 629.93 76.54 30.18 339.27;0.2542 2 1058.08 118.52 47.31 86.21 351.99
v_u842awhaum_0012,0.9876 1 1772.77 459.59 70.57 42.70 10.40;0.9097 1 934.49 188.07 32.33 78.97 356.36;0.9025 1 994.07 628.73 36.91 82.34 348.52;0.8976 1 1723.18 457.93 57.19 48.25 18.70;0.8878 1 1173.82 490.23 68.55 59.09 0.57;0.8713 1 1780.01 529.22 85.86 39.89 348.16;0.8600 1 993.61 1000.26 33.24 98.57 3.57;0.8518 1 1351.42 460.10 70.31 50.40 354.73;0.8338 1 1835.11 393.03 82.95 35.33 345.89;0.8334 1 1655.21 525.55 67.43 58.84 21.90;0.8135 1 36.56 595.05 37.68 67.02 358.11;0.7948 1 935.17 157.32 27.12 88.61 6.63;0.7929 1 935.01 492.62 41.30 72.63 4.05;0.7892 1 337.93 490.30 94.97 51.17 2.96;0.7770 1 993.14 1031.69 45.02 80.58 358.60;0.7651 1 513.55 462.07 96.66 42.84 350.69;0.7567 1 936.73 460.18 26.06 71.16 353.24;0.7423 1 1900.00 591.76 47.08 57.30 20.12;0.7226 1 1479.51 391.60 87.50 41.61 355.90;0.7175 1 1778.53 558.08 55.01 62.59 13.01;0.7040 1 1719.12 592.21 59.59 43.93 0.20;0.6955 1 1122.60 490.32 46.96 51.50 18.30;0.6780 1 160.53 494.72 84.47 44.41 354.22;0.6780 1 1174.60 462.12 50.01 68.36 359.29;0.6588 1 999.30 424.62 62.42 53.40 355.87;0.6564 1 996.19 659.58 28.72 81.10 353.58;0.6532 1 994.69 966.29 32.81 87.04 1.90;0.6238 1 1060.27 696.65 33.57 57.96 344.26;0.6098 1 995.65 899.32 32.00 72.55 357.20;0.6078 1 993.83 596.15 33.28 81.71 1.59;0.6020 1 36.19 562.41 30.39 56.91 358.08;0.5788 1 1534.90 392.31 87.38 41.65 347.43;0.5750 1 1900.34 527.89 18.31 44.75 357.15;0.5493 1 1054.31 426.53 66.13 42.52 355.77;0.5412 1 209.35 496.36 73.92 45.64 353.20;0.5185 1 816.15 864.32 46.79 61.12 32.23;0.5034 1 338.50 462.24 88.15 36.20 356.54;0.5007 1 997.09 290.02 38.38 52.65 344.04;0.4953 1 933.74 524.88 61.37 54.78 358.48;0.4927 1 1475.03 493.53 29.59 99.28 7.73;0.4783 1 1899.63 459.59 23.30 31.59 7.59;0.4635 1 996.25 87.12 44.46 92.84 11.94;0.4587 1 517.82 491.86 65.03 77.26 352.92;0.4563 1 931.04 218.56 36.71 69.34 10.10;0.4517 1 1303.60 458.79 68.15 49.13 352.60;0.4239 1 1476.86 459.05 26.53 71.39 3.53;0.4173 9 1897.61 493.03 21.65 20.40 32.16;0.4124 1 1776.09 425.08 45.42 36.76 0.75;0.4032 1 941.50 595.05 25.71 76.04 2.96;0.3873 1 1536.42 425.46 45.92 61.52 358.77;0.3845 1 1532.08 592.74 40.61 84.25 358.62;0.3833 1 938.83 763.03 43.65 72.74 354.67;0.3825 1 932.52 1067.76 29.29 29.96 352.79;0.3776 1 1118.45 461.37 49.23 61.01 9.08;0.3674 1 1659.57 592.30 58.45 72.18 4.67;0.3578 1 516.77 524.88 55.39 66.10 15.17;0.3572 1 459.55 527.33 44.32 60.86 13.93;0.3476 1 1421.11 525.39 32.54 47.34 358.53;0.3383 1 938.18 52.99 34.66 69.10 0.93;0.3381 1 994.87 731.50 33.61 71.72 6.03;0.3358 1 880.16 493.15 22.94 61.25 1.62;0.3257 7 1717.64 392.70 92.34 40.87 354.21;0.3168 1 214.64 525.92 71.49 62.70 356.85;0.3140 1 1054.63 1066.14 25.33 34.38 333.76;0.3052 1 1901.48 559.59 37.12 44.04 18.06;0.3000 1 880.65 524.48 41.34 32.29 352.01;0.2871 1 1357.08 595.98 38.31 86.21 23.43;0.2848 1 995.56 122.13 22.61 73.97 1.05;0.2719 1 998.54 931.38 25.83 102.49 358.68;0.2713 1 1058.45 560.22 28.24 65.81 3.73;0.2648 1 993.29 764.16 33.72 76.99 354.09;0.2641 1 1716.28 425.71 41.94 42.52 351.32;0.2632 1 996.81 54.26 35.81 61.60 4.14;0.2553 1 275.92 559.12 40.52 54.62 357.42;0.2546 1 1599.18 629.98 33.69 70.86 358.81;0.2511 1 96.10 528.08 31.07 46.52 355.94
v_c4o4wdri32_0021,0.9228 1 38.75 426.30 60.23 36.36 358.26;0.9081 1 335.58 425.02 72.66 43.98 3.74;0.8993 1 873.71 122.45 59.85 50.15 352.33;0.8963 1 818.80 155.98 59.63 46.14 355.89;0.8933 1 1054.25 630.72 52.09 61.51 353.75;0.8890 1 453.94 624.88 80.46 56.63 356.08;0.8828 1 993.95 796.99 50.00 79.38 350.30;0.8623 1 1052.53 660.61 46.87 76.99 351.13;0.8232 1 701.23 592.02 72.03 45.20 358.44;0.8231 1 1053.59 894.32 37.19 55.44 10.85;0.7963 1 821.16 121.61 44.25 48.29 11.52;0.7954 1 1839.53 631.61 92.20 35.60 349.42;0.7777 1 871.36 156.87 59.94 55.14 354.39;0.7585 1 1840.27 657.69 84.93 55.98 1.26;0.7581 1 453.68 492.81 100.49 40.47 357.18;0.7199 1 459.82 422.63 83.31 37.31 343.73;0.7147 7 402.38 493.78 114.48 32.28 358.93;0.7106 1 1235.80 629.40 75.34 49.15 357.37;0.7048 1 1003.77 663.59 32.70 53.98 3.30;0.6830 1 1057.30 828.57 38.07 66.24 358.16;0.6695 1 1054.31 864.00 30.89 78.48 350.64;0.6451 1 582.24 629.03 65.92 46.09 357.07;0.6385 1 1542.29 657.97 78.77 47.13 0.25;0.6383 1 1542.09 630.98 79.99 34.58 357.78;0.5988 1 455.65 597.88 76.93 39.65 352.25;0.5836 1 628.55 628.74 70.80 43.70 353.32;0.5333 1 1590.14 631.68 72.39 50.49 355.57;0.5206 1 995.28 764.35 40.69 79.14 1.48;0.5043 1 1177.31 85.36 95.13 45.45 7.12;0.4682 7 1001.88 529.61 154.11 45.72 354.68;0.4281 8 995.56 392.53 56.25 32.69 341.84;0.4205 3 1060.15 527.58 189.91 57.36 10.39;0.3999 1 999.53 693.20 30.27 40.08 354.88;0.3881 1 816.60 625.21 96.84 42.63 352.40;0.3808 1 164.47 426.04 60.21 30.59 356.44;0.3663 1 282.72 424.75 82.28 42.94 357.06;0.3565 1 752.25 593.06 77.88 57.73 349.53;0.3565 1 1116.46 558.04 49.01 22.46 5.10;0.3564 1 996.98 827.23 45.36 81.13 356.14;0.3510 1 1292.95 1065.60 36.01 34.68 350.58;0.3480 9 1475.22 460.32 46.34 15.24 353.54;0.3456 1 1113.38 527.64 72.48 53.02 2.97;0.3397 7 1121.91 86.94 80.56 77.36 359.56;0.3391 1 1053.93 1065.69 35.56 40.87 348.75;0.3291 1 210.79 425.97 83.03 39.47 351.60;0.2732 7 1720.22 156.10 93.24 43.26 353.19;0.2699 1 699.90 562.89 70.04 22.12 354.48
v_s7o4fyc844_0038,0.5825 1 1176.74 525.84 42.74 55.63 341.64;0.5811 1 1236.83 626.76 48.19 69.42 345.44;0.5174 1 99.27 489.74 87.04 59.69 347.31;0.4320 1 1652.97 560.81 66.54 35.53 351.30;0.4160 1 943.13 85.98 50.65 68.77 352.91;0.4155 1 150.33 489.81 59.64 47.01 349.70;0.3658 1 1357.50 628.42 57.41 52.10 346.70;0.3491 1 997.50 931.13 34.42 71.34 350.18;0.3475 1 1232.76 794.96 71.95 42.82 342.91;0.3262 1 1175.33 558.90 48.45 48.02 351.92;0.3088 1 1357.38 762.13 92.13 50.93 342.78;0.2817 9 1657.63 527.00 43.47 25.44 358.20;0.2741 9 1538.65 527.22 37.47 11.18 353.51;0.2589 1 1417.43 628.39 67.13 52.94 3.44;0.2586 1 1182.34 795.70 49.83 48.40 11.73
v_lnz5vuvhh3_0048,0.9725 1 1477.18 494.35 60.98 42.71 8.72;0.9525 1 158.09 493.90 96.79 40.18 357.93;0.9461 1 576.13 492.88 111.40 34.85 349.32;0.9278 1 1292.64 494.38 86.01 33.97 359.99;0.9277 1 1413.10 560.78 56.02 55.38 8.70;0.9253 1 457.60 492.99 105.47 41.01 355.19;0.9220 1 1360.13 457.86 70.07 38.69 0.77;0.9171 1 700.54 493.92 128.03 37.50 2.27;0.8986 1 1179.29 528.28 72.87 54.93 352.97;0.8847 1 1172.51 494.78 67.69 52.40 3.90;0.8616 1 700.42 558.87 97.42 46.40 4.82;0.8536 1 936.96 695.03 51.78 57.24 359.96;0.8505 1 393.86 530.38 93.53 39.98 355.28;0.8049 1 754.21 494.74 91.91 38.12 1.04;0.8028 1 1478.55 524.61 47.20 49.67 357.99;0.7954 1 1655.39 525.00 68.17 54.29 4.35;0.7939 1 1535.57 425.38 95.72 44.85 347.92;0.7889 1 1056.52 527.65 42.84 75.51 9.18;0.7805 1 937.39 356.85 44.17 61.91 350.59;0.7757 1 1837.75 491.76 75.49 59.55 3.32;0.7585 1 1899.72 559.04 37.40 45.34 11.53;0.7483 1 1234.28 558.67 64.88 51.55 7.36;0.7301 1 516.94 493.47 94.57 34.15 356.68;0.7269 1 1414.17 459.56 95.19 34.94 350.72;0.7268 1 1055.97 557.58 60.12 49.00 4.34;0.7122 1 36.34 491.53 48.51 47.20 357.91;0.7056 1 996.44 559.28 77.25 40.27 1.93;0.7041 1 1658.11 626.84 60.39 65.71 3.13;0.6967 1 819.43 493.48 80.85 44.98 6.18;0.6929 1 1243.89 493.55 69.99 39.43 14.86;0.6928 1 39.69 627.72 43.51 64.86 8.26;0.6922 1 1356.34 625.68 36.41 81.35 10.30;0.6869 1 937.39 831.30 35.28 72.64 355.80;0.6812 1 38.36 596.81 41.33 54.08 1.64;0.6436 1 752.34 559.25 76.86 49.45 4.35;0.6350 1 1481.01 424.66 66.09 47.62 3.63;0.6337 4 1536.79 559.51 66.48 52.96 353.87;0.6288 1 997.85 763.11 41.58 81.00 356.57;0.6262 1 939.77 558.06 63.17 38.65 0.93;0.6246 2 329.47 491.64 117.20 41.91 5.66;0.6162 1 871.99 557.77 72.42 38.78 346.28;0.6162 1 992.97 492.84 59.69 42.21 355.50;0.6121 1 1652.68 426.19 69.84 42.31 346.47;0.6019 1 579.29 557.22 79.37 37.45 4.42;0.5955 1 820.84 557.23 89.81 36.90 351.10;0.5777 1 276.18 556.18 70.35 39.91 356.76;0.5712 1 814.28 460.55 52.82 44.44 358.10;0.5624 1 1233.97 527.92 54.97 35.05 1.08;0.5600 1 1896.01 492.35 42.68 57.38 8.57;0.5533 1 1356.92 595.88 31.11 81.71 2.61;0.5345 1 937.59 663.15 37.70 74.35 358.47;0.5289 1 937.61 861.32 41.65 62.61 5.32;0.5246 1 516.52 559.50 69.89 46.97 359.90;0.5167 1 1180.92 556.79 51.02 62.73 13.73;0.5132 1 1117.47 560.43 45.56 50.16 352.75;0.5127 1 997.93 731.97 47.71 80.18 351.80;0.5123 1 1175.66 964.14 19.71 88.24 9.03;0.4870 1 996.85 662.29 42.49 82.13 1.97;0.4813 1 935.31 422.32 51.17 62.24 12.82;0.4766 1 275.58 530.15 78.95 34.24 0.09;0.4678 1 1120.34 493.94 46.93 53.59 14.14;0.4672 7 282.99 492.07 91.30 45.06 20.23;0.4614 1 1480.46 624.68 64.11 43.77 356.42;0.4595 1 821.09 896.38 54.83 48.92 62.12;0.4569 1 1363.03 559.51 39.80 60.29 10.29;0.4514 1 1899.48 527.86 30.47 45.17 3.85;0.4505 1 1656.69 493.74 40.61 54.47 356.88;0.4489 1 996.76 121.24 31.04 75.52 1.16;0.4454 1 1723.24 425.98 83.91 39.20 0.20;0.4451 1 210.90 493.18 86.78 34.68 355.17;0.4318 1 1058.74 459.32 52.46 60.34 358.45;0.4205 1 1415.52 528.35 32.24 32.58 0.95;0.4145 1 937.25 392.32 35.77 67.63 1.62;0.4135 1 397.97 492.25 107.59 38.60 8.79;0.4117 1 1718.45 625.10 55.67 58.50 358.70;0.4086 1 220.75 556.80 55.24 37.52 349.61;0.3989 1 935.99 326.26 38.51 68.57 349.29;0.3703 1 1118.65 592.61 34.76 53.99 7.66;0.3699 1 1061.36 827.20 40.21 39.36 346.17;0.3633 1 883.65 424.32 32.09 45.27 1.81
v_ajl3wk2lc0_0022,0.9731 1 519.73 523.84 85.30 50.72 347.65;0.9526 1 157.27 529.31 78.05 35.01 351.73;0.7319 1 97.04 490.82 54.93 43.67 348.69;0.7162 1 95.81 461.90 94.54 38.25 353.68;0.6981 1 569.07 524.95 78.27 66.60 327.79;0.4790 1 998.39 931.05 34.07 88.56 353.93;0.4105 9 1656.49 527.00 48.22 26.62 356.71;0.3913 1 1182.77 795.56 46.20 58.12 13.96;0.3482 1 1232.26 794.02 63.05 50.57 344.31;0.3465 1 1356.73 762.02 98.83 63.82 344.02;0.3319 1 102.68 526.71 60.07 40.29 357.08;0.2911 1 520.86 496.08 95.09 28.63 341.04;0.2887 1 942.46 54.17 35.87 106.00 350.55
v_ykh3r5cksn_0001,0.8693 1 1180.06 557.50 86.27 39.33 355.51;0.8280 1 92.11 462.65 83.71 43.11 345.03;0.6002 1 1233.43 559.94 72.77 63.68 357.66;0.4252 1 1414.35 628.49 41.56 68.62 2.73;0.4179 1 942.46 53.88 41.02 99.61 356.72;0.3824 1 40.17 461.99 70.28 40.30 1.36;0.3657 1 1417.65 657.86 55.18 59.33 1.01;0.3597 9 1658.97 527.68 53.55 28.58 353.18;0.3570 1 1477.49 597.50 64.90 44.66 359.56;0.3524 1 997.40 931.39 28.17 66.43 349.12;0.3483 1 1233.59 794.29 66.87 42.37 348.81;0.3095 1 39.57 490.30 67.21 39.14 349.49;0.2965 9 1296.20 492.94 37.50 26.93 354.97;0.2775 1 1357.61 761.34 109.06 63.49 346.66;0.2761 1 93.69 488.83 74.56 50.43 350.33;0.2512 9 877.95 562.36 48.29 19.45 358.20
v_f8qy04g8r7_0032,0.9548 1 753.38 524.35 75.84 47.03 355.23;0.9457 1 1056.88 999.76 38.67 67.88 345.43;0.9350 1 1711.54 591.80 84.85 50.98 350.81;0.9095 1 1714.39 121.74 65.60 45.21 1.67;0.8638 1 1531.39 627.31 87.94 44.29 351.41;0.8084 1 999.06 965.02 37.91 56.51 7.10;0.7957 1 1896.42 626.58 73.04 43.52 2.32;0.7901 1 1662.27 590.83 95.45 38.37 346.16;0.7539 1 1290.91 629.03 72.17 42.75 338.97;0.7299 1 1481.68 626.58 107.92 40.24 350.04;0.6525 1 1057.16 898.60 39.80 61.21 352.77;0.6185 1 1175.72 123.02 35.43 53.43 341.51;0.6073 1 1175.19 153.79 49.96 53.85 350.19;0.4631 9 637.92 423.83 53.53 16.02 345.37;0.4549 9 1295.49 256.21 52.87 22.44 2.15;0.4279 9 1115.31 257.25 53.06 23.03 356.60;0.4217 1 1057.27 929.25 35.91 74.15 0.61;0.4107 1 1058.15 1027.85 46.51 83.81 347.89;0.3752 1 997.36 1067.74 37.30 22.80 351.16;0.3742 1 1056.03 967.45 41.90 71.54 354.59;0.3619 1 756.65 495.30 63.49 32.48 348.53;0.3604 9 816.25 424.26 35.65 11.75 346.17;0.3601 1 1113.79 290.60 56.30 33.59 358.37;0.3468 9 693.56 423.93 48.28 15.44 344.60;0.3372 9 1296.01 291.00 54.08 19.23 354.68;0.3250 9 155.99 494.21 49.68 20.78 359.95;0.3049 9 933.40 526.57 43.67 15.22 0.56;0.2971 7 1119.08 122.33 46.78 87.25 10.47;0.2925 1 1118.30 897.48 42.61 55.30 359.61;0.2911 7 1001.47 998.34 52.68 70.75 6.10;0.2809 9 1113.81 459.71 51.96 22.83 352.54;0.2742 1 1112.70 358.89 52.25 46.27 0.28;0.2677 9 1295.22 120.55 36.63 26.27 348.60;0.2672 9 1295.02 155.78 38.55 24.38 351.08;0.2661 9 875.95 392.30 51.81 18.72 352.67;0.2533 9 1060.91 425.84 43.26 16.17 351.18
v_orw9zvkgmm_0014,0.9641 1 1119.22 494.64 68.22 38.49 350.10;0.9549 1 1000.05 964.49 46.25 73.47 324.40;0.9529 1 992.31 556.89 97.26 53.77 359.61;0.9403 1 941.74 1031.54 34.88 80.88 343.10;0.9343 1 994.07 529.81 72.60 40.99 343.33;0.9240 1 1238.71 557.99 62.46 54.93 358.50;0.9123 1 1594.14 525.69 73.35 45.95 355.70;0.9008 1 395.59 558.94 68.13 57.29 24.11;0.9001 1 1544.39 524.54 68.07 39.96 16.89;0.8958 1 994.94 997.06 40.96 74.63 0.99;0.8705 1 1240.75 529.22 64.69 42.38 1.25;0.8626 1 1298.62 592.96 67.89 41.91 352.35;0.8601 1 937.58 423.19 73.50 57.00 2.79;0.8511 1 938.48 899.12 21.04 72.15 339.72;0.8262 1 152.08 493.89 80.71 38.48 354.28;0.8253 1 1423.72 592.03 67.31 43.38 2.07;0.7918 1 1895.94 593.33 61.13 45.08 6.18;0.7659 1 937.59 392.92 37.12 68.76 8.89;0.7575 1 1000.86 729.15 53.61 70.84 327.53;0.7561 1 999.88 862.04 35.95 73.90 349.77;0.6861 1 940.78 1002.29 24.76 73.28 322.24;0.6122 1 879.42 963.51 32.95 92.45 350.78;0.5928 1 343.47 558.82 68.23 44.38 7.72;0.5624 7 997.65 392.89 36.21 103.96 356.74;0.5614 1 1418.80 425.13 42.29 62.04 6.40;0.5374 1 995.86 1066.17 27.59 52.70 338.79;0.5288 1 102.49 492.80 61.36 35.85 356.94;0.5239 1 999.68 759.58 51.71 70.60 340.83;0.5182 1 1056.73 190.84 56.70 50.21 339.39;0.5138 1 1471.70 591.58 93.05 50.52 358.49;0.4996 1 1056.09 1064.22 43.30 50.90 347.24;0.4991 1 996.95 933.72 34.32 73.85 334.66;0.4870 7 643.75 529.60 71.53 31.09 355.92;0.4695 7 693.61 529.70 84.80 37.13 352.99;0.4679 1 1294.81 562.60 41.16 75.81 344.03;0.4570 1 879.39 797.02 40.22 95.16 347.96;0.4510 8 814.86 595.09 50.69 39.16 350.69;0.4407 1 1292.27 528.16 51.29 53.21 8.26;0.3703 1 1543.18 593.53 60.61 45.03 23.47;0.3690 1 938.46 1063.22 25.55 47.71 345.20;0.3664 7 996.86 423.87 41.96 67.49 9.93;0.3586 1 879.53 933.09 25.91 97.12 345.09;0.3347 1 814.39 763.48 27.25 83.00 2.70;0.3273 9 640.25 559.35 56.32 26.93 2.77;0.3229 1 1901.85 525.56 25.32 37.92 2.60;0.3172 9 756.77 561.96 41.91 14.73 351.18;0.2893 7 694.44 559.11 67.33 36.63 358.86;0.2840 1 814.92 460.46 39.63 37.35 352.77;0.2822 1 1592.29 593.55 62.27 45.44 10.42;0.2507 1 940.11 929.04 28.94 97.19 352.40
v_ycol9zsyzz_0026,0.9460 1 215.46 529.11 81.87 50.94 351.97;0.7829 1 95.54 462.43 84.96 42.70 348.43;0.7483 1 996.01 526.72 106.83 41.44 347.46;0.7119 1 95.87 489.80 64.21 47.93 353.13;0.5768 1 937.44 695.47 46.16 49.34 10.65;0.5306 1 1174.15 558.20 44.31 49.22 357.87;0.5270 1 997.96 661.55 41.13 77.25 335.67;0.5142 1 1175.73 525.67 51.89 53.77 341.90;0.5114 1 942.54 525.93 76.45 30.90 345.57;0.4958 7 877.10 460.88 49.87 44.35 9.29;0.4823 1 1655.39 560.35 61.15 36.38 356.50;0.3972 1 1240.05 596.81 35.75 64.47 337.06;0.3702 1 1238.51 626.39 49.69 77.03 336.29;0.3210 9 1658.50 527.72 46.43 30.20 354.31;0.2933 1 213.67 556.68 64.23 73.47 356.64;0.2898 7 1118.76 526.73 57.31 52.67 10.52;0.2636 9 876.21 493.15 43.19 20.15 358.51;0.2558 7 1119.88 559.57 62.64 42.72 8.05;0.2537 7 996.66 630.23 53.20 81.68 348.25
v_83ejx1er6e_0014,0.9660 1 1056.16 490.46 94.46 45.27 0.66;0.9646 1 752.80 458.67 73.18 48.11 359.40;0.9484 1 581.82 524.87 89.60 44.12 4.60;0.9383 1 820.25 123.54 50.61 51.56 352.42;0.9364 1 1539.64 595.98 81.47 40.90 358.07;0.9316 1 337.29 390.65 74.55 47.90 4.86;0.8684 1 703.66 458.17 76.33 37.22 5.15;0.8650 1 631.59 524.78 74.64 43.99 348.64;0.8267 1 815.74 150.80 53.91 44.91 353.50;0.8237 1 1241.48 999.36 40.96 90.57 344.00;0.7808 1 872.47 89.69 64.92 52.08 350.34;0.7305 1 460.33 388.85 103.34 33.66 349.48;0.7294 1 1410.53 593.98 69.55 49.39 356.92;0.7279 1 631.03 593.98 69.06 35.93 354.92;0.7245 1 39.58 392.37 66.93 38.12 357.30;0.6978 1 460.45 592.47 104.05 47.32 354.91;0.6719 1 820.44 89.50 40.02 45.50 7.73;0.6690 1 1051.97 1032.61 38.51 70.85 349.17;0.6467 1 574.55 389.10 68.64 40.81 4.60;0.6372 1 511.58 592.68 88.85 45.96 352.09;0.6261 1 1119.31 928.66 42.00 89.99 353.50;0.6176 1 993.25 1064.32 39.64 38.91 349.09;0.6016 1 1120.30 898.13 26.99 122.50 347.70;0.5871 1 583.13 594.16 86.20 40.84 2.13;0.5570 1 1179.60 594.10 75.85 51.88 2.08;0.5299 1 871.46 123.88 43.60 65.80 4.52;0.4957 1 1233.23 594.85 72.93 46.09 349.91;0.4698 1 1003.04 827.71 55.30 70.39 346.46;0.4627 1 1002.07 797.23 43.13 76.06 348.19;0.4549 1 516.95 389.64 123.82 44.79 348.23;0.4436 1 1363.54 593.98 61.60 45.43 5.73;0.4265 1 758.55 190.81 37.09 37.04 8.45;0.4209 1 1841.42 256.37 30.94 98.39 353.56;0.4001 1 158.22 392.13 65.47 34.97 352.50;0.3753 1 757.61 426.49 64.01 50.08 354.97;0.3451 1 1057.37 462.25 76.28 30.91 348.34;0.3448 1 940.05 1067.41 33.37 27.73 353.18;0.3386 1 93.31 392.98 88.46 39.01 343.22;0.3355 1 1053.87 829.41 40.06 97.21 354.10;0.3320 8 1054.57 358.27 38.79 28.60 357.89;0.3106 7 1122.89 52.54 70.77 68.31 3.04;0.2738 9 1418.50 426.32 44.02 14.05 354.63;0.2645 1 698.72 593.40 48.25 29.01 352.09;0.2584 1 1835.99 286.61 44.73 86.41 5.92
v_nos5a59nd1_0028,0.9843 1 696.24 557.63 73.95 62.51 12.37;0.9570 1 1476.91 558.82 72.30 45.77 353.69;0.9567 1 153.63 492.90 74.35 43.17 0.01;0.9535 1 573.17 522.89 53.77 54.26 31.00;0.9472 1 996.19 930.62 28.18 68.91 352.10;0.9464 1 1300.09 524.40 74.53 43.02 359.11;0.9341 1 995.99 190.36 27.63 75.74 353.60;0.9338 1 1354.70 595.64 60.82 42.58 0.70;0.9272 1 878.35 529.86 87.16 35.02 350.61;0.8670 1 995.10 325.63 27.92 78.17 4.09;0.8468 1 1476.89 591.68 68.17 56.76 2.68;0.8360 1 1600.60 594.80 100.37 46.14 356.75;0.7632 1 993.30 220.25 29.07 71.42 358.82;0.7604 1 576.85 495.32 32.35 100.90 69.22;0.7587 1 32.28 491.72 45.46 39.49 359.18;0.7087 1 877.05 555.98 94.00 51.30 353.57;0.7004 1 1354.35 525.05 74.20 39.91 355.70;0.6945 1 1783.28 593.94 68.57 46.96 15.70;0.6893 1 1832.37 595.02 84.28 45.02 352.33;0.6868 1 1058.49 119.33 36.20 98.26 359.47;0.6741 1 1477.35 530.45 75.76 35.15 354.37;0.6695 1 1295.41 495.68 55.77 56.55 357.35;0.6446 1 933.95 998.37 32.05 86.46 1.08;0.5733 1 997.78 899.86 19.08 81.95 341.03;0.5422 1 1061.71 253.65 34.06 61.72 353.08;0.5264 1 932.90 828.87 41.25 81.75 4.27;0.5188 1 993.87 355.95 28.19 76.37 1.23;0.5144 1 523.25 524.48 51.49 30.77 9.58;0.4935 1 698.01 530.51 42.65 40.62 339.78;0.4922 1 938.29 358.51 29.45 73.64 13.05;0.4365 1 936.41 390.73 27.10 43.60 11.07;0.3628 1 883.85 828.44 43.44 65.97 350.34;0.3393 1 935.00 796.69 30.92 75.77 358.81;0.3087 1 1423.63 559.67 47.44 38.08 351.40;0.2967 1 935.83 966.31 20.46 77.43 1.22;0.2935 1 934.42 1065.50 16.20 42.90 357.69;0.2805 1 1061.23 222.04 31.07 94.99 355.28;0.2761 1 1060.72 89.07 26.34 71.66 354.90;0.2675 1 819.65 931.46 23.66 97.44 1.94
v_zy9hnd8sgb_0036,0.9549 1 1478.71 459.08 71.00 41.86 2.85;0.9471 1 513.56 460.68 108.78 41.87 349.79;0.9234 1 462.25 459.74 101.23 41.05 352.29;0.8847 1 699.08 491.02 89.13 56.09 351.56;0.8718 1 938.26 292.15 57.82 54.54 348.29;0.8667 1 934.77 322.69 55.06 67.64 351.09;0.8425 1 994.55 628.56 39.41 73.63 351.35;0.8413 1 1116.93 460.53 42.21 72.06 11.97;0.8385 1 1899.24 591.58 48.82 54.11 14.60;0.8369 1 1780.67 528.02 69.46 45.16 355.52;0.8290 1 1834.30 493.62 81.52 53.29 358.22;0.8168 1 1533.52 459.43 66.83 37.35 2.17;0.8042 1 37.67 595.74 37.58 69.65 358.49;0.7620 1 1781.13 493.01 66.44 58.27 14.15;0.7567 1 994.19 900.11 28.19 79.90 358.68;0.6621 1 931.33 357.04 62.29 58.86 0.71;0.6424 1 1718.53 592.21 53.97 52.63 6.22;0.6326 1 36.61 562.62 35.14 51.64 356.86;0.6051 1 996.23 1033.04 27.70 93.25 346.08;0.6051 1 695.33 460.57 74.17 50.72 5.01;0.6044 1 1778.62 558.81 47.52 56.04 8.55;0.5813 1 1900.65 560.61 37.14 37.80 13.60;0.5696 1 1899.27 458.17 39.79 35.72 2.28;0.5647 1 1536.88 425.84 51.49 59.13 0.48;0.5598 1 642.57 458.76 53.38 38.37 3.78;0.5521 1 1055.41 425.69 53.76 51.65 0.15;0.5379 1 999.46 423.68 60.01 42.64 354.86;0.5369 1 883.24 355.75 40.59 49.02 359.51;0.5225 1 1119.36 491.81 40.49 68.00 9.58;0.5163 1 1536.85 391.83 88.79 38.93 351.63;0.5136 1 1060.14 696.69 29.69 51.77 344.34;0.5084 1 817.00 864.27 46.89 60.87 20.11;0.4975 1 1357.92 596.23 44.25 71.84 19.09;0.4835 1 753.30 491.42 79.30 58.16 345.15;0.4723 1 878.17 424.76 54.56 48.59 353.05;0.4530 1 937.77 931.57 27.05 79.90 0.51;0.4470 1 995.37 659.18 33.56 79.71 353.81;0.4434 1 936.31 967.64 23.21 98.62 358.38;0.4408 1 1899.17 528.59 26.08 30.60 2.99;0.4374 1 994.75 864.96 36.49 101.22 2.93;0.4337 1 1115.89 527.17 35.08 67.47 8.72;0.4135 1 936.73 795.92 38.38 79.95 352.14;0.4018 1 1057.41 794.57 59.75 43.67 351.40;0.4009 1 575.27 525.33 55.50 44.97 348.43;0.4006 1 996.85 54.01 40.84 58.79 3.65;0.3983 1 1834.60 393.23 97.39 31.50 342.51;0.3973 1 935.96 829.68 39.28 68.26 355.80;0.3966 1 1657.54 592.22 53.01 73.08 2.05;0.3953 1 992.56 1001.13 28.70 89.82 358.26;0.3853 1 995.61 596.41 25.61 84.31 358.84;0.3815 1 1832.22 528.45 48.10 49.91 7.28;0.3805 1 995.73 931.43 33.89 95.41 0.09;0.3765 1 1600.44 392.46 79.53 36.66 346.27;0.3755 1 936.30 459.36 35.16 60.00 0.45;0.3646 1 1477.19 425.46 53.72 52.36 349.73;0.3636 1 939.85 998.56 23.25 86.89 8.94;0.3500 1 996.75 86.46 43.74 90.57 13.90;0.3497 1 996.76 1064.55 28.23 59.11 353.35;0.3480 1 1776.85 392.77 100.01 36.56 350.32;0.3386 1 1899.01 492.82 33.67 31.66 14.15;0.3368 1 935.49 526.08 36.94 63.42 355.54;0.3357 1 1719.81 392.25 76.02 42.18 346.50;0.3317 1 940.14 764.09 46.43 78.98 353.40;0.3299 1 1421.54 458.33 54.63 45.35 5.73;0.3275 1 993.88 764.85 35.14 68.62 351.22;0.3238 1 1479.32 391.51 94.31 39.27 0.24;0.3144 1 1531.21 593.22 38.69 79.77 357.32;0.3067 1 1773.66 592.64 69.96 47.15 2.32;0.3006 1 997.29 392.05 29.84 46.24 347.77;0.2992 1 1600.28 424.77 54.01 50.01 357.12;0.2924 1 1599.18 629.56 36.57 72.47 0.91;0.2721 1 936.73 492.63 36.45 66.25 4.78;0.2668 1 940.73 628.08 23.38 78.23 3.23;0.2567 1 1052.62 1066.61 28.71 46.13 330.13;0.2563 1 99.60 526.93 36.68 63.20 357.90
v_01tp2eyell_0001,0.8616 1 93.55 461.00 91.46 41.22 348.30;0.8141 1 1233.21 795.98 69.68 45.42 344.47;0.6201 1 1177.37 526.52 47.16 51.89 339.69;0.5920 1 1237.66 626.72 46.97 85.35 339.31;0.5696 1 1174.52 558.56 51.29 48.40 354.33;0.4399 1 1239.85 597.07 38.26 60.89 341.42;0.3846 1 998.90 931.93 30.83 70.46 350.16;0.3817 1 40.00 460.56 80.31 44.28 1.66;0.3208 1 1183.12 796.46 43.56 58.45 3.83;0.2845 1 1357.12 762.26 107.93 51.83 341.81;0.2748 9 1659.00 527.26 44.32 25.65 356.14;0.2602 1 942.82 53.83 38.00 92.14 348.87
v_r1nrqpv36y_0004,0.9638 1 1356.25 460.75 68.30 42.02 354.95;0.9618 1 1058.11 495.22 99.28 45.48 349.50;0.9598 1 816.50 153.30 66.19 35.51 351.96;0.9173 1 1720.71 490.68 82.31 44.97 1.47;0.9145 1 337.78 393.22 69.17 48.01 1.91;0.8841 1 340.00 460.40 60.51 46.11 12.12;0.8681 1 1538.54 596.70 74.42 42.71 358.55;0.8396 1 392.25 460.82 58.46 38.97 5.92;0.8330 1 460.67 391.74 75.68 35.51 352.05;0.7917 1 819.05 121.98 38.57 59.09 346.61;0.7692 1 574.32 392.27 67.68 32.84 357.46;0.7619 1 1241.25 999.42 39.73 78.87 339.71;0.7508 1 1119.69 896.46 27.76 141.17 350.09;0.7424 1 819.17 90.18 43.30 46.67 7.77;0.7395 1 1051.05 1033.44 45.72 62.22 343.52;0.7387 1 1054.94 830.22 37.92 99.08 0.77;0.7254 1 38.00 394.71 64.71 40.36 353.15;0.6918 1 873.85 89.95 56.38 55.07 359.21;0.6871 1 153.81 527.73 62.53 57.13 5.67;0.6739 1 517.65 392.89 108.31 37.24 351.17;0.6635 1 873.23 155.02 57.89 38.24 359.52;0.6561 1 1057.36 522.27 82.52 54.17 352.45;0.6116 1 1240.09 1029.69 52.18 100.23 359.08;0.5967 1 1055.26 860.33 34.03 72.34 356.77;0.5469 1 874.03 122.37 41.79 77.05 355.11;0.5453 1 1179.17 594.63 69.55 50.28 359.15;0.5274 1 1412.21 595.36 73.58 44.99 352.20;0.5129 1 1770.01 491.58 57.23 42.28 356.53;0.4963 1 1122.33 54.83 75.11 47.59 354.05;0.4797 1 337.61 422.48 37.99 47.73 5.31;0.4513 1 1836.05 287.68 41.59 77.54 6.97;0.4395 1 511.89 595.12 77.42 51.70 349.77;0.3876 1 882.08 53.52 41.69 93.50 353.21;0.3759 1 630.28 595.85 80.89 47.04 350.50;0.3675 1 1003.64 829.55 45.41 65.86 344.32;0.3557 9 757.15 426.83 39.78 17.39 0.59;0.3526 1 1840.03 256.80 25.11 104.33 359.00;0.3413 1 460.28 594.58 88.93 52.02 1.47;0.3343 1 1053.25 358.86 38.45 33.04 357.77;0.3190 9 1416.83 425.74 48.56 21.29 8.37;0.3160 1 934.88 358.96 50.91 43.23 352.11;0.3107 1 154.28 395.28 44.37 43.45 355.75;0.2818 1 1536.77 624.40 60.56 52.34 359.40;0.2625 1 881.24 21.89 32.74 45.61 343.67;0.2554 3 99.32 527.91 94.94 50.70 354.36
v_initl5umjd_0044,0.9711 1 634.35 287.82 74.70 61.42 351.33;0.9654 1 1113.56 491.16 68.55 49.05 358.91;0.9534 1 1413.91 593.69 85.04 38.41 358.69;0.9468 1 36.77 259.61 52.13 38.22 340.13;0.9417 1 577.38 1029.03 93.20 37.83 344.40;0.9260 1 1779.62 592.50 102.98 28.59 345.92;0.9257 1 635.89 260.45 89.63 40.06 339.38;0.9253 1 577.47 1002.88 72.12 26.54 348.41;0.9180 7 936.01 829.51 43.33 105.80 1.66;0.8926 1 1420.16 557.07 68.77 40.17 343.58;0.8768 1 1420.10 528.96 91.46 32.33 352.90;0.8408 1 1178.70 596.58 87.79 40.18 348.89;0.8121 7 937.07 860.86 51.01 59.40 7.34;0.8067 1 1294.11 493.88 72.94 39.64 6.26;0.8058 1 34.58 1029.01 54.52 43.42 13.25;0.7955 1 1651.69 323.02 92.48 48.69 352.02;0.7894 1 1589.80 527.41 74.46 45.50 355.37;0.7811 1 460.74 122.72 89.84 36.67 340.58;0.7713 1 872.92 358.07 64.82 55.01 351.63;0.7670 1 1832.72 558.33 56.06 55.59 354.65;0.7633 1 35.54 286.83 59.77 51.94 6.39;0.7629 1 1057.56 1034.49 87.89 44.43 341.97;0.7596 1 1601.37 322.58 100.07 39.55 351.27;0.7562 1 274.02 1029.38 89.39 38.54 353.14;0.7474 1 510.90 123.35 76.68 37.78 339.29;0.7329 1 1780.36 560.39 61.10 25.75 340.16;0.6351 7 1835.84 592.65 134.45 43.13 0.16;0.6280 1 934.11 627.24 41.08 76.26 345.75;0.5930 1 997.15 596.34 89.08 45.91 356.43;0.5379 1 516.26 1068.91 62.04 17.35 349.46;0.5280 1 276.14 1001.09 100.91 59.84 351.58;0.5063 1 1544.49 527.92 69.97 38.01 7.11;0.4890 1 1242.88 493.50 66.56 36.97 358.49;0.4775 1 1470.38 530.35 88.53 42.56 359.12;0.4725 2 1714.57 528.07 89.54 43.86 3.61;0.4709 1 1060.11 860.07 65.55 66.70 344.23;0.4679 9 1178.89 223.44 45.86 18.32 352.59;0.4440 2 1475.35 1034.86 76.42 49.01 349.07;0.4309 1 157.75 1067.17 61.44 31.58 354.98;0.4278 1 701.56 462.26 72.99 28.73 348.75;0.4232 1 1117.70 461.50 60.34 31.33 351.16;0.4070 1 1360.85 761.01 91.12 45.36 352.25;0.3852 1 935.64 764.39 24.99 86.96 359.00;0.3684 9 1536.29 122.06 45.33 17.58 355.00;0.3618 2 1893.57 730.21 101.75 40.90 4.31;0.3421 1 512.88 391.36 83.21 25.61 349.36;0.3407 1 1119.26 19.14 59.86 37.23 349.44;0.3242 1 1058.28 122.35 69.15 52.45 345.57;0.3160 9 1297.44 524.88 51.92 21.95 354.95;0.3056 9 879.61 999.69 36.27 24.83 357.40;0.2990 9 816.94 121.61 42.08 15.70 350.92;0.2985 9 879.63 966.20 32.29 25.76 356.47;0.2970 9 1234.84 223.49 44.23 15.01 356.51;0.2954 1 1833.79 529.91 92.97 44.52 357.09;0.2942 9 397.06 223.70 47.11 13.08 343.90;0.2930 9 1178.25 290.51 45.32 21.54 357.56;0.2925 9 154.83 119.61 36.50 15.52 346.44;0.2853 1 1360.02 733.33 82.62 45.92 346.99;0.2767 1 996.36 625.98 66.95 82.46 356.39;0.2739 9 998.64 256.55 50.24 16.32 349.62;0.2715 1 456.51 1069.00 59.39 20.37 344.70;0.2631 9 276.43 120.00 41.64 16.44 345.17;0.2623 7 752.98 461.42 81.79 40.21 357.50;0.2608 7 573.80 1067.97 49.59 15.54 353.15;0.2591 9 1656.29 593.49 53.36 18.17 341.83;0.2519 9 1179.35 256.89 47.60 15.68 356.34;0.2508 1 752.68 491.38 66.13 40.76 346.35
v_tgr757fi0p_0018,0.9791 1 396.74 459.03 116.46 38.21 353.98;0.9632 1 1416.76 527.77 65.00 38.27 2.71;0.9470 1 1662.15 457.99 58.91 50.95 20.68;0.9460 1 1536.93 460.92 79.52 42.30 359.10;0.9417 1 816.14 462.19 104.44 36.78 351.59;0.9309 1 1540.97 525.50 88.15 47.56 6.89;0.9304 1 1777.97 457.40 85.19 37.71 1.10;0.9301 1 100.31 457.21 94.71 46.08 357.57;0.8955 1 931.68 358.88 43.36 71.46 354.53;0.8306 1 697.24 489.23 58.18 47.22 1.00;0.8266 1 578.46 457.90 96.69 42.55 3.92;0.8193 1 150.28 457.55 69.79 54.70 352.61;0.8180 1 1179.38 458.68 81.12 41.48 2.59;0.7992 1 995.71 629.45 33.40 80.63 357.40;0.7943 1 1713.43 458.73 74.63 48.45 10.62;0.7789 1 1780.40 528.94 74.30 48.90 355.45;0.7593 1 690.52 525.28 57.89 44.83 22.91;0.7533 1 342.10 457.98 88.50 44.41 0.71;0.7527 1 1899.34 458.29 45.37 53.44 17.65;0.7312 1 36.37 562.64 34.21 56.54 356.64;0.7194 1 1778.54 557.64 50.02 68.99 7.20;0.7189 1 995.52 1033.10 28.82 94.79 352.75;0.7187 1 642.23 524.95 65.25 37.26 358.97;0.7136 1 1593.44 525.30 72.95 47.66 10.25;0.7090 1 698.67 461.33 98.88 43.29 356.40;0.7000 1 1479.92 391.17 80.45 37.02 359.55;0.6906 1 36.49 594.70 37.03 72.04 1.22;0.6847 1 993.54 661.19 33.51 93.05 357.53;0.6847 1 993.44 1000.44 29.80 94.61 4.42;0.6769 1 1416.86 460.97 71.82 44.93 17.10;0.6743 1 1300.36 459.31 88.45 34.47 354.77;0.6310 1 1900.38 591.75 41.53 61.09 23.53;0.6226 1 1899.85 528.46 17.65 43.21 355.63;0.6215 1 940.30 86.12 43.54 85.74 6.40;0.5827 1 940.61 54.12 42.63 74.22 1.34;0.5691 1 1472.76 528.03 56.01 35.12 3.52;0.5599 1 1116.69 459.69 53.64 63.50 9.12;0.5558 1 519.76 460.44 68.85 39.61 10.22;0.5375 1 1539.65 492.55 60.34 40.83 349.12;0.5337 1 518.22 493.41 53.15 50.86 9.42;0.5312 1 879.63 524.96 38.42 40.50 355.59;0.5243 1 1001.20 424.39 47.16 46.80 352.42;0.5189 1 1416.41 492.45 52.07 54.58 0.96;0.5014 1 940.44 662.72 28.40 80.60 356.97;0.4819 1 1233.41 459.53 84.12 36.32 344.37;0.4610 1 1776.42 426.20 56.26 50.59 351.69;0.4578 1 1900.89 559.03 44.71 50.83 17.18;0.4452 1 1356.94 595.43 58.57 85.10 20.95;0.4405 1 936.71 324.57 37.33 68.50 352.80;0.4387 1 881.93 390.35 25.61 40.53 4.66;0.4382 1 932.13 390.05 41.41 76.98 357.84;0.4379 1 1718.36 592.43 51.86 47.27 6.63;0.4243 1 1533.62 592.94 57.31 64.39 9.58;0.4232 1 1362.89 526.20 50.10 40.67 5.24;0.4224 1 1357.11 461.23 93.86 40.32 4.59;0.4214 1 1658.71 592.04 58.94 61.94 4.41;0.4135 1 1535.88 391.66 84.18 35.93 349.06;0.4009 1 999.19 900.38 27.35 65.75 354.60;0.3728 1 996.25 1064.20 30.67 62.17 354.49;0.3726 1 1000.44 796.20 34.21 73.65 355.59;0.3697 1 1054.05 425.20 45.41 73.35 357.92;0.3695 1 1118.20 492.69 43.85 58.96 7.00;0.3634 1 756.63 526.40 48.07 30.32 10.09;0.3632 1 996.42 595.92 23.46 82.22 2.09;0.3574 1 935.59 966.49 21.43 96.18 2.69;0.3568 1 995.17 694.71 35.93 86.14 354.00;0.3566 1 757.13 462.47 72.95 35.44 6.48;0.3539 1 997.41 291.18 34.24 56.61 352.55;0.3525 1 999.28 931.24 25.56 83.32 359.17;0.3393 1 994.82 965.99 26.53 102.09 3.06;0.3365 1 936.34 829.18 41.28 59.27 350.50;0.3272 1 460.19 525.81 51.48 44.11 359.99;0.3224 1 1484.07 592.75 46.60 55.21 357.27;0.3207 1 1116.82 527.16 36.69 70.46 9.26;0.3203 9 1357.49 494.27 48.20 24.34 17.06;0.3078 1 994.07 87.30 74.29 129.28 354.45;0.3040 1 933.09 933.49 22.24 86.62 357.00;0.3026 1 755.12 490.33 73.21 36.21 346.11;0.2935 7 1720.11 393.01 83.65 36.48 347.29;0.2924 1 884.12 357.98 30.21 78.12 8.29
v_t6e5p362cw_0013,0.9691 1 1598.64 461.23 95.64 42.69 349.52;0.9612 1 575.71 523.94 92.69 54.30 6.10;0.9467 1 1537.38 595.97 74.49 44.80 1.56;0.9277 1 336.80 392.26 65.96 50.64 3.86;0.9256 1 816.97 151.67 62.38 38.60 353.73;0.8602 1 1241.86 999.51 44.20 84.44 344.67;0.8591 1 819.44 123.10 44.14 55.30 349.15;0.7946 1 39.26 393.43 64.91 39.02 356.22;0.7907 1 820.06 89.54 44.00 42.21 8.78;0.7624 1 1410.68 593.44 67.97 53.16 356.58;0.6898 1 630.46 594.54 61.76 42.45 349.56;0.6888 1 1052.37 1032.45 46.71 57.52 347.84;0.6873 1 523.34 524.44 63.37 40.03 3.37;0.6775 1 574.84 390.25 72.65 34.58 359.82;0.6716 1 1178.29 594.34 72.49 49.96 359.05;0.6589 1 460.82 389.71 93.75 33.15 348.58;0.6579 1 873.15 89.72 65.03 51.16 352.39;0.6368 1 1122.00 53.62 72.53 51.84 355.06;0.6101 1 157.24 392.96 61.77 37.22 358.77;0.6076 1 1119.27 928.65 40.24 91.53 354.35;0.6067 1 460.38 593.27 101.30 47.27 0.89;0.5598 1 1120.18 898.12 25.48 118.45 347.08;0.5227 1 512.17 593.75 78.99 48.01 359.17;0.5017 1 1002.53 827.80 56.79 70.63 346.18;0.4975 1 1597.41 487.72 70.98 41.50 355.17;0.4659 1 1001.63 797.16 44.27 76.85 346.72;0.4578 1 873.87 154.56 62.88 44.06 353.45;0.4473 1 517.00 390.53 119.46 41.36 348.11;0.4376 1 1835.42 286.73 40.72 79.91 6.13;0.4149 9 1416.91 425.94 51.41 20.85 359.44;0.4130 1 576.00 495.95 84.61 46.46 352.74;0.4067 1 872.78 123.91 37.57 68.02 356.01;0.3853 1 1363.91 593.40 63.39 47.41 5.77;0.3787 1 1839.14 257.32 25.20 103.84 352.20;0.3451 1 1053.40 829.47 42.88 94.40 352.08;0.3294 1 584.79 594.38 68.66 40.80 3.62;0.3267 9 756.57 426.02 37.77 19.20 0.14;0.3249 1 1233.44 595.08 70.87 43.00 349.38;0.3115 1 1173.85 55.77 109.25 47.22 353.47;0.2906 1 881.75 53.74 37.88 87.83 359.31;0.2872 1 92.83 394.45 84.08 41.91 348.69;0.2864 8 1053.57 358.12 37.11 27.73 359.25
v_oiye6mz0h7_0007,0.9781 1 1417.13 494.92 84.22 35.58 359.75;0.9711 1 753.30 526.73 65.48 46.44 1.65;0.9302 1 996.37 156.50 25.50 87.98 350.31;0.9179 1 996.07 186.45 26.89 72.16 354.70;0.9156 1 942.93 288.57 30.65 95.22 354.68;0.8782 1 35.54 489.95 54.23 48.67 36.67;0.8371 1 1478.33 561.30 86.20 45.46 351.30;0.8066 1 703.42 526.65 83.16 45.69 355.96;0.7027 1 944.46 258.64 23.46 101.95 355.60;0.6956 1 933.17 797.08 41.39 72.09 1.71;0.6655 1 1600.10 591.81 75.26 60.03 16.29;0.6591 1 1355.24 590.83 70.36 51.19 359.56;0.6477 1 939.68 320.44 25.19 96.47 3.66;0.5958 1 1353.93 564.25 55.65 55.24 350.25;0.5606 1 1361.95 494.47 56.20 39.15 4.02;0.5389 1 1058.09 695.42 39.23 66.44 343.69;0.5106 1 990.81 290.57 28.50 91.53 346.75;0.5102 1 1114.88 1063.40 27.13 58.55 353.94;0.5063 1 1832.60 563.19 85.88 42.77 350.39;0.4982 1 992.06 258.02 27.38 83.15 4.92;0.4945 1 1783.68 561.90 66.89 42.50 4.32;0.4661 1 935.24 964.96 31.38 92.30 359.39;0.4134 1 453.09 764.76 52.55 102.39 1.92;0.3438 1 935.57 997.28 23.55 85.15 11.55;0.3421 1 35.40 461.97 34.35 43.62 344.29;0.3341 1 1297.78 493.54 52.30 66.27 0.84;0.3335 7 1295.96 527.02 41.22 36.42 353.85;0.3146 1 998.82 728.72 28.61 53.14 348.77;0.3084 1 1301.06 591.26 69.64 55.88 354.09;0.3060 1 998.90 695.73 27.06 66.60 351.21;0.2978 1 873.46 594.69 64.49 39.16 344.24;0.2968 1 1055.83 121.15 30.30 60.30 353.85;0.2914 1 281.28 626.64 103.47 36.50 356.69;0.2874 1 1056.24 728.31 34.95 63.82 342.47;0.2763 1 935.29 827.92 32.78 89.46 357.02;0.2664 9 875.65 561.27 37.85 19.52 356.24;0.2550 9 1118.04 627.95 51.48 17.56 356.42;0.2523 1 1417.80 524.77 63.07 27.83 346.22
v_rdl3k590t8_0004,0.9659 1 1653.62 560.70 85.98 46.18 2.06;0.9654 1 1593.98 493.92 99.88 44.29 4.44;0.9583 1 697.28 491.85 115.51 39.19 351.28;0.9469 1 1720.26 559.78 83.64 39.71 5.79;0.9447 1 939.84 221.77 30.16 87.32 349.37;0.9324 1 1535.73 557.94 88.54 56.01 8.14;0.9000 1 936.73 423.91 45.45 60.47 5.32;0.8976 1 1773.46 561.04 94.05 39.40 358.23;0.8848 1 1715.69 524.15 71.97 51.03 358.05;0.8841 1 822.70 493.17 104.91 36.23 3.03;0.8610 1 1468.27 494.56 66.96 43.84 1.25;0.8531 1 996.87 934.20 30.19 81.21 357.89;0.8348 1 1354.78 494.10 83.92 41.87 356.85;0.8336 1 871.90 493.27 79.74 43.30 355.31;0.8276 1 1779.51 523.13 89.34 39.84 359.44;0.8259 1 1235.98 493.47 93.47 40.07 349.37;0.8241 1 1894.47 561.94 52.07 39.85 0.56;0.8234 1 1298.27 557.43 112.02 44.89 3.18;0.8137 1 1421.86 493.92 82.91 37.19 8.51;0.8136 1 993.71 1033.06 34.47 81.07 2.46;0.7720 1 93.82 596.80 36.05 78.30 356.74;0.7637 1 1717.98 627.57 79.97 41.04 2.09;0.7531 1 1838.76 561.32 82.49 40.28 0.54;0.7486 1 932.88 1066.67 38.99 30.09 354.69;0.7480 1 995.71 964.40 37.38 80.31 358.40;0.7427 1 1356.09 558.75 69.12 66.05 25.19;0.7323 1 1481.75 427.04 73.99 43.86 3.02;0.7242 1 1056.44 459.46 64.14 43.80 350.61;0.7222 1 934.85 897.74 38.44 91.38 4.46;0.7133 1 812.60 559.57 67.45 52.38 1.83;0.7108 1 935.78 863.85 31.22 84.18 358.69;0.7102 1 281.61 491.23 91.22 52.34 359.28;0.7090 1 940.42 662.77 36.21 65.69 2.10;0.7063 1 941.36 192.52 23.91 81.22 359.93;0.6947 1 1898.52 495.22 28.79 38.02 1.74;0.6846 1 993.94 662.81 42.09 72.14 356.50;0.6681 1 993.73 1000.25 31.08 91.85 7.40;0.6612 1 1418.05 559.04 79.77 48.40 14.64;0.6423 1 1899.52 524.88 47.41 41.33 358.99;0.6337 1 1546.42 492.31 53.95 39.96 16.83;0.6237 1 941.04 693.85 43.58 66.53 0.29;0.6226 1 335.59 492.12 95.97 43.33 359.69;0.6183 1 1662.46 493.53 61.72 44.03 13.55;0.6130 1 1532.86 427.72 85.39 38.38 351.44;0.6049 1 1896.98 627.33 41.30 51.38 23.38;0.5728 1 1240.30 558.29 68.49 51.11 8.75;0.5344 7 1714.72 494.67 51.01 36.42 8.25;0.5217 1 1115.75 560.99 33.82 76.56 357.30;0.5120 1 938.64 931.63 26.00 101.43 11.24;0.5105 1 1660.75 626.51 72.87 61.63 12.51;0.5025 1 998.89 121.85 27.55 77.03 357.10;0.5016 1 574.35 527.76 58.06 56.25 352.08;0.4991 1 758.26 558.72 97.41 55.85 1.01;0.4928 1 998.17 154.93 25.21 74.40 4.27;0.4927 1 1897.59 594.89 42.22 40.30 30.59;0.4921 1 93.15 626.35 48.80 82.27 348.99;0.4853 1 936.87 251.42 36.72 91.05 9.14;0.4845 1 36.99 526.29 47.09 37.84 355.81;0.4757 1 1295.92 528.66 41.91 22.69 347.47;0.4666 1 40.51 626.76 38.23 55.36 5.00;0.4617 1 1604.40 559.25 90.31 46.35 11.86;0.4603 1 1536.69 459.40 55.04 43.11 350.68;0.4548 1 1833.05 458.22 99.51 54.55 346.30;0.4438 1 937.80 830.46 26.29 74.17 359.85;0.4438 1 41.22 595.12 38.39 59.37 8.53;0.4384 1 994.45 1065.44 37.22 45.08 359.18;0.4343 1 936.31 1000.18 18.76 79.43 9.12;0.4317 1 1116.14 494.41 46.64 74.37 1.73;0.4314 1 819.89 866.47 44.06 44.63 356.77;0.4288 1 1058.73 21.79 55.00 44.73 350.60;0.4223 1 1600.74 457.29 77.93 49.77 0.89;0.4170 1 999.36 391.84 38.17 67.29 354.30;0.4127 1 757.16 529.66 56.08 37.43 3.22;0.4098 1 700.16 557.99 70.33 43.46 1.02;0.4018 1 936.83 393.10 30.03 75.36 356.97;0.3876 1 1115.87 525.63 52.02 83.16 358.62;0.3872 1 1179.77 492.36 61.89 50.70 7.63;0.3670 1 1478.69 456.61 76.80 46.24 359.13;0.3630 1 1353.63 391.72 62.25 50.12 9.19;0.3565 1 1774.90 627.22 56.36 50.13 8.84
v_i41wbsiepr_0046,0.9629 1 754.38 558.06 68.03 51.33 13.41;0.9628 1 157.52 489.75 82.77 40.59 5.75;0.9557 1 576.74 492.71 43.05 75.85 73.27;0.9363 1 999.92 557.33 53.28 66.80 347.40;0.9342 1 341.99 559.66 72.87 48.00 8.33;0.9315 1 1353.40 593.69 65.70 40.30 357.26;0.9227 1 881.75 494.54 44.09 73.59 0.50;0.9187 1 993.70 186.77 27.03 63.96 359.95;0.9126 1 876.99 523.75 60.33 43.67 349.06;0.9054 1 578.16 563.11 70.96 45.12 2.10;0.8809 1 992.39 391.54 36.46 70.11 354.42;0.8477 1 1597.55 594.17 88.68 52.03 359.60;0.8461 1 39.65 557.77 62.05 49.58 16.72;0.8423 1 997.10 156.96 19.61 80.77 354.70;0.8422 1 999.16 530.21 50.00 48.32 338.98;0.8360 1 943.01 390.80 34.42 62.72 8.96;0.8345 1 36.64 490.27 64.52 34.05 11.62;0.7861 1 1782.42 591.80 73.74 49.30 16.36;0.7497 1 934.31 964.91 30.88 79.50 4.83;0.6781 1 1058.58 119.68 35.25 99.51 357.29;0.6196 1 1003.95 897.63 28.89 64.21 338.58;0.6182 1 931.41 494.08 38.06 41.77 3.25;0.6061 1 1301.75 593.00 70.58 48.71 359.78;0.5853 1 932.32 796.91 40.47 68.70 357.55;0.5746 1 1298.47 526.11 42.21 57.26 359.94;0.5363 1 393.20 560.57 75.17 53.33 5.67;0.5173 1 1061.50 223.37 33.51 63.69 348.59;0.4915 1 38.60 530.02 48.26 26.10 346.04;0.4493 1 1417.87 629.97 48.77 58.26 346.74;0.4201 1 1059.52 89.69 26.66 77.79 353.10;0.4073 1 1297.28 494.55 30.65 69.36 1.43;0.3863 1 814.85 493.18 52.59 52.67 2.68;0.3782 1 993.61 421.11 35.37 54.82 354.92;0.3751 1 817.54 459.72 33.49 41.85 358.09;0.3351 1 1115.45 1063.01 30.12 52.32 343.41;0.3333 1 1001.67 929.25 25.01 67.87 353.65;0.3203 1 1417.33 660.49 54.19 63.55 346.23;0.3077 1 1002.75 864.95 19.36 58.13 338.74;0.2861 1 934.64 997.08 22.28 84.39 9.73;0.2841 1 820.24 526.57 47.06 48.41 18.40;0.2733 1 1058.15 253.82 29.65 48.18 353.69;0.2707 1 280.74 627.94 108.71 31.32 2.76;0.2683 1 934.38 1065.58 20.64 42.74 354.13;0.2607 1 937.06 360.06 27.88 77.35 5.10;0.2602 1 939.40 761.96 25.65 83.40 0.62;0.2515 9 872.10 595.98 36.55 25.63 6.61
v_s4pu77g6f4_0047,0.9830 1 1713.98 595.03 80.01 39.20 351.00;0.9726 1 1594.30 527.97 76.00 36.76 4.06;0.9673 1 937.12 454.99 87.85 44.57 350.94;0.9621 1 1776.11 255.76 85.21 43.84 355.03;0.9549 1 1355.73 426.09 84.51 34.72 352.02;0.9437 1 936.81 628.82 48.83 52.62 354.69;0.9346 1 1533.15 630.55 93.26 38.18 353.10;0.9241 1 937.92 429.07 89.76 35.91 337.68;0.9005 1 1596.68 461.63 80.30 36.15 351.05;0.8976 1 937.10 863.36 53.04 46.99 27.15;0.8835 1 151.89 122.05 77.72 32.01 346.58;0.8815 1 1597.56 490.96 67.01 64.08 347.68;0.8682 1 1119.50 427.07 79.75 34.47 352.49;0.8153 1 1538.76 795.11 72.98 26.60 2.56;0.7851 1 1001.44 1033.27 43.33 82.95 352.44;0.7724 1 1058.71 898.12 39.30 85.80 347.99;0.7668 1 1838.16 460.62 83.53 40.08 346.78;0.7455 1 757.77 490.12 67.74 45.31 352.01;0.7309 1 1293.36 630.94 65.20 37.85 347.13;0.6782 1 1002.55 930.63 32.54 57.26 2.26;0.6774 1 1168.95 428.02 64.10 35.01 344.16;0.6346 1 1056.58 999.44 38.49 84.95 352.57;0.6178 1 1481.88 629.53 96.93 34.68 350.46;0.5978 1 824.72 828.13 82.62 23.49 162.96;0.5786 1 1663.64 593.19 78.45 28.46 349.01;0.5707 1 1541.90 527.30 69.63 27.60 355.30;0.5429 1 1118.96 896.49 54.85 61.44 2.25;0.5323 2 1834.63 426.20 92.68 44.04 356.58;0.5285 8 693.60 427.31 50.03 15.47 349.42;0.4869 1 1114.88 391.94 52.80 46.18 351.84;0.4829 9 638.67 426.06 53.87 15.28 346.44;0.4825 1 935.47 659.19 40.47 52.61 359.08;0.4608 1 1892.80 460.98 74.35 46.56 2.80;0.4237 1 104.28 122.05 67.18 35.30 349.75;0.4189 9 816.58 425.88 50.94 15.17 350.66;0.4129 7 1056.90 930.60 42.85 92.39 353.54;0.4015 1 1837.70 488.05 59.45 34.17 358.33;0.3692 9 1296.46 257.02 45.36 22.70 1.43;0.3662 1 1895.86 629.05 52.85 31.39 6.27;0.3587 1 943.78 830.20 49.20 54.11 31.26;0.3560 1 1661.36 88.79 63.78 54.13 14.17;0.3541 9 633.92 153.76 44.72 21.88 356.42;0.3518 9 1899.04 291.07 45.60 19.09 3.43;0.3436 1 756.98 462.41 75.93 34.91 343.69;0.3239 1 1001.78 1000.07 27.41 82.10 8.09;0.3226 1 1114.69 359.19 60.86 39.34 356.75;0.3214 9 1059.85 290.50 51.37 18.23 352.21;0.3210 1 999.05 1064.91 42.05 41.06 353.35;0.3156 9 876.19 393.38 46.16 14.64 359.93;0.3129 9 1479.12 459.79 49.67 10.76 357.36;0.3123 1 1058.31 965.40 21.75 135.46 350.43;0.3016 9 1295.17 122.03 39.87 22.36 347.60;0.2952 9 1115.95 290.44 55.35 18.47 351.93;0.2899 9 1115.93 455.62 53.39 22.88 354.01;0.2796 9 639.74 459.43 58.31 15.55 349.34;0.2783 1 1896.25 491.65 70.22 43.25 6.45;0.2756 1 1892.88 426.03 64.15 39.08 359.58;0.2738 1 1178.83 155.30 44.89 44.94 340.11;0.2673 1 1000.83 899.24 27.25 63.75 2.76;0.2583 7 699.60 460.58 81.98 25.84 357.20;0.2582 9 338.89 154.42 50.77 21.30 350.30;0.2540 9 1297.89 290.71 48.00 21.85 0.54
v_6zh07uddes_0033,0.9597 1 1416.75 527.67 64.13 39.58 4.04;0.9479 1 1661.88 458.45 57.80 49.61 19.49;0.9442 1 1536.80 461.00 80.14 42.73 358.59;0.9395 1 1541.16 525.61 86.38 47.62 7.42;0.9319 1 758.97 462.39 90.43 34.10 359.77;0.9249 1 1777.66 457.71 80.21 38.19 1.02;0.8692 1 576.29 458.23 84.35 49.69 3.20;0.8309 1 991.39 188.93 27.67 79.88 9.32;0.8283 1 878.91 392.63 34.67 70.14 2.65;0.8251 1 1179.49 458.61 80.40 43.49 3.84;0.8123 1 994.58 628.54 48.65 68.00 339.62;0.8089 1 690.99 525.58 64.82 45.99 20.08;0.8079 1 640.69 524.67 72.97 37.08 358.88;0.8051 1 1713.27 459.04 73.23 47.26 9.30;0.7848 1 1897.73 458.73 49.72 50.39 14.75;0.7778 1 1780.16 528.74 71.21 47.89 355.32;0.7728 1 995.27 1033.39 32.91 88.76 359.67;0.7632 1 1778.59 557.89 53.17 67.11 8.78;0.7626 1 1593.15 525.27 72.75 45.01 10.02;0.7547 1 36.98 594.99 37.12 68.91 359.46;0.7334 1 933.91 1066.38 33.27 29.38 355.99;0.7314 1 1060.06 696.28 32.36 58.75 349.66;0.7283 1 693.50 489.79 56.07 45.71 356.02;0.7266 1 942.74 593.40 31.72 56.98 6.90;0.7219 1 1417.09 461.08 71.33 45.66 16.82;0.7122 1 811.34 461.60 72.63 35.75 351.66;0.7075 1 994.27 1001.05 28.65 94.48 2.47;0.6978 1 881.01 662.28 60.98 56.60 348.02;0.6948 1 36.65 562.42 35.21 55.67 357.65;0.6887 1 940.37 358.12 46.70 67.06 355.33;0.6862 1 1899.17 592.05 44.48 60.00 23.33;0.6832 1 997.27 157.07 27.32 83.18 12.71;0.6741 1 696.50 461.72 93.34 40.42 355.95;0.6719 1 879.52 524.76 36.17 44.24 6.01;0.6690 1 1053.79 425.49 56.24 56.90 349.01;0.6606 1 1899.86 528.27 19.77 43.51 355.80;0.6590 1 992.46 595.76 41.21 80.44 5.09;0.6109 1 942.54 325.70 42.70 61.81 350.18;0.5867 1 1300.26 459.50 88.35 33.43 353.16;0.5517 1 577.70 426.52 62.98 34.63 349.43;0.5467 1 991.78 220.18 36.12 76.98 1.42;0.5445 1 1539.55 492.45 60.88 41.47 347.14;0.5396 1 880.10 631.93 42.01 35.82 358.93;0.5068 1 1472.71 528.11 52.97 36.69 4.36;0.5016 1 1900.30 558.82 43.18 50.39 17.14;0.4790 1 997.69 86.64 37.10 100.82 14.84;0.4621 1 995.76 932.09 31.25 112.74 345.51;0.4598 1 1416.64 492.42 54.79 61.37 2.93;0.4588 1 1000.14 796.34 35.57 76.97 354.55;0.4469 1 1837.82 457.04 84.37 50.77 5.07;0.4407 1 520.89 458.89 56.31 39.15 3.23;0.4378 1 943.69 189.12 27.82 58.55 3.58;0.4374 1 1356.88 461.33 93.46 41.58 3.73;0.4332 1 1233.44 459.80 85.26 35.54 343.44;0.4212 1 992.69 324.62 43.15 85.50 355.33;0.4209 1 1658.47 592.21 59.71 57.50 3.71;0.4195 1 1535.78 391.85 84.72 36.63 348.42;0.4153 1 938.87 898.03 38.01 85.37 2.93;0.4091 1 1776.57 425.70 58.56 48.35 352.75;0.4079 1 1117.37 459.77 56.77 63.93 6.48;0.4078 1 101.89 493.92 48.07 47.41 355.79;0.4025 1 1479.73 391.52 87.32 36.37 359.58;0.3929 1 1720.60 393.19 84.65 35.50 347.55;0.3879 1 1718.28 592.43 49.71 48.32 7.49;0.3801 1 994.06 1065.70 34.96 48.50 358.51;0.3619 1 1533.88 592.97 57.45 68.97 8.59;0.3594 1 1362.81 525.92 51.46 46.85 8.70;0.3586 1 1357.03 595.26 51.77 100.31 21.37;0.3561 1 1117.43 527.69 37.18 61.98 1.84;0.3406 1 1058.06 560.82 22.53 59.50 5.09;0.3352 1 1000.84 424.59 40.17 67.02 344.87;0.3338 1 933.27 662.53 64.36 84.21 357.36;0.3296 1 217.94 526.41 47.19 49.58 359.14;0.3293 7 879.57 422.86 72.96 79.61 2.77;0.3284 1 1118.10 492.99 46.02 54.95 2.59;0.3284 1 936.94 628.76 52.26 60.40 357.76;0.3229 1 878.14 360.66 31.87 66.72 359.19;0.3213 1 996.21 764.33 33.45 69.44 350.63;0.3095 1 1483.95 592.70 45.96 56.57 354.47;0.3066 1 640.98 492.80 45.38 41.58 334.20
v_8l3pjgmlfr_0038,0.9801 1 636.99 422.25 92.51 29.90 351.27;0.9799 1 397.27 421.59 76.16 36.23 343.79;0.9790 1 755.36 423.66 100.03 34.25 345.46;0.9633 1 1240.16 354.69 82.47 37.48 356.00;0.9632 1 213.83 459.12 92.34 31.46 348.49;0.9443 1 517.66 421.43 87.87 37.45 351.78;0.9423 1 638.27 523.26 84.59 41.50 357.52;0.9293 1 519.49 524.03 92.31 37.30 358.81;0.9258 1 94.61 458.35 62.03 46.39 353.81;0.9253 1 1291.04 355.06 76.21 47.56 0.54;0.9242 1 398.88 523.61 104.14 37.68 358.45;0.9192 1 279.00 459.37 83.07 31.50 3.39;0.9145 1 578.32 1035.20 112.64 30.88 340.97;0.9038 1 1482.11 625.74 98.72 43.15 353.67;0.9024 1 36.43 494.35 43.11 43.40 349.30;0.8907 1 1480.97 255.49 67.95 39.47 352.17;0.8902 1 91.64 425.05 75.73 49.56 347.10;0.8826 1 758.80 495.19 64.45 41.70 346.02;0.8817 1 216.59 422.16 100.14 38.08 346.04;0.8755 1 157.64 495.21 67.55 33.15 339.84;0.8737 7 1658.04 290.18 90.92 52.94 3.43;0.8715 1 1413.82 291.81 70.28 23.71 359.33;0.8712 1 1480.97 352.78 112.21 34.42 349.85;0.8662 1 1529.93 626.37 82.82 47.02 347.86;0.8579 1 997.27 965.12 33.57 89.12 1.66;0.8571 1 158.02 523.42 73.19 43.99 3.92;0.8285 1 1895.69 625.97 79.12 46.29 2.53;0.8282 1 454.51 524.69 92.98 35.81 355.90;0.8124 1 1290.90 628.63 73.02 46.23 345.29;0.8116 1 1662.12 590.26 96.72 40.37 348.90;0.8072 1 759.78 523.86 67.90 47.65 350.37;0.7979 1 1531.51 290.19 86.35 41.04 351.87;0.7934 1 581.53 460.85 75.43 20.28 350.40;0.7897 1 1710.85 591.93 81.77 55.75 348.71;0.7882 1 277.82 422.81 81.81 33.63 354.08;0.7849 1 573.78 523.88 85.27 37.32 348.60;0.7842 1 335.54 461.05 87.50 23.93 355.69;0.7729 1 1357.35 293.09 62.19 21.11 12.30;0.7626 1 394.98 459.81 72.91 25.98 5.27;0.7537 1 161.33 423.40 66.79 33.69 357.24;0.7460 1 1531.25 255.99 78.93 50.51 351.45;0.7378 1 1363.07 355.24 93.60 28.53 4.92;0.7373 1 1297.19 291.93 88.56 31.63 351.16;0.7356 1 337.56 523.93 92.53 27.04 358.33;0.7335 1 694.82 1064.01 70.01 33.60 4.19;0.7265 1 1598.65 353.05 77.52 30.92 351.21;0.7096 1 699.53 423.78 93.59 28.75 6.23;0.7059 1 699.58 461.56 80.94 17.97 348.62;0.7012 1 1602.82 254.33 69.08 29.25 359.55;0.6889 1 634.26 494.13 47.43 37.44 339.67;0.6666 1 223.58 1035.40 66.26 38.07 354.22;0.6626 1 42.61 424.24 66.80 45.99 5.08;0.6610 1 160.43 458.73 71.79 28.99 4.10;0.6473 1 1237.63 291.46 95.72 34.28 350.43;0.6447 1 1659.33 564.28 86.09 25.81 349.82;0.6169 1 462.43 460.51 71.09 20.80 351.57;0.5903 7 757.86 158.91 84.66 35.00 357.46;0.5808 1 1174.58 154.65 47.28 52.63 349.79;0.5778 1 1533.88 354.10 89.08 40.84 344.23;0.5763 1 1120.28 865.63 72.71 45.16 355.55;0.5559 1 1651.68 254.53 78.05 56.31 344.73;0.5396 1 37.53 459.76 42.33 31.37 352.76;0.5165 1 1238.46 324.53 46.72 31.21 340.95;0.5165 1 1359.51 326.01 50.80 28.77 0.11;0.5068 9 753.20 460.47 56.35 18.80 2.90;0.4972 1 36.01 522.46 65.86 51.20 5.54;0.4833 1 396.70 393.97 66.23 23.84 344.57;0.4765 1 634.37 460.95 77.10 20.52 5.13;0.4677 1 220.00 1064.54 65.24 36.56 349.34;0.4569 9 278.74 493.43 45.54 18.79 345.91;0.4545 1 1412.52 355.62 86.03 28.86 349.90;0.4400 9 336.84 494.60 52.10 14.65 352.42;0.4330 1 511.78 460.69 58.98 21.20 5.33;0.4227 1 1294.64 323.92 34.99 33.27 352.36;0.4139 1 813.00 188.19 66.95 37.51 355.61;0.4090 1 1481.30 290.50 60.39 27.90 356.19;0.3965 1 517.42 393.47 61.66 27.64 347.28;0.3963 7 761.99 189.66 101.14 38.03 3.85;0.3834 1 997.27 998.01 35.25 79.43 2.65;0.3591 1 1113.19 290.87 67.66 39.99 0.26
v_nshmna89zd_0049,0.9903 1 1296.97 321.89 87.96 30.05 351.97;0.9840 1 579.10 489.52 89.43 47.00 355.49;0.9835 1 95.38 490.89 91.86 45.74 351.55;0.9824 1 692.79 427.86 71.18 33.37 353.42;0.9742 1 334.74 291.03 83.55 36.17 354.44;0.9517 1 460.41 321.29 101.03 41.22 351.53;0.9427 1 1598.35 321.72 79.14 35.33 356.58;0.9371 1 1481.94 222.11 90.25 33.76 352.48;0.9338 1 1350.48 259.35 87.43 31.35 352.46;0.9316 1 1296.05 222.51 94.13 32.12 353.94;0.9272 1 1420.95 557.47 75.54 45.85 349.20;0.9209 1 1179.18 322.07 106.02 27.31 350.82;0.9174 1 1415.03 594.58 88.13 29.09 349.89;0.9118 1 339.12 225.06 99.86 30.84 345.06;0.9066 1 1777.26 258.91 87.62 36.29 348.98;0.8939 1 339.49 254.43 80.43 45.75 343.63;0.8894 1 394.35 428.74 89.87 38.25 339.69;0.8802 1 1237.47 223.12 91.71 32.42 354.99;0.8782 1 578.68 1029.14 84.50 39.43 356.45;0.8647 1 935.37 694.89 39.47 82.20 343.31;0.8572 1 1419.54 529.50 102.50 34.20 348.82;0.8498 1 393.59 455.56 83.76 52.58 353.45;0.8369 1 278.66 1001.63 100.97 36.23 344.17;0.8369 1 1233.98 322.83 91.81 31.01 350.98;0.8300 1 1178.72 596.78 76.91 36.64 347.23;0.8220 1 1173.84 222.86 89.65 36.04 353.18;0.8191 1 339.48 455.31 94.98 39.28 350.31;0.8155 1 1111.07 323.31 82.59 30.71 347.23;0.7938 1 1354.25 222.09 87.51 33.00 354.49;0.7743 1 279.03 1028.07 91.54 38.67 342.21;0.7640 1 1833.32 558.44 65.49 58.36 354.93;0.7572 1 1589.89 528.23 79.72 44.13 352.16;0.7458 1 1780.68 593.61 104.56 26.88 346.79;0.7366 1 698.85 459.37 48.03 45.97 342.32;0.7363 1 640.83 391.28 72.93 33.99 357.60;0.7352 1 1060.32 323.14 72.91 36.46 350.87;0.7253 1 460.26 292.94 59.93 17.03 332.99;0.7110 1 575.72 461.75 74.65 24.96 342.63;0.7007 1 935.09 663.43 45.93 72.66 347.94;0.6903 1 577.39 1003.07 64.81 29.18 343.53;0.6874 1 1177.26 288.10 69.82 31.13 331.86;0.6631 1 1298.35 290.05 56.06 20.47 337.59;0.6413 1 1651.06 323.48 71.63 36.00 346.70;0.6246 1 1598.06 291.71 50.30 31.91 337.00;0.6206 1 882.25 931.40 34.41 61.91 11.79;0.6165 1 42.48 491.20 74.26 38.94 350.41;0.6084 1 1780.74 559.48 69.18 33.91 344.19;0.6036 1 1057.62 122.00 56.48 58.00 338.42;0.5888 1 1470.34 557.78 72.94 53.58 347.85;0.5833 9 1481.64 257.46 70.40 15.48 349.73;0.5833 7 1534.55 258.73 70.77 43.50 359.85;0.5743 1 1531.59 223.01 74.15 47.82 3.11;0.5605 1 1775.18 286.90 58.99 38.78 344.76;0.5556 1 628.87 491.17 82.93 44.59 350.22;0.5473 1 1232.00 259.53 102.36 35.24 354.50;0.5462 1 509.25 322.62 92.75 59.26 356.69;0.5399 1 930.70 932.48 29.71 51.52 357.92;0.5354 1 940.62 831.90 27.08 64.60 358.68;0.5323 1 1120.55 223.83 62.24 29.72 352.88;0.5263 1 1543.92 528.35 69.13 40.78 3.72;0.5187 7 1117.71 259.83 85.24 35.17 355.90;0.5069 1 993.42 862.15 50.06 74.70 344.77;0.4846 1 33.82 426.53 42.85 24.12 350.09;0.4752 1 1057.72 1033.87 77.23 52.39 340.37;0.4656 1 281.25 290.99 73.86 25.78 347.16;0.4601 1 933.04 725.86 31.85 74.88 352.45;0.4559 1 390.31 226.19 74.74 26.01 344.83;0.4438 2 1476.36 1035.08 78.83 48.52 345.74;0.4392 7 1059.56 259.75 88.72 24.45 357.05;0.4344 1 880.39 764.36 32.88 40.67 5.39;0.4278 7 1834.08 593.50 117.46 41.05 357.64;0.4240 1 1362.22 761.52 111.02 40.96 349.21;0.4068 2 693.00 391.72 80.26 37.80 358.88;0.3784 1 943.09 862.53 34.56 60.48 358.03;0.3771 9 816.59 121.79 44.62 17.09 352.40;0.3652 7 997.98 90.12 74.23 51.01 1.88;0.3650 1 1119.57 19.13 61.05 35.89 350.63;0.3568 9 393.06 254.74 63.41 32.69 3.89;0.3546 2 1715.87 528.75 82.78 39.09 2.26;0.3540 1 515.64 1068.07 43.73 23.50 3.43
v_dhcy4nqxmn_0028,0.7868 1 1234.30 796.41 59.67 46.75 348.10;0.6396 1 95.75 459.75 87.49 46.65 355.86;0.6216 1 1176.96 525.92 48.85 57.02 342.19;0.4126 1 1357.86 628.93 61.61 57.98 349.38;0.4032 7 876.73 426.33 41.38 60.66 18.24;0.3700 7 875.99 459.77 48.95 41.39 13.20;0.3443 9 274.73 492.78 38.76 21.87 2.13;0.3371 1 1239.13 597.14 33.87 59.73 343.97;0.2829 8 991.58 762.77 53.38 79.40 353.26;0.2705 1 1357.84 762.09 105.68 49.30 341.70;0.2681 1 1175.03 558.52 46.55 44.69 357.56
v_vzhmsl0kfn_0046,0.9944 1 577.99 423.27 89.76 32.71 352.90;0.9908 1 698.36 525.76 102.07 34.65 354.48;0.9901 1 1593.27 355.36 95.00 42.03 1.77;0.9890 1 459.30 423.98 92.36 30.83 358.94;0.9880 1 696.95 490.45 88.71 38.36 350.96;0.9810 1 576.44 525.06 91.79 36.24 355.44;0.9773 1 336.76 425.36 100.26 29.52 350.15;0.9681 1 1420.23 354.42 104.74 34.67 347.45;0.9674 1 1714.13 595.16 77.44 44.27 356.57;0.9671 1 995.34 493.68 47.89 51.79 2.05;0.9622 1 574.85 289.72 83.60 43.90 354.93;0.9574 1 580.35 155.70 79.58 39.09 348.12;0.9523 1 1532.54 630.16 90.11 36.85 350.99;0.9500 1 513.80 461.93 81.21 26.39 355.09;0.9461 1 1417.41 255.37 90.84 33.38 356.52;0.9284 1 701.72 425.95 98.38 26.04 356.70;0.9236 1 392.66 489.91 64.84 40.05 359.06;0.9163 1 1653.87 292.35 95.62 24.05 354.11;0.9063 1 160.13 525.64 99.35 31.50 355.79;0.8997 1 1710.63 254.54 91.39 36.73 345.39;0.8992 1 934.20 255.99 62.31 58.38 342.49;0.8851 1 1717.57 292.01 99.46 36.71 352.59;0.8849 1 1356.66 292.40 89.15 37.87 348.35;0.8804 1 1054.97 557.42 51.76 48.14 355.31;0.8801 1 1470.83 355.32 105.75 39.67 355.07;0.8784 1 156.41 423.53 85.16 35.74 358.55;0.8737 1 1300.98 255.20 73.98 29.83 353.71;0.8700 1 1541.45 492.63 79.61 39.44 352.65;0.8657 1 1660.49 255.20 93.97 34.61 356.50;0.8620 1 277.20 424.66 95.30 35.32 353.74;0.8596 1 578.76 461.24 92.94 24.38 350.69;0.8507 1 1001.38 897.49 37.40 77.95 1.28;0.8498 1 1543.58 356.19 105.33 29.91 354.79;0.8450 1 392.58 462.31 78.54 24.80 7.26;0.8411 1 811.76 293.47 79.96 37.10 354.04;0.8371 1 997.26 525.14 71.34 50.52 356.37;0.8371 1 331.43 526.09 80.57 32.00 1.77;0.8305 1 41.16 524.28 74.89 35.49 353.63;0.8269 1 93.45 523.72 115.83 36.54 350.17;0.8239 1 1530.64 293.23 82.14 22.76 355.96;0.8174 1 1000.40 929.29 34.45 82.51 11.60;0.8125 2 1540.10 255.67 121.24 42.23 1.89;0.8028 1 1054.88 528.95 45.72 62.00 343.62;0.7869 1 636.68 526.00 95.76 24.28 356.07;0.7861 1 215.88 425.30 94.63 36.18 0.83;0.7758 1 398.83 1066.56 90.07 31.62 338.96;0.7692 1 823.30 828.29 73.15 27.66 152.67;0.7681 4 216.87 460.99 77.33 29.02 346.31;0.7609 7 454.63 526.69 106.49 31.64 358.27;0.7592 1 1591.24 493.18 73.07 43.21 356.28;0.7391 7 404.54 525.89 128.46 43.36 9.68;0.7390 7 1297.10 356.29 125.91 37.73 1.45;0.7377 1 1354.14 256.66 97.40 38.31 351.01;0.7366 1 1599.58 291.95 91.98 27.43 354.24;0.7318 1 1292.23 631.19 71.89 42.44 346.97;0.7301 1 1236.30 354.85 87.81 44.85 358.12;0.7227 1 749.16 524.44 57.18 33.06 351.48;0.7216 1 749.13 426.18 90.06 23.19 339.03;0.7206 1 881.41 224.83 54.64 31.41 359.02;0.7129 1 629.06 156.45 66.90 39.85 333.40;0.7100 1 696.83 460.83 70.94 14.74 344.00;0.7086 1 760.09 292.52 97.73 32.10 353.90;0.7027 1 282.18 524.87 85.45 34.86 0.83;0.6969 1 1053.75 423.23 64.78 52.23 355.60;0.6946 7 1839.83 293.31 111.43 38.23 358.42;0.6945 1 640.26 1066.37 80.68 29.77 353.26;0.6816 1 515.63 526.00 100.57 32.08 352.58;0.6561 1 938.62 361.45 47.26 34.23 354.08;0.6534 1 515.04 423.58 107.84 36.96 7.93;0.6474 2 1233.23 293.08 76.63 34.31 358.73;0.6449 1 209.99 524.45 81.86 30.81 356.06;0.6442 1 1482.02 629.29 92.48 33.50 351.62;0.6387 2 1589.36 255.63 118.59 40.21 1.09;0.6254 1 1778.73 292.63 113.11 33.51 353.28;0.6054 1 1597.18 324.82 60.74 23.16 351.62;0.5952 9 814.18 459.37 48.26 14.90 356.99;0.5910 1 518.88 1067.13 82.99 25.85 341.56;0.5807 1 100.35 424.67 75.02 41.09 359.43;0.5741 7 1055.35 931.58 58.96 75.98 346.04;0.5695 1 931.76 225.32 54.95 58.16 353.59
v_eav0w7vfia_0000,0.9890 1 574.29 524.90 47.86 49.21 38.13;0.9833 1 637.99 590.02 66.63 43.00 354.82;0.9740 1 212.40 592.18 64.58 43.98 10.07;0.9680 1 1112.95 591.98 79.37 40.82 359.17;0.9586 1 638.31 563.89 52.16 51.86 351.59;0.9559 1 153.92 495.21 75.08 48.53 1.46;0.9429 1 162.34 591.02 63.37 44.17 19.02;0.9226 1 939.73 394.04 40.47 58.56 357.95;0.9162 1 1602.81 525.84 61.30 44.91 16.28;0.8867 1 820.16 559.44 97.57 46.16 357.63;0.8720 1 1654.67 527.17 73.08 38.28 1.44;0.8290 1 1174.69 496.35 73.21 52.34 348.45;0.8223 1 1353.66 596.09 60.06 47.79 352.57;0.7989 1 1832.67 530.58 83.34 38.20 350.32;0.7913 1 1780.77 593.19 57.23 45.95 5.36;0.7906 1 33.61 494.21 46.54 39.38 349.79;0.7904 1 1781.97 528.82 84.19 35.45 354.94;0.7814 1 1177.02 522.17 84.27 53.67 0.26;0.7736 1 452.71 998.83 35.09 82.31 7.24;0.7735 1 940.76 422.24 47.01 54.56 359.14;0.7671 1 870.78 559.60 78.53 43.21 337.65;0.7278 1 994.69 191.02 21.15 88.76 350.56;0.7015 1 453.32 797.79 45.23 97.35 9.68;0.6534 1 524.63 524.48 44.76 44.21 35.06;0.6463 1 455.20 831.54 30.66 130.73 8.68;0.6356 1 1835.46 558.75 63.74 74.64 350.41;0.6296 1 454.99 966.65 23.91 115.99 16.36;0.6152 1 1478.94 593.53 72.60 52.66 1.45;0.6134 1 1062.65 592.32 106.84 37.82 348.34;0.5861 1 1780.22 559.17 47.85 40.16 4.41;0.5855 1 1599.32 595.28 90.96 53.03 3.84;0.5075 1 1832.50 593.54 70.66 51.80 356.57;0.4999 1 992.04 220.11 21.99 72.57 351.27;0.4853 1 991.86 423.27 41.74 62.97 342.88;0.4692 1 934.00 997.25 32.63 84.93 356.95;0.4316 7 459.89 763.81 52.55 107.65 3.73;0.4262 1 1299.26 526.81 35.67 50.90 358.36;0.4210 1 933.14 829.06 36.84 85.11 2.36;0.4124 1 935.88 896.85 17.44 74.42 6.68;0.4100 1 883.32 828.53 45.12 74.46 355.99;0.4089 1 933.41 359.28 36.70 76.00 5.65;0.3881 1 991.49 393.58 35.02 60.90 349.00;0.3831 1 216.49 561.37 44.91 42.37 344.29;0.3678 1 1302.10 594.15 55.68 67.11 6.73;0.3607 1 1057.36 88.95 21.68 79.16 359.66;0.3444 1 1116.37 562.51 61.71 34.06 349.40;0.3202 1 1056.67 119.20 31.37 101.35 357.67;0.3124 1 934.42 965.79 23.76 91.32 1.14;0.2987 1 154.86 523.07 61.81 43.49 13.24;0.2949 1 934.48 1065.60 15.53 44.46 358.41;0.2732 1 881.19 966.49 36.11 94.18 338.43;0.2576 1 97.13 458.98 45.87 44.88 356.17
v_884t99ixr1_0029,0.9820 1 275.48 495.26 80.97 43.51 356.02;0.9588 1 816.62 153.36 66.39 34.05 351.86;0.9343 1 1537.39 596.03 76.37 44.51 2.46;0.8648 1 337.57 394.37 63.33 52.04 356.83;0.8611 1 993.49 85.73 56.37 67.40 348.13;0.8577 1 1241.81 999.44 41.89 79.38 344.14;0.8466 1 820.01 121.22 38.09 61.51 348.32;0.8412 1 574.64 392.69 67.39 33.50 1.37;0.7803 1 1119.86 896.66 28.72 131.26 346.44;0.7740 1 1051.87 1032.38 47.21 57.00 348.66;0.7375 1 1837.58 257.40 27.53 85.17 0.06;0.7181 1 872.43 155.27 61.92 37.81 355.69;0.7003 1 819.07 90.41 40.89 49.42 8.15;0.6748 1 1177.74 593.75 64.17 58.46 0.38;0.6740 1 994.38 54.75 44.37 76.12 347.35;0.6678 1 1833.64 287.16 46.01 76.78 9.90;0.6602 1 38.48 395.11 63.81 38.93 353.83;0.6260 1 223.71 494.43 65.31 35.85 359.97;0.5976 1 1240.27 1029.39 49.83 103.61 0.34;0.5862 1 873.74 121.21 55.20 73.05 347.46;0.5789 1 518.07 392.18 95.83 36.89 355.34;0.5654 1 1410.51 594.49 68.11 47.42 352.66;0.5297 1 338.54 420.61 51.26 48.15 0.32;0.5251 1 459.33 391.63 68.81 37.38 348.57;0.5206 1 1053.28 829.40 40.92 91.21 0.40;0.5128 1 1003.29 828.50 53.22 64.05 345.70;0.4918 1 512.18 595.16 83.76 49.73 352.93;0.4669 1 874.26 90.04 64.22 59.34 359.10;0.4490 1 1363.29 594.28 59.99 46.21 5.10;0.4326 1 630.96 595.67 80.34 48.35 350.34;0.4092 1 39.78 421.21 67.90 42.91 351.80;0.4025 1 1121.40 54.73 61.57 45.20 346.02;0.3672 1 1776.26 187.91 42.19 57.85 358.65;0.2981 9 1417.73 426.32 44.85 14.52 358.32;0.2955 1 460.41 594.50 81.53 52.71 5.52;0.2847 1 934.78 358.87 47.16 47.67 352.35;0.2786 1 881.83 53.29 52.66 90.88 349.59;0.2674 8 1899.73 358.99 41.28 23.67 353.70
v_mvy5ar09ro_0013,0.9711 1 279.83 489.46 104.37 43.38 358.26;0.9569 1 36.94 556.98 66.62 45.43 6.13;0.9562 1 873.44 122.13 57.16 51.50 352.45;0.9300 1 871.92 156.35 68.41 48.64 356.53;0.9029 1 40.18 424.31 67.83 37.53 0.66;0.8892 1 1055.20 1033.85 41.38 77.97 6.26;0.8857 1 933.43 53.04 47.46 68.02 0.21;0.8855 1 996.99 765.51 37.88 64.05 356.66;0.8816 1 330.90 489.53 75.43 51.66 359.58;0.8815 1 458.05 395.61 92.09 29.96 343.84;0.8702 1 996.45 628.07 50.88 63.81 348.49;0.8689 1 1776.94 155.16 71.66 38.33 348.36;0.8618 1 1234.39 629.55 68.20 48.33 357.12;0.8364 1 1591.45 631.93 74.92 51.13 355.52;0.8279 1 337.87 423.54 84.68 42.97 1.42;0.8245 1 459.46 421.81 106.21 34.18 346.01;0.8198 1 997.29 795.64 55.50 74.79 356.10;0.8077 1 631.98 627.94 84.97 48.59 345.32;0.7761 1 995.31 660.36 45.82 62.94 353.90;0.7758 1 37.78 530.28 61.68 39.62 333.17;0.7137 1 819.49 156.20 48.44 41.67 2.80;0.6674 1 1840.02 630.98 91.40 35.23 352.05;0.6669 1 1054.06 863.35 29.59 92.80 352.02;0.6581 1 334.12 460.43 55.60 43.55 351.18;0.6430 1 1053.72 1063.57 35.01 51.52 351.65;0.5925 1 582.21 627.59 78.29 46.01 355.79;0.5460 1 1179.31 83.08 75.51 51.41 4.20;0.5412 1 278.63 461.83 51.93 25.96 355.95;0.5337 1 1840.94 657.41 80.64 54.80 0.28;0.5094 1 820.67 121.03 48.01 54.34 20.58;0.4116 1 1542.77 630.03 77.96 37.24 2.50;0.3838 1 1541.46 658.89 72.23 41.82 1.29;0.3369 9 1476.58 460.25 42.04 13.91 354.34;0.3281 1 1294.45 1064.04 30.99 48.03 355.42;0.3216 1 1893.81 659.06 84.96 51.97 7.18;0.3147 1 814.40 188.48 34.40 36.96 351.96;0.3104 1 1123.10 997.60 39.81 49.09 6.42;0.3087 8 1056.82 390.39 37.21 30.95 3.97;0.2959 1 280.68 423.87 74.06 52.81 9.27;0.2929 1 1116.32 221.30 43.29 87.94 349.26;0.2927 1 813.50 222.34 39.15 47.35 354.20;0.2841 1 1052.78 892.14 35.43 63.75 4.64;0.2783 1 1592.44 658.35 72.98 68.12 355.79;0.2644 1 1894.53 630.44 67.29 33.65 2.40;0.2613 1 934.82 256.59 37.29 60.10 358.34;0.2596 1 938.17 21.53 28.64 54.13 354.55;0.2550 8 214.45 425.38 68.02 25.61 355.00
v_xfuj81j2ca_0001,0.8747 1 94.83 462.73 86.88 41.35 348.12;0.8529 1 1238.14 494.81 84.21 56.59 347.60;0.6055 1 95.53 489.08 69.75 53.34 348.22;0.4185 1 996.73 930.85 36.55 81.89 356.36;0.3824 9 1656.57 527.08 47.89 26.03 358.18;0.3386 1 1178.33 525.48 41.94 36.80 338.34;0.2673 1 941.98 54.44 33.01 113.05 352.67
v_bapchxld41_0044,0.9779 1 1054.83 322.98 82.08 36.48 351.67;0.9718 1 397.57 460.95 106.81 37.00 350.16;0.9682 1 940.68 460.43 78.87 32.86 348.24;0.9611 1 570.04 460.34 93.03 27.81 350.63;0.9603 1 992.44 257.27 99.47 31.77 347.24;0.9460 1 1711.98 591.58 80.27 55.29 356.14;0.9454 1 937.61 629.47 35.91 74.15 358.81;0.9443 1 1532.39 626.75 87.53 46.04 355.00;0.9439 1 940.98 257.90 75.97 27.57 350.17;0.9375 1 1839.41 420.95 108.68 47.07 353.83;0.9272 1 634.35 421.61 86.38 40.33 346.72;0.9145 7 699.63 460.52 113.75 34.87 1.88;0.9143 1 582.93 120.77 73.56 37.05 350.78;0.9015 1 581.90 521.76 90.80 36.89 343.76;0.8964 1 936.20 659.72 36.22 71.26 1.45;0.8829 1 816.58 525.41 95.00 37.12 356.65;0.8786 1 632.87 521.94 71.57 42.93 344.91;0.8737 1 524.24 460.56 69.16 31.27 0.60;0.8606 7 101.88 458.83 141.12 69.30 358.58;0.8561 1 754.17 155.17 67.03 47.38 348.91;0.8388 1 1291.34 628.78 68.92 44.04 341.95;0.8381 1 453.67 523.96 90.51 43.80 355.48;0.8321 1 1591.21 495.93 70.14 43.40 357.05;0.8222 1 988.17 461.47 73.47 36.06 349.36;0.8179 1 631.76 121.26 87.76 41.83 349.25;0.7973 1 1052.39 930.88 51.12 72.43 356.53;0.7965 1 215.65 460.27 82.07 42.70 357.42;0.7957 1 1896.98 626.62 66.19 43.07 1.96;0.7953 1 936.05 930.48 41.58 86.73 359.19;0.7821 2 511.64 291.37 81.80 36.18 351.80;0.7357 1 1839.33 395.25 94.02 35.37 345.33;0.7132 1 937.36 423.71 84.51 46.65 345.28;0.6910 1 1055.88 899.89 39.43 68.74 357.98;0.6907 1 1542.17 495.11 81.97 32.41 353.08;0.6663 7 934.45 222.01 86.79 49.89 1.15;0.6363 1 579.73 494.26 52.06 32.36 337.98;0.6349 1 1482.05 626.25 108.85 41.62 351.71;0.6268 7 157.93 460.58 124.55 33.37 7.24;0.6246 9 1113.53 257.59 37.61 19.49 349.74;0.6224 1 872.27 798.92 61.82 35.70 15.73;0.6035 1 634.79 494.99 45.65 41.26 336.53;0.5926 1 1175.22 152.99 50.23 55.37 351.81;0.5734 1 1003.98 323.24 85.02 21.84 353.35;0.5660 1 1663.02 590.51 99.73 33.56 341.46;0.5597 1 1713.42 563.68 86.44 47.59 346.56;0.5327 1 92.70 424.32 74.61 34.58 355.35;0.5215 1 152.01 254.58 103.41 37.38 0.28;0.5194 7 757.32 460.95 133.92 34.43 5.19;0.5111 1 41.37 523.23 81.85 42.70 353.22;0.5093 1 399.04 492.20 53.46 46.80 345.10;0.4885 1 1592.98 524.25 64.77 44.19 3.85;0.4862 4 101.44 253.84 112.12 40.21 353.56;0.4737 7 882.53 222.86 117.03 37.36 355.18;0.4639 1 824.89 798.93 71.64 34.28 138.60;0.4593 1 399.09 523.95 89.43 43.83 359.91;0.4558 1 1176.11 122.65 34.86 59.90 337.56;0.4286 1 93.33 523.46 78.42 40.66 353.16;0.4278 1 454.38 495.81 57.20 31.76 344.23;0.4185 1 872.86 526.02 71.22 27.96 345.51;0.4179 9 457.43 257.88 47.50 12.09 344.57;0.4165 1 1001.74 931.19 34.61 78.81 11.28;0.3985 4 632.65 394.56 70.18 26.74 344.62;0.3922 7 644.06 459.38 106.97 48.92 7.37;0.3815 1 1293.23 358.26 65.65 35.95 0.42;0.3631 9 818.81 256.75 45.59 13.54 341.21;0.3551 9 1113.60 290.45 39.37 25.68 10.03;0.3546 1 1893.47 423.12 94.67 47.59 3.74;0.3545 7 880.62 192.18 99.23 32.09 350.54;0.3491 7 697.46 156.79 133.81 42.66 350.70;0.3363 1 153.42 495.49 54.88 17.94 350.67;0.3323 9 1296.53 290.83 51.26 18.68 356.78;0.3298 9 1296.27 256.16 47.13 19.05 3.49;0.3275 2 812.44 459.24 106.50 49.65 356.36;0.3248 9 1058.84 292.41 44.92 20.62 358.35;0.3242 9 1115.32 359.38 31.89 25.48 359.97;0.3234 1 937.39 694.36 32.33 58.14 7.08;0.3232 7 462.17 292.09 105.26 36.42 349.82;0.3140 9 932.88 527.32 36.69 17.61 3.65;0.3108 1 1121.90 866.66 52.29 56.57 1.44;0.3045 7 637.84 155.06 85.54 37.99 349.96
v_chlul5xlyf_0048,0.8522 1 1180.10 557.23 84.40 39.23 355.39;0.7644 1 94.80 463.07 76.03 47.43 344.81;0.7133 1 94.65 489.18 78.54 56.28 352.49;0.5394 1 1233.03 560.00 72.59 63.66 354.38;0.3994 1 942.07 53.64 38.36 103.92 355.37;0.3467 9 1657.43 527.80 55.57 29.58 352.37;0.3182 1 997.48 931.09 28.20 66.43 350.55;0.2524 1 1233.56 794.54 66.32 40.98 348.57;0.2506 9 877.84 562.38 47.95 19.13 358.86
v_jqyqscgn3u_0038,0.9680 1 934.71 458.49 54.95 61.84 0.13;0.9567 1 1241.51 459.77 79.01 43.69 357.82;0.9556 1 1535.66 460.86 80.10 39.91 357.34;0.9542 1 1661.34 457.88 59.22 51.35 19.53;0.9526 1 1777.18 457.18 89.91 36.16 359.86;0.9263 1 37.00 461.50 47.53 39.81 353.55;0.9043 1 933.73 258.38 49.16 72.73 349.31;0.8997 1 574.92 460.19 65.92 45.74 352.22;0.8899 1 815.54 525.99 90.48 34.92 353.69;0.8874 1 937.03 426.35 53.35 64.24 355.93;0.8445 1 934.60 289.25 52.72 72.19 348.29;0.8423 1 933.35 118.32 40.29 75.57 11.93;0.8398 1 1539.17 525.61 91.44 46.97 6.89;0.8393 1 1780.16 529.14 77.47 46.31 355.13;0.8305 1 935.78 87.65 28.44 89.59 14.55;0.8100 1 1898.99 458.52 48.08 51.54 18.74;0.7834 1 1714.45 458.72 76.52 45.21 9.77;0.7823 1 36.66 595.40 36.34 70.25 356.84;0.7700 1 1114.24 460.56 56.08 77.24 8.26;0.7477 1 995.20 661.89 34.68 84.68 357.06;0.6981 1 995.08 693.34 44.10 68.64 8.98;0.6630 1 1899.94 591.81 40.22 58.36 29.73;0.6576 1 1778.49 557.35 51.91 67.00 8.10;0.6534 1 1899.50 528.18 17.37 43.81 357.04;0.6033 1 880.67 796.82 43.68 73.84 348.53;0.6015 1 36.22 562.75 30.93 58.27 359.78;0.5732 1 1118.19 492.32 38.09 67.29 2.88;0.5553 1 1776.62 426.10 56.23 44.06 346.86;0.5497 1 1053.87 426.35 61.05 44.28 351.16;0.5195 1 882.34 256.48 39.83 79.13 359.78;0.5110 1 1659.16 591.93 62.68 62.40 8.37;0.5060 1 934.43 933.12 26.39 92.63 357.35;0.5057 1 1481.15 459.14 59.75 58.81 9.88;0.5053 1 1717.20 592.64 54.69 50.25 6.81;0.4948 1 37.62 491.06 51.26 58.85 1.62;0.4899 1 521.61 459.25 65.13 46.94 3.60;0.4756 1 995.04 629.49 33.82 78.78 358.54;0.4725 7 1718.24 393.60 87.14 39.56 348.67;0.4709 1 936.10 966.68 25.24 103.32 4.99;0.4700 1 1538.86 492.88 50.00 54.53 346.79;0.4633 1 939.64 54.80 21.22 81.50 1.11;0.4564 1 940.02 864.17 30.76 91.79 335.37;0.4556 1 697.69 492.87 46.02 59.70 347.06;0.4332 1 940.38 322.70 42.23 66.49 353.94;0.4209 1 1115.66 526.52 29.83 80.53 13.81;0.4185 1 758.18 525.11 57.42 60.24 344.42;0.4098 1 1594.89 524.45 68.97 43.47 4.09;0.3940 1 1289.18 461.10 70.71 39.56 353.13;0.3895 1 879.49 827.25 41.40 78.13 358.78;0.3850 1 1305.04 594.32 40.25 87.80 8.96;0.3845 1 935.94 764.51 66.13 72.36 348.56;0.3789 1 1597.16 629.70 34.16 72.68 3.26;0.3727 1 938.20 898.51 28.59 104.57 354.37;0.3628 1 933.48 798.07 58.35 110.42 348.27;0.3612 1 1418.07 524.99 38.21 52.52 1.51;0.3592 1 936.29 628.78 33.08 87.11 8.09;0.3568 1 1900.93 559.11 41.02 47.79 24.30;0.3514 1 997.51 54.32 32.48 64.41 2.06;0.3450 7 992.75 325.14 38.16 84.90 337.68;0.3367 7 994.50 355.63 34.37 73.68 347.82;0.3350 2 1478.22 391.56 101.31 38.29 358.32;0.3347 1 999.75 796.58 40.72 61.89 349.50;0.3215 9 1899.34 494.72 22.17 27.35 39.82;0.3175 1 815.72 863.89 36.17 71.93 23.02;0.3165 1 995.37 1032.55 35.62 77.68 340.50;0.3113 7 753.68 460.28 61.71 36.77 356.01;0.3085 1 996.93 1064.88 31.83 56.36 359.61;0.2992 1 882.99 288.49 29.33 44.93 351.53;0.2969 9 1714.63 493.61 47.29 24.77 8.25;0.2838 1 1056.89 23.02 56.62 48.01 345.91;0.2792 1 996.75 899.95 31.15 70.89 345.30;0.2726 1 934.77 491.07 46.00 53.35 2.47;0.2648 9 1660.56 493.06 50.91 20.08 359.22;0.2591 1 397.72 493.18 57.30 50.84 359.46;0.2575 1 575.77 491.66 44.35 61.17 1.92;0.2560 1 217.52 526.68 41.53 52.98 357.12;0.2550 1 1535.92 391.59 78.63 39.33 348.80;0.2535 1 516.50 525.29 51.19 49.15 6.52
v_cdn8rl7l9y_0014,0.9249 1 1841.68 494.11 115.33 36.89 346.69;0.8683 1 94.44 461.29 91.12 43.65 348.52;0.7887 1 1894.39 495.38 97.54 34.72 347.65;0.4781 1 996.54 930.96 35.88 82.10 353.96;0.4577 1 941.86 54.03 39.64 101.74 350.67;0.4520 1 1356.96 761.80 93.68 63.26 344.17;0.4044 1 1232.79 794.36 65.28 47.75 344.66;0.3536 9 1657.23 527.08 52.91 30.77 355.13;0.3235 1 1294.27 492.03 40.79 36.68 354.32;0.3111 1 1183.07 795.46 45.63 53.45 12.87;0.3089 1 1415.04 628.56 48.85 69.63 2.11
v_slduobww75_0044,0.9232 1 580.63 491.00 114.62 42.19 358.51;0.8664 1 992.70 155.04 34.39 90.20 9.49;0.8654 1 1239.68 558.05 71.10 48.14 7.34;0.8568 1 941.84 557.92 51.12 45.50 10.19;0.8297 1 1834.24 457.70 96.34 56.91 354.75;0.7934 1 993.55 559.04 78.14 54.48 10.54;0.7905 1 1479.10 427.17 80.67 57.12 358.39;0.7842 1 1243.87 524.44 59.55 88.12 354.46;0.7661 1 1771.55 495.88 70.21 37.79 355.01;0.7461 1 994.86 123.24 35.18 84.21 5.43;0.7164 1 1293.00 524.54 57.73 82.13 6.35;0.7110 1 93.49 596.61 36.23 81.27 357.19;0.7100 1 996.45 491.94 73.29 47.83 355.38;0.7041 1 993.92 1033.13 32.63 78.09 6.16;0.6890 1 1113.42 560.31 58.65 56.02 359.11;0.6847 1 159.22 526.00 53.35 51.87 0.61;0.6705 1 936.63 660.68 49.59 55.66 354.46;0.6601 1 1063.83 728.41 37.98 49.81 358.78;0.6526 1 1600.31 494.08 61.82 75.30 357.34;0.6360 1 1716.75 627.14 50.56 54.19 5.94;0.6340 1 1897.11 626.78 35.52 57.37 23.96;0.6329 1 993.58 661.26 45.66 63.14 344.56;0.6173 1 935.37 422.37 58.37 62.29 358.49;0.6150 1 395.61 525.24 88.21 51.16 352.89;0.6094 1 1241.74 495.44 65.19 41.65 354.52;0.6068 1 1720.46 495.09 60.81 57.55 356.56;0.5907 1 1117.14 492.34 64.34 55.79 352.00;0.5547 1 995.12 934.32 34.57 78.46 356.03;0.5453 1 1897.37 525.86 29.76 40.07 6.95;0.5396 1 937.07 932.48 33.49 95.78 5.54;0.5161 1 1601.02 523.09 40.73 61.17 14.58;0.4894 1 819.35 893.80 52.69 39.43 49.57;0.4878 1 995.29 1000.51 25.06 102.85 359.29;0.4876 1 1898.42 494.32 26.83 43.58 5.11;0.4742 1 993.06 765.44 43.42 61.58 358.43;0.4676 1 819.74 866.78 34.18 47.80 355.56;0.4383 1 695.59 491.14 54.38 43.32 358.19;0.4293 1 941.39 764.59 50.87 55.68 2.89;0.4115 1 40.36 626.32 39.76 55.81 4.48;0.4074 1 1533.81 427.51 79.96 41.40 346.06;0.4037 1 879.74 828.70 46.56 107.78 3.65;0.3981 1 41.05 595.34 38.18 62.54 9.55;0.3964 1 873.53 492.87 41.15 63.78 355.21;0.3929 1 517.81 558.30 44.82 63.69 17.03;0.3874 1 883.03 424.06 25.89 58.43 4.52;0.3803 1 938.23 629.70 29.00 89.46 6.51;0.3769 1 995.84 964.09 42.83 81.71 351.31;0.3741 1 1058.10 21.43 53.57 44.95 350.35;0.3727 1 936.23 393.36 29.56 72.40 353.18;0.3721 1 36.62 526.05 48.82 36.13 354.34;0.3705 1 876.33 459.28 39.65 45.04 350.39;0.3662 1 92.82 626.48 46.51 87.71 347.73;0.3639 1 1476.59 457.74 50.87 60.59 353.53;0.3616 1 1419.94 459.22 40.76 37.31 352.46;0.3576 1 1659.68 626.05 48.92 68.72 7.12;0.3551 1 1057.83 460.50 35.59 81.54 5.53;0.3381 1 995.68 899.30 49.76 70.08 359.46;0.3359 7 1716.53 457.61 85.63 47.17 1.79;0.3099 1 937.25 796.20 56.11 76.69 359.14;0.2986 1 941.14 492.69 44.19 51.11 356.22;0.2950 1 1598.35 663.39 26.61 64.82 8.63;0.2928 1 1774.50 525.09 61.14 50.21 359.68;0.2915 1 1419.62 1032.07 37.09 51.09 1.44;0.2906 1 996.28 629.79 33.86 64.23 1.12;0.2893 1 1291.44 558.45 56.48 44.54 10.14;0.2862 1 575.42 558.22 55.19 49.51 4.58;0.2855 1 935.88 829.53 40.82 72.40 358.43;0.2756 1 1353.76 391.45 65.82 52.47 12.29;0.2735 1 939.27 899.69 33.16 85.37 1.65;0.2696 1 1598.81 458.02 74.19 47.82 357.19;0.2669 1 1062.55 560.14 51.42 42.94 9.48;0.2665 1 1900.97 558.83 20.97 53.85 9.37;0.2663 1 1721.72 523.58 49.42 52.32 7.38;0.2637 1 945.01 154.90 26.62 53.20 4.74;0.2622 1 936.33 1066.40 22.72 31.18 353.25;0.2588 1 939.64 528.05 42.59 54.95 350.27;0.2586 1 578.60 460.01 70.06 29.83 341.97;0.2582 1 936.77 53.04 34.28 65.96 358.09;0.2572 1 698.82 558.12 47.72 66.94 6.98;0.2536 1 633.25 490.43 88.96 42.20 350.31
v_onwdxdo1bs_0035,0.9922 1 872.88 495.53 72.82 38.67 358.13;0.8744 1 824.28 494.29 78.11 33.56 356.36;0.7359 1 96.97 463.24 81.26 40.85 347.54;0.6683 1 96.99 488.72 77.93 60.70 344.85;0.4535 1 999.48 931.35 33.54 84.41 356.48;0.3890 1 933.75 695.35 47.07 35.91 356.11;0.3483 9 1656.87 527.12 49.28 26.33 354.98;0.3010 1 1182.40 795.93 49.66 49.62 13.67
v_zpnkbf6q4z_0048,0.9867 1 636.30 557.91 65.74 59.56 22.89;0.9551 1 1536.10 523.24 73.51 40.42 351.74;0.9494 1 1538.23 496.57 61.37 36.19 351.71;0.9431 1 1662.90 495.28 72.31 31.51 345.26;0.9419 1 1236.99 490.38 73.25 38.61 359.78;0.9366 1 993.49 190.19 27.94 78.64 352.14;0.9060 1 37.25 561.91 47.74 38.06 358.34;0.8555 1 1834.48 560.41 82.74 49.07 2.50;0.8325 1 1059.50 625.89 61.56 53.49 353.45;0.7687 1 1356.01 562.59 59.56 54.62 336.53;0.7493 1 1600.95 562.07 81.55 39.08 353.35;0.7394 1 1784.78 559.44 52.97 39.53 8.34;0.7360 1 1652.13 562.09 86.92 34.55 1.76;0.7356 1 1299.29 526.76 64.78 52.79 353.34;0.7239 1 1709.88 497.05 91.33 33.94 346.84;0.7060 1 1173.09 560.65 86.45 36.48 0.34;0.6812 1 1839.73 493.36 72.73 41.21 3.26;0.6707 1 992.63 220.26 29.42 79.61 4.65;0.6572 1 1660.08 523.34 73.56 29.08 354.36;0.6221 1 1122.06 561.40 72.28 38.68 353.80;0.6190 1 1899.31 559.99 45.57 41.10 0.09;0.6171 1 1356.52 589.64 74.95 52.11 356.10;0.5831 1 1114.86 1065.01 36.18 52.75 350.93;0.5533 1 1114.15 594.18 59.53 36.89 351.02;0.5435 1 1059.16 695.26 35.39 78.11 346.55;0.5176 1 638.19 529.79 59.05 40.94 338.31;0.5085 1 1480.76 525.92 47.06 27.91 351.81;0.5051 1 934.00 796.42 33.74 74.73 0.03;0.5026 1 1896.24 494.75 57.53 39.25 3.58;0.4912 1 934.98 964.75 39.09 89.29 354.07;0.4667 1 1060.03 662.50 40.45 53.85 343.96;0.4579 1 1060.02 596.90 57.38 32.87 354.54;0.4516 1 1419.70 561.03 72.82 51.65 13.01;0.4353 1 935.10 997.90 33.25 81.94 8.29;0.4223 1 1000.60 728.70 35.88 64.22 347.38;0.4187 1 871.96 593.68 49.71 37.66 356.71;0.4100 1 934.50 932.79 32.96 99.92 355.03;0.3970 1 1475.52 560.10 74.06 51.07 356.01;0.3908 1 1061.82 1066.36 29.18 42.44 0.87;0.3797 7 1115.01 829.36 48.53 96.30 346.22;0.3714 7 1354.12 526.38 96.52 75.21 357.10;0.3574 9 818.86 493.85 35.42 15.63 350.91;0.3264 1 1897.97 526.40 44.67 37.41 3.57;0.3246 1 1055.62 727.93 45.54 71.60 335.76;0.2887 7 1358.79 495.03 99.61 64.97 354.19;0.2807 1 938.67 695.99 42.66 63.84 353.13;0.2736 1 1716.45 931.20 49.74 77.01 5.04;0.2683 7 819.99 593.96 64.82 41.14 350.81;0.2586 9 816.76 561.11 51.84 22.89 4.94
v_mh5rq9z6do_0028,0.9269 1 641.10 525.61 82.92 51.62 349.08;0.7913 1 690.64 526.04 62.37 45.63 327.75;0.7711 1 97.95 490.21 98.91 50.32 352.33;0.4989 1 1181.68 796.19 54.17 51.68 2.38;0.4289 8 990.66 762.52 68.69 69.21 1.19;0.3789 7 876.12 459.92 48.24 44.23 16.22;0.3639 1 1231.93 794.92 73.45 45.27 339.45;0.2687 1 1357.47 762.13 100.14 47.02 339.65;0.2597 1 1178.51 492.84 48.13 44.83 344.39
v_ags40vgt6h_0011,0.8641 1 98.33 492.17 58.63 63.62 341.64;0.8171 1 94.95 524.63 82.98 36.04 356.78;0.5865 1 1182.46 795.00 52.68 53.58 4.06;0.5478 1 39.98 525.52 71.48 38.56 349.04;0.5367 1 1237.76 595.85 39.26 77.02 345.04;0.4385 9 1656.19 526.78 54.91 26.88 353.23;0.3790 1 941.68 53.66 38.61 106.98 350.46;0.3670 1 95.12 462.23 89.81 41.29 352.47;0.3434 1 1231.08 793.34 63.11 55.55 347.65;0.2935 1 1356.16 760.33 91.44 69.60 344.63;0.2892 1 1415.10 627.94 47.80 68.90 357.86;0.2537 1 1235.98 626.05 46.20 79.75 339.00;0.2519 7 38.78 460.90 106.49 50.40 2.87
v_9xqv3vbd2n_0019,0.6589 1 97.74 489.33 92.15 58.46 347.77;0.5339 1 1652.82 560.58 63.84 36.44 354.18;0.4244 7 876.12 459.69 46.01 41.76 15.40;0.3754 9 938.35 495.43 39.14 15.19 348.66;0.3668 9 938.14 525.39 46.78 14.96 345.76;0.3397 1 941.84 85.70 46.41 84.85 351.95;0.3077 1 96.92 464.09 65.67 45.09 348.11;0.2725 1 1177.44 492.45 46.07 46.53 342.12;0.2637 9 1657.50 527.33 43.60 25.07 0.13
v_y0hgp5tlq6_0039,0.9220 1 1834.53 524.39 108.71 42.37 348.22;0.8522 1 94.98 461.84 92.05 41.46 350.19;0.4968 1 1782.39 524.60 95.05 38.50 344.16;0.4839 1 996.63 931.27 35.71 79.37 355.93;0.4392 1 95.46 489.61 58.10 45.13 347.40;0.4297 1 1182.32 796.17 48.76 55.45 7.01;0.4170 1 1357.14 762.01 96.93 50.83 344.06;0.3738 1 942.43 53.95 40.30 98.26 349.68;0.3608 9 1657.30 527.25 50.43 25.80 355.88;0.3537 1 1232.29 794.98 64.52 45.50 341.18;0.3272 1 1416.25 628.43 56.60 67.76 4.23;0.2955 9 274.39 492.89 37.42 18.14 3.82;0.2537 1 1236.00 626.61 46.11 75.57 339.74
v_wgwtu9o904_0032,0.9741 1 877.55 527.97 77.26 36.65 352.28;0.9686 1 814.84 458.40 79.66 41.12 3.95;0.9538 1 816.53 153.38 69.89 34.41 350.90;0.9532 1 1357.49 496.35 105.55 45.00 346.48;0.9336 1 156.11 460.84 57.05 33.58 25.02;0.8990 1 336.83 394.05 62.35 54.43 356.21;0.8729 1 1538.24 596.72 66.70 47.96 5.61;0.8723 1 820.30 120.88 41.06 58.44 349.33;0.8245 1 573.88 392.68 60.37 34.56 1.08;0.7555 1 1241.27 1000.08 40.43 79.65 340.34;0.7420 1 517.64 392.43 88.04 38.72 359.69;0.7324 1 761.77 457.78 80.42 46.61 359.66;0.6963 1 993.79 898.57 34.94 91.38 347.97;0.6955 1 1050.83 1033.43 43.72 63.23 342.98;0.6855 1 1178.12 594.06 63.22 58.65 358.93;0.6745 1 1118.99 928.28 36.72 99.32 348.84;0.6737 1 994.57 928.62 53.55 70.21 358.43;0.6567 1 1240.17 1029.56 50.29 101.93 2.65;0.6497 1 872.86 155.24 55.63 37.31 356.37;0.6462 1 1358.33 521.60 93.71 54.71 357.51;0.6371 1 39.52 395.21 67.54 37.11 355.48;0.6326 1 158.40 424.05 64.21 52.95 7.01;0.6246 1 819.07 90.86 39.97 49.78 7.21;0.6211 1 873.69 121.70 49.90 79.68 352.78;0.5857 1 1054.68 830.79 32.35 131.24 351.95;0.5854 1 459.69 391.71 66.35 35.58 349.49;0.5502 1 1122.76 55.48 75.90 45.64 353.67;0.5458 1 41.09 421.36 73.31 41.98 353.97;0.5192 1 511.71 595.45 78.96 52.94 352.03;0.5100 1 1411.34 595.56 52.13 38.27 355.26;0.4926 1 1776.80 189.05 46.75 63.44 354.21;0.4491 1 631.05 596.24 82.33 50.26 353.78;0.4429 1 874.58 90.04 56.88 63.30 0.27;0.4287 1 999.23 863.38 35.76 78.04 358.11;0.4051 1 337.00 420.22 60.88 41.39 358.91;0.3782 1 1002.85 796.64 39.05 80.31 351.54;0.3401 1 1834.40 288.74 36.46 86.10 0.37;0.3225 1 1837.86 256.99 23.15 118.37 358.81;0.3160 1 1003.78 829.80 33.94 104.66 355.30;0.3148 1 1774.23 221.49 45.68 54.42 356.20;0.2824 1 882.25 53.56 40.71 90.19 351.40;0.2762 1 1536.40 624.20 58.34 56.18 6.50;0.2755 1 93.31 422.66 84.96 45.94 345.00;0.2636 1 214.30 422.61 59.46 38.24 353.48;0.2567 9 1116.42 426.31 43.94 14.52 349.64;0.2564 1 759.70 221.82 49.33 64.57 2.81;0.2562 1 461.00 594.67 79.96 51.32 2.87
v_ciugrp2o9m_0010,0.9912 1 1535.57 494.60 68.44 42.51 3.73;0.9495 1 695.64 556.73 78.63 55.01 358.39;0.9400 1 1117.14 528.84 81.53 34.07 349.04;0.9388 1 1297.00 593.35 85.71 43.14 355.37;0.9164 1 1299.56 527.98 80.63 40.78 357.51;0.8793 1 1423.50 592.54 76.99 40.78 357.74;0.8601 1 697.67 530.41 71.31 50.52 349.11;0.8288 1 996.69 660.19 54.15 58.59 341.18;0.7962 1 996.89 963.05 37.08 79.43 333.23;0.7848 1 1895.72 594.24 63.16 39.53 3.84;0.7830 1 1299.05 559.09 49.74 52.47 345.64;0.7649 1 577.48 494.91 54.26 61.52 62.97;0.7493 1 941.18 860.98 40.55 88.60 324.73;0.6994 1 944.05 761.11 40.81 86.35 356.66;0.6499 1 1352.61 529.60 79.30 34.97 350.45;0.6485 1 937.96 1067.06 29.34 39.29 331.49;0.6304 1 1000.06 628.43 74.41 53.26 346.82;0.6218 1 996.79 1067.48 33.99 35.24 345.78;0.6080 1 1472.58 592.56 84.59 54.45 358.41;0.5789 1 939.64 729.97 38.49 55.08 350.26;0.5141 1 940.79 996.54 29.85 73.09 341.49;0.5034 1 1056.15 1064.51 36.07 42.69 355.07;0.4853 4 991.81 762.62 57.58 60.13 329.16;0.4618 1 1240.86 593.40 64.30 38.65 356.00;0.4502 1 996.47 934.59 33.60 71.39 325.91;0.4368 9 813.53 492.53 36.37 20.04 3.12;0.4233 1 1116.29 557.02 69.69 33.15 353.21;0.4217 1 1485.65 493.91 39.67 34.61 355.06;0.4097 1 880.75 357.40 39.74 57.93 8.42;0.4045 1 815.46 595.30 48.03 37.21 354.53;0.3500 1 576.73 523.21 43.53 35.40 26.68;0.3456 1 880.97 797.94 35.51 77.66 351.86;0.3168 1 814.88 763.92 26.65 69.71 1.17;0.3062 7 997.39 731.73 37.49 106.88 357.08;0.2933 1 880.20 931.68 28.83 107.89 347.00;0.2897 1 1058.85 1033.10 33.02 105.01 339.12;0.2828 1 1542.17 593.96 60.49 46.22 14.88;0.2827 1 879.38 997.78 25.47 97.75 351.85;0.2713 9 1477.98 524.56 34.23 16.55 352.00;0.2645 9 1060.29 559.87 47.70 15.60 0.85;0.2563 9 1236.32 561.76 34.01 14.93 3.54
v_3tpe0xom25_0009,0.9759 1 1415.27 591.05 82.58 43.15 356.51;0.9506 1 1419.77 527.30 80.26 32.34 351.90;0.9449 1 1419.84 422.13 82.38 41.62 356.21;0.9430 1 994.60 798.33 46.59 53.75 348.79;0.9419 1 993.13 929.81 36.38 68.00 354.00;0.9387 1 1589.88 524.37 72.80 42.59 352.48;0.9245 1 932.06 863.66 32.60 80.92 0.49;0.9037 1 1419.91 460.83 89.34 29.16 350.63;0.8871 1 1833.42 527.48 80.77 43.40 354.61;0.8669 1 994.57 899.59 24.68 74.02 2.82;0.8410 1 1470.54 527.47 75.02 40.41 356.66;0.8313 1 1545.92 525.29 75.36 31.50 0.05;0.8214 1 1418.18 561.31 62.39 32.32 342.07;0.8137 1 1780.46 561.86 96.38 28.59 346.15;0.8103 1 1419.67 394.50 96.93 29.01 343.63;0.7870 1 872.58 591.69 50.02 63.07 4.69;0.7295 1 873.53 562.01 44.07 51.54 356.88;0.7170 1 937.30 896.07 34.62 86.12 5.17;0.7128 1 1058.56 120.75 56.73 54.17 351.25;0.7075 1 1177.66 594.85 84.69 38.35 351.59;0.6674 1 1473.00 461.56 55.16 34.49 8.48;0.6459 1 1059.91 88.49 53.61 67.93 344.33;0.6180 1 1777.52 527.21 110.86 42.89 357.87;0.5779 2 273.68 256.17 108.29 39.13 355.63;0.5614 9 1716.07 391.79 50.18 14.36 343.98;0.5526 1 92.46 57.71 90.83 59.11 341.66;0.5410 1 1060.55 1033.27 57.98 53.37 346.59;0.5276 1 1472.22 422.87 68.78 50.34 359.88;0.5255 1 996.22 829.83 38.74 72.37 358.10;0.5223 2 1715.36 526.43 98.08 40.39 1.08;0.5065 1 1470.60 394.43 74.55 28.25 347.83;0.4944 1 938.35 831.15 38.27 70.87 0.29;0.4626 1 1834.13 562.58 98.71 51.60 357.38;0.4620 1 1360.18 733.68 93.23 30.45 343.09;0.4589 9 574.31 390.73 46.50 13.60 343.00;0.4576 1 93.46 83.87 85.70 46.74 346.52;0.4564 2 1840.60 428.43 97.23 32.64 352.00;0.4552 1 517.95 1068.15 74.39 28.13 349.36;0.4255 1 1418.54 491.31 41.74 33.13 2.16;0.4253 9 997.50 256.92 53.18 18.90 351.34;0.4063 1 41.00 85.01 58.96 36.36 351.87;0.3944 1 822.15 592.22 50.96 47.35 7.45;0.3786 1 40.51 56.98 57.23 38.34 0.15;0.3649 1 1059.96 861.41 41.15 65.73 329.74;0.3523 1 883.45 864.21 39.71 37.29 13.59;0.3488 2 695.38 459.75 112.85 54.35 6.46;0.3453 9 276.36 120.30 50.87 20.65 341.95;0.3390 7 278.05 226.52 73.99 25.67 354.70;0.3265 9 219.28 225.44 56.74 13.04 342.61;0.3250 9 815.90 121.32 48.30 16.79 349.77;0.3238 9 997.48 222.74 60.46 20.68 347.70;0.3183 3 641.21 460.77 173.78 49.97 6.57;0.3176 1 329.61 255.30 76.30 29.94 344.61;0.3142 1 821.18 561.65 36.14 46.33 11.06;0.3131 9 1657.65 562.46 50.48 16.64 349.94;0.2989 1 1779.23 589.98 70.17 26.39 346.75;0.2934 7 222.46 257.59 100.38 24.57 351.12;0.2811 2 1893.11 427.26 123.08 48.20 3.36;0.2763 9 1178.40 256.87 43.48 14.77 355.73;0.2762 9 996.97 391.97 48.04 19.31 348.87;0.2654 9 1473.95 491.39 38.65 27.28 0.51;0.2619 9 1298.62 391.77 40.19 10.70 341.29;0.2602 9 395.98 120.25 42.63 17.77 347.98;0.2597 7 582.17 460.82 112.50 39.94 355.56;0.2555 9 997.26 290.71 48.28 19.35 352.86;0.2538 1 879.35 697.59 42.85 52.36 351.06;0.2530 9 517.56 120.35 37.86 15.48 348.12
v_k27cij6khm_0009,0.9606 1 640.23 490.97 127.88 39.33 1.53;0.9467 1 634.86 530.39 115.50 37.31 348.34;0.9240 1 1358.36 493.77 80.89 41.47 356.72;0.9201 1 1481.64 492.25 66.08 43.01 11.18;0.9092 1 517.45 491.94 111.58 43.08 8.78;0.9033 1 392.62 494.78 115.51 35.64 348.43;0.8999 1 935.62 964.85 40.76 64.24 355.96;0.8915 1 1600.68 492.58 68.95 34.52 1.43;0.8709 1 994.25 896.29 44.44 89.34 356.98;0.8660 1 344.19 493.93 80.56 42.17 358.90;0.8593 1 934.93 829.89 39.22 86.19 10.28;0.8526 1 692.35 490.85 89.67 38.95 353.62;0.8492 1 1117.68 493.96 43.15 60.75 7.22;0.8452 1 1361.28 557.92 52.92 58.18 21.38;0.8323 1 222.19 491.47 93.40 37.27 1.59;0.8048 1 934.52 391.85 37.73 70.80 352.08;0.8021 1 995.42 662.03 47.60 64.40 348.83;0.7989 1 937.27 796.42 40.70 84.19 2.47;0.7928 1 995.68 864.76 43.78 74.40 359.72;0.7839 1 1772.72 491.16 63.87 55.46 2.83;0.7762 1 1894.90 492.14 47.10 44.60 6.29;0.7725 1 939.65 627.83 46.97 65.27 14.01;0.7492 1 760.50 492.48 69.08 40.65 17.70;0.7299 1 758.62 528.25 59.95 39.42 2.47;0.7269 1 942.54 556.30 62.07 49.03 3.90;0.7203 1 39.85 627.82 43.37 64.38 6.81;0.7166 1 936.99 933.92 26.30 73.30 2.50;0.7134 1 994.83 629.42 36.82 62.82 5.31;0.7014 1 334.17 558.89 90.00 51.02 352.21;0.6954 1 515.68 529.80 74.72 54.29 4.53;0.6776 1 38.49 597.03 44.71 53.87 1.00;0.6730 1 1650.86 492.46 59.29 39.53 356.48;0.6605 1 1532.98 492.64 68.28 41.78 359.45;0.6447 1 1414.82 558.94 77.27 50.51 5.92;0.6440 1 882.22 425.32 27.55 56.12 358.63;0.6430 1 575.42 492.52 90.45 33.55 8.08;0.6398 1 991.22 223.17 24.67 79.84 8.71;0.6392 1 1175.12 964.08 23.47 75.05 13.73;0.6341 1 996.62 765.40 42.03 65.02 356.68;0.6310 1 761.26 557.22 87.69 36.31 0.14;0.6182 1 936.84 358.56 34.79 84.80 345.33;0.5827 1 397.97 557.53 86.39 42.34 359.86;0.5714 1 758.70 460.14 52.53 36.75 2.09;0.5714 1 516.07 555.98 75.95 49.06 2.54;0.5701 1 937.46 998.63 31.97 88.00 4.91;0.5596 1 1838.92 424.05 110.55 35.58 357.14;0.5537 1 814.40 528.38 48.17 66.66 4.75;0.5536 1 937.63 660.49 47.38 63.47 351.53;0.5500 1 1117.90 559.64 51.22 53.79 5.73;0.5489 1 993.17 557.68 58.72 73.12 6.28;0.5410 1 1063.68 728.26 43.58 45.51 355.31;0.5198 1 996.78 121.09 28.74 87.54 4.70;0.5060 1 1723.30 490.67 44.03 46.14 16.75;0.5024 1 637.82 556.24 85.83 43.38 1.02;0.5019 1 940.23 763.80 38.76 75.78 1.10;0.4935 1 1359.03 525.84 44.92 54.32 354.94;0.4820 1 878.88 457.62 41.43 50.81 358.05;0.4784 1 1598.56 661.56 33.88 71.00 8.92;0.4715 1 932.13 424.15 35.79 78.74 0.61;0.4695 1 1058.16 458.96 36.60 68.51 1.13;0.4588 1 1898.58 594.12 28.11 52.03 5.15;0.4584 1 997.18 190.29 20.72 95.55 13.94;0.4452 1 1414.96 493.73 60.59 43.21 0.78;0.4441 1 994.73 1066.41 28.02 42.87 349.84;0.4324 1 1415.88 528.89 37.66 44.37 358.64;0.4279 1 155.06 527.72 59.75 23.99 4.86;0.4210 2 93.77 494.84 96.46 39.23 353.85;0.4209 1 1118.82 526.30 38.43 69.40 1.00;0.4170 1 937.63 53.42 35.25 73.63 5.34;0.4169 1 1113.48 727.99 56.08 50.89 356.42;0.3893 1 1062.46 828.00 40.74 62.96 1.30;0.3882 1 1175.98 559.94 33.85 63.86 0.33;0.3844 1 996.75 931.77 27.33 73.15 12.29;0.3843 1 943.56 223.12 25.08 59.15 0.95;0.3802 1 461.05 492.95 76.31 36.27 10.93;0.3775 1 813.82 557.78 73.29 46.87 359.43;0.3587 1 1535.27 424.58 87.23 56.89 1.46;0.3534 1 992.96 528.22 31.12 62.79 6.17;0.3374 7 815.95 493.51 77.53 50.84 358.99;0.3366 1 1656.84 627.21 39.01 78.53 356.61
v_1ucfougfdq_0027,0.9025 1 1237.53 527.23 92.99 45.61 348.33;0.8914 1 96.07 461.34 91.03 42.01 349.40;0.6068 1 36.39 527.10 55.65 49.00 354.61;0.3912 1 96.61 489.41 50.60 44.66 346.87;0.3761 9 698.86 494.56 38.19 14.92 340.36;0.3742 9 1656.83 526.99 50.65 29.38 358.32;0.3711 1 1181.79 795.62 50.87 55.21 14.22;0.3579 1 1356.69 761.70 91.03 65.93 344.20;0.3393 1 941.73 54.03 37.87 106.17 351.44;0.3269 1 1181.93 526.49 57.08 44.39 348.32;0.3173 9 1537.40 525.86 41.26 13.91 357.58;0.3130 1 1293.94 527.51 53.83 40.34 351.23;0.2745 1 1653.35 560.10 63.18 30.29 351.02;0.2601 9 274.81 492.85 35.13 17.14 357.26
v_cqfmzef0io_0033,0.9696 1 819.90 459.24 107.88 35.88 351.10;0.9111 1 635.72 460.64 94.17 39.32 347.47;0.9067 1 1592.55 460.32 68.07 45.94 359.29;0.8805 1 1358.18 458.72 80.43 41.34 359.31;0.8250 1 753.81 526.65 55.86 60.28 7.11;0.8241 1 994.59 1000.70 33.38 87.77 1.77;0.8130 1 878.84 425.48 76.49 49.64 356.74;0.7985 1 1061.50 493.81 59.68 49.53 4.48;0.7832 1 37.41 595.55 36.86 70.23 358.28;0.7694 1 1783.17 489.55 62.79 51.41 23.29;0.7639 1 994.44 628.99 31.46 99.88 342.49;0.7561 1 1898.95 591.82 48.15 57.10 19.53;0.7294 1 930.25 1064.98 37.84 49.26 353.86;0.7105 1 1779.22 557.73 49.68 66.44 19.61;0.7029 1 1113.44 492.78 54.86 52.57 6.89;0.7013 1 1000.51 424.98 82.66 38.12 353.10;0.6936 1 1779.54 529.36 65.23 39.26 349.93;0.6913 1 1542.63 459.21 63.95 43.06 359.45;0.6863 1 1899.52 558.98 44.67 47.60 13.00;0.6784 1 1054.58 426.77 92.37 35.72 348.76;0.6778 1 1115.67 460.62 50.90 72.23 14.47;0.6752 1 1899.20 529.17 26.56 45.06 356.39;0.6695 1 997.07 899.75 35.29 64.50 351.41;0.6400 1 36.68 562.42 35.13 52.64 357.34;0.6375 1 994.72 730.71 38.81 80.55 6.82;0.6133 1 1719.95 392.73 81.32 36.12 344.55;0.6096 1 875.49 460.96 88.42 39.89 1.86;0.6058 1 1534.40 392.36 97.49 37.00 346.77;0.5956 1 995.50 1032.64 30.17 87.53 351.86;0.5938 1 942.51 593.65 25.26 85.78 359.17;0.5801 1 1352.23 525.34 73.82 58.04 10.33;0.5721 1 992.46 562.33 29.77 71.29 9.42;0.5673 1 880.60 290.83 42.86 60.52 354.18;0.5666 1 996.87 659.88 25.12 91.49 351.90;0.5589 1 1781.37 461.24 63.09 43.18 350.95;0.5473 1 934.38 460.26 51.89 57.92 359.03;0.5229 1 1717.70 592.82 52.54 51.17 5.38;0.5165 1 933.68 898.55 59.61 91.33 358.09;0.4879 1 1832.14 490.89 79.60 67.70 3.46;0.4557 1 933.60 831.24 47.52 72.38 358.35;0.4553 1 996.25 931.57 36.35 81.08 359.87;0.4418 1 935.44 934.23 24.49 73.72 348.15;0.4382 1 1303.55 523.43 59.76 49.32 8.10;0.4312 1 933.18 864.32 37.04 87.93 357.87;0.4230 1 1479.96 391.62 92.51 36.86 3.34;0.4149 1 999.61 795.90 38.59 88.35 354.21;0.4144 1 1776.39 393.66 106.08 35.38 351.67;0.4132 1 1059.73 525.77 29.52 53.35 1.82;0.4125 1 996.18 86.57 43.75 88.81 14.10;0.4082 1 993.51 764.19 30.81 95.99 351.06;0.3883 1 1899.46 459.62 26.04 39.00 357.19;0.3789 1 995.23 391.57 44.70 45.71 358.96;0.3718 1 879.43 897.69 43.53 66.88 352.82;0.3670 1 937.73 290.44 53.30 57.55 348.15;0.3604 1 1477.60 459.12 46.45 55.67 358.88;0.3593 1 580.90 459.16 72.47 41.48 4.00;0.3560 1 995.23 289.97 42.22 56.99 348.67;0.3497 1 940.25 762.79 36.82 78.73 355.60;0.3434 1 933.87 425.89 71.29 52.56 1.02;0.3393 1 938.71 796.22 31.13 95.33 355.61;0.3303 1 1531.38 593.89 36.24 85.41 1.15;0.3295 1 880.58 830.73 38.71 77.02 3.16;0.3261 1 996.60 54.29 35.83 62.22 4.07;0.3072 1 939.54 562.53 27.29 64.35 358.83;0.3067 1 1658.26 592.36 48.46 66.44 359.62;0.3064 1 1536.52 427.33 44.88 51.19 1.33;0.2884 1 995.48 966.41 29.65 98.97 0.64;0.2794 1 1120.28 558.19 40.71 53.95 354.42;0.2762 1 995.20 120.88 24.38 70.73 12.91;0.2761 1 1538.77 492.32 30.93 48.21 359.54;0.2719 1 99.16 527.05 36.91 63.35 358.20;0.2719 1 1060.49 697.08 23.51 61.33 343.27;0.2695 1 937.26 966.30 26.97 96.46 357.37;0.2568 1 1358.54 595.49 35.32 87.95 12.77
v_6yirhqbjkd_0007,0.7144 1 95.63 461.54 92.36 41.92 349.97;0.5284 1 998.41 930.61 36.55 89.78 352.99;0.5073 1 95.72 489.78 57.29 45.94 345.48;0.4192 1 941.21 53.62 39.24 103.13 349.62;0.4024 1 1002.81 728.49 42.57 78.56 352.79;0.3329 9 1655.78 527.25 57.54 29.43 356.28;0.3286 1 1182.57 795.00 32.45 78.47 13.98
v_435yrh9pf3_0017,0.9725 1 517.57 491.79 82.36 48.01 5.52;0.9652 1 815.77 152.66 63.93 36.32 349.99;0.9550 1 1533.64 491.32 61.84 52.26 1.29;0.9434 1 1240.19 525.82 65.93 43.20 3.55;0.9102 1 338.22 392.46 63.00 51.27 2.86;0.8505 1 1539.90 596.68 75.33 41.00 3.28;0.8351 1 871.91 90.42 65.77 44.51 355.21;0.8118 1 1055.51 830.19 43.45 82.24 3.41;0.8084 1 820.78 89.19 49.35 41.59 8.72;0.7884 1 39.42 393.71 67.73 39.05 355.06;0.7741 1 819.09 122.73 37.75 47.82 344.84;0.7543 1 518.42 390.23 113.51 39.41 353.44;0.7527 1 1119.80 896.30 29.60 125.50 344.63;0.7420 1 573.18 390.48 67.67 37.27 357.39;0.7242 1 1482.75 490.16 77.49 56.18 4.14;0.7169 1 1051.07 1033.20 45.13 61.48 344.01;0.6806 1 1241.10 999.85 39.40 76.57 338.18;0.6462 1 1412.71 595.53 68.70 46.93 353.34;0.6312 1 1240.35 1030.03 54.73 92.44 0.01;0.6232 1 1119.04 928.22 40.39 91.14 350.60;0.6215 1 459.81 593.92 97.81 54.77 357.88;0.6158 1 1841.86 256.34 34.26 86.96 349.46;0.5902 9 1598.01 428.00 50.48 14.31 355.49;0.5838 1 1056.04 860.90 33.31 74.54 359.88;0.5718 1 1232.19 595.29 64.51 46.08 1.92;0.5592 1 1291.67 526.12 53.91 43.29 355.24;0.5131 1 1837.96 287.17 51.31 75.02 359.64;0.4767 1 1534.05 463.59 53.37 62.90 357.35;0.4624 1 874.45 122.89 35.33 61.48 356.69;0.4548 1 1181.08 594.47 67.95 49.27 5.52;0.4453 1 460.72 390.15 85.72 32.20 347.21;0.4366 1 1057.56 763.58 51.23 62.61 355.83;0.4044 1 1057.51 795.84 34.27 91.66 3.34;0.4034 1 874.75 155.16 63.05 37.56 359.52;0.3904 1 630.37 595.20 74.26 54.48 355.23;0.3746 1 512.17 594.39 77.49 52.92 347.99;0.3464 9 1418.87 427.19 49.80 14.29 358.90;0.3412 7 1123.48 53.87 71.27 55.38 359.53;0.3287 1 155.71 393.32 54.04 38.58 356.90;0.3231 1 93.19 394.75 90.52 39.17 346.43;0.3213 1 1364.25 594.09 50.77 35.82 356.89;0.2906 1 1174.76 55.40 102.30 48.05 6.05;0.2627 9 1116.39 426.31 45.16 14.66 348.76
v_eea1grnl0f_0023,0.9740 1 578.67 460.55 66.57 42.04 2.44;0.9500 1 1539.92 595.52 89.01 43.18 358.31;0.9381 1 819.60 122.62 60.11 46.77 353.99;0.9082 1 335.43 390.42 80.60 48.57 7.74;0.9045 1 1113.04 461.77 74.26 41.30 354.15;0.8820 1 1410.99 593.64 71.51 52.71 2.18;0.8123 1 1241.43 999.78 43.31 90.69 344.91;0.8019 1 39.28 391.28 69.95 37.77 357.26;0.7822 1 872.70 89.18 60.86 54.95 352.49;0.7720 1 1180.26 593.19 79.10 49.52 357.56;0.7427 1 1051.02 1032.59 41.06 66.33 349.31;0.7397 1 819.97 89.24 41.40 46.52 9.22;0.7174 1 157.52 392.09 74.49 34.13 351.61;0.6644 1 870.86 123.61 52.74 60.48 357.81;0.6523 1 990.73 628.16 73.16 52.88 351.28;0.6475 1 1114.83 489.70 66.84 43.15 357.69;0.5910 1 460.74 592.19 96.93 49.22 356.59;0.5841 1 1119.53 929.24 39.18 80.94 355.05;0.5653 1 942.43 627.70 91.98 33.32 355.89;0.5621 1 458.84 387.33 92.44 39.46 350.13;0.5194 1 1231.94 593.91 77.42 46.50 347.00;0.5061 1 1363.52 593.59 65.14 46.19 5.83;0.4851 1 583.17 593.46 81.30 39.99 355.61;0.4601 1 815.12 151.45 42.47 42.30 350.97;0.4433 1 1000.71 827.98 59.98 61.97 0.05;0.4082 1 630.09 593.11 83.94 46.37 341.97;0.3836 1 510.99 592.88 90.40 56.82 348.75;0.3825 1 758.62 190.54 35.23 45.31 10.97;0.3557 1 1717.93 121.97 81.16 42.31 358.65;0.3428 1 517.75 388.57 110.07 41.44 350.74;0.3391 7 994.15 765.03 59.51 92.35 6.27;0.3314 1 95.23 392.31 93.09 36.62 344.24;0.3303 1 284.76 390.27 71.09 41.63 3.89;0.3283 9 1418.54 426.56 43.71 15.09 356.63;0.3226 1 1120.10 898.44 23.37 105.16 350.11;0.3170 1 1175.82 53.17 99.89 58.89 12.96;0.3140 1 1004.80 1030.76 35.37 78.14 2.38;0.3020 1 700.69 593.71 69.37 34.46 355.64;0.2877 1 997.95 796.88 40.42 77.17 358.15;0.2858 1 630.06 461.26 53.45 29.60 348.91;0.2738 9 1060.16 491.24 65.70 19.19 357.84;0.2697 1 575.10 387.41 73.90 45.52 3.48;0.2598 1 572.68 361.76 39.74 40.40 354.78;0.2510 1 760.29 222.73 41.28 86.53 356.46
v_9d4epmynqo_0011,0.9803 1 337.07 258.35 81.19 36.26 344.27;0.9739 1 212.29 424.46 89.45 31.06 354.64;0.9728 1 1419.30 525.16 80.19 39.35 356.46;0.9713 1 1420.48 255.99 66.94 38.63 359.79;0.9649 1 522.18 319.36 83.85 38.60 356.41;0.9618 1 872.31 424.65 88.01 37.04 359.25;0.9590 1 218.81 220.59 96.38 34.76 354.41;0.9547 1 337.13 285.85 76.39 49.09 341.75;0.9504 1 1650.35 223.52 60.78 45.90 7.33;0.9499 1 695.82 423.57 85.65 36.98 352.37;0.9496 1 934.60 930.92 35.09 62.90 357.48;0.9443 1 1173.64 424.08 66.48 61.59 353.10;0.9394 1 1415.50 562.47 100.94 31.05 344.67;0.9347 1 872.86 595.55 36.97 84.91 3.09;0.9275 1 572.94 461.16 79.27 45.34 354.29;0.9267 1 1121.53 422.73 70.42 45.06 358.35;0.9229 1 630.52 1001.04 70.00 34.85 350.56;0.9177 1 812.31 492.36 64.04 45.95 5.42;0.9137 1 1414.52 361.78 81.79 31.61 349.48;0.9125 1 455.81 360.62 102.59 36.97 357.15;0.8947 1 1120.37 360.74 74.00 28.58 352.64;0.8936 1 1653.76 291.01 60.81 34.18 6.60;0.8881 1 1176.93 591.74 95.16 40.19 350.66;0.8867 1 161.26 423.46 85.85 30.00 352.84;0.8799 1 1840.25 190.49 97.22 33.99 348.75;0.8779 1 1172.35 459.00 63.89 43.84 2.34;0.8756 1 1543.66 523.74 98.20 36.21 357.04;0.8710 1 570.66 321.19 75.03 46.25 359.79;0.8624 1 1832.90 291.22 73.75 44.82 3.09;0.8575 1 1781.97 526.49 80.29 32.85 0.36;0.8534 1 273.90 460.26 68.12 33.21 356.17;0.8520 1 993.90 864.71 32.56 74.30 349.97;0.8502 1 1471.13 291.59 64.12 46.84 352.68;0.8465 1 762.31 490.43 91.50 34.81 349.63;0.8451 1 1471.27 257.12 63.67 45.75 357.10;0.8379 1 574.92 291.36 53.61 41.46 344.83;0.8376 1 938.54 898.74 26.42 66.10 356.94;0.8330 1 217.35 389.00 76.64 38.18 349.24;0.8274 1 934.73 1000.41 36.06 78.00 358.43;0.8120 1 1603.40 223.30 94.42 35.25 3.38;0.7949 1 1782.91 290.72 77.09 39.92 357.12;0.7841 1 702.33 218.81 102.82 32.24 349.29;0.7828 1 392.29 258.00 56.48 39.09 356.66;0.7813 1 1121.05 391.25 75.45 39.47 345.76;0.7758 1 750.32 220.07 85.85 43.74 346.13;0.7727 1 874.40 625.08 38.22 77.43 349.76;0.7720 1 1174.23 393.90 55.12 48.54 346.45;0.7705 1 1413.91 388.67 89.78 42.43 356.61;0.7576 1 151.30 1067.79 63.54 36.40 347.69;0.7460 1 824.00 424.70 72.56 29.87 354.94;0.7142 1 1059.37 88.67 49.60 75.15 336.95;0.7069 1 933.87 1029.93 44.24 85.71 358.62;0.7049 1 512.85 424.77 91.54 35.02 353.45;0.6967 1 339.08 1067.89 78.24 31.98 349.30;0.6940 1 518.04 292.70 58.33 17.08 345.95;0.6847 7 456.75 425.47 95.21 29.33 2.99;0.6541 1 823.80 593.99 40.09 70.04 19.43;0.6307 2 1769.79 427.05 96.98 39.38 355.22;0.6278 7 1053.37 254.37 74.53 44.53 2.96;0.6236 1 699.20 192.17 82.10 27.23 354.80;0.6136 1 1480.78 190.63 87.24 30.36 349.94;0.6101 1 1589.34 523.94 70.73 43.11 350.81;0.6094 2 1720.32 427.90 94.55 34.77 353.52;0.6060 1 1529.76 191.66 96.38 29.95 358.55;0.6036 7 1835.11 561.75 121.57 49.22 350.52;0.6021 1 342.81 224.52 69.40 37.80 8.37;0.5899 1 997.52 291.16 47.26 33.17 336.26;0.5835 1 99.45 489.28 79.89 48.21 353.79;0.5760 1 100.76 1067.72 60.65 32.02 353.87;0.5697 1 516.68 1065.69 91.75 33.79 355.22;0.5683 1 931.45 388.16 57.58 37.55 351.10;0.5552 1 1602.60 290.81 64.22 27.63 350.90;0.5486 1 572.50 1066.21 56.15 28.37 353.88;0.5312 1 577.30 359.48 51.87 28.52 349.07;0.5250 1 1420.26 291.14 92.92 33.68 346.75;0.5235 1 1892.78 190.78 84.49 36.45 355.02;0.5133 7 1053.92 223.03 60.02 57.87 0.07;0.5017 1 1056.95 119.00 57.51 58.45 355.12;0.4953 1 997.69 322.95 68.32 35.91 349.06;0.4866 1 1121.83 458.76 72.79 21.54 349.23
v_0ofnytwerz_0020,0.9864 1 940.84 288.39 24.97 82.01 356.90;0.9743 1 1300.48 494.40 74.74 37.24 1.33;0.9713 1 1834.42 524.10 90.44 40.40 352.98;0.9593 1 453.74 560.04 70.06 56.41 27.58;0.9399 1 941.82 259.11 16.83 105.14 6.31;0.9377 1 938.36 560.35 52.21 52.06 345.42;0.9337 1 1473.66 495.87 59.89 41.07 343.42;0.9303 1 939.98 51.93 39.00 93.47 349.93;0.9273 1 1895.98 593.14 57.75 40.35 5.20;0.9252 1 98.99 493.50 88.35 34.61 356.59;0.9068 1 998.12 222.82 20.66 81.70 352.77;0.8990 1 1475.70 523.26 83.50 45.30 359.66;0.8960 1 1000.99 190.10 23.85 94.48 3.04;0.8891 1 1299.27 593.41 84.68 39.51 358.02;0.8877 1 997.88 422.46 34.00 70.96 347.57;0.8841 1 1000.02 930.94 37.21 68.35 341.44;0.8700 1 1772.58 561.47 91.10 34.17 0.78;0.8647 1 1060.23 591.10 65.44 43.79 344.76;0.8421 1 937.39 996.41 37.67 79.24 358.45;0.8326 1 1298.97 560.81 65.25 53.80 358.08;0.8280 1 1782.28 526.15 65.74 43.69 9.03;0.8253 1 937.54 83.83 40.96 78.28 15.95;0.8247 1 882.96 357.73 33.11 60.71 12.24;0.8069 1 938.29 966.88 24.45 90.34 334.35;0.7934 1 404.48 558.70 74.14 47.50 19.00;0.7844 1 999.60 393.73 25.18 81.11 347.23;0.7371 1 1474.34 591.79 73.63 53.99 14.96;0.6962 1 998.31 794.88 63.82 78.46 314.96;0.6828 1 999.03 1065.76 31.35 35.40 339.70;0.6798 1 1356.91 558.40 90.38 45.10 2.63;0.6594 7 998.61 628.33 34.61 56.30 336.30;0.6377 1 881.50 796.94 37.89 86.90 341.45;0.6231 1 1592.34 593.13 82.52 50.47 357.73;0.6216 1 1058.02 1064.11 43.29 54.51 354.51;0.5998 1 992.85 255.27 29.59 95.08 10.15;0.5961 1 817.60 931.61 23.83 98.77 1.56;0.5920 1 1350.08 495.39 81.08 37.49 355.55;0.5912 1 1062.63 563.70 66.40 42.42 337.73;0.5908 1 1001.22 826.41 85.14 60.58 343.92;0.5832 1 1425.57 592.16 55.96 47.33 2.57;0.5808 1 938.57 22.40 54.66 75.68 347.99;0.5681 1 937.96 590.75 67.67 53.64 348.98;0.5418 1 1355.71 528.42 45.00 31.80 342.24;0.5317 1 998.52 763.09 54.77 68.96 334.43;0.5195 1 814.21 763.53 25.42 80.91 359.95;0.5101 1 935.91 391.97 26.03 72.30 11.28;0.4981 7 996.82 595.32 81.64 69.70 334.04;0.4900 1 939.52 529.95 55.48 38.90 351.26;0.4864 1 937.87 320.44 21.70 80.80 12.05;0.4840 1 1000.32 693.85 47.73 71.66 354.14;0.4664 1 1900.75 561.93 34.89 24.44 356.64;0.4606 1 1299.07 524.57 46.26 31.72 343.72;0.4402 1 1423.76 494.49 45.16 34.81 14.45;0.4287 1 1060.35 1032.54 38.19 109.27 344.74;0.4106 1 816.40 962.46 21.00 84.65 358.65;0.4062 1 1722.13 559.97 75.09 37.59 359.97;0.4013 1 1001.81 901.07 28.49 76.31 342.83;0.3985 1 878.66 931.16 30.13 112.10 347.34;0.3758 1 936.18 761.10 25.67 68.06 348.68;0.3531 1 937.91 727.21 29.11 45.04 347.65;0.3256 7 999.33 661.41 40.33 74.56 343.01;0.3229 1 881.06 998.70 26.67 88.51 345.31;0.3064 1 815.58 796.19 31.64 82.86 0.03;0.3055 1 814.16 594.41 61.15 46.85 350.14;0.3008 9 815.88 493.67 34.02 23.46 359.44;0.3005 1 933.03 358.18 26.53 63.82 14.95;0.2920 1 1542.46 593.90 69.95 38.24 0.36;0.2766 9 760.63 560.74 48.24 22.87 0.78;0.2749 1 1420.94 524.32 69.29 24.05 8.47;0.2680 1 994.41 455.38 33.22 55.16 1.25;0.2556 9 1415.34 628.06 33.06 30.25 1.68;0.2550 7 1054.97 827.98 73.73 60.79 337.59
v_2qw29fl407_0021,0.9903 1 701.12 491.99 122.01 33.62 353.47;0.9722 1 1536.35 493.11 66.24 45.78 5.06;0.9675 1 576.37 491.48 112.92 42.03 1.97;0.9059 1 211.82 491.55 108.68 49.35 353.05;0.9010 1 392.72 491.16 105.77 44.91 356.84;0.8899 1 996.26 934.00 40.35 69.18 0.57;0.8778 1 1603.30 558.81 70.92 45.83 12.90;0.8723 1 37.92 490.71 57.99 42.99 0.90;0.8654 1 163.06 491.24 76.43 41.70 357.96;0.8497 1 1116.89 493.44 58.70 55.97 9.13;0.8370 1 751.34 492.73 88.09 31.21 351.12;0.8319 1 1116.73 557.89 54.87 56.38 13.32;0.8291 1 1897.23 559.44 39.22 53.64 18.44;0.8063 1 996.05 964.84 40.49 82.03 354.31;0.7518 1 993.50 1032.91 36.14 82.23 3.76;0.7482 1 1118.05 527.12 48.44 80.22 2.56;0.7346 1 1653.24 560.30 71.87 52.10 8.90;0.7309 1 935.62 423.90 51.57 64.99 0.40;0.7276 1 93.18 596.73 34.84 82.09 356.78;0.7087 1 941.34 829.09 37.72 83.01 3.34;0.6911 1 1420.45 458.93 48.40 40.57 351.96;0.6870 1 37.56 462.19 45.57 38.30 343.89;0.6712 1 998.59 662.66 32.77 86.01 357.67;0.6598 1 1897.91 627.12 33.67 51.96 19.83;0.6439 1 521.93 492.37 71.56 43.58 3.15;0.6304 1 1717.77 626.92 58.22 40.78 1.95;0.6120 1 1353.17 558.62 53.17 71.32 12.27;0.6066 1 937.88 492.83 48.38 55.45 356.58;0.5904 1 994.43 999.92 29.56 90.69 3.50;0.5710 1 1658.72 627.08 59.21 50.80 0.49;0.5691 1 1900.53 493.82 22.92 52.33 5.68;0.5674 1 1537.57 460.49 46.71 70.55 346.09;0.5628 1 1056.50 460.37 64.66 46.70 349.84;0.5602 1 636.68 529.63 75.07 36.86 356.07;0.5571 1 935.15 1001.33 18.07 91.14 8.26;0.5321 1 941.43 931.61 35.73 90.59 10.35;0.5305 1 941.11 696.37 31.30 59.27 10.75;0.4759 1 820.41 493.08 60.92 40.57 9.11;0.4758 1 1535.39 426.93 85.43 42.38 349.83;0.4575 1 819.51 893.99 52.89 40.64 55.19;0.4511 1 1599.59 456.85 63.00 57.25 353.58;0.4482 1 1058.41 21.40 55.16 43.43 350.47;0.4361 1 877.33 492.29 47.78 54.29 1.51;0.4247 1 941.91 727.50 37.15 79.64 9.24;0.4136 1 41.17 595.62 38.44 61.65 8.41;0.4063 1 40.57 626.25 42.03 53.57 3.25;0.4062 1 999.79 392.00 38.82 66.86 355.14;0.4046 1 997.85 121.78 32.35 68.81 357.22;0.3997 1 1055.38 190.80 24.43 91.55 350.91;0.3985 1 881.93 424.66 26.09 55.71 5.67;0.3964 1 1479.33 426.95 84.81 56.61 359.43;0.3925 1 937.34 53.77 32.82 70.36 0.24;0.3684 1 1900.71 525.36 26.15 40.15 358.52;0.3569 1 995.49 1064.54 27.72 49.71 356.74;0.3533 9 338.43 527.13 52.63 34.98 358.96;0.3487 1 935.81 460.35 37.54 77.60 358.70;0.3486 1 820.20 866.78 33.13 49.64 358.25;0.3369 1 998.67 629.74 23.48 75.88 359.02;0.3352 1 1422.36 427.74 41.81 48.66 0.15;0.3279 2 339.76 492.22 107.55 48.41 0.82;0.3248 1 92.22 626.21 48.33 83.21 349.72;0.3223 1 1302.06 557.12 61.65 54.73 5.16;0.3159 1 874.67 526.72 33.33 45.57 4.70;0.3122 1 994.14 695.48 42.77 99.64 358.49;0.3119 1 1062.66 558.97 34.99 45.61 8.10;0.3117 1 993.90 829.69 38.20 71.93 350.10;0.3111 1 1717.84 527.31 29.04 60.68 7.32;0.3107 1 1476.02 458.53 47.38 61.74 353.35;0.3069 1 936.81 86.07 28.18 67.85 5.22;0.3031 1 997.88 423.93 49.85 65.99 355.83;0.3018 1 1356.75 528.29 47.80 63.23 9.62;0.2953 9 160.00 526.70 39.38 24.46 352.97;0.2914 1 1598.36 692.29 45.52 54.10 3.81;0.2848 1 1716.69 695.73 41.90 53.01 358.30;0.2799 9 817.49 525.89 45.28 31.18 5.60;0.2760 1 937.34 393.05 29.19 70.14 355.38;0.2738 1 1058.81 798.00 34.82 57.80 338.95;0.2662 1 635.98 492.10 87.51 43.87 9.94;0.2636 1 697.26 528.86 63.76 23.92 353.10;0.2545 1 997.52 154.02 24.68 56.82 6.30
v_g0zgqmhzgh_0028,0.9527 1 1711.97 591.90 83.98 48.35 352.03;0.9479 1 1056.94 1000.57 38.59 61.96 348.16;0.9471 1 396.94 495.83 84.05 40.96 345.49;0.8880 1 1532.53 626.97 86.54 46.08 354.22;0.8741 1 816.94 522.62 77.49 46.72 351.26;0.8694 1 816.95 496.29 74.30 42.11 346.44;0.8196 1 1292.08 628.81 68.10 44.21 342.34;0.7977 1 1896.75 626.80 69.50 41.90 2.34;0.7205 1 999.01 967.03 33.15 44.26 4.05;0.7001 1 395.69 521.86 85.96 55.98 352.80;0.6465 1 1056.83 898.44 38.42 64.06 355.92;0.6408 1 1662.55 590.99 97.63 37.80 345.68;0.6372 1 32.42 155.90 41.61 39.39 340.10;0.6281 1 1056.82 1027.71 63.28 77.90 348.31;0.5444 1 1481.40 626.45 107.59 42.03 351.31;0.5321 1 1056.02 967.90 45.00 54.03 353.34;0.5300 2 514.01 458.66 103.98 35.95 353.34;0.4829 1 1057.97 928.65 37.97 76.65 1.04;0.4597 9 1295.63 256.00 52.06 22.21 0.78;0.4549 1 1001.50 999.06 46.44 75.94 7.15;0.3513 1 997.31 1067.64 36.39 19.84 352.39;0.3496 8 1112.14 358.97 57.91 40.86 357.91;0.3396 1 157.65 394.04 75.57 23.51 351.67;0.3377 1 1295.97 120.42 49.62 27.52 350.59;0.3312 1 999.19 1031.09 43.12 47.27 357.50;0.3267 9 816.00 423.73 37.11 14.38 347.32;0.3235 9 1115.20 290.30 50.72 20.57 356.42;0.3233 9 1296.53 290.94 51.79 19.08 355.91;0.3128 9 1295.45 155.64 48.81 21.16 350.17;0.3080 9 931.87 526.56 33.53 17.24 2.78;0.2994 9 875.91 392.23 57.21 20.40 353.07;0.2803 9 1060.40 426.07 43.28 16.01 350.71;0.2791 1 1177.17 1065.39 42.56 57.30 347.91;0.2712 1 1119.73 930.79 50.11 44.11 357.35;0.2551 9 156.02 493.71 44.43 17.40 3.90;0.2538 9 636.38 154.61 43.42 16.83 350.75;0.2506 9 1060.55 290.14 47.47 16.42 356.51
v_1c93se7f7c_0044,0.9485 1 37.41 526.54 59.01 38.68 1.84;0.9477 1 874.25 122.03 62.36 49.48 350.75;0.9297 1 872.43 156.52 69.31 49.97 354.92;0.9138 1 1838.99 630.80 105.01 40.72 349.32;0.9034 1 459.47 420.83 105.86 37.75 350.49;0.8935 1 458.64 396.13 97.87 30.68 341.60;0.8833 1 934.35 457.24 86.65 41.48 5.19;0.8788 1 335.95 423.22 80.97 42.09 2.08;0.8770 1 39.06 424.33 64.04 37.97 1.36;0.8717 1 338.03 491.01 62.67 44.47 8.82;0.8489 1 1234.70 629.34 72.89 46.63 355.62;0.8450 1 1055.65 1033.96 39.63 78.92 8.84;0.8426 1 1591.31 631.50 75.43 49.38 357.01;0.7600 1 1054.41 863.32 40.87 93.60 356.96;0.7576 1 630.93 627.94 83.40 49.45 342.43;0.7459 1 1178.24 83.20 71.75 50.23 359.06;0.7423 1 1055.49 829.69 40.46 87.74 1.87;0.7137 1 818.92 156.36 47.39 43.01 358.85;0.7124 1 582.28 627.47 80.31 46.09 354.58;0.7051 1 1053.79 1063.90 34.65 49.06 352.47;0.6918 1 821.13 120.64 45.38 52.16 12.99;0.5997 1 1776.45 154.20 65.72 40.57 346.96;0.5169 1 936.95 428.39 70.38 29.66 354.36;0.5150 1 281.89 423.73 84.31 43.08 2.85;0.5010 1 1053.20 893.81 38.93 61.11 8.68;0.4821 1 1542.88 629.76 78.35 38.42 1.35;0.4276 1 1294.57 1064.58 35.92 43.65 354.21;0.4125 9 1473.88 460.09 47.79 20.37 356.33;0.4095 8 391.34 491.94 63.57 30.55 353.02;0.3093 1 1838.42 656.85 75.33 54.84 356.55;0.3035 9 1417.26 424.83 62.87 22.18 355.31;0.3001 1 1180.71 628.66 74.39 40.91 358.79;0.2704 1 1121.10 998.79 42.74 41.03 4.98;0.2597 1 1178.97 58.16 77.24 53.17 343.03;0.2519 1 1540.12 659.06 67.49 35.39 359.29
v_t0rcxiuav0_0037,0.9487 1 1533.64 497.44 89.05 48.62 344.53;0.8691 1 1532.98 522.83 81.16 59.32 356.89;0.7855 1 1234.63 796.47 60.25 44.93 348.44;0.7530 1 95.32 461.15 92.26 43.13 351.56;0.6523 1 1176.83 525.90 50.65 57.67 342.93;0.5851 1 1481.34 523.02 92.10 33.41 349.45;0.4195 1 1484.12 494.78 71.47 35.87 356.34;0.4192 1 997.84 931.87 26.15 70.43 355.16;0.3771 1 1358.04 628.75 62.72 57.88 349.11;0.3278 1 95.35 489.98 50.79 40.39 345.28;0.3245 9 1657.32 527.58 32.00 17.56 354.30;0.3143 1 1239.11 597.07 33.71 60.81 343.87;0.3074 7 876.58 426.23 42.37 57.01 23.03;0.2887 8 991.31 762.39 61.91 88.97 351.14;0.2609 1 1658.31 560.43 73.09 25.48 348.28;0.2551 1 1175.22 558.47 46.33 42.30 356.95;0.2504 1 996.91 961.99 36.04 56.41 352.91
v_ovul7e0w8r_0028,0.9874 1 877.03 461.09 77.89 39.22 351.32;0.9808 1 1652.01 560.93 67.73 42.70 356.84;0.9775 1 1114.88 522.88 93.73 49.34 355.20;0.9576 1 1472.11 527.91 79.71 44.64 356.58;0.9395 1 37.24 423.86 59.66 37.93 4.01;0.9334 1 1840.41 629.38 95.16 41.56 353.68;0.9069 1 456.75 396.25 114.39 31.83 339.53;0.9055 1 1602.18 560.49 58.18 44.20 8.83;0.8952 1 817.30 154.87 60.88 42.55 352.23;0.8789 1 1420.84 526.86 82.99 43.42 358.05;0.8638 1 702.50 563.01 67.49 25.88 355.89;0.8635 1 1053.38 863.51 41.23 82.82 0.68;0.8606 1 873.80 121.80 56.67 66.65 355.32;0.8571 1 820.80 120.85 40.16 56.99 5.82;0.8558 1 333.57 423.49 77.28 44.44 0.29;0.8271 1 1588.98 630.25 65.21 48.84 6.83;0.8095 1 1116.93 496.43 98.36 46.84 338.37;0.7981 1 581.53 627.35 79.15 45.91 356.16;0.7636 1 632.84 494.38 82.87 44.45 1.02;0.7383 1 751.69 563.77 83.49 40.09 350.35;0.7087 1 871.12 155.81 60.43 46.67 352.82;0.6673 1 1234.03 627.84 66.27 55.77 8.73;0.6640 1 1542.35 628.71 75.12 43.73 6.45;0.6584 1 1053.30 1065.25 36.39 43.54 347.84;0.6500 1 628.83 627.11 79.11 42.89 343.69;0.6389 1 456.54 420.11 97.90 41.01 350.53;0.5913 1 1596.41 493.13 83.97 41.90 357.45;0.5354 1 1292.88 1064.70 38.74 37.93 349.95;0.5073 1 282.99 423.69 92.42 46.95 0.69;0.4913 1 1054.52 1032.87 41.59 63.57 15.90;0.4902 1 816.24 623.82 96.94 45.78 354.40;0.4714 1 1056.34 829.66 33.73 89.89 6.27;0.4341 1 817.15 90.46 38.79 49.65 356.94;0.4091 1 1062.53 523.92 85.92 32.70 348.03;0.4047 1 1893.01 629.72 68.50 34.32 357.80;0.3924 1 390.73 559.27 54.34 51.29 347.35;0.3799 1 1053.43 893.09 35.84 61.96 8.98;0.3769 3 279.59 560.96 169.83 54.55 2.18;0.3552 9 1294.11 560.20 46.14 20.31 355.49;0.3540 1 699.41 592.64 58.81 36.17 349.54;0.3150 9 579.34 525.77 61.55 16.97 355.95;0.3046 1 884.04 53.33 43.33 83.09 359.48;0.2959 7 220.41 561.94 108.93 34.24 359.20;0.2906 2 580.89 494.67 104.92 40.38 354.41;0.2806 9 1240.69 558.53 40.14 17.40 4.98;0.2741 1 997.28 694.82 56.27 35.18 350.42;0.2713 1 1179.52 627.96 79.53 45.24 4.13;0.2581 1 758.98 624.51 111.02 48.05 348.58;0.2546 9 1476.82 459.08 47.30 19.00 353.30;0.2501 9 1598.84 592.29 43.30 17.48 351.25
v_9mpk7r4b5j_0040,0.5767 1 97.54 489.46 91.22 60.24 347.92;0.2978 8 875.61 594.85 64.55 34.99 5.31;0.2663 1 635.62 392.20 60.82 52.21 356.66
v_ywzpnf3fxa_0047,0.9819 1 153.81 424.83 69.12 42.77 5.39;0.9757 1 517.87 254.97 84.81 41.72 357.17;0.9743 1 1174.88 191.76 73.52 41.67 349.17;0.9734 1 457.90 425.48 74.95 36.75 356.21;0.9703 1 152.40 257.08 64.98 42.49 356.54;0.9687 1 815.23 494.25 57.83 47.96 10.72;0.9684 1 694.73 460.94 64.46 38.36 11.05;0.9666 1 1419.90 525.61 78.61 38.65 357.01;0.9626 1 1778.00 255.27 66.44 36.62 356.10;0.9615 1 993.29 360.77 74.83 39.43 356.08;0.9600 1 1410.70 360.66 84.56 39.11 348.71;0.9576 1 1362.44 359.55 93.01 26.37 351.36;0.9552 1 1421.68 252.84 83.27 31.45 350.12;0.9485 1 1591.34 524.43 73.80 46.06 357.41;0.9477 1 702.68 360.11 74.81 27.98 352.92;0.9426 1 581.69 426.06 96.80 33.20 357.21;0.9415 1 1652.71 428.51 83.02 38.26 348.44;0.9351 1 215.35 220.14 74.51 43.26 1.83;0.9283 1 934.62 862.62 31.31 80.06 2.78;0.9208 1 218.18 461.78 72.47 37.07 350.52;0.9190 1 1057.91 292.00 67.31 31.80 345.80;0.9165 1 822.00 964.70 56.97 61.21 348.13;0.9075 1 573.07 361.11 97.07 27.47 358.38;0.9074 1 1417.40 562.29 96.48 30.55 341.52;0.9025 1 34.44 388.21 53.16 40.80 25.89;0.8999 1 750.99 361.54 63.96 36.69 351.78;0.8873 1 1178.31 592.17 92.94 39.26 351.54;0.8804 1 629.02 426.50 86.45 29.64 357.48;0.8798 1 990.82 219.91 80.24 38.67 354.63;0.8695 1 881.33 255.09 93.64 23.98 353.29;0.8689 1 1834.41 394.86 89.15 39.31 343.75;0.8560 1 943.53 220.79 62.84 37.83 355.50;0.8463 1 994.03 388.98 88.42 48.07 355.71;0.8411 1 509.70 460.95 66.95 36.92 343.52;0.8404 1 1420.29 223.75 64.02 35.06 346.93;0.8281 1 1778.88 225.20 63.50 28.84 348.33;0.8171 1 695.46 291.41 67.17 45.49 349.73;0.8095 1 1544.89 524.83 102.70 35.76 1.54;0.8056 1 1474.49 192.92 81.03 31.54 347.35;0.7976 1 934.94 831.36 29.67 88.81 354.79;0.7954 1 92.98 322.55 61.59 57.12 355.50;0.7831 1 37.24 360.13 42.04 38.93 340.50;0.7703 1 577.35 389.06 85.67 28.22 349.48;0.7598 1 1655.61 456.21 68.99 48.88 5.68;0.7561 1 696.21 322.15 72.89 30.34 0.15;0.7468 2 1716.85 190.83 94.44 37.87 2.84;0.7460 1 278.68 361.97 81.85 21.28 350.23;0.7267 1 932.54 256.60 106.43 27.90 358.32;0.7239 1 34.94 221.26 54.43 38.37 4.61;0.7217 1 217.53 488.58 68.52 44.63 350.57;0.7190 1 1469.46 525.60 74.71 46.11 354.52;0.7141 1 331.86 390.96 72.24 51.09 346.05;0.7097 7 334.61 423.26 119.86 43.00 354.25;0.6885 2 811.01 220.83 93.73 39.20 351.34;0.6844 7 1774.56 292.85 76.29 33.68 355.57;0.6700 1 1832.59 420.78 88.59 49.80 359.85;0.6699 1 281.79 388.86 91.23 33.03 348.46;0.6684 1 1602.91 426.97 81.36 32.12 351.53;0.6678 7 930.07 1031.42 54.27 136.42 354.54;0.6482 1 520.51 360.62 91.72 22.64 350.97;0.6440 1 1783.48 525.96 86.59 37.53 0.05;0.6297 2 1114.97 256.06 72.95 47.14 353.44;0.6167 1 100.25 1068.04 63.10 31.13 353.28;0.6133 1 820.81 995.10 62.36 45.56 352.02;0.6083 1 1832.07 253.09 66.31 52.32 337.93;0.5932 1 1053.98 458.86 79.85 40.46 356.29;0.5772 1 1058.92 119.94 59.36 43.27 1.98;0.5754 9 1117.84 392.24 45.94 14.59 346.15;0.5747 1 1470.95 252.65 98.75 41.93 346.99;0.5675 7 1596.55 255.63 90.97 43.71 355.17;0.5648 1 1058.08 319.67 71.77 30.64 350.18;0.5567 7 1357.81 89.19 107.68 51.85 355.55;0.5493 1 455.56 1066.80 69.81 32.35 345.51;0.5487 1 1473.58 222.61 50.09 58.55 350.55;0.5466 1 992.72 192.65 79.87 25.60 357.05;0.5375 1 875.42 964.59 59.51 80.03 5.33;0.5373 1 1421.70 191.81 73.42 30.17 352.81;0.5365 1 1543.81 253.76 82.89 36.35 356.26;0.5230 1 941.84 360.04 75.23 24.51 359.63;0.5204 1 150.60 1068.23 67.45 34.78 344.14
v_rtswqmqtv8_0035,0.9904 1 459.50 529.11 70.19 40.11 355.96;0.9829 1 1119.12 524.84 113.96 42.03 353.53;0.9669 1 933.68 528.86 74.77 40.56 353.29;0.9175 1 152.39 493.57 68.29 43.79 357.50;0.9107 1 1297.34 593.45 80.31 43.91 359.36;0.7967 1 1894.44 593.06 72.62 44.35 7.65;0.7542 1 1424.51 591.82 61.55 47.00 6.87;0.7499 1 32.29 528.97 35.99 40.41 341.43;0.5780 1 1242.51 526.87 50.85 29.34 9.16;0.5758 1 1170.58 524.98 80.52 30.87 338.72;0.5429 1 883.62 528.20 67.61 32.59 358.89;0.5029 1 814.31 594.67 45.45 43.35 3.27;0.4987 1 880.09 828.25 43.26 112.51 331.35;0.4981 1 1471.99 591.27 83.89 46.55 1.73;0.4953 1 104.20 492.77 43.88 48.52 359.12;0.4759 4 1473.88 524.49 82.34 39.84 351.80;0.4745 1 878.54 964.49 32.43 132.87 334.07;0.4687 1 997.78 995.59 105.78 86.77 326.40;0.4674 1 34.08 556.87 52.90 46.88 16.72;0.4432 1 936.76 728.74 28.66 53.35 340.90;0.4199 9 1238.52 560.84 49.36 25.33 7.22;0.3947 1 1295.50 562.39 43.38 51.88 354.56;0.3803 7 1476.22 496.43 40.78 73.03 346.44;0.3700 1 1542.17 593.16 72.84 38.73 4.46;0.3470 1 1240.84 592.95 69.14 41.04 353.90;0.3345 1 1000.05 967.16 67.00 64.01 323.58;0.3304 1 999.55 696.22 50.36 49.93 347.86;0.3192 1 934.55 760.65 21.67 50.97 341.46;0.3165 1 1845.57 592.26 58.54 54.15 10.43;0.3044 9 815.93 493.87 35.54 20.62 356.86;0.2746 1 1057.22 190.67 49.56 60.52 338.02;0.2740 1 817.87 930.66 21.65 103.33 2.77;0.2646 1 1423.29 523.77 70.08 40.63 8.79;0.2572 1 999.23 390.51 35.03 46.50 357.88;0.2517 1 1056.37 1063.31 31.37 59.30 346.42
v_pxbeekjz1j_0020,0.8779 1 633.14 524.28 90.06 53.81 350.24;0.8100 1 1234.27 797.01 58.87 48.72 347.96;0.7915 1 581.53 524.60 93.62 48.33 351.98;0.7440 1 95.60 460.62 88.42 45.21 353.31;0.6359 1 1176.37 526.00 50.67 58.14 342.95;0.3516 1 1358.62 629.25 57.92 58.87 347.95;0.3181 7 876.72 426.17 42.82 59.26 23.15;0.3123 7 635.20 497.40 72.82 49.28 354.40;0.3089 8 991.62 762.88 59.47 81.18 350.64;0.3064 1 1358.20 762.31 111.03 48.20 342.29;0.2966 1 1239.24 597.14 33.18 58.50 344.74;0.2930 1 1174.99 558.55 46.97 43.41 355.99;0.2891 1 1477.17 627.72 61.83 55.58 353.45;0.2871 1 95.09 490.44 45.82 41.16 345.35;0.2847 9 274.72 492.80 36.64 19.41 1.91;0.2780 1 1236.81 627.27 52.83 84.13 342.91;0.2636 1 1415.47 660.68 58.96 53.78 352.08;0.2596 7 875.80 459.93 45.48 37.19 11.97
v_xtupvcuike_0000,0.9883 1 572.88 490.45 86.43 38.70 351.66;0.9798 1 1420.00 255.62 93.41 36.93 356.14;0.9715 1 518.51 1000.79 90.60 28.20 351.87;0.9635 1 1414.96 590.72 77.46 45.19 357.60;0.9614 1 640.42 389.92 80.83 31.30 351.89;0.9500 1 1659.46 253.05 83.52 37.15 352.10;0.9466 1 41.29 424.26 70.37 36.48 359.42;0.9388 1 1602.53 191.46 71.33 28.95 351.02;0.9281 1 519.89 388.85 99.50 29.85 351.68;0.9142 1 1540.57 120.27 81.83 40.28 0.82;0.9108 1 460.14 425.40 99.61 27.21 348.09;0.9084 1 1420.23 526.96 80.05 36.15 355.16;0.9057 1 1651.33 192.24 76.94 29.99 346.43;0.9002 1 1418.34 561.24 79.11 35.92 336.63;0.8952 1 1541.73 256.49 78.62 28.25 359.41;0.8872 1 629.92 427.73 88.47 25.61 351.82;0.8734 1 1120.09 320.11 92.34 38.56 351.30;0.8650 1 1414.92 221.40 79.01 43.39 345.56;0.8642 1 1414.15 291.46 69.48 26.70 354.64;0.8622 1 1471.39 253.98 80.29 32.80 3.19;0.8611 1 333.83 489.95 86.43 56.44 2.51;0.8589 1 874.22 323.77 53.60 67.97 349.96;0.8435 7 1175.38 256.59 83.41 35.43 0.43;0.8401 1 456.41 1067.26 63.71 29.17 348.46;0.8382 1 877.04 190.56 62.37 49.93 343.02;0.8373 1 1589.42 524.00 86.08 39.98 348.39;0.8210 1 1780.35 561.69 96.67 31.46 346.75;0.8052 1 1590.95 120.98 76.85 43.61 355.53;0.7991 1 1772.46 88.91 66.89 37.11 353.30;0.7907 1 1177.50 593.18 87.61 37.68 351.37;0.7867 1 876.58 219.36 58.78 48.72 353.26;0.7860 1 522.71 490.61 94.64 29.06 350.95;0.7839 1 510.06 426.36 104.96 25.76 349.23;0.7747 1 1353.59 256.13 67.68 33.46 350.12;0.7636 1 937.82 459.21 48.67 55.16 347.39;0.7606 1 1545.14 525.54 85.69 33.68 2.66;0.7414 1 1478.69 191.86 80.88 26.02 352.68;0.7331 1 570.39 390.32 84.97 33.59 352.74;0.7265 1 575.69 459.69 48.34 18.62 342.77;0.7238 1 579.13 292.46 76.46 36.59 345.24;0.7168 1 1240.71 292.75 65.93 26.66 357.28;0.7153 1 1120.14 292.82 73.91 29.68 336.71;0.7128 1 1712.15 254.92 77.17 30.86 338.78;0.7039 1 1298.03 221.79 69.81 46.09 341.80;0.6856 1 1299.86 254.58 82.83 48.97 351.00;0.6845 1 151.05 1068.49 61.31 32.49 347.95;0.6766 1 1469.09 527.15 73.87 40.77 352.69;0.6728 1 1832.87 527.49 85.73 46.44 354.33;0.6685 1 582.84 426.59 86.08 28.13 2.16;0.6514 1 516.24 1067.43 72.57 28.99 354.23;0.6422 7 1175.71 222.93 71.30 49.58 352.61;0.6167 1 1297.14 192.43 93.38 38.59 343.98;0.5913 1 89.05 424.70 76.87 35.02 339.93;0.5791 1 1058.07 121.16 59.34 55.45 340.99;0.5746 2 1592.92 255.39 77.20 43.36 359.25;0.5685 1 573.69 1067.42 56.33 31.21 356.04;0.5593 1 1777.62 527.41 97.75 40.79 358.75;0.5571 1 333.46 462.86 77.45 35.51 347.51;0.5491 1 100.45 1068.24 59.84 31.12 353.66;0.5487 1 873.76 292.80 46.48 43.93 3.20;0.5439 1 1290.17 291.55 61.22 41.18 356.16;0.5403 1 1058.28 832.32 81.01 42.08 341.67;0.5390 1 337.97 1068.58 77.68 28.36 346.72;0.5302 1 1058.99 1033.45 60.51 60.43 349.11;0.5163 1 1542.81 290.56 99.68 25.31 344.97;0.5045 7 1174.37 192.82 124.74 55.55 352.79;0.4986 2 1714.41 526.16 97.08 39.88 2.51;0.4846 1 281.81 489.97 87.82 43.26 0.07;0.4688 1 1834.01 562.57 95.92 51.67 356.25;0.4455 1 1231.14 258.12 62.19 21.41 1.34;0.4418 9 1537.94 360.04 50.93 16.67 339.75;0.4383 4 1591.26 291.94 72.03 32.84 350.48;0.4323 1 395.50 1068.90 77.08 24.91 348.78;0.3905 1 938.22 428.48 41.30 34.43 354.37;0.3897 9 1538.20 323.97 54.71 22.62 350.67;0.3862 1 629.11 293.18 71.98 38.84 350.32;0.3840 1 1417.37 191.58 63.15 30.05 356.01;0.3744 1 460.63 997.25 91.66 40.54 353.50;0.3744 1 1658.12 223.85 49.99 24.40 337.14;0.3657 1 1361.42 733.07 88.12 29.67 341.92
v_u8lyja2jdb_0007,0.9847 1 1536.75 459.81 92.97 43.98 358.18;0.9552 1 280.75 489.46 97.60 47.11 357.34;0.9503 1 1535.77 595.78 72.51 45.25 3.90;0.9101 1 819.57 123.37 43.54 54.32 353.11;0.9013 1 1834.21 489.18 100.46 56.18 355.29;0.8765 1 338.52 390.83 64.52 45.99 2.50;0.8596 1 815.85 151.18 54.98 46.16 355.04;0.8487 1 1241.17 999.18 48.05 80.64 351.39;0.7716 1 40.14 392.43 71.39 37.50 357.72;0.7520 1 330.83 490.85 67.87 52.18 352.68;0.7334 1 820.10 89.78 39.28 45.34 7.89;0.6521 1 1781.88 489.86 86.52 43.70 357.77;0.6487 1 631.24 593.08 84.96 48.17 345.25;0.6429 1 1716.74 121.75 66.32 39.41 347.50;0.6415 1 1409.76 592.61 72.19 51.59 353.20;0.6359 1 1362.76 592.32 67.77 47.08 4.95;0.6320 1 873.25 89.59 62.58 55.05 352.79;0.6126 1 511.38 592.22 78.73 55.83 347.82;0.6099 1 1051.08 1030.66 45.76 57.19 348.63;0.5739 1 574.50 388.79 70.94 38.81 4.37;0.5340 1 1121.98 53.24 70.12 55.80 356.32;0.5137 1 517.58 389.06 120.59 40.18 349.56;0.4996 1 1482.19 459.14 84.43 41.54 358.23;0.4642 1 460.50 389.03 97.31 33.78 347.33;0.4638 1 462.41 591.94 82.31 52.95 3.39;0.4481 1 872.29 124.08 39.35 68.62 359.79;0.4382 1 93.23 392.93 91.52 37.00 343.18;0.4260 1 1836.28 462.50 93.32 41.14 347.64;0.4227 1 1052.89 829.83 45.96 70.77 352.70;0.4166 1 157.85 392.34 62.14 35.69 353.56;0.4124 1 1177.59 524.72 81.59 50.98 17.15;0.4028 1 282.06 461.39 63.20 32.96 344.31;0.3950 1 1003.22 828.95 52.78 57.69 349.36;0.3944 1 1119.35 928.83 35.06 63.03 2.72;0.3393 9 756.78 425.92 39.26 17.31 354.25;0.3246 7 1834.69 288.24 38.80 84.68 3.34;0.3084 1 1120.12 897.02 22.94 108.12 357.21;0.2976 1 1774.63 188.21 39.81 66.32 351.02;0.2932 1 1000.95 796.45 40.21 68.68 348.41;0.2923 7 1059.90 526.88 183.63 76.98 353.03;0.2903 1 1356.34 961.15 81.32 52.21 338.85;0.2788 9 937.04 628.89 43.31 21.70 350.20;0.2556 1 1838.53 257.48 20.61 117.62 358.18;0.2538 1 1004.40 1029.44 44.32 65.20 352.15;0.2516 9 1899.98 425.64 56.63 16.94 353.03
v_uwjq66lubl_0002,0.9536 1 1720.64 492.55 71.16 43.29 356.28;0.9525 1 577.85 494.10 127.38 40.72 355.97;0.9474 1 401.23 492.08 101.13 40.12 356.71;0.9393 1 1357.23 494.42 82.09 41.88 357.52;0.9301 1 1476.62 494.58 62.96 39.71 0.47;0.9141 1 1291.07 561.49 64.83 45.61 13.14;0.9080 1 1650.37 527.92 70.58 44.87 358.07;0.9068 1 1595.03 491.96 70.18 49.63 357.24;0.8950 1 873.43 493.29 69.26 53.83 353.63;0.8890 1 1836.82 492.38 73.60 38.75 358.59;0.8887 1 213.29 492.53 91.82 41.49 352.43;0.8829 4 1532.07 557.84 62.06 49.08 346.29;0.8825 1 1358.47 527.08 53.16 55.17 0.33;0.8540 1 1358.78 458.35 80.48 45.07 2.81;0.8509 1 935.42 53.98 39.07 69.14 1.93;0.8408 1 1176.28 493.68 63.53 47.34 7.06;0.8377 1 699.97 557.15 79.11 40.50 356.62;0.8286 1 1056.31 526.29 32.97 77.47 15.77;0.8286 1 635.89 494.44 100.83 35.95 354.78;0.8229 1 933.86 85.58 43.75 72.33 8.72;0.8224 1 936.61 930.26 35.45 78.93 9.75;0.8167 1 935.37 629.30 40.77 69.41 355.56;0.7928 1 1175.08 527.79 63.48 46.90 358.09;0.7818 1 935.04 898.26 30.09 81.69 354.16;0.7728 1 937.16 864.39 41.11 82.61 3.99;0.7720 1 1413.83 457.63 84.23 44.96 350.89;0.7577 1 1601.89 527.77 77.36 45.17 357.78;0.7543 1 935.20 424.40 43.18 71.61 5.44;0.7538 1 934.36 661.12 47.98 98.25 2.64;0.7308 1 1239.26 493.86 84.61 34.19 2.76;0.7216 1 1243.12 560.43 69.60 40.43 358.45;0.7034 1 697.55 493.48 87.01 35.77 12.99;0.6992 1 997.81 695.28 35.77 77.87 352.71;0.6662 1 38.19 596.20 39.44 55.14 4.34;0.6626 1 39.94 627.96 40.34 66.93 8.09;0.6524 1 450.46 492.92 106.92 44.92 343.70;0.6471 1 937.52 357.94 37.99 66.57 350.46;0.6459 1 1062.56 828.47 47.08 60.38 358.50;0.6444 1 159.25 492.69 97.33 51.24 359.04;0.6290 1 1362.91 557.51 40.03 81.40 49.94;0.6222 1 997.33 865.34 48.27 61.97 1.22;0.6146 1 937.93 999.26 29.45 80.42 17.32;0.6127 1 1479.70 527.36 56.61 34.33 352.09;0.5984 1 1355.70 624.76 40.31 58.41 358.70;0.5980 1 1053.61 558.27 33.66 80.47 12.69;0.5950 1 936.90 392.07 39.86 66.19 359.00;0.5933 1 995.51 728.45 38.37 86.74 357.82;0.5916 7 820.58 492.40 73.91 58.33 1.98;0.5912 1 1058.57 458.13 49.38 56.13 355.24;0.5851 1 1482.48 424.40 61.39 48.19 9.10;0.5842 1 1174.79 964.08 22.34 77.81 13.93;0.5826 1 1541.17 492.56 72.69 49.25 21.30;0.5699 1 1774.80 493.72 69.19 40.17 357.48;0.5636 1 1896.61 492.69 33.91 40.24 13.48;0.5533 1 816.98 556.83 66.07 36.33 4.08;0.5459 1 998.27 930.97 43.98 73.23 1.78;0.5372 1 760.49 457.94 78.97 43.70 1.22;0.5356 1 334.06 527.41 60.42 42.81 5.80;0.5301 1 516.42 559.14 51.37 50.73 7.86;0.5216 1 939.69 794.96 33.41 90.49 3.30;0.5082 1 1654.97 425.64 80.63 44.35 346.68;0.5074 1 522.22 493.64 78.29 45.18 6.76;0.5027 1 753.26 557.83 70.40 50.86 359.70;0.5014 1 998.16 898.29 36.20 80.16 354.77;0.4975 1 1059.31 493.72 35.47 71.88 352.44;0.4933 1 1415.92 428.13 48.51 39.18 355.00;0.4822 1 935.60 458.38 50.40 52.81 356.96;0.4758 1 997.88 663.56 34.86 83.30 353.46;0.4537 1 1658.13 626.99 42.51 72.75 357.26;0.4344 7 757.66 492.43 81.05 60.44 13.36;0.4258 1 818.48 528.22 41.58 54.26 359.45;0.4126 1 879.35 459.45 41.16 53.15 356.08;0.4039 1 996.84 1065.00 28.06 51.44 351.06;0.4021 1 1053.44 1066.47 31.69 42.93 333.73;0.3961 1 995.22 1034.06 26.55 97.57 344.87;0.3778 1 577.87 527.05 60.34 31.17 0.20;0.3744 1 38.76 526.88 45.47 42.01 352.59;0.3645 1 159.36 527.28 45.34 35.90 346.70;0.3612 1 996.50 424.03 42.24 62.07 355.23;0.3589 1 936.94 830.08 22.99 96.75 1.37
v_gmx64gg2j7_0028,0.9464 1 934.25 561.89 52.59 76.37 334.54;0.9386 1 1239.25 494.07 82.63 44.45 351.53;0.8722 1 95.03 461.54 93.20 40.92 350.86;0.5738 1 1291.47 494.36 46.45 35.13 353.20;0.4717 1 941.59 53.53 38.87 105.19 349.78;0.4285 9 1656.88 526.85 53.70 28.75 354.20;0.3934 1 1181.71 795.73 49.96 57.63 12.02;0.3883 1 1356.66 761.42 95.01 64.46 341.88;0.3881 1 95.26 490.03 55.10 41.88 346.73;0.3457 1 1182.63 492.62 52.23 48.35 350.95;0.3174 1 995.96 930.06 37.39 80.38 358.44;0.2773 1 1175.88 558.36 49.17 42.62 350.00;0.2652 9 274.93 492.72 37.93 16.97 0.54;0.2642 1 1232.37 793.56 65.69 50.39 344.31;0.2530 9 880.06 528.93 53.65 20.68 1.26
v_rw91i4tfyy_0001,0.9488 1 997.49 556.08 106.38 48.17 347.93;0.7678 1 998.28 529.82 95.75 37.45 338.48;0.6509 1 97.12 463.16 81.38 42.38 350.16;0.6487 1 97.88 488.85 74.90 61.39 343.35;0.4085 1 1652.77 560.47 63.29 33.81 353.36;0.4058 7 876.66 460.10 46.98 48.38 11.11;0.3686 9 1777.04 525.04 38.95 14.43 349.91;0.3351 1 874.65 494.74 44.83 23.63 6.67;0.2985 1 941.66 85.19 44.35 81.73 353.62;0.2689 1 633.37 390.39 59.07 47.43 351.70;0.2640 9 876.08 525.38 57.24 20.07 352.62;0.2629 1 462.55 455.21 48.74 58.70 31.94;0.2502 9 1657.19 527.16 44.01 24.48 359.15
v_x1s7wkzszm_0010,0.4858 1 97.24 489.39 84.73 62.24 346.82;0.3815 1 1000.69 931.92 30.31 67.91 357.90;0.2897 1 96.59 464.19 62.79 48.16 351.31;0.2818 1 933.27 695.93 44.24 35.48 356.57;0.2739 9 1656.97 527.30 45.43 24.61 355.08;0.2513 1 941.73 85.84 45.30 85.32 352.09
v_qnqoa748uc_0026,0.9739 1 154.83 560.00 65.18 42.35 13.36;0.9674 1 575.29 493.98 36.62 80.91 71.10;0.9441 1 458.44 560.78 73.65 47.17 21.49;0.9408 1 1354.06 593.74 58.74 44.72 3.99;0.9368 1 1000.35 53.54 40.23 78.89 2.28;0.9326 1 1179.57 559.93 76.63 45.45 2.45;0.9316 1 810.82 559.19 66.31 51.19 11.61;0.9089 1 642.11 530.58 53.16 39.62 356.34;0.8887 1 158.23 490.26 76.41 42.33 5.45;0.8884 1 1001.28 527.60 73.92 42.38 355.29;0.8787 1 1050.15 528.05 59.85 41.62 352.01;0.8284 1 1597.84 593.64 88.74 55.38 2.11;0.8202 1 639.85 555.63 77.80 39.26 351.33;0.7646 1 1232.64 559.57 73.50 46.32 2.26;0.7532 1 1781.69 592.04 71.40 50.88 14.87;0.7187 1 991.06 221.47 34.28 78.05 355.69;0.7164 1 945.48 222.12 35.62 66.73 353.15;0.7077 1 36.71 490.49 56.62 38.83 17.68;0.6916 1 940.62 355.56 37.60 83.75 359.94;0.6858 1 998.38 998.46 35.62 86.83 348.92;0.6721 1 1301.47 593.06 60.15 51.14 1.31;0.6469 1 942.05 326.52 39.56 65.27 9.17;0.6381 1 992.63 252.52 34.52 77.30 350.24;0.6039 1 993.67 326.69 42.79 65.87 359.42;0.5937 1 816.39 528.74 56.51 44.61 8.11;0.5668 1 281.35 627.22 95.72 38.47 356.20;0.5667 1 765.94 558.95 95.60 29.84 356.99;0.5546 1 932.11 796.91 41.45 71.22 358.61;0.5088 1 930.85 426.29 34.89 46.20 0.84;0.5087 1 940.14 390.97 32.85 68.27 8.63;0.4826 1 213.85 627.11 64.83 36.92 345.69;0.4447 1 1297.00 494.83 32.16 51.42 4.93;0.4317 1 1062.01 189.02 32.58 81.57 5.65;0.4274 1 105.54 559.42 48.91 33.40 356.20;0.4089 1 512.52 561.11 56.67 31.61 8.43;0.3663 1 883.03 427.40 28.02 49.17 2.75;0.3545 1 1298.00 525.45 47.58 53.76 358.33;0.3505 1 994.70 190.48 27.13 58.30 346.83;0.3436 1 1001.86 84.01 32.47 85.12 8.78;0.3020 1 995.61 358.15 39.18 87.37 359.53;0.2898 1 939.09 762.16 25.16 84.86 359.61;0.2688 1 997.10 695.39 39.84 51.85 351.80;0.2645 1 935.40 964.80 26.43 91.69 2.87;0.2575 1 998.59 22.60 34.77 52.74 351.96
v_uwoyarulwo_0029,0.9360 1 1719.29 525.84 100.15 44.70 355.99;0.8794 1 1293.60 495.23 74.73 38.85 352.63;0.8551 1 1178.15 558.25 90.53 34.48 353.31;0.8311 1 91.88 462.24 79.36 44.64 343.25;0.8174 1 1771.54 525.43 85.23 40.83 340.22;0.8055 1 1242.28 493.82 84.76 39.99 355.99;0.6614 1 1234.78 797.59 60.40 45.80 347.25;0.5859 1 998.49 963.22 40.18 77.29 352.22;0.4286 1 1233.81 560.54 85.07 53.55 3.30;0.3640 1 999.39 932.51 20.35 85.28 356.97;0.3203 1 93.08 488.79 71.81 49.20 352.47;0.3088 9 399.60 492.41 41.70 18.60 346.48;0.2792 1 39.63 490.53 68.34 43.17 350.36;0.2690 1 941.73 53.21 37.86 98.26 354.33
v_1zk4d2a7w3_0005,0.9580 1 753.22 524.13 74.14 48.17 354.56;0.9504 1 1711.94 591.76 83.03 50.66 353.20;0.9440 1 1056.59 999.18 42.13 68.41 342.59;0.9159 1 1532.34 626.94 87.47 45.55 354.24;0.8914 1 999.43 964.50 38.71 64.54 8.80;0.8301 1 1057.77 897.60 37.09 64.40 349.36;0.7977 1 1896.42 626.59 69.52 43.08 3.92;0.7828 1 1291.18 628.85 70.72 41.50 339.88;0.6804 1 1662.48 590.78 96.58 38.18 346.75;0.6135 1 1176.42 153.98 59.54 46.78 351.75;0.5865 1 755.95 495.78 69.85 36.87 346.62;0.5715 1 1481.88 626.38 109.78 40.53 350.81;0.4351 1 997.35 1067.57 37.96 25.01 351.11;0.3961 1 1055.42 967.97 40.84 73.60 355.49;0.3922 9 1296.20 290.73 55.94 21.07 354.51;0.3837 7 1001.55 998.26 55.71 68.10 3.90;0.3414 1 1112.08 358.95 58.65 41.50 357.50;0.3341 9 932.98 526.55 43.65 15.86 2.05;0.3318 1 1294.22 255.41 57.28 31.05 1.70;0.3104 9 816.48 424.12 36.89 12.67 344.47;0.3059 9 1116.12 290.42 48.43 19.15 355.30;0.3058 9 1295.14 119.91 42.29 22.21 346.31;0.3041 1 1117.94 897.33 45.59 58.05 358.20;0.3030 1 1714.13 563.58 83.05 38.16 350.99;0.2998 1 1120.37 931.18 45.05 47.67 352.21;0.2983 9 635.79 154.68 42.68 16.82 350.61;0.2967 9 155.16 493.87 49.16 22.13 2.04;0.2886 1 1179.10 122.83 34.64 47.21 341.81;0.2884 7 999.70 863.96 42.25 58.30 2.28;0.2860 1 1057.80 1028.15 40.53 80.50 347.21;0.2782 8 1292.92 359.14 66.31 31.68 358.38;0.2763 9 875.70 392.26 58.15 20.28 350.71;0.2709 9 1116.40 256.23 54.37 16.84 348.91;0.2616 1 1897.07 121.37 40.34 41.82 6.84;0.2581 9 1114.33 459.65 50.19 19.65 352.79
v_w1felxwdf3_0045,0.9536 1 451.48 557.49 83.67 55.62 353.90;0.9346 1 874.32 121.97 58.95 57.02 350.43;0.9331 1 1591.95 630.70 65.74 48.20 359.73;0.9264 1 39.19 491.33 65.71 42.70 3.44;0.9177 1 459.61 395.50 99.20 29.40 342.81;0.9112 1 871.57 156.17 72.81 46.81 356.52;0.9076 1 814.42 494.56 83.85 37.04 356.59;0.9030 1 402.46 556.56 98.39 43.71 351.99;0.9013 1 1055.37 1033.81 41.76 80.04 7.19;0.8932 1 336.47 423.00 82.73 44.57 2.78;0.8817 1 1840.62 630.21 98.09 38.67 351.44;0.8718 1 1234.55 628.61 63.18 55.07 1.54;0.8673 1 1776.70 153.90 72.46 38.19 351.45;0.8656 1 1592.19 563.85 73.98 45.81 357.36;0.8533 1 1111.83 593.53 56.33 64.45 2.30;0.8351 1 1594.73 592.28 79.15 75.20 354.98;0.8323 1 40.39 423.31 71.11 36.33 4.34;0.7959 1 818.68 155.96 54.70 39.99 359.60;0.7454 1 1541.88 590.65 61.82 43.10 12.16;0.7429 1 582.31 626.63 87.20 45.28 355.28;0.7180 1 1053.76 1063.65 34.51 50.23 351.70;0.7085 1 631.01 627.23 82.72 51.77 345.03;0.6919 1 459.85 420.42 93.24 33.90 347.84;0.6525 1 1541.79 562.74 85.49 36.56 359.59;0.6464 1 1053.84 862.64 39.71 98.54 359.11;0.6326 1 820.97 120.99 43.85 55.24 17.98;0.6179 1 1062.19 595.03 67.24 45.83 357.49;0.6072 1 453.10 530.00 81.37 51.86 349.72;0.5981 1 1116.11 562.91 56.64 40.33 355.57;0.5298 1 1178.33 83.00 71.50 55.26 358.22;0.4487 1 997.35 694.74 61.15 43.23 352.76;0.4461 1 1179.63 58.22 80.20 47.09 346.77;0.4044 1 700.98 627.00 64.84 36.67 0.75;0.3899 8 1473.58 459.67 48.75 23.16 355.80;0.3870 1 1893.37 630.37 74.79 35.71 358.70;0.3663 1 761.56 494.18 91.35 37.32 353.68;0.3240 1 1543.07 628.94 67.93 21.74 354.68;0.3139 9 757.29 561.00 44.91 13.61 347.55;0.3068 1 1294.60 1064.12 35.20 46.54 355.11;0.2871 1 89.83 493.09 56.19 23.70 345.38;0.2781 1 1182.76 628.98 47.50 35.64 350.29;0.2755 1 212.10 424.49 85.19 30.53 350.05;0.2707 9 816.99 523.95 57.44 23.37 348.27;0.2595 1 1058.92 625.00 37.54 24.92 354.04
v_3cfwxaw23f_0047,0.9653 1 279.53 493.63 116.29 41.44 351.02;0.9638 1 1292.42 557.94 83.60 44.92 14.79;0.9583 1 1659.61 523.36 83.06 45.81 354.08;0.9541 1 698.53 492.88 112.97 39.55 355.58;0.9493 1 697.42 557.43 86.82 57.37 12.19;0.9421 1 573.28 494.78 99.70 38.88 352.13;0.9171 1 1773.94 560.91 93.64 41.90 10.31;0.8952 1 1721.02 560.50 80.97 40.46 9.32;0.8938 1 993.53 524.54 44.29 69.75 4.11;0.8773 1 1421.43 495.39 71.33 37.57 4.85;0.8717 1 1241.18 557.41 95.78 43.79 9.43;0.8599 1 821.03 494.75 91.32 37.86 5.11;0.8593 1 1364.06 560.42 78.85 38.30 19.74;0.8534 1 1780.43 495.05 77.01 35.96 351.50;0.8503 1 1659.78 495.27 68.37 56.22 354.78;0.8412 1 997.85 831.57 37.06 91.40 359.09;0.8306 1 996.33 966.63 29.07 76.26 352.47;0.8296 1 1235.53 495.62 92.18 40.19 356.94;0.8291 1 1896.58 495.42 47.69 36.96 358.91;0.8228 1 1653.50 561.02 90.84 39.70 4.66;0.8119 1 1780.42 523.36 80.26 37.62 352.57;0.8024 1 931.32 897.75 30.20 83.33 0.39;0.8004 1 1113.99 560.53 68.82 53.14 12.67;0.8000 1 1897.30 561.13 38.70 47.90 4.88;0.7960 1 1536.24 558.92 81.04 45.51 1.64;0.7922 1 1301.29 495.17 98.72 31.20 358.87;0.7857 1 997.64 934.22 44.67 59.55 3.53;0.7823 1 1593.78 525.68 56.29 48.14 350.32;0.7798 1 1716.09 627.73 70.08 44.76 5.27;0.7699 1 993.34 998.81 44.03 79.47 5.75;0.7620 1 1412.22 560.98 84.80 43.23 9.67;0.7576 1 1351.85 495.46 78.09 33.01 358.25;0.7410 1 937.08 425.02 43.73 65.85 8.29;0.7388 1 997.60 663.72 27.24 86.23 345.64;0.7358 1 871.22 493.79 77.73 51.83 357.07;0.7144 1 933.19 1065.36 31.08 32.42 357.02;0.6968 1 937.20 931.04 48.22 77.71 4.68;0.6914 1 94.11 597.01 32.51 83.58 357.57;0.6766 1 1599.74 559.77 75.45 44.66 8.47;0.6696 1 1895.92 627.19 39.39 54.59 16.33;0.6662 1 93.58 628.35 42.42 86.19 351.53;0.6576 1 996.28 494.28 31.29 82.93 359.12;0.6329 1 936.46 864.80 25.39 71.91 3.66;0.6229 1 939.01 999.82 20.73 79.14 18.40;0.6087 1 158.99 527.98 51.61 42.93 355.81;0.6087 1 1237.55 527.84 63.98 35.73 348.98;0.6004 1 996.23 861.42 43.21 67.94 8.27;0.5765 1 1541.56 526.57 71.76 46.79 358.00;0.5651 1 1658.10 627.26 66.68 54.88 9.09;0.5513 1 1899.57 525.30 53.82 41.84 2.52;0.5320 1 1537.80 456.53 77.52 51.51 348.94;0.5289 1 1596.74 693.61 45.70 54.93 16.21;0.5273 1 997.97 692.75 34.57 84.86 0.54;0.5220 1 39.94 627.63 39.43 58.02 7.26;0.5089 1 935.44 1034.31 20.63 66.19 352.99;0.5032 1 1295.59 526.52 49.46 26.27 351.06;0.5027 1 1419.18 524.13 85.20 42.49 0.76;0.4990 1 936.65 796.15 49.06 71.28 359.01;0.4938 1 755.69 558.55 76.65 48.49 5.49;0.4803 1 524.52 493.68 65.30 50.05 6.18;0.4578 1 1534.25 429.22 75.35 37.33 347.69;0.4471 1 1837.21 494.74 69.99 56.38 9.09;0.4442 1 1470.06 493.54 53.43 45.63 10.00;0.4376 1 875.02 525.84 54.05 54.15 1.70;0.4346 1 1896.82 594.02 33.14 44.11 37.48;0.4318 1 1061.70 730.00 29.01 49.35 342.83;0.4315 1 1115.25 492.03 82.58 49.40 350.08;0.4284 1 1481.81 559.09 66.82 43.75 10.77;0.4237 1 1062.06 560.84 36.76 49.16 1.92;0.4120 1 1059.54 23.15 50.68 44.81 350.09;0.4007 1 1713.17 526.09 52.40 40.59 4.54;0.3879 1 1481.26 428.24 57.10 49.34 357.99;0.3871 1 1775.41 627.62 57.23 55.09 7.67;0.3814 1 1480.68 457.65 77.35 63.41 5.80;0.3729 1 1419.61 459.78 55.88 34.14 357.19;0.3711 1 1839.56 560.89 60.05 43.64 6.51;0.3655 1 37.61 527.36 45.61 37.13 354.46;0.3585 7 1717.57 457.79 109.96 40.45 353.23;0.3579 1 1174.81 559.51 45.66 43.03 9.79;0.3520 7 757.15 494.54 116.34 48.40 6.99
v_n1syss296d_0015,0.9846 1 153.29 525.09 78.31 38.07 358.56;0.8680 1 92.72 461.91 94.49 37.35 351.02;0.8636 1 1179.76 557.04 80.39 40.30 357.20;0.6693 1 103.12 524.44 66.75 35.34 351.13;0.5741 1 999.02 660.50 46.38 84.31 340.39;0.5359 1 1233.66 560.39 66.06 67.23 352.45;0.4594 1 997.97 930.94 29.72 73.76 350.19;0.4349 1 1416.39 628.04 39.47 75.18 0.92;0.4027 1 942.02 53.08 42.45 100.38 0.14;0.3951 1 39.93 461.70 76.87 39.96 1.90;0.3844 1 1178.65 527.84 58.79 41.48 340.28;0.3777 1 96.36 492.13 50.90 40.08 338.89;0.3613 1 1233.45 793.72 63.80 45.60 350.96;0.3098 1 1658.07 528.11 58.72 31.41 349.53;0.3040 1 1000.65 630.28 53.17 71.04 343.35;0.2940 1 1175.97 492.01 53.90 34.75 342.65;0.2743 1 1238.68 595.72 35.72 91.96 348.69;0.2560 9 454.04 491.93 56.42 26.88 351.53;0.2504 1 1416.93 657.30 60.33 61.57 359.11
v_fyo63znn4z_0018,0.9680 1 1713.02 592.83 87.16 45.22 351.37;0.9637 1 1173.25 523.88 74.83 42.37 354.15;0.9576 1 270.88 287.60 87.96 53.13 349.46;0.9438 1 1174.28 495.68 71.67 39.69 345.26;0.9300 1 876.42 525.73 75.97 43.53 354.89;0.9109 1 222.06 286.79 97.90 41.51 350.28;0.8466 1 1291.90 629.54 67.65 37.34 342.11;0.8442 1 1532.02 628.15 89.13 40.68 351.92;0.8189 1 1001.97 932.07 37.97 57.74 7.31;0.7621 1 1001.54 1032.63 47.55 85.64 356.98;0.7103 1 1055.92 899.20 45.82 79.56 357.30;0.6805 1 1481.16 627.65 99.23 39.21 351.45;0.6229 1 1662.64 591.62 99.85 35.99 345.35;0.6159 1 273.04 259.75 101.77 33.91 339.91;0.5786 7 1062.15 461.25 114.42 31.08 354.25;0.5764 7 1055.84 1001.12 40.18 100.40 343.54;0.5451 1 1236.51 560.37 69.73 39.18 352.50;0.5280 1 1896.33 628.18 57.52 35.41 4.85;0.4922 7 1121.00 494.44 71.46 28.91 1.48;0.4674 1 1122.52 523.54 90.38 22.48 349.70;0.4640 9 1296.00 256.08 51.74 22.11 359.20;0.4608 1 1052.92 931.86 47.50 90.33 6.15;0.4134 7 1112.06 459.38 85.84 41.59 1.63;0.4081 1 1000.25 963.19 29.83 56.69 7.07;0.4032 1 220.48 258.88 89.64 20.49 345.63;0.4007 1 1120.86 894.72 53.32 46.34 354.45;0.3791 7 1180.90 560.55 76.22 26.53 358.95;0.3759 1 999.49 1000.46 29.98 59.96 0.96;0.3758 9 694.16 459.98 43.56 15.22 352.33;0.3732 9 1114.78 290.65 55.77 23.34 355.61;0.3683 7 1054.57 1032.63 58.25 83.25 345.05;0.3547 9 217.34 154.93 53.86 25.84 346.04;0.3490 9 1296.41 291.05 53.77 19.44 354.40;0.3455 9 1116.07 256.38 57.73 18.77 350.53;0.3447 9 694.09 424.15 45.24 15.10 347.90;0.3446 1 1002.87 899.81 30.80 38.00 5.70;0.3403 9 1060.88 290.30 52.76 19.09 354.79;0.3268 9 1296.40 424.65 39.98 16.21 348.61;0.3209 9 638.38 424.11 50.68 14.19 343.65;0.3205 1 1178.58 1064.65 44.16 61.44 350.55;0.3173 1 1112.78 358.81 55.25 44.68 359.22;0.3007 9 1295.22 120.05 48.01 23.11 347.12;0.2901 1 1178.79 154.62 57.42 42.16 354.01;0.2828 9 338.64 155.31 58.88 22.89 344.74;0.2794 1 997.35 1065.26 39.19 39.91 346.24;0.2764 9 876.49 392.72 52.12 17.44 351.73;0.2707 9 394.39 155.30 54.07 24.39 347.28;0.2651 9 636.45 155.27 43.49 16.73 347.68;0.2599 9 218.27 121.35 39.90 17.17 342.78
v_p95655ode0_0008,0.6557 1 97.86 489.53 90.02 60.96 345.97;0.6227 1 1298.98 523.38 56.62 47.16 341.27;0.6213 1 1299.68 495.47 53.60 51.72 352.47;0.4707 1 1357.65 761.05 92.01 50.17 344.50;0.4433 1 1182.17 796.33 43.12 61.75 2.90;0.4217 1 1352.77 495.24 53.50 50.73 346.49;0.4099 1 1418.20 628.22 53.40 63.94 8.67;0.4084 1 1178.11 525.86 42.89 47.47 340.56;0.4083 1 1232.54 794.48 62.25 47.85 346.69;0.3819 9 1655.65 527.06 49.31 28.57 356.39;0.3187 1 96.71 464.03 68.37 43.55 349.35;0.2950 1 1416.68 659.80 60.51 48.77 356.54;0.2939 1 1234.82 627.32 45.15 80.97 347.30;0.2789 1 941.35 85.40 49.25 86.17 351.13;0.2680 1 1652.83 560.44 65.12 34.68 352.78
v_9rajf7c3b0_0042,0.6795 1 96.54 462.27 94.19 39.78 349.31;0.5480 1 96.53 489.23 65.63 50.29 341.91;0.4718 1 1182.26 795.48 37.28 68.20 8.17;0.3692 1 998.49 930.75 34.93 63.43 354.40;0.3282 9 1654.81 527.17 59.21 30.58 355.59;0.3187 1 1357.02 627.35 51.35 56.66 347.05;0.3159 1 941.64 54.20 36.45 108.42 347.63;0.3114 1 1237.09 595.57 37.69 76.09 351.59;0.2758 1 1232.93 765.44 53.45 43.54 341.56;0.2745 9 877.18 562.45 49.96 20.45 359.74
v_ymd32fjhy8_0000,0.9940 1 692.42 424.08 70.39 34.20 359.65;0.9911 1 935.82 219.75 57.41 39.42 1.81;0.9870 1 635.22 1000.68 72.91 34.32 353.83;0.9856 1 576.40 424.12 89.58 28.43 358.53;0.9837 1 514.55 461.77 95.29 32.35 348.99;0.9807 1 1237.44 255.05 73.55 31.94 355.88;0.9791 1 1540.07 253.78 99.61 29.70 348.12;0.9704 1 1419.83 525.30 79.66 39.22 356.69;0.9655 1 1118.79 254.94 72.51 38.16 357.44;0.9652 1 156.18 388.30 86.62 35.47 0.06;0.9566 1 815.99 158.47 67.05 35.31 347.76;0.9472 1 696.50 389.90 81.07 45.36 340.25;0.9376 1 1175.13 293.57 80.96 32.35 352.29;0.9358 1 934.35 863.56 30.66 96.08 357.64;0.9333 1 1416.02 562.35 99.28 30.47 342.77;0.9209 1 1355.45 292.22 102.49 35.91 358.93;0.9148 1 272.76 426.93 79.92 33.40 352.48;0.9068 1 1531.89 291.25 110.51 25.60 356.87;0.9034 1 1593.14 254.74 68.21 32.61 348.23;0.9012 1 638.40 425.21 82.34 23.43 349.95;0.8996 1 1590.15 523.64 72.40 46.32 353.86;0.8887 1 458.03 360.96 100.77 35.18 349.99;0.8883 1 39.66 293.51 65.83 36.28 343.71;0.8738 1 1650.85 290.17 71.06 33.71 351.27;0.8715 1 274.73 461.10 61.39 58.56 350.23;0.8602 1 1178.27 591.96 88.66 39.86 352.74;0.8382 1 1355.90 255.58 84.36 43.75 355.74;0.8261 1 1600.12 290.39 94.87 31.96 351.64;0.8158 1 1177.32 256.63 85.52 38.18 4.79;0.8030 1 754.94 56.75 74.26 39.09 357.90;0.8018 1 817.42 185.21 76.69 43.46 358.32;0.7920 7 454.80 425.12 93.22 25.20 357.34;0.7867 1 696.21 361.02 67.50 27.79 347.06;0.7786 1 156.99 361.67 83.63 30.74 344.44;0.7700 1 219.77 426.89 64.84 36.89 2.12;0.7676 1 1601.83 189.89 80.62 31.45 355.13;0.7670 1 938.80 191.35 62.92 44.37 346.74;0.7602 1 1299.44 255.19 76.63 28.94 0.97;0.7507 1 1544.92 524.14 99.95 33.81 0.70;0.7494 1 39.01 321.31 72.73 47.59 356.52;0.7434 1 1536.97 224.42 53.19 18.34 338.10;0.7339 1 1002.58 290.37 63.73 31.46 342.40;0.7192 2 157.16 224.67 80.29 30.01 3.13;0.7015 2 1477.44 192.52 89.20 28.75 356.67;0.6861 1 274.53 489.02 79.98 48.76 350.22;0.6846 1 1649.49 190.61 65.15 30.83 354.10;0.6785 1 1174.60 318.86 72.84 35.71 356.65;0.6744 1 1480.96 291.07 91.34 21.79 346.37;0.6680 1 1782.83 526.20 85.64 33.80 359.23;0.6675 1 151.12 1068.05 66.38 34.36 345.02;0.6620 1 632.43 361.40 90.29 25.40 352.59;0.6411 1 933.31 895.48 25.20 91.94 7.04;0.6393 2 1839.30 190.90 104.49 37.48 356.66;0.6367 7 1835.46 561.52 122.39 47.18 350.89;0.6284 1 1060.51 1031.58 65.55 58.42 353.14;0.6155 1 515.55 487.55 70.72 42.52 350.95;0.6059 7 1119.06 191.11 124.91 45.29 5.16;0.5964 1 1469.23 525.03 70.48 42.64 356.58;0.5825 1 572.56 1066.21 59.40 28.78 352.62;0.5802 1 516.90 1066.11 86.36 35.51 355.27;0.5624 1 100.59 1068.07 61.09 30.93 353.55;0.5554 1 276.09 1066.44 72.19 36.48 350.88;0.5536 1 457.19 388.96 75.82 38.20 347.21;0.5476 1 515.83 424.56 102.77 39.71 356.93;0.5455 1 1472.50 253.87 84.47 23.91 358.16;0.5370 9 1296.68 359.23 52.93 11.63 343.39;0.5343 9 698.71 460.31 44.87 12.00 6.58;0.5306 1 1419.77 253.18 87.38 32.45 356.21;0.5207 2 876.57 293.57 73.28 37.21 352.89;0.4940 7 1174.47 192.08 89.42 47.72 9.32;0.4884 1 580.59 360.10 87.51 33.06 352.78;0.4856 1 1832.33 525.64 83.95 53.25 358.34;0.4839 1 340.30 461.95 75.15 32.33 353.01;0.4738 1 337.07 1068.09 77.93 31.94 346.97;0.4614 1 457.50 1066.88 72.17 31.40 348.08;0.4448 1 208.45 224.39 93.88 36.79 349.31;0.4305 1 1049.10 291.33 83.42 36.07 355.96;0.4248 9 816.37 356.55 34.56 13.92 343.81;0.4074 1 394.01 1067.80 72.87 32.49 344.43;0.4033 2 1837.32 291.54 105.65 49.94 5.99
v_bgyqee9f8k_0045,0.9569 1 1720.52 492.42 72.90 42.74 356.68;0.9366 1 578.01 493.88 114.25 40.29 355.29;0.9363 1 1476.63 494.45 63.94 39.47 0.95;0.9313 1 1357.30 494.41 83.06 41.37 356.83;0.9223 1 1291.32 561.57 67.49 45.26 12.51;0.9134 1 1594.67 492.03 70.90 47.62 357.84;0.9121 1 1649.99 527.98 71.28 44.57 358.58;0.9089 1 392.03 492.94 99.59 40.46 348.24;0.9045 1 935.54 155.85 25.01 81.09 4.48;0.8878 1 873.43 493.35 64.59 55.30 354.47;0.8873 1 341.92 492.27 82.74 44.66 359.56;0.8820 4 1531.95 557.71 65.63 48.02 348.10;0.8811 1 932.37 186.39 30.55 76.51 10.38;0.8788 1 995.49 763.69 37.44 80.23 357.30;0.8759 1 1358.26 527.12 53.21 53.53 359.80;0.8710 1 1358.79 458.32 85.28 43.87 1.89;0.8710 1 1836.60 492.42 71.78 39.14 357.96;0.8618 1 699.79 557.42 79.13 39.93 357.26;0.8447 1 1176.19 493.76 64.88 46.71 7.92;0.8427 1 935.79 932.53 32.36 94.54 4.48;0.8374 1 1055.92 526.50 32.47 75.90 14.55;0.8339 1 635.95 494.61 102.32 35.76 352.80;0.8267 1 152.45 493.95 74.00 45.21 353.61;0.8148 1 1174.87 527.83 62.76 46.03 357.58;0.8031 1 1239.21 493.87 84.38 34.17 4.04;0.7818 1 935.28 424.29 44.27 72.02 4.79;0.7659 1 1601.89 527.83 78.64 44.20 358.47;0.7584 1 1413.55 457.81 83.96 43.41 350.41;0.7488 1 995.86 121.33 32.22 75.24 7.16;0.7460 1 1243.07 560.47 72.59 40.33 358.48;0.7135 1 38.43 596.45 42.18 53.76 4.02;0.7118 1 999.69 661.87 37.23 76.22 344.97;0.6988 1 158.42 527.05 50.33 50.44 352.20;0.6752 1 697.28 493.45 85.75 35.38 12.59;0.6695 1 40.03 627.86 41.16 66.64 8.16;0.6656 1 1058.16 458.06 55.62 54.78 357.00;0.6614 1 1362.89 557.69 41.81 79.41 50.41;0.6561 1 759.50 458.00 82.35 40.56 358.63;0.6321 1 1541.09 492.66 74.21 46.80 20.15;0.6279 1 937.10 391.85 38.39 69.68 358.96;0.6243 1 1053.93 557.95 35.25 78.65 8.63;0.6171 1 520.39 493.51 97.11 47.48 0.05;0.6074 1 1355.37 624.77 42.16 56.63 357.47;0.6068 1 1479.80 527.49 56.91 31.67 350.59;0.6063 7 820.23 492.61 74.51 58.75 2.24;0.6058 1 1482.44 424.15 63.89 48.11 8.07;0.6051 1 938.43 728.90 34.38 93.09 2.19;0.6016 1 816.04 556.90 66.13 37.73 3.02;0.6009 1 937.27 358.00 31.34 65.65 347.82;0.5876 1 937.10 963.61 29.62 79.64 2.24;0.5691 1 995.81 964.31 36.38 73.83 357.41;0.5686 1 1774.89 493.73 69.65 39.86 357.67;0.5606 1 938.07 830.11 21.54 77.70 358.30;0.5595 1 1174.95 963.88 22.85 77.62 8.94;0.5535 1 753.17 558.03 70.52 49.41 0.22;0.5307 1 996.77 89.64 31.53 88.10 359.17;0.5306 1 997.37 933.83 28.71 87.05 359.90;0.5047 1 1896.82 492.74 32.52 40.42 13.72;0.4973 1 937.42 52.64 37.86 70.57 6.21;0.4877 1 1416.26 427.89 49.21 38.86 355.32;0.4823 1 1000.25 325.44 35.80 70.09 351.87;0.4774 1 818.76 527.96 41.55 56.74 359.21;0.4662 1 937.78 863.63 28.74 100.02 359.81;0.4585 1 516.03 559.51 43.06 55.65 13.24;0.4521 1 98.11 492.94 107.88 50.52 355.06;0.4496 1 994.73 795.57 32.31 94.88 356.97;0.4491 1 879.40 459.35 41.09 53.09 356.10;0.4431 1 1061.51 828.41 40.94 50.26 348.06;0.4355 1 1655.20 425.87 85.53 42.14 347.48;0.4352 7 758.26 492.16 82.80 60.36 12.75;0.4248 1 1900.57 624.89 34.42 59.22 22.65;0.4191 1 1658.08 626.78 42.26 70.94 356.06;0.4186 1 995.96 1065.13 27.34 48.95 350.25;0.4127 1 935.81 458.35 50.20 54.14 357.18;0.4049 1 1059.14 493.64 34.02 72.20 351.64;0.3990 1 1118.66 493.90 41.89 68.02 8.22;0.3863 1 938.44 595.10 23.62 55.04 357.50;0.3834 1 1840.05 424.81 88.46 33.28 359.16;0.3791 1 936.32 1000.28 20.49 78.51 3.40;0.3691 1 1535.49 424.73 104.86 57.63 1.42
v_66ok51q8hd_0028,0.9478 1 874.21 122.13 58.59 49.98 353.51;0.9303 1 1591.59 631.08 68.42 48.98 352.81;0.9269 1 1299.04 462.77 127.07 43.14 342.28;0.9118 1 1839.51 630.04 100.77 40.21 351.86;0.9095 1 458.56 396.13 110.11 28.49 339.77;0.9059 1 1051.45 493.81 66.15 44.73 355.42;0.8943 1 871.64 156.23 66.20 50.99 354.97;0.8908 1 1298.63 488.14 107.43 49.45 347.53;0.8892 1 39.19 423.89 65.10 37.84 1.90;0.8816 1 752.67 563.51 80.06 38.54 357.23;0.8804 1 211.17 595.00 66.93 44.17 353.82;0.8644 1 159.57 595.10 94.47 44.49 359.29;0.8113 1 335.29 422.99 79.43 45.89 2.15;0.7897 1 630.01 627.11 79.83 43.45 348.63;0.7888 1 1054.60 1033.59 39.93 76.72 10.68;0.7839 1 821.05 120.89 45.30 51.47 6.79;0.7666 1 1236.66 629.00 79.04 49.66 353.72;0.7613 1 818.57 155.75 53.71 43.84 354.62;0.7479 1 1055.12 829.47 45.13 81.92 1.52;0.7442 1 581.35 627.26 80.55 44.79 354.32;0.7291 1 816.99 623.29 92.14 38.82 353.40;0.7198 1 1001.84 493.40 81.20 37.72 353.00;0.6923 1 1053.60 1064.16 34.09 47.36 350.85;0.6726 1 1054.20 894.56 37.43 59.60 16.28;0.6724 1 458.68 420.00 100.29 37.61 347.79;0.6693 1 1177.67 83.14 74.04 51.96 357.40;0.6613 1 1054.46 863.41 39.45 84.35 359.77;0.6387 1 1775.64 153.81 66.47 38.66 345.94;0.6244 1 702.18 562.35 79.90 30.57 1.13;0.6017 8 272.17 493.12 65.34 33.93 356.05;0.5982 1 1176.96 58.03 83.30 43.59 343.28;0.5848 1 1543.80 629.51 61.66 37.55 2.55;0.4971 1 1531.54 560.82 60.70 55.62 1.04;0.4861 3 1421.14 562.05 166.52 39.52 349.26;0.4703 1 283.84 423.23 76.35 54.16 4.82;0.4601 1 1293.55 1064.52 37.42 39.21 352.23;0.4494 1 1121.32 997.99 42.53 44.59 0.95;0.4015 1 698.69 593.35 62.15 35.16 354.87;0.3422 1 1893.45 630.09 68.44 34.09 358.28;0.3232 1 212.44 424.20 88.17 32.89 351.48;0.3122 9 757.91 459.90 44.22 15.15 355.02;0.2998 1 400.49 795.80 21.60 181.75 20.95;0.2936 9 1120.37 965.86 31.94 31.92 340.63;0.2902 7 1479.29 561.29 104.15 50.44 6.14;0.2814 1 222.03 492.46 67.33 27.76 358.67;0.2675 9 1118.27 426.18 43.31 21.86 341.92;0.2620 1 164.17 424.52 76.41 24.04 353.85
v_h92ktj7wpi_0015,0.9652 1 1652.27 525.33 74.11 50.14 352.31;0.9461 1 1601.51 524.24 98.52 45.34 352.45;0.9336 1 816.56 493.40 79.56 39.08 4.89;0.7197 1 95.37 460.94 91.22 43.26 351.64;0.6992 1 1177.83 526.84 47.23 51.83 340.24;0.5593 1 1233.00 794.74 71.67 44.57 343.49;0.5138 1 1175.25 558.07 50.97 47.38 353.08;0.4482 1 1239.87 596.82 36.07 66.12 342.71;0.4092 1 763.63 492.42 81.37 34.51 356.54;0.3877 1 1237.05 626.08 47.84 73.33 336.45;0.3616 1 1357.25 761.38 110.50 53.77 341.91;0.3302 1 1182.57 795.90 46.28 53.31 2.35;0.3104 9 877.57 562.61 45.71 18.12 354.60;0.2874 1 95.51 490.03 49.49 39.35 345.61;0.2640 1 943.24 53.97 37.68 92.98 353.26;0.2592 7 876.79 425.90 37.01 50.68 29.17
v_p3goz5vvrj_0008,0.9857 1 1357.50 492.69 100.21 43.00 357.78;0.9843 1 1539.86 527.76 84.47 54.17 15.73;0.9705 1 994.10 459.95 44.07 82.60 349.41;0.9567 1 152.43 524.71 82.67 54.10 0.54;0.9344 1 819.39 122.62 61.05 47.97 353.44;0.9338 1 1537.64 595.99 91.37 42.17 0.11;0.9331 1 1418.27 455.75 60.67 50.20 1.56;0.9268 1 335.92 389.55 83.13 47.91 7.22;0.8496 1 1411.15 594.03 64.41 49.84 16.89;0.8274 1 1409.66 493.31 60.63 31.89 3.71;0.8184 1 819.18 88.43 46.47 44.02 5.89;0.8161 1 873.36 89.01 63.65 47.89 353.18;0.8111 1 103.45 523.87 79.22 43.13 352.62;0.7946 1 992.52 489.14 48.83 64.04 5.14;0.7924 1 1419.24 427.77 52.89 32.73 348.71;0.7922 1 1241.62 1000.21 43.72 82.95 344.37;0.7848 1 39.74 390.27 71.89 37.91 356.87;0.7721 1 1051.17 1032.65 40.34 66.40 350.37;0.7565 1 871.06 123.72 57.93 55.13 355.46;0.7045 1 1175.79 52.29 95.66 48.03 6.47;0.6948 1 1180.28 593.18 73.37 52.87 359.52;0.6176 1 1003.46 827.76 56.81 64.35 349.71;0.6115 1 1120.06 898.32 28.83 112.68 346.44;0.5856 1 158.48 391.44 75.60 33.21 352.77;0.5734 1 458.42 386.60 96.60 41.82 349.37;0.5638 1 1119.21 929.03 42.58 84.85 350.79;0.5594 1 1053.06 829.17 43.69 85.49 358.13;0.5367 1 456.90 361.80 86.15 32.81 347.23;0.5309 1 573.17 362.08 41.77 36.80 356.93;0.5073 1 1122.02 51.53 68.20 63.58 358.58;0.4587 1 997.92 427.34 45.61 58.41 352.92;0.4534 1 1002.11 797.40 39.55 76.88 350.06;0.4422 1 814.91 152.31 38.34 41.42 350.63;0.4283 9 756.50 425.39 44.32 19.45 355.47;0.4100 1 582.82 592.80 74.90 45.01 357.44;0.3907 1 630.69 592.92 83.15 51.06 342.51;0.3713 1 1232.22 594.29 85.49 52.59 343.54;0.3505 1 511.23 592.69 90.30 52.16 350.14;0.3366 1 1363.61 594.38 63.92 45.44 6.10;0.3107 1 575.26 387.42 71.01 38.63 14.70;0.3042 1 1055.35 764.29 52.38 73.09 357.26;0.2983 1 1004.75 1030.80 35.77 77.79 1.19;0.2935 1 94.59 391.12 96.88 39.26 342.95;0.2704 1 459.97 593.07 101.35 49.94 358.15;0.2579 1 284.15 389.76 72.24 39.80 0.07;0.2519 1 759.43 189.37 34.24 50.96 9.12
v_3w49zw27sc_0042,0.9920 1 578.44 490.25 86.42 38.27 356.49;0.9779 1 272.60 427.59 79.59 35.60 351.91;0.9683 1 1178.00 286.73 83.19 43.64 354.67;0.9674 1 999.87 391.64 83.76 34.14 0.07;0.9663 1 935.75 287.85 79.28 47.10 0.36;0.9576 1 456.67 322.95 83.07 36.86 356.75;0.9516 1 1234.26 222.34 88.29 36.70 352.80;0.9498 1 1177.81 259.96 88.52 28.92 354.44;0.9478 1 875.60 696.24 46.08 54.85 350.18;0.9457 1 1652.80 287.66 78.64 56.87 1.35;0.9455 1 1056.83 223.68 95.57 28.22 351.73;0.9406 1 812.26 427.52 75.09 49.76 355.52;0.9395 1 211.26 493.14 70.98 44.51 359.43;0.9347 1 518.89 391.55 79.37 24.01 348.37;0.9334 1 1177.98 223.27 80.00 39.86 4.61;0.9285 1 872.35 898.53 40.48 69.12 5.67;0.9266 1 401.87 492.22 91.24 26.15 347.18;0.9190 1 1600.72 287.04 96.14 38.12 345.88;0.9189 1 1532.10 391.47 85.69 28.56 343.89;0.9172 1 1117.64 222.95 83.21 31.80 352.06;0.9113 1 1722.20 391.05 70.32 46.35 3.28;0.9095 1 873.32 1032.34 54.27 81.89 351.11;0.9094 1 1482.39 220.35 102.32 36.87 353.78;0.9083 1 454.52 455.63 68.52 45.27 357.48;0.9041 1 1415.55 594.36 89.89 30.59 349.86;0.9020 1 36.38 260.00 50.43 35.25 343.77;0.9014 1 1717.08 425.99 78.61 29.69 352.62;0.8989 1 1421.16 557.56 71.11 44.64 347.55;0.8942 1 1419.98 529.90 90.95 32.31 353.51;0.8901 1 998.95 223.98 86.02 28.52 356.69;0.8853 1 1654.31 259.09 61.76 34.87 348.25;0.8801 1 872.15 491.44 73.83 47.96 346.24;0.8719 1 762.09 391.64 69.45 28.83 357.56;0.8633 1 812.32 392.44 68.64 44.14 345.65;0.8633 1 1832.87 558.13 62.12 54.50 350.15;0.8627 1 874.24 1000.31 40.40 66.55 1.92;0.8574 1 98.58 322.98 55.37 36.44 349.41;0.8566 1 90.81 427.51 70.77 53.42 341.20;0.8470 1 1780.61 593.13 105.10 25.25 344.89;0.8458 1 1053.82 427.79 57.66 44.18 347.22;0.8458 1 450.20 491.77 78.77 36.82 357.08;0.8394 1 1773.86 389.69 79.58 46.34 356.35;0.8303 1 1710.62 223.01 68.33 32.04 351.99;0.8186 1 581.34 286.89 88.59 42.13 345.81;0.8119 1 1529.89 220.69 84.40 39.17 352.77;0.7916 1 1178.94 596.73 77.33 35.55 347.69;0.7686 7 819.19 491.64 109.82 43.14 0.31;0.7402 1 1472.12 456.64 62.81 40.30 351.67;0.7345 1 1054.41 455.78 62.35 40.34 359.70;0.7106 1 630.13 288.30 70.38 54.58 354.22;0.7070 1 1051.43 392.79 61.02 42.33 353.44;0.6977 1 330.96 1030.96 89.36 41.40 341.35;0.6965 1 35.42 393.64 76.88 45.09 1.31;0.6824 1 36.06 287.97 59.85 49.93 8.95;0.6787 1 281.54 1030.34 90.85 39.71 339.08;0.6758 1 876.17 728.45 48.40 66.81 352.62;0.6746 1 163.27 492.70 58.50 33.88 1.22;0.6665 1 91.53 456.69 52.08 50.21 341.15;0.6654 1 1482.20 391.04 85.88 30.80 353.38;0.6648 1 1599.70 260.04 66.33 17.95 1.13;0.6577 1 1058.02 860.86 80.35 61.90 348.11;0.6462 1 824.15 898.21 57.83 46.20 6.88;0.6451 1 578.55 459.33 51.00 26.25 341.44;0.6444 1 1659.46 223.43 87.22 36.79 358.50;0.6426 1 1780.30 559.55 62.26 26.50 339.44;0.6420 1 222.91 425.55 72.64 35.49 354.03;0.6262 1 633.26 455.19 48.58 36.25 352.96;0.6231 1 1543.84 528.31 65.86 38.00 356.59;0.6188 1 760.36 426.53 79.31 24.22 344.37;0.6164 1 1470.83 558.18 68.03 54.56 345.97;0.6143 1 1589.58 528.39 75.99 44.20 350.51;0.5998 1 579.45 260.17 80.16 24.60 347.75;0.5840 1 937.98 259.08 69.20 26.43 347.40;0.5801 1 700.18 324.00 69.73 30.37 356.63;0.5764 1 459.40 123.67 83.95 30.67 338.13;0.5754 1 1058.78 1034.38 70.66 52.97 343.49;0.5679 1 570.93 392.77 65.53 19.88 345.23;0.5592 1 1471.36 427.61 77.65 25.78 344.43;0.5586 1 632.76 428.41 80.70 28.20 350.21;0.5567 1 335.96 287.99 71.41 41.82 350.10
v_d93kakshvf_0010,0.9892 1 1417.07 525.24 62.38 43.42 357.39;0.9449 1 1653.52 524.94 79.06 52.39 5.78;0.9189 1 1237.74 490.28 88.44 32.84 358.03;0.9135 1 995.25 359.85 28.95 70.27 356.35;0.9122 1 994.73 389.61 40.55 63.38 357.03;0.9053 1 1840.90 525.82 84.76 52.67 4.92;0.8802 1 1117.47 556.56 100.68 47.50 353.28;0.8799 1 1000.94 155.32 22.74 89.21 0.18;0.8778 1 1118.22 530.03 88.86 38.30 351.40;0.8307 1 999.15 930.83 26.44 76.64 355.08;0.8185 1 34.99 461.05 44.07 36.72 347.90;0.7939 1 1832.99 561.80 81.98 44.35 350.25;0.7583 1 1894.92 526.92 55.04 37.13 7.26;0.7462 1 995.10 53.59 34.79 103.23 359.69;0.7111 1 1602.71 524.33 88.98 41.89 1.26;0.6830 1 935.79 965.15 28.26 90.01 0.41;0.6771 1 1782.42 561.31 73.96 36.73 4.70;0.6693 1 1182.53 491.18 64.80 41.26 2.31;0.6576 1 997.05 20.68 46.30 58.17 1.90;0.6203 1 1354.97 563.02 48.56 44.14 350.61;0.6066 1 1112.91 1064.75 24.49 58.88 347.77;0.6009 1 1354.58 590.09 63.57 54.12 359.16;0.5791 1 1114.49 999.85 25.28 118.37 359.86;0.5725 1 943.07 188.72 32.43 75.03 349.05;0.5717 1 932.99 795.17 43.90 76.88 4.63;0.5430 1 934.77 996.75 25.44 78.59 14.86;0.5387 1 1300.63 589.93 49.81 61.97 353.01;0.5143 1 698.12 528.35 81.77 39.35 2.02;0.4723 1 997.31 186.56 37.87 76.26 352.56;0.4633 1 1361.11 525.26 44.90 50.30 356.00;0.4612 1 1421.79 627.54 29.18 92.50 359.20;0.4526 1 1115.51 1032.73 16.66 133.31 353.10;0.4288 1 1064.00 997.68 25.98 71.81 341.15;0.4116 1 1061.17 1065.31 24.99 46.77 0.15;0.4079 1 1058.50 695.10 39.15 66.84 339.50;0.4065 1 1415.54 496.40 52.93 28.99 349.90;0.3653 1 1060.94 795.66 32.84 71.00 354.30;0.3628 1 1420.14 560.65 56.54 71.55 3.83;0.3513 1 937.28 763.48 25.85 102.02 358.46;0.3392 1 1058.74 663.50 52.22 40.14 347.97;0.3370 9 815.32 561.88 46.62 24.00 3.18;0.3323 1 999.62 899.35 19.58 62.79 340.55;0.3303 1 999.60 728.87 27.71 59.32 354.82;0.3204 1 1599.59 592.35 52.79 76.64 18.77;0.3181 4 1473.85 561.25 78.10 56.51 350.62;0.3145 9 818.43 459.63 30.95 31.04 355.16;0.3134 1 1236.87 463.28 50.46 39.49 357.54;0.2936 1 1654.12 495.55 52.60 36.71 347.67;0.2711 1 940.72 219.28 32.52 58.23 3.71;0.2549 1 1599.75 562.02 58.68 34.80 350.41
v_j4ipunq273_0017,0.9761 1 1712.06 525.70 88.58 41.62 342.43;0.9370 1 1662.37 525.76 73.60 47.40 3.12;0.5287 1 97.87 489.75 82.92 63.70 348.58;0.4868 1 1232.40 795.07 60.83 57.05 346.44;0.4406 1 1177.63 492.92 53.19 47.84 343.45;0.3661 9 1655.34 559.99 73.22 15.46 349.38;0.3571 7 876.01 459.95 46.66 42.71 14.09;0.3236 1 1182.76 796.25 40.33 61.54 6.38;0.3008 1 635.33 392.25 61.59 50.50 357.83;0.2952 1 941.59 85.89 45.67 83.34 352.22;0.2566 9 1539.05 527.15 38.34 10.59 350.95;0.2566 1 633.06 423.93 52.24 67.74 2.91
v_gv39eyu2it_0003,0.9827 1 578.98 458.07 72.23 44.27 2.37;0.9801 1 1538.59 595.60 79.03 36.97 351.75;0.9720 1 513.02 495.65 97.94 46.09 358.85;0.9437 1 877.20 493.46 80.81 39.66 356.27;0.9433 1 1116.02 529.65 79.30 39.55 356.66;0.9296 1 337.71 390.79 71.46 47.51 5.27;0.9245 1 819.42 123.47 45.28 54.25 352.50;0.8959 1 991.94 595.30 49.05 73.72 353.44;0.8873 1 1833.70 596.24 84.61 47.57 354.54;0.8858 1 1241.52 1000.09 42.88 82.20 345.51;0.8588 1 815.67 151.08 54.68 46.37 354.17;0.8085 1 1410.36 593.29 67.81 45.08 354.59;0.7746 1 872.77 89.47 60.57 54.72 352.58;0.7638 1 993.49 625.70 55.44 73.75 346.49;0.7635 1 1232.92 593.78 81.93 40.19 346.31;0.7281 1 461.13 593.02 92.06 47.56 0.96;0.7257 1 39.12 392.03 66.95 37.61 356.35;0.7121 1 629.99 459.12 52.82 30.74 337.27;0.6937 1 1180.10 593.57 80.83 40.18 352.91;0.6925 1 1050.87 1032.47 45.53 62.97 348.07;0.6908 1 995.12 796.77 54.59 79.42 347.69;0.6677 1 820.49 89.51 37.77 47.06 8.11;0.6448 1 1476.79 526.99 66.60 49.07 4.84;0.6123 1 460.70 388.91 95.23 32.91 350.27;0.5773 1 462.62 494.18 91.90 38.40 1.35;0.5497 1 1363.57 593.57 66.00 46.75 9.65;0.5295 1 629.97 593.45 78.00 49.93 348.29;0.4884 1 1119.72 929.34 35.52 74.37 360.00;0.4612 1 1061.90 528.48 64.90 33.01 6.04;0.4528 1 1840.65 255.79 27.36 102.51 353.29;0.4443 1 1717.44 122.58 73.24 37.87 353.46;0.4397 1 517.65 389.82 117.54 41.88 352.17;0.4325 1 511.29 593.28 66.18 54.40 5.29;0.4270 1 872.09 123.82 37.64 70.44 4.31;0.4235 1 157.80 392.11 68.37 35.01 351.43;0.3874 1 516.97 522.25 68.30 47.01 359.15;0.3835 7 1539.96 561.17 107.27 62.27 1.77;0.3834 1 942.98 626.77 34.98 33.74 355.89;0.3825 1 576.27 389.10 78.18 40.98 2.45;0.3680 1 1004.45 1030.90 40.22 72.07 0.40;0.3671 1 1000.14 765.50 51.04 55.74 356.68;0.3627 7 1594.95 559.17 66.47 51.15 18.32;0.3436 1 1783.99 594.80 62.86 44.53 5.81;0.3387 9 1417.48 426.23 46.83 15.48 355.10;0.3132 1 1122.24 53.17 76.71 56.04 356.29;0.3025 1 584.56 593.54 81.58 36.69 353.53;0.2928 1 930.54 493.71 54.14 30.03 352.88;0.2915 1 881.75 53.74 33.96 93.78 1.78;0.2829 1 1115.79 557.30 58.15 36.63 0.97;0.2770 8 1054.43 358.26 37.78 27.32 357.71;0.2767 1 94.08 392.61 89.89 38.11 343.17
v_zvs8l9rjhk_0049,0.9874 1 696.29 527.85 74.52 49.12 6.66;0.9816 1 458.19 527.41 77.46 43.75 5.38;0.9674 1 94.01 526.38 81.94 42.39 353.96;0.9598 1 1241.36 528.30 74.53 33.35 353.31;0.9598 1 280.11 557.49 67.86 56.81 24.67;0.9569 1 1355.81 591.37 76.85 41.84 358.94;0.9406 1 1356.33 489.75 70.94 43.14 358.59;0.9367 1 1052.13 557.99 50.38 65.44 353.37;0.9210 1 1292.86 528.74 70.23 32.61 357.07;0.9120 1 1053.99 528.79 44.69 73.67 346.26;0.8672 1 996.14 53.59 34.94 92.40 355.67;0.8280 1 1056.68 154.52 37.28 68.49 357.79;0.7898 1 994.16 86.29 44.30 71.36 7.52;0.6825 1 934.84 797.52 35.40 74.32 356.11;0.6693 1 1600.49 592.29 79.09 60.73 9.19;0.6640 1 1833.62 563.70 94.03 41.09 355.27;0.6393 1 277.39 530.16 73.40 44.73 3.23;0.5663 1 1057.92 695.10 49.74 61.76 342.69;0.5513 1 1358.32 564.68 54.18 38.49 358.79;0.5442 1 999.95 21.30 45.75 61.47 2.35;0.5189 1 42.27 526.10 70.92 39.34 354.89;0.5120 1 1004.94 153.91 21.81 57.67 4.65;0.5060 1 644.35 527.00 62.94 41.38 6.32;0.5019 1 1238.58 557.87 59.57 31.58 352.68;0.4944 1 935.34 965.39 34.05 87.13 0.99;0.4582 9 816.17 561.86 44.84 17.31 7.14;0.4211 1 936.38 325.27 29.59 71.39 3.78;0.4142 1 1115.12 1063.57 26.68 57.35 344.47;0.3970 1 872.11 594.25 51.87 32.77 348.57;0.3909 9 636.82 559.48 48.88 13.36 11.47;0.3875 1 511.44 528.32 45.13 29.87 352.01;0.3717 1 938.01 356.86 28.10 62.52 4.17;0.3655 1 1300.65 492.83 66.64 65.70 5.28;0.3632 1 1355.13 463.64 46.60 43.51 356.72;0.3560 1 1301.90 591.79 73.36 36.39 349.25;0.3358 1 935.27 828.01 35.38 76.77 355.80;0.3192 1 1063.69 997.92 36.48 75.32 357.56;0.3168 1 1652.87 592.79 91.00 77.21 359.44;0.2944 1 935.63 996.80 27.75 83.90 10.12;0.2944 1 819.68 594.31 75.14 34.17 345.93;0.2922 9 816.73 526.22 26.48 19.57 0.48;0.2841 1 1056.01 728.01 39.73 56.51 338.98;0.2789 1 1005.27 557.82 47.71 39.19 359.59;0.2717 9 1119.98 628.00 43.97 23.24 339.06;0.2592 1 999.87 728.87 28.90 47.91 346.87
v_bn0q4d649g_0040,0.9890 1 692.06 424.52 78.15 35.06 356.17;0.9869 1 514.32 462.20 103.58 33.82 345.62;0.9862 1 574.93 424.36 82.31 34.97 1.61;0.9861 1 1119.87 254.84 69.71 31.29 359.79;0.9727 1 1419.75 525.23 81.06 38.34 356.20;0.9643 1 1237.74 255.59 78.25 35.66 358.35;0.9638 1 1539.66 254.24 86.54 34.33 352.20;0.9509 1 1538.30 290.10 112.23 24.21 353.13;0.9495 1 94.32 388.96 103.58 38.31 353.84;0.9494 1 1656.49 190.44 76.67 34.66 350.69;0.9482 1 933.82 864.31 28.92 100.96 356.25;0.9470 1 1231.68 293.49 79.57 36.59 6.57;0.9360 1 1415.79 562.44 101.97 30.15 342.56;0.9307 1 1300.12 254.77 100.68 30.13 359.74;0.9278 1 696.06 389.91 80.89 43.15 341.27;0.9268 1 402.14 360.78 97.17 31.31 349.65;0.9268 1 577.81 1000.55 76.36 28.48 350.33;0.9257 1 1409.69 292.93 91.50 31.60 355.88;0.9198 1 271.66 292.79 71.22 41.98 350.29;0.9198 1 211.45 427.35 81.74 33.98 356.91;0.9160 7 457.48 424.43 89.59 27.68 3.20;0.9149 1 999.99 220.14 73.74 29.99 354.18;0.9134 1 1001.90 193.46 76.17 25.17 352.16;0.9008 1 816.24 56.66 62.37 43.98 354.63;0.8979 1 1661.58 289.83 98.45 30.96 349.55;0.8923 1 1589.96 523.56 73.65 46.10 353.42;0.8616 1 1174.16 255.63 76.91 35.97 0.87;0.8603 2 1532.59 191.52 93.76 31.77 355.62;0.8466 1 1178.01 591.88 92.08 39.77 353.68;0.8443 1 1593.20 253.22 75.63 36.28 348.03;0.8293 1 274.83 488.97 87.02 45.18 348.22;0.8173 2 391.31 223.29 86.10 36.81 357.60;0.8151 1 1354.76 255.22 79.77 33.13 357.21;0.7985 1 934.24 831.98 35.34 85.89 357.02;0.7936 1 640.36 425.15 72.02 19.76 357.71;0.7884 1 1360.69 291.54 90.83 30.25 353.36;0.7847 1 1544.78 524.13 102.39 33.59 359.33;0.7820 1 696.21 360.96 66.72 27.64 347.91;0.7678 1 451.13 361.76 98.86 42.86 355.18;0.7626 1 633.27 361.68 97.01 25.58 352.79;0.7567 1 516.33 424.62 104.00 37.81 356.94;0.7562 1 160.35 426.36 63.33 33.01 359.33;0.7529 1 516.75 1065.76 86.24 34.50 354.01;0.6910 1 222.28 292.30 77.17 34.08 347.82;0.6882 1 1709.95 290.74 70.47 37.50 350.75;0.6811 1 1592.60 289.57 94.35 39.97 347.95;0.6787 1 1049.81 191.88 80.66 33.55 354.27;0.6654 1 1782.65 526.20 86.99 32.89 358.59;0.6654 1 275.71 462.70 70.28 41.52 353.89;0.6422 1 150.97 1068.12 66.97 34.68 344.66;0.6412 1 515.64 487.64 72.07 42.28 351.38;0.6252 7 1835.52 561.68 124.91 47.60 351.48;0.6103 2 1838.95 190.92 103.72 35.09 357.71;0.5858 1 1474.34 253.01 91.82 28.38 358.55;0.5831 1 814.67 84.39 67.83 38.07 358.28;0.5800 1 1060.33 1031.43 66.26 59.59 353.47;0.5748 1 880.89 190.63 80.05 32.18 349.98;0.5700 1 100.64 1068.10 61.52 30.60 353.41;0.5637 9 639.63 461.47 36.25 9.70 348.05;0.5497 1 1469.03 524.95 70.53 40.65 356.51;0.5486 7 1236.72 192.61 80.09 31.86 2.99;0.5447 1 337.41 1068.18 77.65 31.38 347.56;0.5421 1 43.02 388.66 93.98 39.81 357.18;0.5300 1 402.44 388.20 57.93 23.48 348.78;0.5134 7 1180.66 191.59 99.65 42.48 359.50;0.4906 1 1832.16 525.59 85.78 52.62 358.45;0.4894 1 457.70 1066.82 70.46 30.30 350.48;0.4870 1 1237.07 221.01 60.16 28.82 347.26;0.4753 2 695.09 491.07 94.48 39.08 1.06;0.4672 1 340.59 461.99 86.22 34.35 358.74;0.4646 2 272.79 120.44 81.44 43.63 357.70;0.4592 9 1177.93 359.67 66.98 12.48 343.04;0.4586 1 1182.83 292.17 79.26 28.04 355.22;0.4558 2 342.33 223.69 98.49 34.99 353.11;0.4551 9 159.23 458.19 50.02 16.44 346.85;0.4463 1 931.77 190.82 98.20 34.94 350.23;0.4444 1 275.52 1066.82 71.83 35.52 350.49;0.4412 4 1535.47 223.60 55.07 21.31 340.08;0.4313 1 579.60 359.36 85.00 34.41 358.12;0.4088 1 219.22 459.65 58.34 34.83 357.65
v_c7gtxc0fr8_0032,0.9695 1 93.65 492.60 113.01 40.51 345.88;0.9341 1 1720.85 491.40 54.82 48.68 7.56;0.9318 1 1178.21 528.21 59.71 58.32 356.37;0.9070 1 41.99 492.01 73.55 39.03 357.55;0.8833 1 995.85 595.16 30.07 80.26 9.11;0.8748 1 998.41 933.06 32.62 80.76 357.74;0.8118 1 1651.87 527.25 57.58 47.58 11.98;0.8100 1 400.60 492.07 109.57 43.88 1.70;0.8083 1 1896.31 559.89 37.80 45.12 17.60;0.8048 1 935.24 660.66 38.56 71.79 354.74;0.7787 1 1480.59 424.47 67.48 55.30 4.95;0.7757 1 156.36 527.06 77.37 37.86 355.98;0.7520 1 1057.36 457.85 65.07 46.63 359.96;0.7495 1 933.97 861.98 40.97 74.22 4.32;0.7228 1 451.00 492.45 94.65 44.12 353.54;0.7184 1 936.51 830.51 27.95 86.70 1.42;0.7012 1 998.05 899.48 35.90 92.11 349.45;0.6998 1 998.73 291.15 38.86 63.96 350.98;0.6923 1 817.12 490.78 74.49 55.86 357.19;0.6899 7 637.16 493.77 100.00 53.98 346.54;0.6714 1 577.62 457.37 66.64 45.79 354.59;0.6670 1 1838.19 490.21 74.13 39.30 5.51;0.6623 1 936.27 998.62 27.60 79.23 8.39;0.6530 1 937.80 966.19 22.16 62.96 1.25;0.6414 1 1839.97 422.57 97.73 35.31 358.73;0.6282 1 37.37 596.93 41.02 53.78 0.34;0.6048 1 40.16 627.90 40.51 70.45 8.99;0.6023 1 994.82 628.28 28.77 89.66 1.61;0.5889 1 1534.71 423.50 84.86 60.56 356.03;0.5859 1 1773.69 492.82 66.90 39.98 358.00;0.5757 1 815.83 462.14 54.97 46.23 354.35;0.5564 1 1841.65 558.91 45.49 52.82 12.43;0.5316 1 995.44 1035.45 26.67 97.84 350.72;0.5256 1 576.97 428.35 49.80 29.21 350.33;0.5253 1 1898.06 491.83 35.93 41.21 10.76;0.5131 1 1117.56 493.04 33.07 54.45 12.60;0.5095 1 993.62 88.72 45.70 94.36 7.34;0.5015 1 1602.86 526.93 47.40 47.24 10.31;0.4928 1 939.25 795.65 30.13 90.07 1.01;0.4916 1 994.63 1064.23 27.36 45.65 356.60;0.4892 1 936.26 630.61 17.55 62.79 358.36;0.4851 1 996.26 662.01 39.57 88.87 356.67;0.4745 1 941.41 152.69 41.69 85.00 6.71;0.4616 1 936.08 390.80 40.18 68.45 359.37;0.4593 1 940.43 121.79 37.59 75.69 3.24;0.4519 1 1477.89 528.36 52.49 64.66 357.79;0.4453 1 1060.66 827.65 41.22 58.68 352.18;0.4368 1 516.44 557.74 48.87 47.09 357.06;0.4178 1 1899.31 527.96 22.11 37.78 29.74;0.4144 1 997.27 765.27 37.20 68.42 349.68;0.4144 1 937.92 358.15 23.56 77.73 351.61;0.4000 1 340.32 492.32 71.86 42.12 2.84;0.3970 1 1064.85 727.77 38.25 47.68 353.34;0.3969 1 1121.75 527.21 36.38 57.73 0.96;0.3896 1 760.83 491.32 41.26 69.37 1.35;0.3842 1 1718.63 595.62 50.28 45.03 357.92;0.3803 1 1420.93 426.55 46.59 39.76 356.20;0.3767 1 518.87 527.99 39.66 69.40 2.62;0.3659 1 1174.92 962.56 20.41 70.83 15.39;0.3605 1 999.52 457.07 54.61 48.36 356.45;0.3514 1 694.24 526.34 27.00 55.69 355.32;0.3504 1 936.91 693.50 29.95 70.96 353.87;0.3389 1 1177.84 559.21 36.86 65.58 350.92;0.3381 1 1773.67 596.53 43.12 49.22 1.80;0.3365 1 520.03 492.56 54.89 45.66 6.30;0.3364 1 881.34 424.84 32.41 53.95 355.94;0.3338 1 1532.63 561.07 45.29 67.67 352.42;0.3209 1 1717.19 459.85 40.37 41.75 346.10;0.3204 1 694.64 558.21 34.11 71.99 10.10;0.3177 7 579.06 492.61 99.84 62.01 5.73;0.3138 1 941.82 87.95 38.16 77.74 10.98;0.3117 1 1000.38 21.07 35.20 44.46 358.65;0.3058 1 935.31 457.99 47.63 55.71 349.55;0.3052 1 1114.89 459.35 38.29 46.18 5.37;0.3031 7 1775.48 423.64 100.42 48.37 354.58;0.2948 1 877.62 458.27 44.84 61.23 2.47;0.2942 1 1357.67 594.97 19.71 131.27 4.84;0.2922 1 157.72 493.70 49.05 32.41 11.62;0.2901 1 996.49 964.88 27.31 96.92 1.50;0.2808 1 1112.71 727.25 43.48 63.02 358.31
v_8pihfsoz2l_0023,0.9795 1 574.52 523.13 98.27 55.53 0.16;0.9677 1 760.15 563.06 78.90 42.74 347.43;0.9393 1 874.34 121.92 60.98 51.80 352.01;0.9307 1 1597.82 557.01 87.72 51.33 355.34;0.9272 1 872.16 156.41 69.97 49.42 355.73;0.9248 1 1235.53 628.84 55.18 45.09 359.92;0.9073 1 39.18 424.48 63.18 36.61 0.93;0.8950 1 937.95 459.97 58.82 53.08 352.77;0.8826 1 458.17 396.22 108.78 29.55 340.55;0.8511 1 1597.74 529.93 101.25 49.65 344.60;0.8472 1 1777.01 154.56 74.00 38.11 351.00;0.8215 1 576.36 496.36 101.29 45.30 340.67;0.8180 1 1840.76 631.16 92.67 36.27 351.19;0.8022 1 1055.38 1033.73 41.35 74.38 7.19;0.7816 1 334.22 423.36 86.36 42.45 0.20;0.7709 1 458.76 420.33 105.36 39.73 347.50;0.7644 1 630.68 627.81 80.44 49.03 346.10;0.7611 1 1054.65 862.91 40.28 92.91 356.97;0.7607 1 1055.82 829.93 39.89 89.48 1.86;0.7431 1 1119.80 592.22 73.95 43.69 2.40;0.7394 1 818.78 156.02 49.52 44.26 357.05;0.7366 1 581.95 627.60 82.16 46.31 355.91;0.7189 1 821.00 120.87 43.46 52.77 13.14;0.7116 1 1590.83 631.53 58.19 54.53 17.13;0.6904 1 1053.80 1064.08 35.24 48.11 351.54;0.6454 1 1178.09 83.12 72.75 51.81 358.46;0.6133 1 936.64 489.83 55.47 42.82 3.17;0.6083 1 1173.30 561.91 61.58 48.93 2.19;0.5827 1 521.92 523.91 100.29 39.08 357.70;0.5794 1 1122.10 563.65 66.82 39.34 2.41;0.5613 1 282.95 423.29 94.50 50.26 1.79;0.5490 1 1840.57 657.27 79.02 54.98 0.51;0.5004 1 1179.05 58.19 79.16 45.75 345.57;0.4646 1 1053.30 893.52 37.38 61.87 10.70;0.4276 1 810.48 563.68 71.88 44.01 353.72;0.3716 8 1473.24 459.70 53.43 27.89 357.17;0.3714 1 211.97 424.04 89.18 36.32 350.54;0.3489 1 1294.37 1064.36 35.32 43.79 352.83;0.3487 1 758.68 590.18 75.63 36.11 355.11;0.3117 1 1181.40 628.12 47.59 41.55 357.11;0.3076 1 1540.86 659.13 71.60 37.68 357.93;0.2959 1 878.77 628.06 64.31 29.72 355.37;0.2950 9 1477.13 492.25 44.48 17.87 4.82;0.2849 1 938.08 429.14 59.82 41.97 356.63;0.2802 1 1543.10 630.43 68.37 39.59 11.28;0.2801 9 398.63 493.73 47.03 13.42 345.52;0.2734 1 996.79 695.30 52.16 38.48 351.08;0.2638 1 1893.41 630.49 76.30 36.64 0.15;0.2588 9 759.05 460.33 45.68 10.90 346.16;0.2586 9 1119.98 965.59 30.19 26.61 342.82
v_bh2crsapvm_0001,0.8316 1 95.05 462.17 86.58 40.70 349.80;0.6199 1 999.59 930.88 34.18 84.42 357.89;0.4834 1 95.50 489.15 62.49 48.18 348.05;0.4444 9 1656.54 526.77 53.72 28.24 353.76;0.4033 1 1357.22 761.75 90.42 66.24 345.89;0.3360 1 941.83 54.15 38.05 105.84 350.51;0.2535 9 1836.47 525.23 50.98 17.83 351.71
v_hh9febk2cz_0029,0.8827 1 95.42 461.52 94.15 40.36 350.12;0.4310 9 1656.55 527.04 48.77 26.33 356.26;0.4198 1 995.89 930.41 38.57 78.48 356.87;0.3937 8 1897.63 494.26 67.48 24.65 353.96;0.3922 1 1179.22 525.92 46.96 48.25 341.70;0.3643 1 942.04 53.99 39.28 103.16 350.56;0.3584 1 1182.67 795.22 35.87 78.64 11.69;0.3544 1 95.72 489.59 55.61 41.60 346.13;0.3538 1 1356.58 762.05 98.99 64.86 343.03;0.2810 1 1232.32 793.89 59.43 53.25 347.90
v_i1cg1t05hq_0041,0.9313 1 95.66 493.04 101.59 42.21 351.79;0.9260 1 938.41 225.75 40.64 61.16 2.42;0.8950 1 878.99 425.57 42.60 62.37 356.83;0.8889 1 936.74 255.34 38.60 87.49 354.25;0.8883 1 101.33 559.25 60.47 35.37 3.84;0.8715 1 394.16 494.40 87.37 42.37 352.66;0.8646 1 934.97 931.11 40.27 74.97 8.41;0.8640 1 153.75 559.11 77.57 34.67 354.64;0.8489 1 935.94 729.97 39.02 62.62 349.12;0.8417 1 932.42 559.85 37.62 102.13 355.52;0.7922 1 936.43 762.13 50.17 71.60 1.84;0.7916 1 998.82 664.05 33.43 61.10 352.78;0.7708 1 1898.47 492.31 29.96 45.41 6.04;0.7666 1 1118.50 493.64 42.20 71.00 8.50;0.7368 1 641.70 492.46 92.56 42.19 349.66;0.7273 1 996.36 831.80 31.79 78.37 356.77;0.7150 1 998.54 693.61 40.26 90.36 356.07;0.7127 1 936.81 897.88 30.32 67.76 0.35;0.6818 1 995.41 862.97 49.99 80.75 3.26;0.6248 1 1479.76 424.89 72.32 65.09 5.28;0.6172 1 41.97 493.23 59.07 37.50 3.16;0.6141 1 935.34 527.59 36.44 78.99 4.11;0.5959 1 39.66 627.79 48.13 70.36 9.05;0.5925 1 1535.12 423.94 84.88 59.98 355.12;0.5840 1 874.95 456.71 57.67 59.35 358.13;0.5798 1 1838.82 423.18 103.29 42.11 355.19;0.5728 1 937.04 54.05 38.86 69.62 2.02;0.5622 1 936.68 358.40 33.36 79.20 357.18;0.5447 1 1421.42 426.68 44.42 45.54 357.12;0.5376 1 933.87 392.63 35.78 76.92 356.35;0.5259 1 158.65 528.30 49.78 54.94 0.88;0.5226 1 935.25 288.18 43.41 78.43 359.27;0.5011 1 996.55 121.53 31.72 73.70 1.93;0.4969 1 936.99 1032.44 35.81 78.10 0.91;0.4914 1 342.46 493.42 65.82 49.17 4.23;0.4761 1 1060.82 827.53 49.68 53.30 359.66;0.4680 1 935.99 999.91 28.61 86.87 4.00;0.4509 1 1058.43 458.55 37.71 65.45 357.48;0.4481 1 1111.81 728.02 50.91 60.93 0.68;0.4319 1 691.69 492.78 82.64 44.88 345.06;0.4204 1 996.13 1034.25 27.17 84.39 355.17;0.4190 1 1119.54 526.35 35.69 71.71 3.47;0.4063 1 995.72 1065.46 31.07 54.92 353.98;0.3965 1 1899.11 593.80 29.37 49.38 3.14;0.3897 1 936.46 1065.41 32.10 32.85 1.62;0.3814 1 1053.35 593.60 36.82 86.40 0.99;0.3792 1 1655.75 627.89 34.28 83.05 0.08;0.3785 1 937.95 86.14 32.48 77.13 8.51;0.3636 1 939.27 864.27 24.34 70.93 359.44;0.3609 1 816.46 491.65 40.48 39.87 359.39;0.3541 1 1722.03 423.84 84.71 38.13 357.41;0.3534 1 1000.19 593.80 29.64 70.01 352.62;0.3519 1 997.76 153.57 21.11 68.30 3.17;0.3513 1 1055.10 932.25 31.28 61.81 351.88;0.3482 1 1417.89 527.16 33.20 61.58 1.78;0.3444 1 1055.08 561.29 23.32 78.22 2.79;0.3428 1 1065.41 728.12 38.01 43.45 341.36;0.3393 1 1898.75 460.07 25.20 52.39 14.13;0.3352 1 1473.76 1032.42 46.71 77.42 6.03;0.3279 1 1175.24 963.50 22.65 70.78 5.45;0.3265 1 520.64 494.07 48.07 43.25 1.13;0.3179 1 213.59 527.13 45.32 62.83 7.65;0.3165 1 518.52 526.62 43.33 72.48 9.14;0.3097 1 1602.10 661.86 31.42 66.41 2.36;0.3095 1 36.98 597.09 50.32 37.40 357.90;0.3034 1 934.26 592.36 29.58 80.49 352.19;0.3021 1 517.33 557.87 41.19 67.63 8.71;0.3020 1 937.63 795.70 30.12 96.62 0.96;0.2910 1 1356.78 625.47 35.08 72.10 5.98;0.2815 1 880.85 526.47 28.99 75.93 2.42;0.2700 1 335.37 526.68 43.48 47.89 3.48;0.2653 1 822.00 895.30 66.03 42.55 67.13;0.2653 1 277.47 593.26 40.61 54.18 17.35;0.2623 1 1000.57 21.41 35.12 46.92 358.97;0.2512 1 938.68 21.62 27.64 51.72 354.67
v_rrpcqktcpy_0037,0.9851 1 215.79 495.24 75.14 43.40 4.35;0.9612 1 518.38 560.93 73.15 44.24 10.33;0.9576 1 998.88 255.47 21.85 92.66 347.77;0.9469 1 762.18 494.91 72.98 40.33 357.15;0.9155 1 274.19 562.16 72.13 40.56 6.31;0.8738 1 996.31 287.37 25.80 85.68 1.48;0.8645 1 1004.48 860.82 31.03 79.79 336.73;0.7652 1 1002.94 831.97 31.36 74.41 332.37;0.7530 1 935.02 796.54 36.59 73.81 0.53;0.7339 1 883.30 494.48 56.42 44.46 7.23;0.6607 1 941.68 187.78 35.03 81.24 349.48;0.6544 1 929.00 493.87 49.21 43.26 2.53;0.5598 1 212.30 624.60 69.26 59.84 357.14;0.5575 1 1355.72 590.32 69.12 52.78 354.04;0.5324 1 936.55 325.09 21.13 67.70 7.85;0.5253 1 216.58 523.16 54.67 49.03 358.22;0.5230 1 1061.89 220.35 40.15 69.34 353.64;0.5188 1 1057.70 695.67 42.20 62.80 341.44;0.5119 1 1832.74 563.33 98.65 39.76 346.86;0.4934 1 1783.34 561.54 71.26 40.95 2.66;0.4924 1 1599.76 592.35 78.55 65.61 3.68;0.4794 1 1298.42 493.71 38.12 68.81 357.21;0.4706 1 938.28 356.93 25.08 62.16 12.19;0.4603 1 760.23 522.91 59.43 32.86 2.19;0.4598 1 935.76 964.97 30.58 95.74 3.17;0.4514 1 936.52 828.13 32.77 82.76 355.80;0.4098 7 224.93 560.85 63.53 32.58 7.35;0.4055 1 454.98 764.11 41.93 106.95 4.35;0.3966 1 999.42 728.38 31.72 55.73 351.37;0.3936 1 809.08 496.06 71.92 50.36 356.82;0.3772 1 994.45 223.02 19.98 84.29 340.74;0.3364 1 1063.00 188.34 35.91 87.53 348.24;0.3197 1 999.48 695.96 32.17 69.48 356.76;0.3136 1 1056.59 727.99 37.89 59.90 342.39;0.3103 1 935.58 996.24 24.56 76.64 16.64;0.3102 7 1296.67 526.37 43.63 59.70 354.32;0.2940 1 37.99 596.62 57.49 38.09 352.56;0.2848 1 163.83 625.45 57.73 39.21 350.81;0.2825 1 1356.27 563.80 43.42 54.78 347.76;0.2762 1 1052.83 862.85 27.01 73.53 341.94;0.2753 1 1056.35 357.59 25.19 52.18 344.82;0.2725 2 1474.35 561.83 83.78 61.60 359.63;0.2690 1 575.82 493.45 17.32 61.36 65.15;0.2632 9 872.83 594.25 43.02 19.62 351.58
v_4jida6kigm_0027,0.9750 1 1720.37 494.39 69.47 36.41 0.00;0.9693 1 154.32 558.37 77.88 38.12 357.96;0.9619 1 214.00 496.36 53.50 50.50 355.21;0.9272 1 1291.22 495.24 61.56 43.73 352.84;0.9257 1 214.02 522.63 60.46 71.21 7.31;0.9085 1 1831.12 562.88 97.77 37.90 353.72;0.9042 1 463.16 558.56 75.06 49.60 13.97;0.8994 1 512.39 559.89 75.21 52.60 8.74;0.8800 1 1243.21 494.55 74.39 29.99 358.02;0.8486 1 998.68 152.83 22.54 100.26 11.38;0.8442 1 1896.38 495.10 50.89 33.59 1.47;0.8437 1 1001.51 122.77 24.94 87.45 355.83;0.8224 1 690.27 524.82 66.83 50.47 350.32;0.8200 1 161.16 525.40 56.28 54.69 1.20;0.7958 1 1355.75 590.93 83.16 45.20 354.21;0.7549 1 643.68 523.19 85.66 43.75 353.38;0.7301 1 1897.28 524.02 64.21 50.33 19.01;0.7169 1 934.16 797.22 39.04 77.52 2.68;0.7153 1 943.99 188.78 30.08 74.17 352.73;0.6513 1 937.95 356.56 33.01 78.40 7.18;0.6177 1 213.15 625.94 73.18 48.64 344.90;0.5921 1 1058.15 695.47 45.84 63.43 341.31;0.5837 1 1600.63 592.62 79.07 56.25 1.71;0.4697 1 937.44 325.90 27.16 84.16 3.66;0.4468 1 1772.91 495.12 86.71 35.34 353.69;0.4454 1 935.42 965.18 33.86 94.15 0.26;0.4336 1 1423.30 628.43 35.06 73.95 350.61;0.4237 1 1115.22 1063.28 33.18 56.00 347.04;0.3957 1 1056.00 727.53 38.42 60.46 339.45;0.3892 1 1785.10 561.34 60.20 33.80 357.88;0.3788 1 872.08 594.36 53.33 31.63 354.48;0.3744 2 1472.93 562.51 90.12 59.36 0.31;0.3604 1 104.34 559.39 56.35 37.01 4.59;0.3570 9 1716.82 524.19 59.74 20.03 8.37;0.3498 1 942.61 219.06 39.86 62.81 4.51;0.3273 1 1295.75 526.56 51.37 53.02 3.19;0.3196 1 935.73 997.24 25.65 86.01 12.81;0.3179 1 1000.20 728.69 26.58 58.67 349.16;0.3071 1 1300.22 592.15 63.87 44.93 350.40;0.3051 1 1062.72 221.71 44.79 40.38 344.56;0.2943 1 1356.86 563.45 55.98 47.12 345.59;0.2916 1 155.90 424.02 60.03 48.11 355.09;0.2858 1 1001.18 18.70 45.00 42.67 2.37;0.2787 1 934.91 827.64 35.52 80.22 359.04;0.2749 7 1476.23 593.35 48.00 46.97 353.95;0.2725 1 164.31 626.90 49.57 30.06 359.26;0.2719 1 1062.89 1065.32 27.00 38.73 358.29;0.2524 9 815.31 526.37 27.31 14.24 0.58;0.2504 1 454.46 764.83 48.15 117.95 358.07
v_pdb5up0n67_0008,0.9604 1 993.76 187.73 36.20 61.81 353.96;0.9216 1 993.07 662.31 57.23 60.16 344.19;0.9061 1 34.85 489.69 51.71 48.43 29.87;0.8921 1 994.09 53.94 30.50 98.40 356.40;0.8654 1 1479.67 560.80 78.49 46.14 351.56;0.8457 1 451.60 531.25 84.76 50.16 354.36;0.8145 1 1354.63 563.73 65.12 52.87 343.07;0.7014 1 403.35 529.76 70.95 37.34 354.00;0.6733 1 1353.89 589.96 71.38 50.58 8.13;0.6532 1 934.08 964.89 35.81 84.08 1.75;0.6388 1 402.37 556.12 78.31 39.84 17.74;0.6349 1 454.08 557.92 87.54 58.85 3.49;0.6099 1 995.99 22.21 34.13 77.06 355.68;0.5888 1 279.02 625.88 102.02 42.58 356.98;0.5811 1 35.38 461.43 34.18 41.30 339.54;0.5640 1 1411.92 526.30 84.23 41.70 357.47;0.5317 1 993.90 629.60 38.97 50.31 353.53;0.5166 1 1833.41 562.85 88.78 41.31 346.73;0.5143 1 932.75 795.94 50.11 61.75 359.72;0.4841 1 993.34 220.19 33.98 55.41 4.89;0.4643 1 1062.91 997.90 36.32 87.67 358.04;0.4620 1 1301.60 590.79 61.14 45.74 353.92;0.4492 7 1357.04 496.05 70.75 45.60 1.24;0.4387 1 999.67 156.12 14.89 84.08 1.89;0.4267 1 1783.20 561.32 67.42 47.01 6.62;0.4165 1 1422.23 628.17 30.98 75.11 2.31;0.3625 1 1299.89 493.79 54.75 45.54 358.91;0.3594 1 1060.80 1064.95 24.71 45.31 359.81;0.3580 4 1357.82 524.54 95.43 46.94 355.73;0.3550 1 1599.83 591.90 64.55 66.26 9.51;0.3120 7 1300.83 526.03 61.35 42.40 355.70;0.3065 1 1473.88 423.55 36.49 62.48 356.97;0.3062 1 1058.01 695.51 28.04 58.15 341.73;0.2990 1 1061.69 187.40 33.26 95.16 354.17;0.2979 1 934.38 996.68 23.86 72.82 12.76;0.2926 1 1061.19 219.84 45.12 67.54 350.18;0.2718 1 996.34 692.81 33.02 59.98 347.50;0.2695 1 1113.92 1063.61 25.69 61.24 343.88
v_lbwq14v3yi_0040,0.9829 1 1656.58 529.01 79.30 36.38 355.37;0.9367 1 1774.94 493.67 77.05 39.59 353.53;0.9357 1 1419.61 528.37 77.61 36.57 358.47;0.9128 1 91.88 529.84 80.14 46.26 353.43;0.9109 1 1115.37 562.89 82.13 38.27 350.90;0.9042 1 1422.76 592.03 74.88 44.93 1.21;0.8806 1 1298.29 593.14 78.86 37.95 354.64;0.8784 1 757.41 493.20 48.90 43.51 5.27;0.8313 1 1241.69 527.97 72.50 35.52 349.98;0.8310 1 1292.45 528.10 71.70 44.48 352.90;0.8035 1 939.87 727.35 48.88 69.11 349.19;0.7910 1 996.86 963.19 35.64 80.29 330.19;0.7907 1 1472.27 591.51 89.06 46.07 0.88;0.7870 1 1895.45 593.87 57.59 47.74 13.09;0.7533 1 1114.17 591.75 73.52 57.46 349.87;0.7494 1 41.96 528.89 68.02 36.48 357.39;0.7373 1 941.47 860.86 40.16 88.87 324.52;0.6744 1 937.95 1067.21 30.15 39.08 333.15;0.6560 1 1592.06 592.90 68.30 45.79 2.18;0.5989 1 996.81 1067.62 34.33 34.75 345.99;0.5632 1 1542.73 593.28 68.77 39.13 11.25;0.5554 4 992.78 762.23 47.60 55.66 314.90;0.5388 1 1723.16 493.37 61.94 39.53 9.42;0.5340 1 880.97 796.93 42.19 86.67 349.72;0.5224 7 995.34 731.02 52.84 95.34 334.32;0.5015 1 941.92 832.33 28.79 111.07 327.42;0.4918 1 1239.73 558.70 40.38 42.23 356.69;0.4695 1 940.69 996.40 29.45 75.97 344.63;0.4534 1 1056.18 1064.70 36.15 42.95 355.54;0.4467 1 1295.16 561.31 53.12 51.55 344.16;0.4332 1 1419.63 560.74 58.46 34.35 335.48;0.3645 1 996.64 934.56 32.02 72.06 326.36;0.3582 1 938.64 696.61 53.10 57.45 353.03;0.3184 1 1351.02 594.08 60.84 35.37 1.34;0.3103 1 879.44 997.73 25.60 95.55 352.33;0.2987 9 1060.81 592.19 60.90 16.39 353.94;0.2754 1 1000.36 390.57 34.33 52.94 358.42;0.2648 1 1295.06 494.52 52.68 38.68 354.42;0.2517 1 1058.49 1032.91 33.00 105.76 338.58;0.2505 1 1058.08 190.11 52.48 57.00 336.25
v_snkfiomqma_0036,0.9507 1 996.27 864.42 37.60 65.44 357.86;0.9350 1 934.05 1032.46 36.68 74.38 0.38;0.9228 1 937.65 932.15 34.33 78.24 4.07;0.9115 1 1420.03 526.62 74.15 36.45 355.88;0.9114 1 1415.30 590.50 72.15 43.28 356.09;0.9110 1 994.52 966.07 27.30 81.21 355.12;0.9047 1 875.60 763.71 56.43 44.39 3.30;0.8846 1 1590.77 524.48 79.38 42.46 352.98;0.8629 1 1418.30 562.00 82.37 34.70 339.38;0.8548 1 753.54 1065.83 60.93 43.60 353.92;0.7466 1 1545.16 525.08 88.67 33.45 1.28;0.7437 1 1178.65 593.08 89.06 36.21 351.84;0.7049 1 873.90 794.98 69.62 41.44 21.03;0.6266 1 1064.19 1032.89 35.91 50.82 333.78;0.6251 1 1057.91 120.05 52.66 54.63 344.09;0.6189 1 1059.31 89.82 47.41 68.27 339.49;0.6082 1 1469.16 526.70 73.48 41.78 355.83;0.5979 1 518.13 1067.79 79.01 31.41 350.81;0.5841 1 995.46 897.31 26.86 97.87 9.47;0.5721 1 936.33 899.75 25.64 56.20 7.22;0.5473 1 940.82 963.00 27.55 89.42 6.20;0.5310 1 1832.94 526.67 85.16 49.34 356.43;0.5108 1 1780.56 561.81 96.33 26.55 348.67;0.4938 1 455.71 1068.33 70.14 27.46 345.80;0.4355 1 994.16 933.80 20.42 90.74 5.19;0.4332 1 999.87 831.68 37.00 92.45 2.02;0.4130 1 152.19 1068.57 58.54 25.76 350.10;0.4117 1 1782.67 526.73 83.90 31.39 1.33;0.4013 1 1476.80 1031.56 71.87 50.27 353.35;0.3987 7 1834.27 562.31 110.84 48.37 348.79;0.3937 9 1179.30 191.29 48.83 17.84 348.68;0.3562 9 634.55 998.01 37.75 12.66 353.50;0.3545 9 575.55 389.77 46.47 14.36 342.67;0.3527 7 997.21 121.76 85.64 54.74 356.70;0.3389 1 571.93 1067.89 56.94 26.18 346.09;0.3324 9 1415.71 222.73 44.52 15.09 357.98;0.3298 9 997.92 222.76 55.15 20.58 347.82;0.3284 9 997.13 291.58 51.74 22.85 351.80;0.3253 9 998.27 256.81 46.99 19.30 355.20;0.3176 1 939.70 1000.20 20.03 75.26 4.20;0.3104 9 696.72 390.39 37.49 11.29 346.02;0.3015 7 996.99 88.16 69.78 57.73 1.59;0.2966 9 996.73 391.48 44.61 16.66 350.59;0.2955 9 1656.08 562.27 48.64 15.32 349.92;0.2735 9 997.14 358.81 50.87 19.65 350.76;0.2709 9 816.70 492.46 38.92 17.41 3.30;0.2696 9 817.55 460.13 43.86 14.18 355.19;0.2689 9 576.77 360.08 69.74 19.05 347.49;0.2657 9 517.10 86.97 36.28 14.42 343.23;0.2646 9 697.43 359.27 60.74 16.02 348.83;0.2594 9 815.39 358.33 44.03 15.70 351.53;0.2575 7 1473.21 561.30 57.90 33.81 355.45;0.2538 9 816.21 121.31 46.16 15.60 352.31;0.2512 9 1236.02 191.10 50.00 15.44 351.01;0.2510 9 817.08 88.11 41.48 14.11 345.92
v_jedkzia1gx_0024,0.9850 1 818.41 525.30 65.74 44.05 2.36;0.9727 1 637.77 1001.22 84.03 28.66 352.13;0.9720 1 938.29 221.46 85.15 39.28 352.61;0.9656 1 936.34 931.60 39.24 68.13 3.57;0.9611 1 1419.72 525.80 77.97 39.04 357.50;0.9558 1 995.86 864.19 34.02 78.49 353.76;0.9436 1 877.22 661.56 48.11 56.15 359.23;0.9113 1 1590.70 524.27 76.82 44.36 352.30;0.9087 1 1178.55 592.35 85.65 37.20 351.61;0.9056 1 1417.62 562.28 93.79 31.37 340.55;0.8951 1 994.53 966.72 30.66 77.64 356.94;0.8860 1 1291.50 422.49 81.02 49.48 358.35;0.8850 1 944.24 425.07 80.40 31.68 345.67;0.8746 1 818.72 388.86 71.23 42.44 352.86;0.8611 1 878.44 1033.55 45.54 73.41 12.86;0.8505 1 698.61 461.48 81.18 39.19 346.86;0.8482 1 817.24 360.59 83.83 36.14 347.68;0.8399 1 572.91 361.54 86.92 30.08 347.50;0.8398 1 573.80 389.97 82.69 54.98 341.95;0.8047 1 1544.82 524.83 93.27 34.24 2.42;0.8010 1 755.13 1032.02 85.92 50.13 4.51;0.7937 1 520.02 389.52 79.42 26.74 350.87;0.7795 1 937.95 899.48 28.46 66.98 359.28;0.7767 1 822.83 800.22 64.60 36.55 8.43;0.7593 1 815.31 428.12 76.75 31.43 347.21;0.7564 1 698.85 489.36 70.00 38.21 352.68;0.7390 1 988.80 426.83 69.87 39.56 353.57;0.7210 1 151.11 1068.33 64.77 33.57 347.78;0.7143 1 573.16 1066.42 65.60 27.62 352.18;0.7141 1 873.93 1064.28 34.25 49.09 358.90;0.7095 1 1782.80 526.78 82.83 35.43 1.29;0.7030 1 1469.61 525.93 72.08 43.47 356.43;0.6795 1 992.29 222.70 72.72 31.55 346.99;0.6595 1 518.70 361.03 100.12 23.36 351.30;0.6342 1 940.29 963.16 28.25 84.18 5.70;0.6323 1 993.93 996.45 41.62 72.81 356.86;0.6229 1 875.70 694.96 54.17 53.08 359.84;0.5955 1 1414.48 590.55 53.12 32.93 354.87;0.5933 1 1064.20 1032.52 33.91 63.32 340.42;0.5896 1 1597.67 423.18 102.46 41.75 354.95;0.5817 7 521.59 426.30 111.43 27.98 351.55;0.5591 1 941.31 999.33 29.94 70.71 2.07;0.5574 1 457.20 1066.64 75.25 32.17 346.05;0.5487 1 338.68 1068.53 76.64 28.28 347.67;0.5474 7 1834.92 562.03 119.44 50.61 349.06;0.5313 1 998.80 831.41 35.39 80.71 357.52;0.5287 1 100.54 1068.16 61.76 30.69 353.49;0.5277 1 816.92 495.50 47.29 43.39 353.86;0.5276 1 394.09 1068.25 78.78 31.11 343.71;0.5113 1 1057.53 120.67 55.74 50.77 346.32;0.5083 1 1649.51 423.33 65.19 38.29 352.22;0.5039 1 822.55 827.38 66.37 51.40 7.10;0.4959 1 1292.38 394.35 77.64 37.30 342.92;0.4752 1 633.09 559.68 65.96 47.11 359.01;0.4718 7 573.10 425.03 95.41 43.53 356.38;0.4662 1 517.39 1066.56 83.23 31.79 353.26;0.4550 1 816.80 457.36 51.14 50.07 359.41;0.4541 1 994.30 896.57 24.11 97.85 7.05;0.4042 8 872.92 797.33 77.06 58.84 355.43;0.3979 1 1242.23 422.70 85.99 29.10 355.43;0.3944 9 1179.64 191.30 48.26 17.65 350.14;0.3901 2 1831.87 526.66 87.74 52.62 359.78;0.3800 9 697.49 357.60 53.34 15.71 345.54;0.3685 7 1598.05 394.62 80.89 25.50 345.59;0.3658 1 935.00 1031.09 35.08 70.25 1.34;0.3654 1 872.72 828.43 52.82 54.79 359.67;0.3647 1 1780.09 561.52 108.19 29.86 347.59;0.3465 9 997.63 291.66 51.79 21.84 349.68;0.3351 1 1059.51 1064.29 30.15 52.95 343.31;0.3289 1 1058.75 89.23 44.71 55.96 343.21;0.3261 9 1538.45 360.20 44.26 11.11 343.27;0.3234 9 996.59 257.56 49.01 19.58 358.90;0.3221 7 996.57 122.07 88.66 52.14 355.70;0.3192 9 580.99 998.31 73.17 26.77 355.26;0.3075 9 1535.25 87.86 42.27 20.14 346.19;0.2995 7 1475.46 1002.76 71.64 35.84 342.17;0.2974 9 1178.87 256.87 47.89 16.99 356.54;0.2928 9 576.31 459.10 44.73 18.50 349.04;0.2877 9 1235.79 191.21 51.30 15.97 352.09;0.2853 9 1178.49 359.70 46.58 12.62 348.34
v_l87qohjefj_0036,0.9543 1 936.29 425.25 48.96 64.41 356.03;0.9157 1 1652.02 493.70 58.24 53.62 0.28;0.8884 1 1474.65 494.93 55.67 58.83 356.85;0.8728 1 1117.20 493.93 40.78 68.02 16.78;0.8433 1 994.26 120.42 43.02 83.37 1.84;0.8283 1 994.80 88.49 44.66 80.01 0.53;0.8230 1 995.50 934.54 33.36 84.17 359.62;0.7798 1 933.95 457.05 56.15 67.73 353.72;0.7736 1 1479.74 426.76 83.57 51.68 357.77;0.7568 1 994.81 964.19 48.66 73.50 354.74;0.7518 1 992.69 629.16 33.24 87.35 1.07;0.7454 1 992.79 562.00 38.00 81.02 2.74;0.7381 1 93.54 596.76 36.02 80.40 356.16;0.7366 1 518.68 491.50 118.49 49.03 5.60;0.7332 1 1895.77 495.01 35.33 52.03 7.31;0.7150 1 1057.33 459.66 57.16 56.78 352.27;0.7068 1 1832.54 458.39 80.41 66.13 355.07;0.6636 1 994.14 595.50 26.24 106.24 359.61;0.6634 1 994.78 661.53 28.87 95.31 349.15;0.6598 1 936.98 394.37 37.42 69.72 354.36;0.6575 1 1057.63 21.31 58.55 49.51 351.16;0.6270 1 1062.51 728.47 35.63 53.10 346.77;0.6238 1 872.50 493.42 56.25 48.10 355.55;0.6181 1 1897.43 626.40 36.13 59.63 27.33;0.5834 1 1898.01 524.64 38.43 51.53 3.98;0.5768 1 1716.75 626.99 52.05 57.18 0.58;0.5526 1 336.84 526.91 56.11 54.31 358.37;0.5446 1 1418.16 459.55 41.20 41.73 359.90;0.5417 1 159.01 526.57 47.26 53.92 1.02;0.5375 1 935.00 864.18 30.21 89.88 2.85;0.5278 1 934.31 1066.16 39.57 45.87 356.19;0.5193 1 936.97 898.43 39.78 80.56 4.74;0.5181 1 1603.90 492.21 51.63 59.28 2.27;0.5111 1 937.27 830.52 27.31 74.52 1.50;0.4852 1 1534.52 427.58 81.65 40.93 347.87;0.4767 1 36.44 526.04 48.11 38.34 355.03;0.4715 1 994.20 152.39 31.06 57.48 13.56;0.4704 1 700.86 489.53 111.61 47.47 360.00;0.4645 1 994.71 1033.91 35.79 80.49 1.80;0.4642 1 516.69 529.26 73.98 54.65 353.83;0.4473 1 40.31 626.40 40.54 53.97 4.27;0.4234 1 940.50 931.79 25.27 92.84 7.62;0.4219 1 819.26 866.58 38.61 48.60 356.38;0.4142 1 41.04 595.24 37.77 62.02 9.60;0.3906 7 820.05 493.69 87.11 43.96 11.80;0.3873 1 1476.26 525.15 42.76 66.72 358.92;0.3844 1 92.70 626.40 48.16 81.38 347.75;0.3835 1 701.69 460.00 65.96 34.22 347.53;0.3826 1 994.25 1065.69 37.21 52.82 355.51;0.3801 1 1718.10 426.80 67.90 32.20 343.08;0.3784 1 1597.73 662.90 30.71 72.90 8.60;0.3677 1 939.45 966.21 22.03 73.37 2.90;0.3674 1 694.82 529.68 64.53 43.16 359.80;0.3658 1 460.72 490.89 78.92 41.45 4.68;0.3641 1 1782.05 456.50 97.29 57.40 357.67;0.3636 1 996.08 795.90 49.33 69.45 349.80;0.3592 1 572.27 491.00 88.71 32.55 358.34;0.3562 1 1538.24 458.91 64.69 53.68 356.64;0.3500 1 995.48 765.91 36.44 66.32 354.21;0.3419 1 935.89 20.53 43.49 48.61 356.62;0.3409 1 1056.01 190.71 21.33 87.53 351.04;0.3391 1 1659.75 626.18 48.78 70.53 3.75;0.3362 1 995.65 899.56 38.93 73.87 358.57;0.3335 1 997.51 693.54 28.34 86.65 355.17;0.3249 1 1477.34 459.10 47.42 72.28 358.38;0.3238 1 1421.21 427.27 44.65 46.84 358.91;0.3193 1 931.61 1001.23 22.00 76.49 3.68;0.3160 1 1718.39 456.61 80.08 68.91 355.85;0.3157 7 755.93 490.91 114.65 72.61 5.43;0.3087 1 1120.91 525.84 33.09 65.80 10.53;0.3063 1 1116.80 560.81 31.40 66.23 10.39;0.2954 1 1417.67 526.70 31.41 48.22 3.00;0.2919 1 939.45 795.10 41.63 77.88 358.17;0.2886 1 1115.42 460.83 32.15 74.57 0.92;0.2845 1 996.90 56.30 24.07 68.21 359.50;0.2843 1 933.28 1034.97 26.73 84.81 2.50;0.2776 1 999.92 391.42 37.91 71.79 1.47;0.2704 1 995.30 999.99 27.67 85.31 1.36;0.2660 1 819.86 893.84 54.44 43.30 56.56;0.2544 1 1599.71 427.70 55.75 34.28 347.06
v_ke1pth6jke_0033,0.9701 1 512.90 524.19 61.44 61.47 27.44;0.9676 1 1481.42 495.21 74.24 35.48 357.92;0.9478 1 1600.32 495.21 73.61 36.92 355.90;0.9334 1 1719.30 494.12 61.60 37.03 3.71;0.9299 1 1360.57 494.50 81.40 34.13 358.71;0.8837 1 1240.87 489.25 76.29 39.50 359.65;0.8338 1 1473.64 559.55 78.92 51.58 2.28;0.8215 1 1240.67 463.20 66.26 39.49 353.04;0.8104 1 514.61 495.73 46.56 103.70 15.72;0.7649 1 463.81 523.04 80.94 48.07 11.56;0.7521 1 1597.77 562.10 111.69 49.42 357.39;0.6814 1 941.75 188.49 35.08 85.64 347.50;0.6799 1 994.60 1067.05 30.86 37.62 333.43;0.6533 1 1783.95 561.05 54.68 43.37 7.33;0.6342 1 933.78 796.61 37.10 76.50 6.16;0.6316 1 1353.86 563.20 63.56 49.47 356.90;0.5759 1 818.16 458.17 41.14 41.99 5.19;0.4998 1 1357.70 523.85 42.87 30.66 347.80;0.4745 1 1058.01 695.12 38.85 67.88 339.80;0.4544 1 455.08 763.75 45.84 106.26 5.92;0.4068 1 934.88 964.02 32.52 82.68 4.32;0.4033 1 939.25 1066.37 27.19 47.18 3.86;0.4024 1 1533.69 496.38 72.64 29.16 356.39;0.3842 1 999.69 728.62 33.27 55.78 350.92;0.3738 1 1655.99 496.15 79.37 29.00 348.98;0.3666 1 1478.38 524.71 62.98 22.85 1.48;0.3649 1 1354.63 590.79 69.41 62.71 359.12;0.3562 1 1296.02 492.64 81.94 67.30 1.71;0.3419 1 994.99 253.90 18.10 57.55 347.06;0.3386 1 1422.38 560.73 68.55 53.20 13.67;0.3024 1 1299.96 591.85 67.02 52.79 345.64;0.3022 1 941.30 219.24 31.58 69.09 1.36;0.2996 9 1415.91 527.75 55.49 18.43 338.42;0.2809 1 1832.63 562.32 76.13 44.40 343.11;0.2690 1 934.84 325.12 25.57 67.58 8.18;0.2632 1 1060.90 219.73 46.30 72.83 350.84;0.2545 1 1061.28 188.13 40.28 94.73 346.07;0.2541 1 816.69 562.06 54.34 28.95 355.70;0.2539 1 1059.01 663.39 46.58 38.91 350.79
