image_id,clip_id,class_id,class_name,cx,cy,width,height,angle,area_px,area_ratio,out_of_bounds
v_03ah598sio_0049,v_03ah598sio,1,car,446.9,520.425,103.78,47.49,0.0,4928.5122,0.0023767902199074075,0
v_03ah598sio_0049,v_03ah598sio,1,car,1012.385,1015.57,38.69,98.54,0.0,3812.5126,0.0018385959683641976,0
v_06xnbcrtte_0021,v_06xnbcrtte,1,car,11.52,490.055,22.94,31.89,359.2,731.5566,0.00035279542824074076,0
v_06xnbcrtte_0021,v_06xnbcrtte,1,car,523.63,537.28,76.6,31.0,0.0,2374.6,0.0011451581790123456,0
v_06xnbcrtte_0021,v_06xnbcrtte,1,car,638.565,488.18,86.83,30.34,359.7,2634.4222,0.001270458236882716,0
v_06xnbcrtte_0021,v_06xnbcrtte,1,car,787.08,526.86,31.0,82.38,73.8,2553.7799999999997,0.0012315682870370369,0
v_06xnbcrtte_0021,v_06xnbcrtte,1,car,908.64,471.43,28.68,66.04,40.05,1894.0272000000002,0.0009134004629629631,0
v_06xnbcrtte_0021,v_06xnbcrtte,1,car,961.44,327.205,30.34,76.51,6.85,2321.3134,0.0011194605516975308,0
v_06xnbcrtte_0021,v_06xnbcrtte,1,car,970.38,156.775,30.7,77.47,3.0,2378.3289999999997,0.0011469565007716047,0
v_06xnbcrtte_0021,v_06xnbcrtte,1,car,1012.28,267.4,31.36,85.46,0.4,2680.0256,0.0012924506172839506,0
v_06xnbcrtte_0021,v_06xnbcrtte,1,car,1023.34,59.32,31.14,89.5,355.4,2787.03,0.0013440538194444446,0
v_06xnbcrtte_0021,v_06xnbcrtte,1,car,1043.565,727.78,31.13,80.26,359.0,2498.4938,0.0012049063464506173,0
v_06xnbcrtte_0021,v_06xnbcrtte,1,car,1069.66,538.725,81.46,33.31,356.6,2713.4326,0.0013085612461419753,0
v_06xnbcrtte_0021,v_06xnbcrtte,1,car,1226.015,479.1,83.21,30.6,358.2,2546.226,0.0012279253472222223,0
v_06xnbcrtte_0021,v_06xnbcrtte,7,truck,399.76,563.775,91.34,36.39,358.7,3323.8626000000004,0.0016029429976851853,0
v_09gpsv2mc8_0047,v_09gpsv2mc8,1,car,104.16,467.245,96.0,32.53,0.0,3122.88,0.0015060185185185185,0
v_09gpsv2mc8_0047,v_09gpsv2mc8,1,car,99.47,427.16,73.56,28.3,0.0,2081.748,0.001003929398148148,0
v_09gpsv2mc8_0047,v_09gpsv2mc8,1,car,187.99,257.12,79.2,31.6,1.1,2502.7200000000003,0.0012069444444444445,0
v_09gpsv2mc8_0047,v_09gpsv2mc8,1,car,203.925,369.46,84.49,33.2,0.0,2805.068,0.001352752700617284,0
v_09gpsv2mc8_0047,v_09gpsv2mc8,1,car,302.295,298.75,97.43,36.82,0.0,3587.3726,0.0017300215084876543,0
v_09gpsv2mc8_0047,v_09gpsv2mc8,1,car,293.85,1000.04,76.28,34.6,0.0,2639.288,0.0012728047839506173,0
v_09gpsv2mc8_0047,v_09gpsv2mc8,1,car,325.6,472.73,112.2,35.3,0.0,3960.66,0.0019100405092592591,0
v_09gpsv2mc8_0047,v_09gpsv2mc8,1,car,367.87,215.585,97.78,34.79,0.0,3401.7662,0.001640512249228395,0
v_09gpsv2mc8_0047,v_09gpsv2mc8,1,car,499.145,462.71,63.81,28.1,0.0,1793.0610000000001,0.0008647092013888889,0
v_09gpsv2mc8_0047,v_09gpsv2mc8,1,car,527.945,365.995,81.77,34.85,0.0,2849.6845,0.0013742691454475308,0
v_09gpsv2mc8_0047,v_09gpsv2mc8,1,car,533.37,291.355,73.88,28.93,0.0,2137.3484,0.0010307428626543209,0
v_09gpsv2mc8_0047,v_09gpsv2mc8,1,car,574.44,1006.54,74.5,32.18,0.5571,2397.41,0.0011561583719135802,0
v_09gpsv2mc8_0047,v_09gpsv2mc8,1,car,651.855,465.95,77.77,30.0,0.0,2333.1,0.001125144675925926,0
v_09gpsv2mc8_0047,v_09gpsv2mc8,1,car,720.92,299.54,74.2,31.0,0.0,2300.2000000000003,0.0011092785493827162,0
v_09gpsv2mc8_0047,v_09gpsv2mc8,1,car,833.03,366.99,75.06,28.66,0.0,2151.2196,0.0010374322916666665,0
v_09gpsv2mc8_0047,v_09gpsv2mc8,1,car,843.765,663.18,82.29,31.9,97.4,2625.051,0.0012659389467592592,0
v_09gpsv2mc8_0047,v_09gpsv2mc8,1,car,852.065,252.385,89.49,32.63,0.0,2920.0587,0.0014082073206018518,0
v_09gpsv2mc8_0047,v_09gpsv2mc8,1,car,855.11,462.31,81.34,31.6,0.0,2570.344,0.001239556327160494,0
v_09gpsv2mc8_0047,v_09gpsv2mc8,1,car,899.91,186.72,77.6,29.0,11.2,2250.3999999999996,0.0010852623456790121,0
v_09gpsv2mc8_0047,v_09gpsv2mc8,1,car,924.6,1013.3,30.4,76.6,0.0,2328.64,0.0011229938271604938,0
v_09gpsv2mc8_0047,v_09gpsv2mc8,1,car,924.77,924.13,28.7,73.3,0.0,2103.71,0.0010145206404320987,0
v_09gpsv2mc8_0047,v_09gpsv2mc8,1,car,967.395,864.025,31.07,70.19,0.0,2180.8033,0.0010516991222993828,0
v_09gpsv2mc8_0047,v_09gpsv2mc8,1,car,1070.235,415.87,92.73,36.3,0.0,3366.0989999999997,0.0016233116319444444,0
v_09gpsv2mc8_0047,v_09gpsv2mc8,1,car,1173.7,365.9,76.74,31.36,0.0,2406.5663999999997,0.0011605740740740739,0
v_09gpsv2mc8_0047,v_09gpsv2mc8,1,car,1813.04,359.44,78.84,32.0,0.0,2522.88,0.0012166666666666667,0
v_09gpsv2mc8_0047,v_09gpsv2mc8,1,car,1895.3,404.57,49.4,30.9,0.0,1526.4599999999998,0.0007361400462962962,0
v_09gpsv2mc8_0047,v_09gpsv2mc8,7,truck,502.235,413.73,378.67,49.2,0.0,18630.564000000002,0.008984646990740742,0
v_09gpsv2mc8_0047,v_09gpsv2mc8,7,truck,1358.11,405.45,115.34,32.8,0.0,3783.1519999999996,0.0018244367283950615,0
v_09gpsv2mc8_0047,v_09gpsv2mc8,9,motorcycle,779.155,437.28,32.55,10.7,15.6125,348.28499999999997,0.0001679615162037037,0
v_09gpsv2mc8_0047,v_09gpsv2mc8,9,motorcycle,836.22,829.53,39.6,12.7,88.1,502.92,0.00024253472222222222,0
v_09gpsv2mc8_0047,v_09gpsv2mc8,9,motorcycle,853.62,1065.055,29.2,8.19,88.7,239.14799999999997,0.0001153298611111111,0
v_0mp55gehz5_0012,v_0mp55gehz5,1,car,112.02,479.315,108.5,37.35,0.0,4052.4750000000004,0.001954318576388889,0
v_0mp55gehz5_0012,v_0mp55gehz5,1,car,116.11,386.385,88.9,36.49,0.0,3243.9610000000002,0.0015644102044753087,0
v_0mp55gehz5_0012,v_0mp55gehz5,1,car,151.33,435.425,87.9,33.03,0.0,2903.3370000000004,0.001400143229166667,0
v_0mp55gehz5_0012,v_0mp55gehz5,1,car,270.88,234.075,81.96,36.65,359.6,3003.834,0.0014486082175925925,0
v_0mp55gehz5_0012,v_0mp55gehz5,1,car,305.08,432.32,85.4,32.3,0.0,2758.42,0.0013302565586419753,0
v_0mp55gehz5_0012,v_0mp55gehz5,1,car,336.48,386.51,80.5,30.1,0.0,2423.05,0.0011685233410493828,0
v_0mp55gehz5_0012,v_0mp55gehz5,1,car,376.925,487.04,81.39,31.6,0.0,2571.924,0.001240318287037037,0
v_0mp55gehz5_0012,v_0mp55gehz5,1,car,383.925,1027.36,78.71,35.34,0.17,2781.6114000000002,0.0013414406828703704,0
v_0mp55gehz5_0012,v_0mp55gehz5,1,car,454.93,440.935,86.7,36.29,0.0,3146.343,0.0015173336226851851,0
v_0mp55gehz5_0012,v_0mp55gehz5,1,car,583.34,482.13,82.32,32.98,0.0,2714.9135999999994,0.0013092754629629626,0
v_0mp55gehz5_0012,v_0mp55gehz5,1,car,592.27,434.17,84.58,34.26,0.0,2897.7108,0.0013974299768518517,0
v_0mp55gehz5_0012,v_0mp55gehz5,1,car,731.315,458.95,79.29,33.92,9.39,2689.5168000000003,0.001297027777777778,0
v_0mp55gehz5_0012,v_0mp55gehz5,1,car,797.53,518.855,87.9,33.03,21.19,2903.3370000000004,0.001400143229166667,0
v_0mp55gehz5_0012,v_0mp55gehz5,1,car,824.095,1059.345,41.13,34.05,91.3,1400.4765,0.0006753841145833333,0
v_0mp55gehz5_0012,v_0mp55gehz5,1,car,909.095,893.03,35.85,86.44,1.7949,3098.8740000000003,0.001494441550925926,0
v_0mp55gehz5_0012,v_0mp55gehz5,1,car,908.195,1008.265,32.91,81.17,0.0,2671.3046999999997,0.0012882449363425925,0
v_0mp55gehz5_0012,v_0mp55gehz5,1,car,962.84,1011.11,33.56,76.86,0.0,2579.4216,0.0012439340277777778,0
v_0mp55gehz5_0012,v_0mp55gehz5,1,car,1026.27,393.365,77.6,32.05,0.3,2487.0799999999995,0.0011994020061728392,0
v_0mp55gehz5_0012,v_0mp55gehz5,1,car,1182.495,415.08,81.29,34.24,355.1,2783.3696000000004,0.0013422885802469137,0
v_0mp55gehz5_0012,v_0mp55gehz5,1,car,1343.46,446.805,97.74,37.79,0.0,3693.5946,0.0017812473958333333,0
v_0mp55gehz5_0012,v_0mp55gehz5,1,car,1566.985,398.335,80.25,34.93,0.0,2803.1325,0.0013518192997685186,0
v_0mp55gehz5_0012,v_0mp55gehz5,1,car,1774.755,427.205,78.73,33.79,0.8,2660.2867,0.0012829314718364197,0
v_0mp55gehz5_0012,v_0mp55gehz5,4,minibus,567.98,315.47,86.02,37.42,0.0,3218.8684,0.0015523092206790124,0
v_0mp55gehz5_0012,v_0mp55gehz5,4,minibus,583.415,388.42,90.97,35.76,0.0,3253.0872,0.0015688113425925926,0
v_0mp55gehz5_0012,v_0mp55gehz5,5,bus,1163.42,269.915,167.52,53.01,359.8,8880.235200000001,0.0042825208333333335,0
v_0mp55gehz5_0012,v_0mp55gehz5,7,truck,431.865,267.195,98.91,47.63,0.0,4711.0833,0.002271934461805556,0
v_0mp55gehz5_0012,v_0mp55gehz5,7,truck,844.455,665.23,87.53,35.9,86.25,3142.3269999999998,0.0015153968942901233,0
v_0mp55gehz5_0012,v_0mp55gehz5,9,motorcycle,256.37,492.485,39.02,13.17,0.0,513.8934,0.0002478266782407408,0
v_0mp55gehz5_0012,v_0mp55gehz5,9,motorcycle,680.605,489.56,36.39,11.76,0.24,427.9464,0.00020637847222222222,0
v_0mp55gehz5_0012,v_0mp55gehz5,9,motorcycle,1532.805,484.15,35.33,10.5,1.0,370.965,0.00017889901620370369,0
v_0ofnytwerz_0020,v_0ofnytwerz,1,car,99.3,491.0,89.98,39.34,0.0,3539.8132000000005,0.001707085841049383,0
v_0ofnytwerz_0020,v_0ofnytwerz,1,car,434.51,551.59,89.9,35.36,358.9,3178.864,0.001533016975308642,0
v_0ofnytwerz_0020,v_0ofnytwerz,1,car,943.145,967.635,86.05,36.09,270.8,3105.5445,0.001497658420138889,0
v_0ofnytwerz_0020,v_0ofnytwerz,1,car,936.65,557.855,37.3,88.69,0.0,3308.1369999999997,0.0015953592785493825,0
v_0ofnytwerz_0020,v_0ofnytwerz,1,car,939.785,263.81,37.51,101.7,3.1,3814.767,0.0018396831597222222,0
v_0ofnytwerz_0020,v_0ofnytwerz,1,car,939.215,45.3,35.01,90.6,0.0,3171.9059999999995,0.0015296614583333332,0
v_0ofnytwerz_0020,v_0ofnytwerz,1,car,991.555,1070.155,86.43,19.69,270.4,1701.8067000000003,0.000820701533564815,0
v_0ofnytwerz_0020,v_0ofnytwerz,1,car,1002.065,784.28,89.77,39.28,271.8,3526.1656,0.0017005042438271603,0
v_0ofnytwerz_0020,v_0ofnytwerz,1,car,991.385,201.49,35.37,84.5,0.0,2988.765,0.0014413411458333333,0
v_0ofnytwerz_0020,v_0ofnytwerz,1,car,993.65,409.865,37.7,88.55,7.28,3338.335,0.0016099223572530864,0
v_0ofnytwerz_0020,v_0ofnytwerz,1,car,995.865,918.52,34.21,87.5,0.0,2993.375,0.0014435643325617284,0
v_0ofnytwerz_0020,v_0ofnytwerz,1,car,1067.215,577.82,87.13,35.36,335.98,3080.9168,0.001485781635802469,0
v_0ofnytwerz_0020,v_0ofnytwerz,1,car,1301.435,493.2,88.77,34.76,0.0,3085.6451999999995,0.0014880619212962961,0
v_0ofnytwerz_0020,v_0ofnytwerz,1,car,1342.675,547.41,90.37,37.98,358.2,3432.2526,0.0016552144097222222,0
v_0ofnytwerz_0020,v_0ofnytwerz,1,car,1463.225,506.28,92.51,35.24,0.0,3260.0524000000005,0.0015721703317901237,0
v_0ofnytwerz_0020,v_0ofnytwerz,1,car,1759.155,559.63,98.15,37.56,11.22,3686.5140000000006,0.0017778327546296299,0
v_0ofnytwerz_0020,v_0ofnytwerz,1,car,1817.435,512.075,82.57,40.45,0.0,3339.9565,0.001610704330632716,0
v_0ofnytwerz_0020,v_0ofnytwerz,7,truck,998.595,617.67,42.17,103.16,355.3,4350.2572,0.002097924961419753,0
v_0ofnytwerz_0020,v_0ofnytwerz,9,motorcycle,900.005,308.34,13.89,39.38,0.0,546.9882,0.0002637867476851852,0
v_0s8cb4es83_0018,v_0s8cb4es83,1,car,70.96,416.41,95.8,34.8,0.0,3333.8399999999997,0.0016077546296296296,0
v_0s8cb4es83_0018,v_0s8cb4es83,1,car,124.84,115.895,29.9,78.71,268.4,2353.4289999999996,0.001134948398919753,0
v_0s8cb4es83_0018,v_0s8cb4es83,1,car,191.445,425.21,83.99,29.8,0.0,2502.902,0.0012070322145061728,0
v_0s8cb4es83_0018,v_0s8cb4es83,1,car,223.89,473.23,70.28,29.2,0.0,2052.176,0.0009896682098765432,0
v_0s8cb4es83_0018,v_0s8cb4es83,1,car,306.965,426.7,75.89,29.24,0.0,2219.0236,0.0010701309799382717,0
v_0s8cb4es83_0018,v_0s8cb4es83,1,car,321.94,369.51,78.6,33.8,0.0,2656.6799999999994,0.0012811921296296293,0
v_0s8cb4es83_0018,v_0s8cb4es83,1,car,344.735,469.505,79.79,31.59,0.0,2520.5661,0.00121555078125,0
v_0s8cb4es83_0018,v_0s8cb4es83,1,car,416.24,415.67,77.62,28.62,0.0,2221.4844000000003,0.0010713177083333334,0
v_0s8cb4es83_0018,v_0s8cb4es83,1,car,429.755,373.735,97.15,33.63,0.0,3267.1545000000006,0.0015755953414351854,0
v_0s8cb4es83_0018,v_0s8cb4es83,1,car,497.945,472.035,86.11,30.89,0.0,2659.9379,0.0012827632619598764,0
v_0s8cb4es83_0018,v_0s8cb4es83,1,car,506.08,420.1,79.5,30.0,0.0,2385.0,0.0011501736111111111,0
v_0s8cb4es83_0018,v_0s8cb4es83,1,car,567.57,1003.14,91.8,34.3,0.0,3148.74,0.0015184895833333333,0
v_0s8cb4es83_0018,v_0s8cb4es83,1,car,609.05,423.27,78.8,30.8,0.0,2427.04,0.0011704475308641975,0
v_0s8cb4es83_0018,v_0s8cb4es83,1,car,620.37,376.46,78.9,31.8,0.0,2509.0200000000004,0.0012099826388888891,0
v_0s8cb4es83_0018,v_0s8cb4es83,1,car,672.57,478.5,71.2,27.5,0.0,1958.0,0.0009442515432098765,0
v_0s8cb4es83_0018,v_0s8cb4es83,1,car,808.81,75.65,70.0,32.98,0.0,2308.6,0.001113329475308642,0
v_0s8cb4es83_0018,v_0s8cb4es83,1,car,824.96,377.43,74.5,29.0,0.0,2160.5,0.0010419077932098766,0
v_0s8cb4es83_0018,v_0s8cb4es83,1,car,864.58,121.715,81.2,33.79,0.0,2743.748,0.0013231809413580247,0
v_0s8cb4es83_0018,v_0s8cb4es83,1,car,870.44,303.17,83.4,32.9,0.0,2743.86,0.0013232349537037039,0
v_0s8cb4es83_0018,v_0s8cb4es83,1,car,966.16,827.4,28.4,75.7,358.8362,2149.88,0.0010367862654320989,0
v_0s8cb4es83_0018,v_0s8cb4es83,1,car,1085.41,102.93,89.38,35.9,0.0,3208.7419999999997,0.0015474257330246911,0
v_0s8cb4es83_0018,v_0s8cb4es83,1,car,1201.1,294.475,72.42,27.19,0.0,1969.0998000000002,0.0009496044560185186,0
v_0s8cb4es83_0018,v_0s8cb4es83,1,car,1227.48,201.47,90.1,32.7,0.0,2946.27,0.0014208478009259259,0
v_0s8cb4es83_0018,v_0s8cb4es83,1,car,1274.95,251.52,90.3,35.46,0.0,3202.038,0.0015441927083333334,0
v_0s8cb4es83_0018,v_0s8cb4es83,1,car,1355.79,290.67,88.3,33.9,0.0,2993.37,0.0014435619212962963,0
v_0s8cb4es83_0018,v_0s8cb4es83,1,car,1376.96,202.02,77.9,32.5,0.0,2531.75,0.00122094425154321,0
v_0s8cb4es83_0018,v_0s8cb4es83,1,car,1422.75,243.92,89.3,29.4,0.0,2625.4199999999996,0.001266116898148148,0
v_0s8cb4es83_0018,v_0s8cb4es83,1,car,1488.35,196.04,82.0,31.6,0.0,2591.2000000000003,0.0012496141975308643,0
v_0s8cb4es83_0018,v_0s8cb4es83,1,car,1567.53,289.0,85.1,33.5,0.0,2850.85,0.001374831211419753,0
v_0s8cb4es83_0018,v_0s8cb4es83,1,car,1596.105,197.735,84.73,30.31,0.0,2568.1663,0.0012385061246141975,0
v_0s8cb4es83_0018,v_0s8cb4es83,1,car,1668.76,240.42,81.2,34.2,0.0,2777.0400000000004,0.0013392361111111114,0
v_0s8cb4es83_0018,v_0s8cb4es83,1,car,1781.45,193.31,90.3,29.72,0.0,2683.716,0.001294230324074074,0
v_0s8cb4es83_0018,v_0s8cb4es83,1,car,1885.425,191.35,69.15,30.5,0.0,2109.0750000000003,0.001017107928240741,0
v_0s8cb4es83_0018,v_0s8cb4es83,2,van,1566.74,238.72,89.5,30.7,0.0,2747.65,0.0013250626929012346,0
v_0s8cb4es83_0018,v_0s8cb4es83,7,truck,1023.04,253.06,113.3,42.62,0.0,4828.846,0.002328725887345679,0
v_0s8cb4es83_0018,v_0s8cb4es83,7,truck,1041.095,198.775,111.01,40.67,0.0,4514.7767,0.0021772649980709878,0
v_0s8cb4es83_0018,v_0s8cb4es83,9,motorcycle,247.12,450.71,37.1,8.6,0.0,319.06,0.00015386766975308643,0
v_0s8cb4es83_0018,v_0s8cb4es83,9,motorcycle,406.74,486.63,39.7,6.9,0.0,273.93,0.00013210358796296296,0
v_0s8cb4es83_0018,v_0s8cb4es83,9,motorcycle,983.175,433.2,45.57,9.8,358.6,446.586,0.00021536747685185187,0
v_0s8cb4es83_0018,v_0s8cb4es83,9,motorcycle,1138.68,466.41,39.5,9.0,359.2,355.5,0.00017144097222222221,0
v_0sv121zlkj_0027,v_0sv121zlkj,1,car,246.61,491.255,32.8,88.05,104.3,2888.0399999999995,0.0013927662037037036,0
v_0sv121zlkj_0027,v_0sv121zlkj,1,car,529.33,556.62,31.36,82.98,86.1,2602.2528,0.0012549444444444446,0
v_0sv121zlkj_0027,v_0sv121zlkj,1,car,556.995,496.99,35.61,88.62,89.4,3155.7582,0.0015218741319444446,0
v_0sv121zlkj_0027,v_0sv121zlkj,1,car,688.08,537.06,32.9,85.3,78.9,2806.37,0.0013533805941358024,0
v_0sv121zlkj_0027,v_0sv121zlkj,1,car,968.02,86.86,29.7,83.4,0.0,2476.98,0.00119453125,0
v_0sv121zlkj_0027,v_0sv121zlkj,1,car,1014.09,571.86,29.9,85.8,0.0,2565.4199999999996,0.0012371817129629627,0
v_0sv121zlkj_0027,v_0sv121zlkj,1,car,1021.2,231.51,35.8,97.32,0.0,3484.0559999999996,0.001680196759259259,0
v_0sv121zlkj_0027,v_0sv121zlkj,1,car,1023.71,35.9,31.92,71.8,0.0,2291.856,0.0011052546296296296,0
v_0sv121zlkj_0027,v_0sv121zlkj,1,car,1141.5,551.855,86.38,34.27,358.16,2960.2426,0.0014275861304012345,0
v_0sv121zlkj_0027,v_0sv121zlkj,1,car,1427.115,510.63,93.35,30.2,0.0,2819.1699999999996,0.001359553433641975,0
v_0sv121zlkj_0027,v_0sv121zlkj,7,truck,952.71,353.185,30.3,107.07,8.3,3244.221,0.0015645355902777778,0
v_13rzcztzn2_0010,v_13rzcztzn2,1,car,607.94,517.68,94.6,44.68,0.0,4226.728,0.0020383526234567903,0
v_1c93se7f7c_0044,v_1c93se7f7c,1,car,32.45,518.735,64.9,35.49,0.0,2303.3010000000004,0.0011107740162037039,0
v_1c93se7f7c_0044,v_1c93se7f7c,1,car,932.01,438.825,96.1,40.57,332.6333,3898.7769999999996,0.0018801972415123454,0
v_1c93se7f7c_0044,v_1c93se7f7c,8,mototaxi,350.19,479.32,68.44,28.66,0.0,1961.4904,0.000945934799382716,0
v_1kkn624m4y_0006,v_1kkn624m4y,1,car,506.83,490.215,96.2,42.29,0.0,4068.2980000000002,0.0019619492669753088,0
v_1kkn624m4y_0006,v_1kkn624m4y,1,car,977.49,151.575,38.26,94.15,0.0,3602.179,0.0017371619405864198,0
v_1kkn624m4y_0006,v_1kkn624m4y,1,car,1008.795,647.015,36.61,92.19,20.2667,3375.0759,0.001627640769675926,0
v_1kkn624m4y_0006,v_1kkn624m4y,8,mototaxi,1866.48,455.68,62.3,27.78,0.0,1730.694,0.0008346325231481481,0
v_1kkn624m4y_0006,v_1kkn624m4y,9,motorcycle,87.79,464.165,62.34,17.49,0.0,1090.3265999999999,0.0005258133680555555,0
v_1kkn624m4y_0006,v_1kkn624m4y,9,motorcycle,1502.635,475.48,13.73,41.98,89.7,576.3854,0.00027796363811728394,0
v_1ofto9j5rr_0021,v_1ofto9j5rr,1,car,141.795,546.32,97.45,45.98,0.0,4480.751,0.002160855999228395,0
v_1rfeli831e_0008,v_1rfeli831e,1,car,142.81,558.905,32.1,78.11,89.8,2507.331,0.001209168113425926,0
v_1rfeli831e_0008,v_1rfeli831e,1,car,186.59,506.485,27.3,81.75,79.1462,2231.775,0.0010762803819444446,0
v_1rfeli831e_0008,v_1rfeli831e,1,car,413.2,502.91,80.04,31.1,359.7,2489.244,0.0012004456018518518,0
v_1rfeli831e_0008,v_1rfeli831e,1,car,682.41,522.4,29.7,81.7,82.76,2426.4900000000002,0.0011701822916666668,0
v_1rfeli831e_0008,v_1rfeli831e,1,car,999.82,28.225,32.26,56.35,0.0,1817.8509999999999,0.0008766642554012345,0
v_1rfeli831e_0008,v_1rfeli831e,1,car,1003.365,340.895,30.83,82.29,2.52,2537.0007,0.0012234764178240742,0
v_1ucfougfdq_0027,v_1ucfougfdq,1,car,36.7,531.91,73.4,50.32,359.5,3693.4880000000003,0.0017811959876543211,0
v_1ucfougfdq_0027,v_1ucfougfdq,1,car,1247.02,526.08,112.04,49.92,359.8,5593.036800000001,0.0026972592592592595,0
v_1ucfougfdq_0027,v_1ucfougfdq,9,motorcycle,699.505,506.125,22.83,51.59,266.95,1177.7997,0.0005679975405092593,0
v_1us0n1cwou_0010,v_1us0n1cwou,1,car,35.4,474.725,70.8,33.83,0.0,2395.1639999999998,0.0011550752314814813,0
v_1us0n1cwou_0010,v_1us0n1cwou,1,car,84.22,420.235,83.32,32.69,0.0,2723.7307999999994,0.001313527584876543,0
v_1us0n1cwou_0010,v_1us0n1cwou,1,car,176.505,338.23,71.71,32.26,0.0,2313.3646,0.0011156272183641975,0
v_1us0n1cwou_0010,v_1us0n1cwou,1,car,286.13,505.935,81.6,30.71,0.0,2505.9359999999997,0.0012084953703703702,0
v_1us0n1cwou_0010,v_1us0n1cwou,1,car,326.795,259.115,72.39,32.93,0.0,2383.8027,0.0011495962094907409,0
v_1us0n1cwou_0010,v_1us0n1cwou,1,car,577.615,299.145,75.99,34.69,0.0,2636.0930999999996,0.0012712640335648146,0
v_1us0n1cwou_0010,v_1us0n1cwou,1,car,597.95,503.165,69.18,30.95,0.0,2141.121,0.0010325622106481481,0
v_1us0n1cwou_0010,v_1us0n1cwou,1,car,838.56,812.44,71.88,29.36,161.2,2110.3968,0.0010177453703703705,0
v_1us0n1cwou_0010,v_1us0n1cwou,1,car,932.36,477.865,80.0,33.59,0.0,2687.2000000000003,0.0012959104938271605,0
v_1us0n1cwou_0010,v_1us0n1cwou,1,car,1008.07,1027.21,32.08,71.8,0.0,2303.3439999999996,0.0011107947530864196,0
v_1us0n1cwou_0010,v_1us0n1cwou,1,car,1019.28,933.595,34.18,83.39,0.0,2850.2702,0.0013745516010802469,0
v_1us0n1cwou_0010,v_1us0n1cwou,1,car,1060.055,911.59,34.95,83.2,0.0,2907.84,0.0014023148148148148,0
v_1us0n1cwou_0010,v_1us0n1cwou,1,car,1195.15,248.56,83.86,36.66,0.0,3074.3075999999996,0.0014825943287037036,0
v_1us0n1cwou_0010,v_1us0n1cwou,1,car,1206.785,283.735,68.33,32.19,0.0,2199.5427,0.001060736255787037,0
v_1us0n1cwou_0010,v_1us0n1cwou,1,car,1345.18,346.315,90.5,36.51,0.0,3304.1549999999997,0.001593438946759259,0
v_1us0n1cwou_0010,v_1us0n1cwou,1,car,1422.745,290.745,81.23,33.55,0.0,2725.2664999999997,0.001314268180941358,0
v_1us0n1cwou_0010,v_1us0n1cwou,2,van,1741.425,284.625,98.69,38.71,0.0,3820.2899,0.00184234659529321,0
v_1us0n1cwou_0010,v_1us0n1cwou,4,minibus,1064.085,1020.19,31.93,75.76,0.0,2419.0168000000003,0.0011665783179012348,0
v_1us0n1cwou_0010,v_1us0n1cwou,7,truck,1007.06,333.06,151.12,50.68,0.0,7658.7616,0.0036934614197530863,0
v_1us0n1cwou_0010,v_1us0n1cwou,9,motorcycle,1757.475,230.125,38.91,18.03,0.0,701.5473,0.0003383233506944444,0
v_1v3nchg0m1_0026,v_1v3nchg0m1,1,car,377.53,512.3,96.2,36.08,0.0,3470.8959999999997,0.0016738503086419752,0
v_1v3nchg0m1_0026,v_1v3nchg0m1,1,car,496.53,453.085,103.1,40.13,0.0,4137.403,0.001995275366512346,0
v_1v3nchg0m1_0026,v_1v3nchg0m1,1,car,625.58,518.38,99.54,38.98,0.0,3880.0692,0.0018711753472222222,0
v_1v3nchg0m1_0026,v_1v3nchg0m1,1,car,656.055,465.4,99.63,37.54,0.0,3740.1101999999996,0.0018036796874999997,0
v_1v3nchg0m1_0026,v_1v3nchg0m1,1,car,784.455,466.505,93.65,40.13,0.0,3758.1745000000005,0.0018123912519290126,0
v_1v3nchg0m1_0026,v_1v3nchg0m1,1,car,905.23,599.08,38.22,90.44,0.0,3456.6168,0.0016669641203703703,0
v_1v3nchg0m1_0026,v_1v3nchg0m1,1,car,904.94,775.32,37.2,81.7,0.0,3039.2400000000002,0.0014656828703703704,0
v_1v3nchg0m1_0026,v_1v3nchg0m1,1,car,905.775,456.44,37.13,87.78,0.0,3259.2714,0.0015717936921296296,0
v_1v3nchg0m1_0026,v_1v3nchg0m1,1,car,908.445,1011.16,41.09,93.4,0.0,3837.8060000000005,0.0018507937885802472,0
v_1v3nchg0m1_0026,v_1v3nchg0m1,1,car,966.03,523.95,42.92,88.72,0.0,3807.8624,0.0018363533950617283,0
v_1v3nchg0m1_0026,v_1v3nchg0m1,1,car,965.295,773.375,37.99,88.51,0.0,3362.4949,0.0016215735435956792,0
v_1v3nchg0m1_0026,v_1v3nchg0m1,1,car,965.8,639.405,38.86,86.21,0.0,3350.1205999999997,0.001615605999228395,0
v_1v3nchg0m1_0026,v_1v3nchg0m1,1,car,969.235,978.585,42.31,96.05,0.0,4063.8755,0.0019598165027006173,0
v_1v3nchg0m1_0026,v_1v3nchg0m1,1,car,982.955,875.2,40.21,89.1,0.0,3582.711,0.0017277734375,0
v_1v3nchg0m1_0026,v_1v3nchg0m1,1,car,1118.755,462.585,92.53,36.79,0.0,3404.1787,0.0016416756847993828,0
v_1v3nchg0m1_0026,v_1v3nchg0m1,1,car,1742.0,467.385,93.84,38.99,0.0,3658.8216,0.0017644780092592595,0
v_1v3nchg0m1_0026,v_1v3nchg0m1,1,car,1784.985,540.505,92.99,35.53,0.0,3303.9347,0.001593332706404321,0
v_1v3nchg0m1_0026,v_1v3nchg0m1,1,car,1904.555,534.985,30.89,38.27,0.0,1182.1603,0.0005701004533179013,0
v_1v3nchg0m1_0026,v_1v3nchg0m1,3,microbus,1295.09,471.795,132.98,46.93,0.0,6240.751399999999,0.0030096216242283948,0
v_1wmgtwhmba_0043,v_1wmgtwhmba,1,car,671.445,537.45,97.67,38.1,0.0,3721.2270000000003,0.0017945732060185187,0
v_1wmgtwhmba_0043,v_1wmgtwhmba,1,car,982.955,786.35,36.25,109.1,0.0,3954.875,0.001907250675154321,0
v_1wmgtwhmba_0043,v_1wmgtwhmba,1,car,1009.735,217.42,37.99,93.2,0.0,3540.668,0.0017074980709876543,0
v_1wmgtwhmba_0043,v_1wmgtwhmba,1,car,1654.12,563.305,93.72,34.05,355.4333,3191.1659999999997,0.0015389496527777775,0
v_1wmgtwhmba_0043,v_1wmgtwhmba,1,car,1915.25,529.94,9.5,38.5,0.0,365.75,0.0001763840663580247,0
v_1zk4d2a7w3_0005,v_1zk4d2a7w3,1,car,736.945,509.22,71.89,29.36,357.2367,2110.6904,0.0010178869598765432,0
v_1zk4d2a7w3_0005,v_1zk4d2a7w3,1,car,1006.425,962.475,31.31,76.95,0.0,2409.3045,0.00116189453125,0
v_1zk4d2a7w3_0005,v_1zk4d2a7w3,1,car,1009.375,1073.59,33.63,12.82,0.0,431.13660000000004,0.00020791695601851855,0
v_1zk4d2a7w3_0005,v_1zk4d2a7w3,1,car,1058.81,987.44,31.32,80.3,0.0,2514.996,0.0012128645833333334,0
v_1zk4d2a7w3_0005,v_1zk4d2a7w3,1,car,1059.16,888.1,27.44,66.84,0.0,1834.0896000000002,0.0008844953703703704,0
v_1zk4d2a7w3_0005,v_1zk4d2a7w3,7,truck,1059.565,1060.035,36.81,39.93,0.0,1469.8233,0.0007088268229166666,0
v_1zk4d2a7w3_0005,v_1zk4d2a7w3,8,mototaxi,1016.325,866.11,27.79,72.82,0.8,2023.6677999999997,0.0009759200424382715,0
v_2a14i95fb1_0047,v_2a14i95fb1,1,car,336.48,527.97,102.1,42.08,357.3,4296.3679999999995,0.0020719367283950616,0
v_2a14i95fb1_0047,v_2a14i95fb1,1,car,917.44,559.605,39.14,97.99,317.65,3835.3286,0.0018495990547839505,0
v_2a14i95fb1_0047,v_2a14i95fb1,1,car,1134.72,540.66,79.3,33.46,359.0,2653.378,0.0012795997299382717,0
v_2dxvvipomi_0041,v_2dxvvipomi,1,car,639.91,522.085,93.9,34.79,0.0,3266.781,0.0015754152199074073,0
v_2dxvvipomi_0041,v_2dxvvipomi,1,car,992.07,581.67,36.24,109.1,1.1,3953.784,0.001906724537037037,0
v_2dxvvipomi_0041,v_2dxvvipomi,1,car,1263.615,494.22,100.33,36.1,356.3,3621.913,0.0017466787229938271,0
v_2dxvvipomi_0041,v_2dxvvipomi,1,car,1509.45,495.435,103.6,38.19,0.0,3956.4839999999995,0.00190802662037037,0
v_2dxvvipomi_0041,v_2dxvvipomi,1,car,1542.5,576.845,34.9,99.83,89.2,3484.067,0.00168020206404321,0
v_2dxvvipomi_0041,v_2dxvvipomi,8,mototaxi,1132.05,449.59,63.54,25.3,0.0,1607.5620000000001,0.0007752517361111112,0
v_2dxvvipomi_0041,v_2dxvvipomi,8,mototaxi,1872.405,529.47,59.25,22.62,0.0,1340.2350000000001,0.0006463324652777778,0
v_2dxvvipomi_0041,v_2dxvvipomi,9,motorcycle,1147.885,533.35,48.99,17.8,0.0,872.022,0.0004205353009259259,0
v_2fmgjnh78z_0001,v_2fmgjnh78z,1,car,91.995,494.025,80.01,31.89,1.5273,2551.5189,0.0012304778645833333,0
v_2fmgjnh78z_0001,v_2fmgjnh78z,1,car,636.525,489.02,86.83,30.34,359.7,2634.4222,0.001270458236882716,0
v_2fmgjnh78z_0001,v_2fmgjnh78z,1,car,959.475,264.61,31.01,85.9,0.1,2663.7590000000005,0.0012846059992283952,0
v_2fmgjnh78z_0001,v_2fmgjnh78z,1,car,960.7,153.27,28.68,70.26,3.7,2015.0568,0.0009717673611111112,0
v_2fmgjnh78z_0001,v_2fmgjnh78z,1,car,965.525,638.385,28.21,75.65,1.3,2134.0865000000003,0.0010291698013117285,0
v_2fmgjnh78z_0001,v_2fmgjnh78z,1,car,976.29,59.45,30.34,81.6,4.5,2475.7439999999997,0.001193935185185185,0
v_2fmgjnh78z_0001,v_2fmgjnh78z,1,car,1021.965,306.07,31.13,83.1,358.4,2586.903,0.0012475419560185185,0
v_2fmgjnh78z_0001,v_2fmgjnh78z,1,car,1224.13,480.35,83.2,30.6,358.2,2545.92,0.0012277777777777777,0
v_2fmgjnh78z_0001,v_2fmgjnh78z,1,car,1226.18,525.17,82.42,31.0,354.8,2555.02,0.0012321662808641976,0
v_2fmgjnh78z_0001,v_2fmgjnh78z,1,car,1356.6,515.115,84.64,33.31,352.9,2819.3584,0.0013596442901234569,0
v_2fmgjnh78z_0001,v_2fmgjnh78z,7,truck,1065.22,554.335,98.24,36.39,353.2154,3574.9536,0.0017240324074074074,0
v_2phx07m2il_0043,v_2phx07m2il,1,car,1391.8,536.485,113.7,48.89,0.0,5558.793000000001,0.0026807450810185187,0
v_2qw29fl407_0021,v_2qw29fl407,1,car,36.275,471.85,72.29,38.36,0.0,2773.0444,0.0013373092206790125,0
v_2qw29fl407_0021,v_2qw29fl407,1,car,188.87,481.33,91.82,41.04,0.0,3768.2927999999997,0.0018172708333333333,0
v_2qw29fl407_0021,v_2qw29fl407,1,car,350.38,482.595,116.44,38.57,0.2,4491.0908,0.002165842399691358,0
v_2qw29fl407_0021,v_2qw29fl407,1,car,578.57,481.325,94.0,37.07,0.0,3484.58,0.0016804494598765432,0
v_2qw29fl407_0021,v_2qw29fl407,1,car,637.575,538.88,115.69,41.7,358.7,4824.273,0.0023265205439814817,0
v_2qw29fl407_0021,v_2qw29fl407,1,car,697.06,484.235,99.34,38.99,0.0,3873.2666000000004,0.0018678947723765433,0
v_2qw29fl407_0021,v_2qw29fl407,1,car,935.035,488.84,98.93,44.3,0.0,4382.599,0.0021135218942901234,0
v_2qw29fl407_0021,v_2qw29fl407,1,car,985.405,963.765,32.43,84.67,0.0,2745.8481,0.0013241937210648148,0
v_2qw29fl407_0021,v_2qw29fl407,1,car,1119.7,546.94,104.72,42.84,0.0,4486.2048,0.0021634861111111113,0
v_2qw29fl407_0021,v_2qw29fl407,1,car,1325.825,543.095,37.35,91.81,87.8,3429.1035,0.001653695746527778,0
v_2qw29fl407_0021,v_2qw29fl407,1,car,1528.595,489.57,93.77,37.28,0.0,3495.7455999999997,0.0016858341049382714,0
v_2qw29fl407_0021,v_2qw29fl407,1,car,1616.88,554.79,34.48,72.3,89.3,2492.9039999999995,0.001202210648148148,0
v_2qw29fl407_0021,v_2qw29fl407,1,car,1885.545,553.46,68.69,36.5,359.6,2507.185,0.0012090977044753087,0
v_2qw29fl407_0021,v_2qw29fl407,1,car,1906.3,496.415,27.4,40.79,0.0,1117.646,0.0005389882330246914,0
v_2qw29fl407_0021,v_2qw29fl407,3,microbus,970.845,770.83,40.61,147.2,1.8,5977.7919999999995,0.0028828086419753086,0
v_2xxuzy5797_0030,v_2xxuzy5797,1,car,423.4,414.13,85.4,34.4,0.0,2937.76,0.001416743827160494,0
v_2xxuzy5797_0030,v_2xxuzy5797,1,car,733.365,104.985,78.19,27.59,0.0,2157.2621,0.001040346305941358,0
v_2xxuzy5797_0030,v_2xxuzy5797,1,car,840.46,411.695,80.52,28.35,0.0,2282.742,0.001100859375,0
v_2xxuzy5797_0030,v_2xxuzy5797,1,car,848.84,801.405,72.4,27.93,92.7,2022.132,0.0009751793981481482,0
v_2xxuzy5797_0030,v_2xxuzy5797,1,car,919.25,842.365,28.46,75.49,0.0,2148.4454,0.001036094425154321,0
v_2xxuzy5797_0030,v_2xxuzy5797,1,car,972.79,858.04,30.66,71.64,0.0,2196.4824,0.0010592604166666667,0
v_2xxuzy5797_0030,v_2xxuzy5797,1,car,972.855,958.5,30.63,77.46,0.0,2372.5997999999995,0.0011441935763888886,0
v_2xxuzy5797_0030,v_2xxuzy5797,1,car,1319.775,413.23,66.63,27.58,0.0,1837.6553999999999,0.0008862149884259258,0
v_2xxuzy5797_0030,v_2xxuzy5797,2,van,635.555,460.55,102.81,34.18,0.0,3514.0458,0.0016946594328703702,0
v_2xxuzy5797_0030,v_2xxuzy5797,7,truck,292.93,363.4,110.0,34.38,0.0,3781.8,0.0018237847222222223,0
v_2xxuzy5797_0030,v_2xxuzy5797,7,truck,922.38,978.51,35.3,131.6,0.0,4645.48,0.002240297067901234,0
v_2xxuzy5797_0030,v_2xxuzy5797,7,truck,974.71,1070.135,34.9,19.39,0.0,676.711,0.00032634596836419755,0
v_30pmnl0zcr_0017,v_30pmnl0zcr,1,car,588.21,563.225,84.48,34.61,0.0,2923.8528,0.0014100370370370371,0
v_30pmnl0zcr_0017,v_30pmnl0zcr,1,car,955.23,884.87,83.86,34.04,269.7306,2854.5944,0.0013766369598765431,0
v_30pmnl0zcr_0017,v_30pmnl0zcr,1,car,939.26,985.03,35.88,86.1,0.0,3089.268,0.0014898090277777778,0
v_30pmnl0zcr_0017,v_30pmnl0zcr,1,car,980.685,217.815,73.21,36.05,42.8,2639.2204999999994,0.0012727722318672838,0
v_30pmnl0zcr_0017,v_30pmnl0zcr,1,car,977.645,64.75,36.93,92.0,0.0,3397.56,0.0016384837962962963,0
v_30pmnl0zcr_0017,v_30pmnl0zcr,1,car,980.575,1059.01,37.79,41.98,344.2,1586.4242,0.0007650579668209876,0
v_30pmnl0zcr_0017,v_30pmnl0zcr,1,car,993.09,855.49,36.54,87.56,339.83,3199.4424,0.0015429409722222222,0
v_30pmnl0zcr_0017,v_30pmnl0zcr,1,car,998.12,970.66,36.9,90.58,0.0,3342.4019999999996,0.0016118836805555554,0
v_30pmnl0zcr_0017,v_30pmnl0zcr,1,car,1787.52,531.88,92.2,39.36,0.0,3628.992,0.0017500925925925926,0
v_30pmnl0zcr_0017,v_30pmnl0zcr,7,truck,49.935,531.15,51.39,99.84,90.2,5130.7776,0.0024743333333333336,0
v_30pmnl0zcr_0017,v_30pmnl0zcr,9,motorcycle,1731.83,487.5,44.14,12.08,0.0,533.2112,0.0002571427469135802,0
v_35qs647kgf_0037,v_35qs647kgf,3,microbus,850.1,509.885,163.4,48.97,0.0,8001.698,0.0038588435570987654,0
v_37qg2grbx8_0035,v_37qg2grbx8,1,car,594.875,530.4,93.35,39.42,359.6,3679.857,0.0017746223958333333,0
v_37qg2grbx8_0035,v_37qg2grbx8,1,car,1285.535,557.29,36.63,88.6,23.7,3245.418,0.0015651128472222223,0
v_38e4ejn0c6_0048,v_38e4ejn0c6,1,car,15.54,543.83,31.08,35.86,354.7,1114.5287999999998,0.0005374849537037036,0
v_38e4ejn0c6_0048,v_38e4ejn0c6,1,car,176.435,550.125,89.43,39.71,357.32,3551.2653000000005,0.0017126086516203705,0
v_38e4ejn0c6_0048,v_38e4ejn0c6,1,car,395.27,534.025,85.98,32.83,357.14,2822.7234,0.0013612670717592591,0
v_38e4ejn0c6_0048,v_38e4ejn0c6,1,car,976.635,983.88,33.21,86.92,0.8,2886.6132000000002,0.001392078125,0
v_38e4ejn0c6_0048,v_38e4ejn0c6,1,car,989.775,232.07,37.13,87.2,2.88,3237.7360000000003,0.0015614081790123458,0
v_38e4ejn0c6_0048,v_38e4ejn0c6,1,car,990.905,393.94,37.41,83.46,0.54,3122.2385999999997,0.0015057092013888887,0
v_38e4ejn0c6_0048,v_38e4ejn0c6,1,car,1021.68,817.705,36.4,87.57,0.0,3187.548,0.001537204861111111,0
v_38e4ejn0c6_0048,v_38e4ejn0c6,1,car,1311.43,510.265,93.68,36.19,0.0,3390.2792,0.0016349726080246913,0
v_38e4ejn0c6_0048,v_38e4ejn0c6,1,car,1745.935,484.095,89.85,36.27,0.0,3258.8595,0.0015715950520833334,0
v_38e4ejn0c6_0048,v_38e4ejn0c6,9,motorcycle,1047.11,262.23,12.8,40.78,0.0,521.984,0.0002517283950617284,0
v_3cfwxaw23f_0047,v_3cfwxaw23f,1,car,271.28,492.03,98.92,44.3,0.0,4382.156,0.0021133082561728394,0
v_3cfwxaw23f_0047,v_3cfwxaw23f,1,car,552.2,494.385,90.82,36.47,0.0,3312.2054,0.0015973212770061728,0
v_3cfwxaw23f_0047,v_3cfwxaw23f,1,car,687.01,545.525,104.72,42.83,0.0,4485.1576,0.002162981095679012,0
v_3cfwxaw23f_0047,v_3cfwxaw23f,1,car,698.91,488.325,93.78,37.27,0.0,3495.1806,0.0016855616319444446,0
v_3cfwxaw23f_0047,v_3cfwxaw23f,1,car,830.48,499.035,102.7,40.79,0.0,4189.133,0.0020202223186728393,0
v_3cfwxaw23f_0047,v_3cfwxaw23f,1,car,910.85,903.49,33.5,84.8,0.0,2840.7999999999997,0.0013699845679012344,0
v_3cfwxaw23f_0047,v_3cfwxaw23f,1,car,913.38,1061.025,34.14,37.65,0.0,1285.3709999999999,0.0006198741319444444,0
v_3cfwxaw23f_0047,v_3cfwxaw23f,1,car,978.83,501.64,34.6,88.8,0.0,3072.48,0.0014817129629629629,0
v_3cfwxaw23f_0047,v_3cfwxaw23f,1,car,980.405,970.63,34.69,85.88,0.0,2979.1771999999996,0.0014367173996913578,0
v_3cfwxaw23f_0047,v_3cfwxaw23f,1,car,988.41,836.255,34.48,72.29,3.1,2492.5592,0.0012020443672839506,0
v_3cfwxaw23f_0047,v_3cfwxaw23f,1,car,1083.17,549.32,98.5,36.5,354.8,3595.25,0.0017338204089506174,0
v_3cfwxaw23f_0047,v_3cfwxaw23f,1,car,1106.2,489.285,96.7,38.35,0.0,3708.445,0.0017884090470679014,0
v_3cfwxaw23f_0047,v_3cfwxaw23f,1,car,1213.62,495.66,96.4,42.92,0.0,4137.488,0.0019953163580246915,0
v_3cfwxaw23f_0047,v_3cfwxaw23f,1,car,1268.535,545.47,37.99,103.5,90.5,3931.965,0.0018962022569444445,0
v_3cfwxaw23f_0047,v_3cfwxaw23f,1,car,1320.52,493.235,96.24,38.79,0.0,3733.1495999999997,0.0018003229166666664,0
v_3cfwxaw23f_0047,v_3cfwxaw23f,1,car,1388.97,558.085,102.0,39.07,3.6,3985.14,0.0019218460648148148,0
v_3cfwxaw23f_0047,v_3cfwxaw23f,1,car,1420.575,501.39,98.89,38.0,1.2,3757.82,0.0018122202932098765,0
v_3cfwxaw23f_0047,v_3cfwxaw23f,1,car,1517.16,552.68,94.2,38.1,0.0,3589.0200000000004,0.0017308159722222223,0
v_3cfwxaw23f_0047,v_3cfwxaw23f,1,car,1562.36,511.545,93.2,37.35,358.2,3481.0200000000004,0.0016787326388888891,0
v_3cfwxaw23f_0047,v_3cfwxaw23f,1,car,1629.54,557.49,105.08,39.3,0.0,4129.643999999999,0.0019915335648148145,0
v_3cfwxaw23f_0047,v_3cfwxaw23f,1,car,1665.025,505.79,89.05,36.18,0.0,3221.8289999999997,0.0015537369791666666,0
v_3cfwxaw23f_0047,v_3cfwxaw23f,1,car,1749.545,558.48,101.91,37.74,0.1,3846.0834,0.0018547855902777777,0
v_3cfwxaw23f_0047,v_3cfwxaw23f,1,car,1788.5,503.295,101.1,36.25,359.1,3664.875,0.0017673972800925925,0
v_3cfwxaw23f_0047,v_3cfwxaw23f,1,car,1853.17,568.585,91.82,32.63,0.0,2996.0866,0.0014448720100308642,0
v_3cfwxaw23f_0047,v_3cfwxaw23f,1,car,1888.6,501.18,62.8,36.26,0.0,2277.1279999999997,0.0010981520061728394,0
v_3cfwxaw23f_0047,v_3cfwxaw23f,9,motorcycle,43.445,528.79,43.89,19.7,0.0,864.6329999999999,0.00041697193287037034,0
v_3cfwxaw23f_0047,v_3cfwxaw23f,9,motorcycle,1240.38,584.54,33.34,14.18,359.8,472.76120000000003,0.0002279905478395062,0
v_3mx8i4vo8k_0012,v_3mx8i4vo8k,1,car,288.145,528.19,110.37,52.56,0.0,5801.047200000001,0.002797572916666667,0
v_3qiyfyeqir_0005,v_3qiyfyeqir,1,car,992.88,743.34,34.56,88.78,354.87,3068.2368,0.0014796666666666667,0
v_3qiyfyeqir_0005,v_3qiyfyeqir,1,car,1625.12,535.765,94.44,39.35,356.9,3716.214,0.0017921556712962962,0
v_3tpe0xom25_0009,v_3tpe0xom25,1,car,64.435,67.525,76.89,34.75,0.0,2671.9275000000002,0.001288545283564815,0
v_3tpe0xom25_0009,v_3tpe0xom25,1,car,846.275,569.465,68.49,30.87,71.71,2114.2862999999998,0.0010196210937499998,0
v_3tpe0xom25_0009,v_3tpe0xom25,1,car,914.04,865.135,31.42,79.09,0.0,2485.0078000000003,0.0011984026813271606,0
v_3tpe0xom25_0009,v_3tpe0xom25,1,car,966.4,809.805,33.74,78.65,0.0,2653.6510000000003,0.0012797313850308643,0
v_3tpe0xom25_0009,v_3tpe0xom25,1,car,971.68,915.75,31.5,82.18,0.0,2588.67,0.0012483940972222224,0
v_3tpe0xom25_0009,v_3tpe0xom25,1,car,1426.535,465.985,80.71,31.41,357.9,2535.1011,0.001222560329861111,0
v_3tpe0xom25_0009,v_3tpe0xom25,1,car,1429.745,403.865,86.49,34.21,0.0,2958.8229,0.0014269014756944445,0
v_3tpe0xom25_0009,v_3tpe0xom25,2,van,270.09,242.185,98.04,37.55,358.6,3681.402,0.001775367476851852,0
v_3tpe0xom25_0009,v_3tpe0xom25,2,van,1856.925,427.52,103.05,32.84,356.1,3384.1620000000003,0.0016320225694444446,0
v_3tpe0xom25_0009,v_3tpe0xom25,5,bus,658.37,455.635,171.74,48.73,0.0,8368.8902,0.004035923128858024,0
v_3tpe0xom25_0009,v_3tpe0xom25,9,motorcycle,935.065,800.56,10.75,34.04,352.3,365.93,0.00017647087191358026,0
v_3tpe0xom25_0009,v_3tpe0xom25,9,motorcycle,1714.26,392.955,38.44,11.09,356.6,426.29959999999994,0.00020558429783950615,0
v_3u1ern1dd8_0038,v_3u1ern1dd8,1,car,276.445,507.57,29.45,69.8,90.5,2055.6099999999997,0.0009913242669753084,0
v_3u1ern1dd8_0038,v_3u1ern1dd8,1,car,392.635,551.25,28.85,66.28,89.2,1912.178,0.0009221537422839507,0
v_3u1ern1dd8_0038,v_3u1ern1dd8,1,car,782.49,500.105,82.34,28.07,357.4,2311.2838,0.0011146237461419754,0
v_3u1ern1dd8_0038,v_3u1ern1dd8,1,car,797.45,554.11,92.72,32.94,357.8,3054.1967999999997,0.0014728958333333332,0
v_3u1ern1dd8_0038,v_3u1ern1dd8,1,car,957.01,436.93,30.26,80.78,33.4889,2444.4028000000003,0.0011788207947530866,0
v_3u1ern1dd8_0038,v_3u1ern1dd8,1,car,991.18,277.63,31.9,81.78,6.9,2608.7819999999997,0.0012580931712962962,0
v_3u1ern1dd8_0038,v_3u1ern1dd8,1,car,1030.71,154.225,30.54,82.45,0.0,2518.023,0.001214324363425926,0
v_3u1ern1dd8_0038,v_3u1ern1dd8,1,car,1338.805,508.17,86.31,29.74,0.0,2566.8594,0.0012378758680555554,0
v_3vf73dh5d4_0013,v_3vf73dh5d4,1,car,118.295,549.295,92.57,37.95,0.0,3513.0315,0.001694170283564815,0
v_3vf73dh5d4_0013,v_3vf73dh5d4,1,car,145.015,494.665,101.51,39.43,0.0,4002.5393000000004,0.0019302369309413582,0
v_3vf73dh5d4_0013,v_3vf73dh5d4,1,car,633.57,486.845,95.2,40.33,357.5,3839.416,0.001851570216049383,0
v_3vf73dh5d4_0013,v_3vf73dh5d4,1,car,862.435,474.59,102.15,39.4,342.8,4024.71,0.0019409288194444446,0
v_3vf73dh5d4_0013,v_3vf73dh5d4,1,car,1526.115,519.385,99.79,43.73,0.0,4363.8167,0.002104464072145062,0
v_3vf73dh5d4_0013,v_3vf73dh5d4,7,truck,1247.01,488.785,138.98,40.15,0.0,5580.047,0.0026909948881172836,0
v_3vf73dh5d4_0013,v_3vf73dh5d4,8,mototaxi,1876.07,504.6,63.16,29.2,0.0,1844.272,0.0008894058641975308,0
v_3w49zw27sc_0042,v_3w49zw27sc,1,car,31.385,269.14,62.77,32.62,0.0,2047.5574,0.000987440875771605,0
v_3w49zw27sc_0042,v_3w49zw27sc,1,car,30.935,386.59,61.87,32.42,0.0,2005.8254,0.0009673154899691357,0
v_3w49zw27sc_0042,v_3w49zw27sc,1,car,98.185,319.42,79.89,32.98,0.0,2634.7722,0.001270627025462963,0
v_3w49zw27sc_0042,v_3w49zw27sc,1,car,242.12,431.13,83.32,30.72,0.0,2559.5903999999996,0.0012343703703703703,0
v_3w49zw27sc_0042,v_3w49zw27sc,1,car,298.545,1018.77,81.71,37.12,0.0,3033.0751999999998,0.0014627098765432097,0
v_3w49zw27sc_0042,v_3w49zw27sc,1,car,422.5,484.24,81.16,30.28,0.0,2457.5248,0.0011851489197530864,0
v_3w49zw27sc_0042,v_3w49zw27sc,1,car,424.21,434.69,83.7,32.4,0.0,2711.88,0.0013078125,0
v_3w49zw27sc_0042,v_3w49zw27sc,1,car,450.135,315.375,81.01,34.21,0.0,2771.3521,0.0013364931037808641,0
v_3w49zw27sc_0042,v_3w49zw27sc,1,car,473.01,131.83,85.18,38.58,0.0,3286.2444,0.0015848015046296296,0
v_3w49zw27sc_0042,v_3w49zw27sc,1,car,512.81,383.59,88.38,33.18,0.0,2932.4483999999998,0.0014141822916666665,0
v_3w49zw27sc_0042,v_3w49zw27sc,1,car,582.585,481.895,76.29,32.73,0.0,2496.9717,0.0012041723090277779,0
v_3w49zw27sc_0042,v_3w49zw27sc,1,car,592.135,273.32,84.97,37.96,359.4,3225.4612,0.0015554886188271606,0
v_3w49zw27sc_0042,v_3w49zw27sc,1,car,611.37,435.3,68.5,27.16,0.0,1860.46,0.0008972125771604939,0
v_3w49zw27sc_0042,v_3w49zw27sc,1,car,719.03,310.565,78.18,34.93,0.0,2730.8274,0.0013169499421296297,0
v_3w49zw27sc_0042,v_3w49zw27sc,1,car,783.44,432.0,88.3,34.22,0.0,3021.6259999999997,0.0014571884645061728,0
v_3w49zw27sc_0042,v_3w49zw27sc,1,car,779.5,384.385,78.88,34.37,0.0,2711.1056,0.0013074390432098765,0
v_3w49zw27sc_0042,v_3w49zw27sc,1,car,847.08,1008.515,77.92,33.35,90.4,2598.632,0.0012531983024691357,0
v_3w49zw27sc_0042,v_3w49zw27sc,1,car,849.26,699.575,75.26,33.41,88.6,2514.4366,0.0012125948109567902,0
v_3w49zw27sc_0042,v_3w49zw27sc,1,car,922.985,272.585,79.67,33.99,0.0,2707.9833000000003,0.0013059333043981484,0
v_3w49zw27sc_0042,v_3w49zw27sc,1,car,998.535,386.385,83.47,35.03,0.0,2923.9541,0.0014100858892746914,0
v_3w49zw27sc_0042,v_3w49zw27sc,1,car,1025.565,219.74,79.47,37.26,0.0,2961.0521999999996,0.0014279765624999998,0
v_3w49zw27sc_0042,v_3w49zw27sc,1,car,1036.04,436.11,77.4,28.9,0.0,2236.86,0.001078732638888889,0
v_3w49zw27sc_0042,v_3w49zw27sc,1,car,1128.94,216.23,86.6,41.3,0.0,3576.5799999999995,0.0017248167438271601,0
v_3w49zw27sc_0042,v_3w49zw27sc,1,car,1230.825,217.595,90.91,35.47,0.0,3224.5777,0.0015550625482253085,0
v_3w49zw27sc_0042,v_3w49zw27sc,1,car,1418.88,436.435,84.34,35.03,359.5,2954.4302000000002,0.0014247830825617285,0
v_3w49zw27sc_0042,v_3w49zw27sc,1,car,1491.96,209.63,88.7,32.94,0.0,2921.778,0.0014090364583333333,0
v_3w49zw27sc_0042,v_3w49zw27sc,1,car,1505.96,385.11,80.0,33.44,0.0,2675.2,0.0012901234567901233,0
v_3w49zw27sc_0042,v_3w49zw27sc,1,car,1627.84,269.57,92.58,39.8,0.0,3684.6839999999997,0.0017769502314814813,0
v_3w49zw27sc_0042,v_3w49zw27sc,1,car,1677.6,218.26,104.2,38.7,356.8889,4032.5400000000004,0.0019447048611111112,0
v_3w49zw27sc_0042,v_3w49zw27sc,1,car,1721.15,423.645,87.1,31.11,0.0,2709.6809999999996,0.0013067520254629627,0
v_3w49zw27sc_0042,v_3w49zw27sc,1,car,1750.71,376.13,81.84,32.76,0.0,2681.0784,0.0012929583333333332,0
v_3w49zw27sc_0042,v_3w49zw27sc,1,car,1893.27,303.745,53.46,37.91,0.0,2026.6685999999997,0.0009773671875,0
v_3w49zw27sc_0042,v_3w49zw27sc,4,minibus,39.2,433.925,78.4,33.83,0.0,2652.272,0.0012790663580246914,0
v_3w49zw27sc_0042,v_3w49zw27sc,4,minibus,184.835,485.525,85.57,30.83,0.0,2638.1231,0.0012722430073302468,0
v_3w49zw27sc_0042,v_3w49zw27sc,4,minibus,842.14,899.1,76.66,32.26,90.5,2473.0516,0.0011926367669753085,0
v_3w49zw27sc_0042,v_3w49zw27sc,4,minibus,1174.74,270.34,91.2,35.62,0.0,3248.544,0.0015666203703703703,0
v_3w49zw27sc_0042,v_3w49zw27sc,7,truck,300.7,263.12,104.92,47.3,0.0,4962.715999999999,0.002393285108024691,0
v_3w49zw27sc_0042,v_3w49zw27sc,7,truck,810.79,476.885,120.22,42.87,0.0,5153.8314,0.002485451099537037,0
v_3w49zw27sc_0042,v_3w49zw27sc,7,truck,1358.585,211.545,112.97,47.07,0.0,5317.4979,0.0025643797743055557,0
v_3w49zw27sc_0042,v_3w49zw27sc,9,motorcycle,823.925,571.05,31.37,10.66,62.375,334.4042,0.0001612674575617284,0
v_3w49zw27sc_0042,v_3w49zw27sc,9,motorcycle,828.24,640.56,36.2,10.78,87.2,390.236,0.00018819251543209875,0
v_3w49zw27sc_0042,v_3w49zw27sc,9,motorcycle,862.425,579.265,35.51,10.33,71.34,366.81829999999997,0.0001768992573302469,0
v_3yzj8nkhg0_0026,v_3yzj8nkhg0,1,car,1366.17,535.02,111.68,42.04,0.0,4695.0272,0.0022641913580246915,0
v_435yrh9pf3_0017,v_435yrh9pf3,1,car,512.27,482.365,97.1,38.65,0.0,3752.9149999999995,0.0018098548418209873,0
v_435yrh9pf3_0017,v_435yrh9pf3,1,car,1246.505,517.615,36.61,92.19,81.6,3375.0759,0.001627640769675926,0
v_435yrh9pf3_0017,v_435yrh9pf3,1,car,1506.56,480.615,90.64,42.29,0.0,3833.1656,0.0018485559413580245,0
v_435yrh9pf3_0017,v_435yrh9pf3,9,motorcycle,984.93,944.985,16.88,44.51,0.0,751.3287999999999,0.0003623306327160493,0
v_435yrh9pf3_0017,v_435yrh9pf3,9,motorcycle,1613.835,435.79,44.85,17.48,0.0,783.9780000000001,0.00037807581018518523,0
v_4j4yizs3uu_0023,v_4j4yizs3uu,1,car,48.78,557.955,27.3,81.75,84.8,2231.775,0.0010762803819444446,0
v_4j4yizs3uu_0023,v_4j4yizs3uu,1,car,86.855,491.26,85.07,31.1,359.25,2645.677,0.0012758858989197531,0
v_4j4yizs3uu_0023,v_4j4yizs3uu,1,car,323.58,527.08,29.7,81.7,91.2,2426.4900000000002,0.0011701822916666668,0
v_4j4yizs3uu_0023,v_4j4yizs3uu,1,car,992.055,275.495,32.27,84.85,0.0,2738.1095,0.001320461757330247,0
v_4j4yizs3uu_0023,v_4j4yizs3uu,1,car,996.28,130.635,30.1,72.13,0.0,2171.113,0.0010470259452160493,0
v_4j4yizs3uu_0023,v_4j4yizs3uu,1,car,1001.105,21.55,33.15,43.1,0.0,1428.7649999999999,0.0006890263310185185,0
v_4j4yizs3uu_0023,v_4j4yizs3uu,1,car,1007.53,903.855,30.82,82.29,358.35,2536.1778000000004,0.0012230795717592595,0
v_4j4yizs3uu_0023,v_4j4yizs3uu,1,car,1893.95,505.12,52.1,29.74,0.0,1549.454,0.0007472289737654321,0
v_4jida6kigm_0027,v_4jida6kigm,1,car,135.825,549.625,72.21,30.87,3.9,2229.1227,0.0010750013020833333,0
v_4jida6kigm_0027,v_4jida6kigm,1,car,194.03,503.86,82.12,29.7,0.6,2438.964,0.0011761979166666665,0
v_4jida6kigm_0027,v_4jida6kigm,1,car,482.265,550.385,79.41,31.91,2.9,2533.9730999999997,0.0012220163483796294,0
v_4jida6kigm_0027,v_4jida6kigm,1,car,662.965,511.99,80.37,27.78,0.0,2232.6786,0.0010767161458333334,0
v_4jida6kigm_0027,v_4jida6kigm,1,car,999.29,124.205,27.3,84.77,0.0,2314.221,0.0011160402199074074,0
v_4jida6kigm_0027,v_4jida6kigm,1,car,1029.04,7.35,35.6,14.7,0.0,523.32,0.00025237268518518523,0
v_4jida6kigm_0027,v_4jida6kigm,1,car,1274.38,493.67,82.4,26.46,0.0,2180.304,0.0010514583333333333,0
v_4jida6kigm_0027,v_4jida6kigm,1,car,1738.53,494.42,94.7,31.1,0.0,2945.17,0.0014203173225308641,0
v_4jida6kigm_0027,v_4jida6kigm,1,car,1886.115,506.125,67.23,31.33,0.0,2106.3159,0.00101577734375,0
v_4jida6kigm_0027,v_4jida6kigm,9,motorcycle,74.47,480.395,9.92,39.11,88.1857,387.9712,0.0001871003086419753,0
v_4jida6kigm_0027,v_4jida6kigm,9,motorcycle,982.425,33.935,11.15,40.59,0.0,452.5785000000001,0.00021825737847222225,0
v_4lwre1hk2i_0029,v_4lwre1hk2i,1,car,3.65,293.795,7.3,33.11,1.3,241.703,0.00011656201774691358,0
v_4lwre1hk2i_0029,v_4lwre1hk2i,1,car,27.57,457.625,55.14,33.11,0.0,1825.6854,0.0008804424189814815,0
v_4lwre1hk2i_0029,v_4lwre1hk2i,1,car,90.66,503.01,91.1,34.7,0.0,3161.17,0.0015244839891975308,0
v_4lwre1hk2i_0029,v_4lwre1hk2i,1,car,117.79,455.5,79.2,31.28,0.0,2477.376,0.0011947222222222222,0
v_4lwre1hk2i_0029,v_4lwre1hk2i,1,car,191.52,298.575,77.26,31.73,0.0,2451.4598,0.0011822240547839508,0
v_4lwre1hk2i_0029,v_4lwre1hk2i,1,car,304.5,500.24,89.9,34.14,359.46,3069.186,0.0014801244212962964,0
v_4lwre1hk2i_0029,v_4lwre1hk2i,1,car,299.985,256.665,75.41,32.23,1.9,2430.4642999999996,0.0011720989101080244,0
v_4lwre1hk2i_0029,v_4lwre1hk2i,1,car,340.435,341.87,80.29,32.4,0.0,2601.396,0.00125453125,0
v_4lwre1hk2i_0029,v_4lwre1hk2i,1,car,391.53,454.16,81.0,34.0,0.0,2754.0,0.001328125,0
v_4lwre1hk2i_0029,v_4lwre1hk2i,1,car,542.4,496.985,82.06,34.77,355.71,2853.2262000000005,0.001375977141203704,0
v_4lwre1hk2i_0029,v_4lwre1hk2i,1,car,608.35,458.655,76.98,31.01,0.0,2387.1498,0.0011512103587962964,0
v_4lwre1hk2i_0029,v_4lwre1hk2i,1,car,630.48,292.725,97.2,37.79,0.0,3673.188,0.00177140625,0
v_4lwre1hk2i_0029,v_4lwre1hk2i,1,car,693.51,506.12,81.92,30.98,358.4,2537.8816,0.0012239012345679012,0
v_4lwre1hk2i_0029,v_4lwre1hk2i,1,car,740.135,409.145,88.87,36.29,0.0,3225.0923000000003,0.0015553107156635803,0
v_4lwre1hk2i_0029,v_4lwre1hk2i,1,car,781.405,345.055,77.91,35.21,359.2,2743.2111,0.0013229220196759258,0
v_4lwre1hk2i_0029,v_4lwre1hk2i,1,car,837.605,499.315,79.19,31.05,0.4,2458.8495,0.0011857877604166665,0
v_4lwre1hk2i_0029,v_4lwre1hk2i,1,car,851.915,452.3,74.55,32.22,0.0,2402.0009999999997,0.0011583723958333333,0
v_4lwre1hk2i_0029,v_4lwre1hk2i,1,car,909.31,557.52,88.38,31.72,40.57,2803.4136,0.001351954861111111,0
v_4lwre1hk2i_0029,v_4lwre1hk2i,1,car,923.865,411.655,76.21,32.87,0.0,2505.0226999999995,0.001208054928626543,0
v_4lwre1hk2i_0029,v_4lwre1hk2i,1,car,922.49,657.19,71.88,29.36,92.44,2110.3968,0.0010177453703703705,0
v_4lwre1hk2i_0029,v_4lwre1hk2i,1,car,927.0,296.415,80.72,34.97,357.96,2822.7783999999997,0.0013612935956790122,0
v_4lwre1hk2i_0029,v_4lwre1hk2i,1,car,1017.865,923.765,34.17,83.39,0.0,2849.4363000000003,0.0013741494502314817,0
v_4lwre1hk2i_0029,v_4lwre1hk2i,1,car,1078.08,341.415,82.2,35.53,0.0,2920.5660000000003,0.0014084519675925927,0
v_4lwre1hk2i_0029,v_4lwre1hk2i,1,car,1056.835,905.92,34.95,83.2,0.0,2907.84,0.0014023148148148148,0
v_4lwre1hk2i_0029,v_4lwre1hk2i,1,car,1098.9,461.815,75.62,30.31,359.8,2292.0422,0.001105344425154321,0
v_4lwre1hk2i_0029,v_4lwre1hk2i,1,car,1322.565,343.925,88.67,31.79,0.0,2818.8193,0.001359384307484568,0
v_4lwre1hk2i_0029,v_4lwre1hk2i,1,car,1347.575,416.215,95.67,33.61,0.0,3215.4687,0.001550669704861111,0
v_4lwre1hk2i_0029,v_4lwre1hk2i,1,car,1349.745,237.74,97.31,39.02,0.0,3797.0362000000005,0.0018311324266975311,0
v_4lwre1hk2i_0029,v_4lwre1hk2i,1,car,1642.035,477.025,79.03,32.45,0.1,2564.5235000000002,0.0012367493730709878,0
v_4lwre1hk2i_0029,v_4lwre1hk2i,1,car,1890.295,237.26,59.13,33.16,0.0,1960.7507999999998,0.0009455781249999999,0
v_4lwre1hk2i_0029,v_4lwre1hk2i,1,car,1894.335,339.345,51.33,32.93,0.0,1690.2968999999998,0.0008151508969907406,0
v_4lwre1hk2i_0029,v_4lwre1hk2i,4,minibus,47.98,411.28,95.96,39.78,0.0,3817.2888,0.0018408993055555555,0
v_4lwre1hk2i_0029,v_4lwre1hk2i,4,minibus,166.07,404.865,84.14,30.83,0.0,2594.0362,0.0012509819637345678,0
v_4lwre1hk2i_0029,v_4lwre1hk2i,4,minibus,468.04,408.09,85.56,32.52,0.0,2782.4112000000005,0.0013418263888888891,0
v_4lwre1hk2i_0029,v_4lwre1hk2i,5,bus,905.115,245.205,158.99,54.13,0.0,8606.128700000001,0.004150332127700618,0
v_4lwre1hk2i_0029,v_4lwre1hk2i,5,bus,1664.47,235.345,215.4,50.87,0.0,10957.398,0.00528423900462963,0
v_4lwre1hk2i_0029,v_4lwre1hk2i,7,truck,1429.75,289.73,294.76,51.28,359.5,15115.2928,0.007289396604938271,0
v_4lwre1hk2i_0029,v_4lwre1hk2i,7,truck,1722.68,339.99,134.3,41.42,0.0,5562.706000000001,0.0026826321373456794,0
v_4lwre1hk2i_0029,v_4lwre1hk2i,7,truck,1840.4,285.195,159.2,44.95,0.0,7156.04,0.00345102237654321,0
v_4lwre1hk2i_0029,v_4lwre1hk2i,9,motorcycle,376.46,315.545,46.0,16.27,0.0,748.42,0.0003609278549382716,0
v_4lwre1hk2i_0029,v_4lwre1hk2i,9,motorcycle,432.1,512.94,40.8,12.54,359.6,511.63199999999995,0.0002467361111111111,0
v_4lwre1hk2i_0029,v_4lwre1hk2i,9,motorcycle,635.41,526.515,44.28,14.31,0.0,633.6468,0.00030557812499999997,0
v_4lwre1hk2i_0029,v_4lwre1hk2i,9,motorcycle,856.38,539.4,37.72,13.32,30.08,502.4304,0.00024229861111111113,0
v_5acfgb7ua0_0024,v_5acfgb7ua0,1,car,1132.985,536.625,101.55,42.73,359.4,4339.2315,0.002092607783564815,0
v_5ror9vxsrx_0021,v_5ror9vxsrx,1,car,991.065,752.42,39.35,91.62,0.0,3605.2470000000003,0.0017386414930555558,0
v_5ror9vxsrx_0021,v_5ror9vxsrx,1,car,997.925,603.225,44.99,104.11,343.52,4683.9089,0.002258829523533951,0
v_5zheze2kjr_0009,v_5zheze2kjr,1,car,65.85,386.95,87.5,33.18,0.0,2903.25,0.0014001012731481481,0
v_5zheze2kjr_0009,v_5zheze2kjr,1,car,118.18,484.505,92.4,34.55,0.0,3192.42,0.0015395543981481482,0
v_5zheze2kjr_0009,v_5zheze2kjr,1,car,128.775,444.26,85.29,34.6,0.0,2951.0340000000006,0.0014231452546296299,0
v_5zheze2kjr_0009,v_5zheze2kjr,1,car,177.195,271.545,81.43,37.35,0.0,3041.4105000000004,0.0014667296006944447,0
v_5zheze2kjr_0009,v_5zheze2kjr,1,car,245.695,440.34,90.05,35.3,0.0,3178.7649999999994,0.001532969232253086,0
v_5zheze2kjr_0009,v_5zheze2kjr,1,car,331.225,395.235,85.41,35.63,0.0,3043.1583,0.0014675724826388888,0
v_5zheze2kjr_0009,v_5zheze2kjr,1,car,456.095,442.435,104.71,37.79,0.0,3956.9909,0.0019082710744598764,0
v_5zheze2kjr_0009,v_5zheze2kjr,1,car,451.14,394.615,83.98,34.31,0.0,2881.3538000000003,0.0013895417631172842,0
v_5zheze2kjr_0009,v_5zheze2kjr,1,car,461.22,279.69,80.96,35.28,0.0,2856.2688,0.0013774444444444444,0
v_5zheze2kjr_0009,v_5zheze2kjr,1,car,533.655,226.01,85.23,37.38,0.0,3185.8974000000003,0.0015364088541666668,0
v_5zheze2kjr_0009,v_5zheze2kjr,1,car,539.24,488.66,82.6,34.06,0.0,2813.3559999999998,0.0013567496141975307,0
v_5zheze2kjr_0009,v_5zheze2kjr,1,car,548.91,139.235,81.48,37.11,0.0,3023.7228,0.0014581996527777779,0
v_5zheze2kjr_0009,v_5zheze2kjr,1,car,624.67,1020.455,92.7,39.79,1.12,3688.533,0.001778806423611111,0
v_5zheze2kjr_0009,v_5zheze2kjr,1,car,715.47,485.33,82.86,33.7,0.26,2792.382,0.0013466348379629629,0
v_5zheze2kjr_0009,v_5zheze2kjr,1,car,716.69,389.025,84.54,34.63,0.0,2927.6202000000003,0.001411853877314815,0
v_5zheze2kjr_0009,v_5zheze2kjr,1,car,752.115,440.665,78.49,35.23,0.0,2765.2026999999994,0.0013335275366512342,0
v_5zheze2kjr_0009,v_5zheze2kjr,1,car,814.515,122.1,82.71,40.52,0.05,3351.4092,0.0016162274305555556,0
v_5zheze2kjr_0009,v_5zheze2kjr,1,car,843.275,592.045,83.39,35.89,66.8,2992.8671,0.0014433193962191358,0
v_5zheze2kjr_0009,v_5zheze2kjr,1,car,909.485,895.12,35.85,86.44,1.02,3098.8740000000003,0.001494441550925926,0
v_5zheze2kjr_0009,v_5zheze2kjr,1,car,908.92,1013.97,32.92,81.16,0.0,2671.7872,0.0012884776234567902,0
v_5zheze2kjr_0009,v_5zheze2kjr,1,car,991.525,273.335,77.47,37.31,0.0,2890.4057000000003,0.001393907069830247,0
v_5zheze2kjr_0009,v_5zheze2kjr,1,car,1011.565,444.29,82.23,31.38,1.0,2580.3774,0.0012443949652777776,0
v_5zheze2kjr_0009,v_5zheze2kjr,1,car,1038.395,390.595,78.55,33.39,359.9,2622.7844999999998,0.0012648459201388888,0
v_5zheze2kjr_0009,v_5zheze2kjr,1,car,1067.97,228.98,84.86,36.22,358.02,3073.6292,0.0014822671682098764,0
v_5zheze2kjr_0009,v_5zheze2kjr,1,car,1192.005,277.65,70.23,33.44,0.0,2348.4912,0.0011325671296296296,0
v_5zheze2kjr_0009,v_5zheze2kjr,1,car,1342.88,271.72,85.72,37.76,0.0,3236.7871999999998,0.0015609506172839505,0
v_5zheze2kjr_0009,v_5zheze2kjr,1,car,1368.085,436.43,83.61,34.94,0.2,2921.3334,0.0014088220486111111,0
v_5zheze2kjr_0009,v_5zheze2kjr,1,car,1396.745,322.09,90.73,37.12,0.0,3367.8976,0.0016241790123456789,0
v_5zheze2kjr_0009,v_5zheze2kjr,1,car,1497.925,391.355,84.21,33.17,359.8,2793.2457,0.0013470513599537037,0
v_5zheze2kjr_0009,v_5zheze2kjr,1,car,1577.79,476.075,81.06,34.71,0.0,2813.5926,0.0013568637152777778,0
v_5zheze2kjr_0009,v_5zheze2kjr,1,car,1653.98,273.89,94.34,39.64,1.3,3739.6376,0.0018034517746913581,0
v_5zheze2kjr_0009,v_5zheze2kjr,2,van,1360.565,220.25,105.55,42.5,0.0,4485.875,0.00216332706404321,0
v_5zheze2kjr_0009,v_5zheze2kjr,4,minibus,851.975,277.5,80.87,35.1,4.8,2838.5370000000003,0.0013688932291666667,0
v_5zheze2kjr_0009,v_5zheze2kjr,4,minibus,1545.205,317.14,99.97,39.8,0.0,3978.8059999999996,0.0019187914737654318,0
v_5zheze2kjr_0009,v_5zheze2kjr,5,bus,1850.635,259.42,138.73,57.96,0.0,8040.7908,0.0038776961805555552,0
v_5zheze2kjr_0009,v_5zheze2kjr,7,truck,280.095,490.745,107.77,32.29,0.0,3479.8932999999997,0.0016781892843364197,0
v_5zheze2kjr_0009,v_5zheze2kjr,7,truck,347.905,314.975,96.05,42.39,0.0,4071.5595,0.0019635221354166667,0
v_5zheze2kjr_0009,v_5zheze2kjr,7,truck,1496.885,259.995,120.53,47.97,0.0,5781.8241,0.002788302517361111,0
v_5zheze2kjr_0009,v_5zheze2kjr,9,motorcycle,52.475,462.17,34.31,11.76,5.6364,403.48560000000003,0.00019458217592592596,0
v_5zheze2kjr_0009,v_5zheze2kjr,9,motorcycle,437.51,476.07,40.66,12.1,2.1,491.98599999999993,0.0002372617669753086,0
v_5zheze2kjr_0009,v_5zheze2kjr,9,motorcycle,661.94,251.72,36.96,13.26,2.7,490.0896,0.00023634722222222224,0
v_5zheze2kjr_0009,v_5zheze2kjr,9,motorcycle,1249.995,468.645,38.41,12.29,3.92,472.05889999999994,0.00022765186149691354,0
v_64iij3aqe0_0015,v_64iij3aqe0,1,car,485.21,511.37,43.28,95.0,269.0,4111.6,0.001982831790123457,0
v_64iij3aqe0_0015,v_64iij3aqe0,1,car,1204.3,493.925,99.04,41.99,358.9,4158.689600000001,0.002005540895061729,0
v_66ok51q8hd_0028,v_66ok51q8hd,1,car,166.465,590.515,102.15,39.39,352.9,4023.6885,0.0019404361979166668,0
v_66ok51q8hd_0028,v_66ok51q8hd,1,car,1027.38,488.625,101.48,39.11,0.0,3968.8828000000003,0.0019140059799382717,0
v_66ok51q8hd_0028,v_66ok51q8hd,1,car,1301.785,472.12,105.41,41.2,0.0,4342.892,0.002094373070987654,0
v_66ok51q8hd_0028,v_66ok51q8hd,3,microbus,1422.87,558.785,213.44,57.89,1.9,12356.0416,0.005958739197530864,0
v_66ok51q8hd_0028,v_66ok51q8hd,8,mototaxi,244.64,485.95,63.16,29.2,0.0,1844.272,0.0008894058641975308,0
v_682q2k39tj_0001,v_682q2k39tj,1,car,402.86,553.55,29.7,82.48,91.5,2449.656,0.0011813541666666667,0
v_682q2k39tj_0001,v_682q2k39tj,1,car,544.235,563.64,31.47,83.5,90.4,2627.745,0.001267238136574074,0
v_682q2k39tj_0001,v_682q2k39tj,1,car,557.265,499.265,35.61,88.63,89.4,3156.1142999999997,0.0015220458622685184,0
v_682q2k39tj_0001,v_682q2k39tj,1,car,860.14,494.125,33.3,84.15,51.1333,2802.195,0.0013513671875000001,0
v_682q2k39tj_0001,v_682q2k39tj,1,car,972.465,299.19,33.09,90.74,0.0,3002.5866,0.0014480066550925925,0
v_682q2k39tj_0001,v_682q2k39tj,1,car,1009.065,171.655,34.01,95.27,354.6,3240.1326999999997,0.0015625639949845677,0
v_682q2k39tj_0001,v_682q2k39tj,1,car,1014.95,983.685,35.8,90.69,0.0,3246.7019999999998,0.001565732060185185,0
v_682q2k39tj_0001,v_682q2k39tj,1,car,1019.46,744.59,31.92,78.4,0.0,2502.5280000000002,0.001206851851851852,0
v_682q2k39tj_0001,v_682q2k39tj,1,car,1021.34,538.255,30.7,86.61,0.0,2658.927,0.0012822757523148149,0
v_682q2k39tj_0001,v_682q2k39tj,1,car,1359.735,535.06,101.99,33.6,358.0,3426.864,0.0016526157407407407,0
v_682q2k39tj_0001,v_682q2k39tj,2,van,1052.825,103.73,31.15,82.1,355.8,2557.4149999999995,0.0012333212770061727,0
v_6m3wu0tbtk_0018,v_6m3wu0tbtk,1,car,416.19,514.975,94.88,46.05,0.0,4369.223999999999,0.002107071759259259,0
v_6m3wu0tbtk_0018,v_6m3wu0tbtk,1,car,622.545,533.825,106.07,44.81,358.2,4752.9967,0.002292147328317901,0
v_6m3wu0tbtk_0018,v_6m3wu0tbtk,1,car,869.535,542.045,96.27,51.63,0.0,4970.4201,0.002397000434027778,0
v_6m3wu0tbtk_0018,v_6m3wu0tbtk,1,car,1009.35,1018.16,48.84,85.16,0.0,4159.2144,0.0020057939814814812,0
v_6m3wu0tbtk_0018,v_6m3wu0tbtk,1,car,1422.23,522.92,103.26,58.6,0.0,6051.036,0.0029181307870370372,0
v_6q1ipw9aoq_0024,v_6q1ipw9aoq,1,car,20.225,518.185,40.45,40.51,270.7,1638.6295,0.0007902341338734568,0
v_6q1ipw9aoq_0024,v_6q1ipw9aoq,1,car,1157.385,537.495,125.27,50.31,359.5,6302.3337,0.0030393198784722224,0
v_6qbarag8up_0024,v_6qbarag8up,1,car,33.205,474.215,37.23,66.75,90.5,2485.1025,0.0011984483506944444,0
v_6qbarag8up_0024,v_6qbarag8up,1,car,955.485,335.035,35.97,92.61,7.47,3331.1817,0.00160647265625,0
v_6qbarag8up_0024,v_6qbarag8up,1,car,966.765,200.895,33.73,93.93,3.0,3168.2589,0.0015279026331018518,0
v_6qbarag8up_0024,v_6qbarag8up,1,car,1023.38,205.12,36.66,82.7,0.1,3031.7819999999997,0.0014620862268518518,0
v_6qbarag8up_0024,v_6qbarag8up,1,car,1349.99,506.035,89.4,34.75,0.0,3106.65,0.001498191550925926,0
v_6wcpy7t3rr_0003,v_6wcpy7t3rr,1,car,25.325,429.135,50.65,31.13,0.0,1576.7344999999998,0.000760385079089506,0
v_6wcpy7t3rr_0003,v_6wcpy7t3rr,1,car,22.95,1006.825,45.9,32.21,0.0,1478.439,0.0007129817708333334,0
v_6wcpy7t3rr_0003,v_6wcpy7t3rr,1,car,80.515,374.75,79.97,31.06,0.0,2483.8682,0.0011978531057098764,0
v_6wcpy7t3rr_0003,v_6wcpy7t3rr,1,car,85.32,116.33,85.32,35.9,0.0,3062.988,0.0014771354166666665,0
v_6wcpy7t3rr_0003,v_6wcpy7t3rr,1,car,128.26,417.47,95.8,34.8,0.0,3333.8399999999997,0.0016077546296296296,0
v_6wcpy7t3rr_0003,v_6wcpy7t3rr,1,car,227.565,427.08,83.99,29.8,359.7458,2502.902,0.0012070322145061728,0
v_6wcpy7t3rr_0003,v_6wcpy7t3rr,1,car,311.31,1014.59,78.3,29.8,0.0,2333.34,0.0011252604166666668,0
v_6wcpy7t3rr_0003,v_6wcpy7t3rr,1,car,333.02,260.52,90.3,35.46,0.0,3202.038,0.0015441927083333334,0
v_6wcpy7t3rr_0003,v_6wcpy7t3rr,1,car,328.35,428.58,75.9,29.24,0.0,2219.3160000000003,0.0010702719907407408,0
v_6wcpy7t3rr_0003,v_6wcpy7t3rr,1,car,341.72,371.69,77.0,34.4,0.0,2648.7999999999997,0.001277391975308642,0
v_6wcpy7t3rr_0003,v_6wcpy7t3rr,1,car,376.6,473.13,70.28,29.2,0.0,2052.176,0.0009896682098765432,0
v_6wcpy7t3rr_0003,v_6wcpy7t3rr,1,car,391.48,307.375,72.42,27.19,0.0,1969.0998000000002,0.0009496044560185186,0
v_6wcpy7t3rr_0003,v_6wcpy7t3rr,1,car,421.85,419.04,77.62,28.62,0.0,2221.4844000000003,0.0010713177083333334,0
v_6wcpy7t3rr_0003,v_6wcpy7t3rr,1,car,443.08,117.77,90.1,32.7,2.4,2946.27,0.0014208478009259259,0
v_6wcpy7t3rr_0003,v_6wcpy7t3rr,1,car,463.72,216.62,89.3,29.4,3.4,2625.4199999999996,0.001266116898148148,0
v_6wcpy7t3rr_0003,v_6wcpy7t3rr,1,car,507.35,422.83,79.5,30.0,0.0,2385.0,0.0011501736111111111,0
v_6wcpy7t3rr_0003,v_6wcpy7t3rr,1,car,521.815,376.43,68.23,27.84,0.0,1899.5232,0.000916050925925926,0
v_6wcpy7t3rr_0003,v_6wcpy7t3rr,1,car,540.24,284.4,88.3,33.9,0.0,2993.37,0.0014435619212962963,0
v_6wcpy7t3rr_0003,v_6wcpy7t3rr,1,car,610.75,425.71,78.8,30.8,0.0,2427.04,0.0011704475308641975,0
v_6wcpy7t3rr_0003,v_6wcpy7t3rr,1,car,680.84,477.9,79.78,31.58,4.72,2519.4524,0.0012150136959876545,0
v_6wcpy7t3rr_0003,v_6wcpy7t3rr,1,car,821.95,375.02,78.6,33.8,0.0,2656.6799999999994,0.0012811921296296293,0
v_6wcpy7t3rr_0003,v_6wcpy7t3rr,1,car,827.7,541.955,86.1,30.89,58.2143,2659.629,0.0012826142939814814,0
v_6wcpy7t3rr_0003,v_6wcpy7t3rr,1,car,837.39,757.285,71.2,27.49,89.0,1957.288,0.0009439081790123457,0
v_6wcpy7t3rr_0003,v_6wcpy7t3rr,1,car,912.59,305.64,85.1,33.5,0.0,2850.85,0.001374831211419753,0
v_6wcpy7t3rr_0003,v_6wcpy7t3rr,1,car,973.91,213.82,77.9,32.5,0.0,2531.75,0.00122094425154321,0
v_6wcpy7t3rr_0003,v_6wcpy7t3rr,1,car,966.275,807.32,28.41,75.7,358.4,2150.637,0.0010371513310185186,0
v_6wcpy7t3rr_0003,v_6wcpy7t3rr,1,car,1172.31,205.48,82.0,31.6,0.0,2591.2000000000003,0.0012496141975308643,0
v_6wcpy7t3rr_0003,v_6wcpy7t3rr,1,car,1232.73,250.08,81.2,34.2,0.0,2777.0400000000004,0.0013392361111111114,0
v_6wcpy7t3rr_0003,v_6wcpy7t3rr,1,car,1293.145,404.545,97.15,33.63,5.5,3267.1545000000006,0.0015755953414351854,0
v_6wcpy7t3rr_0003,v_6wcpy7t3rr,1,car,1325.165,208.06,84.73,30.32,0.0,2569.0136,0.0012389147376543211,0
v_6wcpy7t3rr_0003,v_6wcpy7t3rr,1,car,1443.965,253.26,99.47,34.2,0.0,3401.8740000000003,0.0016405642361111113,0
v_6wcpy7t3rr_0003,v_6wcpy7t3rr,1,car,1526.22,202.87,90.3,29.72,0.0,2683.716,0.001294230324074074,0
v_6wcpy7t3rr_0003,v_6wcpy7t3rr,1,car,1715.845,367.98,78.91,31.8,0.0,2509.3379999999997,0.0012101359953703703,0
v_6wcpy7t3rr_0003,v_6wcpy7t3rr,1,car,1804.175,192.86,87.49,30.5,0.0,2668.4449999999997,0.0012868658371913578,0
v_6wcpy7t3rr_0003,v_6wcpy7t3rr,2,van,948.88,258.0,89.5,30.7,357.3,2747.65,0.0013250626929012346,0
v_6wcpy7t3rr_0003,v_6wcpy7t3rr,7,truck,49.5,475.045,99.0,30.51,0.0,3020.4900000000002,0.001456640625,0
v_6wcpy7t3rr_0003,v_6wcpy7t3rr,7,truck,1841.625,238.65,156.75,53.96,0.0,8458.23,0.004079007523148148,0
v_6wcpy7t3rr_0003,v_6wcpy7t3rr,9,motorcycle,270.68,486.51,48.1,11.68,359.68,561.808,0.00027093364197530864,0
v_6wcpy7t3rr_0003,v_6wcpy7t3rr,9,motorcycle,587.25,463.37,37.1,8.6,0.0,319.06,0.00015386766975308643,0
v_6wcpy7t3rr_0003,v_6wcpy7t3rr,9,motorcycle,761.45,485.98,39.7,6.9,16.06,273.93,0.00013210358796296296,0
v_6wikobtfep_0027,v_6wikobtfep,1,car,594.875,533.235,89.87,40.67,0.0,3655.0129,0.0017626412519290125,0
v_6wikobtfep_0027,v_6wikobtfep,1,car,1007.545,759.235,41.11,93.03,0.0,3824.4633,0.001844359230324074,0
v_6wikobtfep_0027,v_6wikobtfep,1,car,1437.805,512.32,94.23,37.64,359.9,3546.8172000000004,0.0017104635416666668,0
v_6xppovrd26_0020,v_6xppovrd26,1,car,1186.7,483.44,94.88,46.04,0.0,4368.2752,0.002106614197530864,0
v_6yirhqbjkd_0007,v_6yirhqbjkd,1,car,1004.56,741.73,43.28,95.0,0.0,4111.6,0.001982831790123457,0
v_6zh07uddes_0033,v_6zh07uddes,1,car,572.38,447.67,87.3,34.2,0.0,2985.6600000000003,0.0014398437500000002,0
v_6zh07uddes_0033,v_6zh07uddes,1,car,652.105,517.905,88.51,39.59,0.0,3504.1109000000006,0.001689868296682099,0
v_6zh07uddes_0033,v_6zh07uddes,1,car,668.425,472.105,77.45,37.53,0.0,2906.6985000000004,0.001401764322916667,0
v_6zh07uddes_0033,v_6zh07uddes,1,car,769.665,468.905,91.49,38.85,0.0,3554.3865,0.0017141138599537037,0
v_6zh07uddes_0033,v_6zh07uddes,1,car,889.17,395.505,37.0,90.69,0.0,3355.5299999999997,0.001618214699074074,0
v_6zh07uddes_0033,v_6zh07uddes,1,car,895.265,660.86,40.07,92.5,0.0,3706.475,0.0017874590084876543,0
v_6zh07uddes_0033,v_6zh07uddes,1,car,900.93,894.31,37.76,85.6,0.0,3232.2559999999994,0.0015587654320987651,0
v_6zh07uddes_0033,v_6zh07uddes,1,car,899.555,16.215,34.67,32.43,0.0,1124.3481000000002,0.0005422203414351853,0
v_6zh07uddes_0033,v_6zh07uddes,1,car,961.39,606.475,37.04,96.73,0.0,3582.8792,0.0017278545524691358,0
v_6zh07uddes_0033,v_6zh07uddes,1,car,963.545,361.035,34.75,85.65,0.0,2976.3375,0.0014353479456018518,0
v_6zh07uddes_0033,v_6zh07uddes,1,car,968.43,176.25,34.84,89.7,0.0,3125.1480000000006,0.0015071122685185187,0
v_6zh07uddes_0033,v_6zh07uddes,1,car,1097.83,453.695,92.4,38.15,0.0,3525.06,0.0016999710648148147,0
v_6zh07uddes_0033,v_6zh07uddes,1,car,1197.255,455.715,89.61,37.97,0.0,3402.4917,0.0016408621238425925,0
v_6zh07uddes_0033,v_6zh07uddes,1,car,1307.015,459.8,87.51,37.02,0.0,3239.6202000000003,0.001562316840277778,0
v_6zh07uddes_0033,v_6zh07uddes,1,car,1414.51,527.68,93.48,36.56,0.0,3417.6288000000004,0.0016481620370370372,0
v_6zh07uddes_0033,v_6zh07uddes,1,car,1410.075,464.825,36.71,87.27,90.1,3203.6817,0.0015449853877314815,0
v_6zh07uddes_0033,v_6zh07uddes,1,car,1529.07,462.98,79.74,36.08,0.0,2877.0191999999997,0.0013874513888888888,0
v_6zh07uddes_0033,v_6zh07uddes,1,car,1554.6,514.02,101.4,44.14,0.0,4475.796,0.002158466435185185,0
v_6zh07uddes_0033,v_6zh07uddes,1,car,1673.17,450.3,42.32,94.1,89.0,3982.312,0.0019204822530864197,0
v_6zh07uddes_0033,v_6zh07uddes,1,car,1781.33,450.875,95.74,39.65,0.0,3796.0909999999994,0.0018306766010802466,0
v_6zh07uddes_0033,v_6zh07uddes,1,car,1781.56,539.65,93.0,35.54,0.0,3305.22,0.0015939525462962962,0
v_6zh07uddes_0033,v_6zh07uddes,1,car,1887.105,453.58,40.21,66.68,89.6,2681.2028000000005,0.0012930183256172842,0
v_6zh07uddes_0033,v_6zh07uddes,1,car,1912.705,534.985,14.59,38.27,0.0,558.3593000000001,0.0002692704957561729,0
v_6zh07uddes_0033,v_6zh07uddes,4,minibus,967.5,913.39,40.3,108.4,0.0,4368.5199999999995,0.0021067322530864195,0
v_6zh07uddes_0033,v_6zh07uddes,9,motorcycle,1894.085,497.85,13.67,42.96,89.5,587.2632,0.0002832094907407407,0
v_78pyb8w7m2_0014,v_78pyb8w7m2,9,motorcycle,349.115,537.27,43.35,15.42,359.4,668.457,0.0003223654513888889,0
v_7d29jccltt_0044,v_7d29jccltt,1,car,70.55,545.045,91.7,36.23,359.8,3322.2909999999997,0.0016021850887345678,0
v_7d29jccltt_0044,v_7d29jccltt,1,car,282.02,617.325,35.7,77.81,89.6,2777.8170000000005,0.0013396108217592596,0
v_7d29jccltt_0044,v_7d29jccltt,1,car,428.03,548.16,87.74,35.08,0.0,3077.9192,0.0014843360339506172,0
v_7d29jccltt_0044,v_7d29jccltt,1,car,680.55,544.585,37.9,81.89,85.3,3103.631,0.0014967356288580246,0
v_7d29jccltt_0044,v_7d29jccltt,1,car,851.7,492.87,38.36,87.84,58.3,3369.5424000000003,0.0016249722222222223,0
v_7d29jccltt_0044,v_7d29jccltt,1,car,963.605,49.33,40.45,96.5,0.0,3903.425,0.0018824387538580248,0
v_7d29jccltt_0044,v_7d29jccltt,1,car,972.085,336.42,34.59,87.3,2.6,3019.7070000000003,0.0014562630208333335,0
v_7d29jccltt_0044,v_7d29jccltt,1,car,1012.24,515.82,90.14,37.46,359.5,3376.6444,0.0016283971836419753,0
v_7d29jccltt_0044,v_7d29jccltt,1,car,999.465,174.515,37.75,87.37,9.2,3298.2175,0.0015905755690586421,0
v_7d29jccltt_0044,v_7d29jccltt,1,car,1008.625,45.135,33.35,86.13,0.0,2872.4355,0.0013852408854166667,0
v_7d29jccltt_0044,v_7d29jccltt,1,car,1021.99,403.71,37.2,84.18,0.8,3131.4960000000005,0.0015101736111111114,0
v_7d29jccltt_0044,v_7d29jccltt,1,car,1124.485,537.75,89.85,34.38,352.2,3089.043,0.0014897005208333333,0
v_7d29jccltt_0044,v_7d29jccltt,1,car,1299.87,525.555,85.7,35.65,357.1,3055.205,0.0014733820408950617,0
v_7d29jccltt_0044,v_7d29jccltt,1,car,1344.245,473.83,90.21,37.5,0.0,3382.8749999999995,0.001631401909722222,0
v_7d29jccltt_0044,v_7d29jccltt,9,motorcycle,955.96,574.17,39.68,10.74,0.3,426.1632,0.00020551851851851853,0
v_7d29jccltt_0044,v_7d29jccltt,9,motorcycle,1074.37,635.025,38.4,12.71,320.7,488.064,0.00023537037037037038,0
v_7sg36mgmvg_0021,v_7sg36mgmvg,1,car,218.975,539.93,107.41,36.64,3.18,3935.5024,0.0018979081790123455,0
v_7sg36mgmvg_0021,v_7sg36mgmvg,1,car,436.705,487.815,102.73,42.15,0.0,4330.0695,0.0020881893807870367,0
v_7sg36mgmvg_0021,v_7sg36mgmvg,1,car,517.37,544.47,93.34,35.46,1.8,3309.8364,0.0015961788194444446,0
v_7sg36mgmvg_0021,v_7sg36mgmvg,1,car,573.85,486.865,96.44,38.87,0.0,3748.6227999999996,0.0018077849151234566,0
v_7sg36mgmvg_0021,v_7sg36mgmvg,1,car,704.435,494.46,97.71,40.5,0.0,3957.2549999999997,0.0019083984375,0
v_7sg36mgmvg_0021,v_7sg36mgmvg,1,car,803.43,490.815,95.22,41.05,0.0,3908.7809999999995,0.0018850217013888886,0
v_7sg36mgmvg_0021,v_7sg36mgmvg,1,car,832.54,549.53,91.5,36.24,0.8,3315.96,0.0015991319444444445,0
v_7sg36mgmvg_0021,v_7sg36mgmvg,1,car,915.215,933.64,39.73,95.7,0.0,3802.1609999999996,0.0018336038773148146,0
v_7sg36mgmvg_0021,v_7sg36mgmvg,1,car,951.105,544.595,92.07,37.35,359.8,3438.8145,0.00165837890625,0
v_7sg36mgmvg_0021,v_7sg36mgmvg,1,car,1048.43,532.21,36.54,82.96,34.2,3031.3583999999996,0.0014618819444444443,0
v_7sg36mgmvg_0021,v_7sg36mgmvg,1,car,1146.32,539.545,88.52,35.39,359.7,3132.7228,0.0015107652391975308,0
v_7sg36mgmvg_0021,v_7sg36mgmvg,1,car,1142.19,493.37,36.84,87.82,81.6,3235.2888000000003,0.0015602280092592595,0
v_7sg36mgmvg_0021,v_7sg36mgmvg,1,car,1240.42,492.025,85.44,37.65,2.0,3216.816,0.0015513194444444444,0
v_7sg36mgmvg_0021,v_7sg36mgmvg,1,car,1263.37,562.74,87.82,37.8,0.9,3319.5959999999995,0.0016008854166666665,0
v_7sg36mgmvg_0021,v_7sg36mgmvg,1,car,1360.28,498.055,91.08,38.09,357.9,3469.2372,0.0016730503472222223,0
v_7sg36mgmvg_0021,v_7sg36mgmvg,1,car,1368.59,446.98,95.16,41.46,358.1,3945.3336,0.0019026493055555554,0
v_7sg36mgmvg_0021,v_7sg36mgmvg,1,car,1373.085,545.295,40.25,87.67,90.9,3528.7175,0.001701734905478395,0
v_7sg36mgmvg_0021,v_7sg36mgmvg,1,car,1464.235,494.68,91.67,38.98,358.5,3573.2965999999997,0.0017232333140432096,0
v_7sg36mgmvg_0021,v_7sg36mgmvg,1,car,1570.85,485.865,103.8,42.33,359.8,4393.853999999999,0.0021189496527777773,0
v_7sg36mgmvg_0021,v_7sg36mgmvg,1,car,1636.07,529.87,89.96,37.18,356.3,3344.7128,0.0016129980709876542,0
v_7sg36mgmvg_0021,v_7sg36mgmvg,1,car,1733.475,492.4,90.19,40.0,0.0,3607.6,0.0017397762345679013,0
v_7sg36mgmvg_0021,v_7sg36mgmvg,1,car,1838.04,490.275,91.6,37.21,359.5,3408.4359999999997,0.0016437287808641974,0
v_7sg36mgmvg_0021,v_7sg36mgmvg,4,minibus,212.27,481.96,122.08,40.44,0.0,4936.9151999999995,0.0023808425925925924,0
v_7sg36mgmvg_0021,v_7sg36mgmvg,4,minibus,1506.465,546.06,97.95,36.12,359.0,3537.9539999999997,0.001706189236111111,0
v_7sg36mgmvg_0021,v_7sg36mgmvg,5,bus,989.45,892.57,65.68,324.7,0.0,21326.296000000002,0.010284672067901235,0
v_7sg36mgmvg_0021,v_7sg36mgmvg,7,truck,954.79,491.67,102.34,39.4,0.0,4032.196,0.0019445389660493826,0
v_7sg36mgmvg_0021,v_7sg36mgmvg,9,motorcycle,1329.805,565.1,39.53,10.4,46.52,411.112,0.00019826003086419755,0
v_7zs7ujez77_0049,v_7zs7ujez77,1,car,171.4,546.925,81.86,31.15,0.3,2549.939,0.0012297159529320986,0
v_7zs7ujez77_0049,v_7zs7ujez77,1,car,559.525,495.925,35.61,88.63,89.4,3156.1142999999997,0.0015220458622685184,0
v_7zs7ujez77_0049,v_7zs7ujez77,1,car,959.06,325.75,32.8,88.04,0.0,2887.712,0.001392608024691358,0
v_7zs7ujez77_0049,v_7zs7ujez77,1,car,1013.8,61.82,35.9,92.7,0.0,3327.93,0.0016049045138888888,0
v_7zs7ujez77_0049,v_7zs7ujez77,1,car,1022.8,303.77,33.7,85.6,0.0,2884.7200000000003,0.0013911651234567903,0
v_83ejx1er6e_0014,v_83ejx1er6e,1,car,585.16,516.01,97.08,37.64,0.0,3654.0912,0.0017621967592592591,0
v_83ejx1er6e_0014,v_83ejx1er6e,1,car,730.62,449.415,105.98,40.43,0.0,4284.7714000000005,0.002066344232253087,0
v_83ejx1er6e_0014,v_83ejx1er6e,1,car,970.52,1055.95,40.02,48.1,0.0,1924.9620000000002,0.0009283188657407408,0
v_83ejx1er6e_0014,v_83ejx1er6e,1,car,1049.085,476.155,91.83,35.87,0.0,3293.9420999999998,0.001588513744212963,0
v_856x3vz6nf_0043,v_856x3vz6nf,1,car,265.1,501.94,98.5,36.5,1.4889,3595.25,0.0017338204089506174,0
v_856x3vz6nf_0043,v_856x3vz6nf,1,car,637.44,497.375,96.24,38.79,0.0,3733.1495999999997,0.0018003229166666664,0
v_856x3vz6nf_0043,v_856x3vz6nf,1,car,819.99,508.51,98.88,38.0,0.0,3757.4399999999996,0.001812037037037037,0
v_856x3vz6nf_0043,v_856x3vz6nf,1,car,907.39,974.97,34.2,94.16,0.0,3220.272,0.001552986111111111,0
v_856x3vz6nf_0043,v_856x3vz6nf,1,car,907.555,428.025,33.45,86.87,0.0,2905.8015000000005,0.0014013317418981484,0
v_856x3vz6nf_0043,v_856x3vz6nf,1,car,909.93,212.96,38.14,89.8,0.0,3424.9719999999998,0.0016517033179012344,0
v_856x3vz6nf_0043,v_856x3vz6nf,1,car,913.3,822.24,35.62,92.7,0.0,3301.9739999999997,0.0015923871527777776,0
v_856x3vz6nf_0043,v_856x3vz6nf,1,car,914.65,602.02,38.1,92.76,0.0,3534.1560000000004,0.0017043576388888892,0
v_856x3vz6nf_0043,v_856x3vz6nf,1,car,925.55,1075.1,33.5,9.8,0.0,328.3,0.00015832368827160495,0
v_856x3vz6nf_0043,v_856x3vz6nf,1,car,971.15,129.345,38.54,93.73,0.0,3612.3542,0.001742068962191358,0
v_856x3vz6nf_0043,v_856x3vz6nf,1,car,969.13,1057.4,33.1,45.2,0.0,1496.1200000000001,0.000721508487654321,0
v_856x3vz6nf_0043,v_856x3vz6nf,1,car,974.13,936.76,31.46,86.34,0.0,2716.2564,0.0013099230324074074,0
v_856x3vz6nf_0043,v_856x3vz6nf,1,car,983.38,742.4,34.98,93.3,0.0,3263.6339999999996,0.0015738975694444442,0
v_856x3vz6nf_0043,v_856x3vz6nf,1,car,985.95,510.61,29.6,66.8,0.0,1977.28,0.0009535493827160493,0
v_856x3vz6nf_0043,v_856x3vz6nf,1,car,1305.735,545.105,101.99,39.07,4.9,3984.7493,0.0019216576485339505,0
v_856x3vz6nf_0043,v_856x3vz6nf,1,car,1519.45,548.22,94.2,38.1,0.0,3589.0200000000004,0.0017308159722222223,0
v_856x3vz6nf_0043,v_856x3vz6nf,1,car,1551.355,504.955,93.21,37.35,358.2,3481.3934999999997,0.0016789127604166666,0
v_856x3vz6nf_0043,v_856x3vz6nf,1,car,1641.03,552.01,105.08,39.3,0.0,4129.643999999999,0.0019915335648148145,0
v_856x3vz6nf_0043,v_856x3vz6nf,1,car,1654.52,502.16,89.04,36.18,0.0,3221.4672,0.0015535625,0
v_856x3vz6nf_0043,v_856x3vz6nf,1,car,1760.645,552.95,101.91,37.74,0.1,3846.0834,0.0018547855902777777,0
v_856x3vz6nf_0043,v_856x3vz6nf,1,car,1799.92,496.65,101.1,36.24,359.1,3663.864,0.0017669097222222222,0
v_856x3vz6nf_0043,v_856x3vz6nf,1,car,1867.31,562.545,96.3,32.63,0.0,3142.2690000000002,0.0015153689236111112,0
v_856x3vz6nf_0043,v_856x3vz6nf,1,car,1895.94,491.115,48.12,36.25,0.0,1744.35,0.0008412181712962963,0
v_884t99ixr1_0029,v_884t99ixr1,1,car,254.05,496.775,100.2,39.93,0.0,4000.986,0.0019294878472222222,0
v_884t99ixr1_0029,v_884t99ixr1,1,car,969.665,68.535,42.39,86.49,0.0,3666.3111,0.00176808984375,0
v_8l3pjgmlfr_0038,v_8l3pjgmlfr,1,car,20.86,457.625,41.72,33.11,0.0,1381.3491999999999,0.0006661599151234568,0
v_8l3pjgmlfr_0038,v_8l3pjgmlfr,1,car,30.6,503.73,61.2,34.7,0.0,2123.6400000000003,0.0010241319444444447,0
v_8l3pjgmlfr_0038,v_8l3pjgmlfr,1,car,87.93,455.39,79.2,31.28,0.0,2477.376,0.0011947222222222222,0
v_8l3pjgmlfr_0038,v_8l3pjgmlfr,1,car,157.49,502.055,89.9,34.15,0.0,3070.085,0.0014805579668209876,0
v_8l3pjgmlfr_0038,v_8l3pjgmlfr,1,car,178.06,453.095,84.4,34.01,0.0,2870.444,0.0013842804783950617,0
v_8l3pjgmlfr_0038,v_8l3pjgmlfr,1,car,286.305,453.52,79.53,31.0,0.0,2465.43,0.0011889612268518519,0
v_8l3pjgmlfr_0038,v_8l3pjgmlfr,1,car,324.975,504.175,83.49,34.77,0.0,2902.9473000000003,0.001399955295138889,0
v_8l3pjgmlfr_0038,v_8l3pjgmlfr,1,car,368.82,457.805,79.12,32.21,0.0,2548.4552000000003,0.0012290003858024692,0
v_8l3pjgmlfr_0038,v_8l3pjgmlfr,1,car,384.0,407.435,91.4,36.29,0.0,3316.906,0.0015995881558641975,0
v_8l3pjgmlfr_0038,v_8l3pjgmlfr,1,car,416.425,510.86,83.85,30.98,0.0,2597.673,0.0012527358217592592,0
v_8l3pjgmlfr_0038,v_8l3pjgmlfr,1,car,468.505,464.27,80.01,30.32,0.0,2425.9032,0.0011698993055555558,0
v_8l3pjgmlfr_0038,v_8l3pjgmlfr,1,car,504.98,409.095,79.9,32.87,0.0,2626.313,0.001266547550154321,0
v_8l3pjgmlfr_0038,v_8l3pjgmlfr,1,car,521.26,513.25,82.1,31.06,0.0,2550.026,0.0012297579089506172,0
v_8l3pjgmlfr_0038,v_8l3pjgmlfr,1,car,594.54,466.115,82.08,32.45,0.0,2663.496,0.0012844791666666666,0
v_8l3pjgmlfr_0038,v_8l3pjgmlfr,1,car,613.475,411.085,95.67,33.61,0.0,3215.4687,0.001550669704861111,0
v_8l3pjgmlfr_0038,v_8l3pjgmlfr,1,car,636.385,510.93,90.01,31.72,0.0,2855.1172,0.0013768890817901236,0
v_8l3pjgmlfr_0038,v_8l3pjgmlfr,1,car,709.425,467.255,80.25,34.77,0.0,2790.2925000000005,0.0013456271701388892,0
v_8l3pjgmlfr_0038,v_8l3pjgmlfr,1,car,736.635,415.3,78.57,33.16,0.0,2605.3811999999994,0.0012564531249999998,0
v_8l3pjgmlfr_0038,v_8l3pjgmlfr,1,car,771.26,503.75,71.88,29.36,353.1,2110.3968,0.0010177453703703705,0
v_8l3pjgmlfr_0038,v_8l3pjgmlfr,1,car,1218.1,295.615,72.42,33.11,359.2,2397.8262,0.0011563590856481481,0
v_8l3pjgmlfr_0038,v_8l3pjgmlfr,1,car,1257.22,341.605,80.1,34.15,0.0,2735.4149999999995,0.0013191623263888886,0
v_8l3pjgmlfr_0038,v_8l3pjgmlfr,1,car,1305.615,297.06,78.99,31.72,0.0,2505.5627999999997,0.0012083153935185183,0
v_8l3pjgmlfr_0038,v_8l3pjgmlfr,1,car,1394.845,338.25,84.37,32.4,0.0,2733.588,0.00131828125,0
v_8l3pjgmlfr_0038,v_8l3pjgmlfr,1,car,1393.43,294.17,79.9,32.24,0.0,2575.9760000000006,0.0012422723765432102,0
v_8l3pjgmlfr_0038,v_8l3pjgmlfr,1,car,1511.31,292.79,108.78,37.8,0.0,4111.884,0.00198296875,0
v_8l3pjgmlfr_0038,v_8l3pjgmlfr,1,car,1503.06,244.675,84.92,34.97,0.0,2969.6524,0.0014321240354938272,0
v_8l3pjgmlfr_0038,v_8l3pjgmlfr,1,car,1503.845,339.935,85.99,35.21,359.2,3027.7079,0.0014601214795524691,0
v_8l3pjgmlfr_0038,v_8l3pjgmlfr,1,car,1610.58,341.435,88.68,35.53,0.0,3150.8004000000005,0.0015194832175925929,0
v_8l3pjgmlfr_0038,v_8l3pjgmlfr,1,car,1645.785,236.305,103.05,39.01,0.0,4019.9804999999997,0.0019386480034722221,0
v_8l3pjgmlfr_0038,v_8l3pjgmlfr,1,car,1717.49,343.375,91.98,31.79,0.0,2924.0442000000003,0.001410129340277778,0
v_8l3pjgmlfr_0038,v_8l3pjgmlfr,4,minibus,43.815,411.28,87.63,39.78,0.0,3485.9213999999997,0.0016810963541666665,0
v_8l3pjgmlfr_0038,v_8l3pjgmlfr,4,minibus,156.385,405.065,84.13,30.83,0.0,2593.7279,0.0012508332851080247,0
v_8l3pjgmlfr_0038,v_8l3pjgmlfr,4,minibus,262.305,408.695,89.35,32.53,0.0,2906.5555,0.0014016953607253087,0
v_8l3pjgmlfr_0038,v_8l3pjgmlfr,5,bus,1361.03,241.945,175.02,54.13,0.0,9473.832600000002,0.004568785011574075,0
v_8l3pjgmlfr_0038,v_8l3pjgmlfr,5,bus,1821.03,234.1,197.94,50.88,0.0,10071.1872,0.004856861111111111,0
v_8l3pjgmlfr_0038,v_8l3pjgmlfr,7,truck,767.515,164.12,31.67,88.74,288.8,2810.3958,0.001355322048611111,0
v_8l3pjgmlfr_0038,v_8l3pjgmlfr,7,truck,1764.97,289.62,304.14,51.28,0.0,15596.2992,0.007521363425925925,0
v_8l3pjgmlfr_0038,v_8l3pjgmlfr,7,truck,1853.315,339.855,133.37,41.41,0.0,5522.8517,0.0026634122781635803,0
v_8l3pjgmlfr_0038,v_8l3pjgmlfr,9,motorcycle,250.13,509.11,40.8,12.54,359.6,511.63199999999995,0.0002467361111111111,0
v_8l3pjgmlfr_0038,v_8l3pjgmlfr,9,motorcycle,364.885,530.065,44.27,14.31,0.0,633.5037000000001,0.00030550911458333336,0
v_8l3pjgmlfr_0038,v_8l3pjgmlfr,9,motorcycle,579.855,523.82,37.71,13.32,47.1753,502.29720000000003,0.00024223437500000002,0
v_8l3pjgmlfr_0038,v_8l3pjgmlfr,9,motorcycle,777.56,445.155,38.18,12.23,13.1979,466.9414,0.0002251839313271605,0
v_8l3pjgmlfr_0038,v_8l3pjgmlfr,9,motorcycle,780.655,474.99,35.53,14.8,359.3,525.844,0.0002535898919753087,0
v_8l3pjgmlfr_0038,v_8l3pjgmlfr,9,motorcycle,803.315,391.925,44.29,16.05,0.5,710.8545,0.0003428117766203704,0
v_8l3pjgmlfr_0038,v_8l3pjgmlfr,9,motorcycle,806.935,440.195,39.27,11.25,353.3,441.7875,0.00021305338541666668,0
v_8l3pjgmlfr_0038,v_8l3pjgmlfr,9,motorcycle,1210.02,246.545,47.92,19.85,359.6,951.2120000000001,0.00045872492283950624,0
v_8l3pjgmlfr_0038,v_8l3pjgmlfr,9,motorcycle,1424.515,316.725,46.01,16.27,0.0,748.5826999999999,0.00036100631751543206,0
v_8o5bv9l6le_0010,v_8o5bv9l6le,1,car,635.535,518.335,105.11,45.99,0.0,4834.0089,0.0023312157118055557,0
v_8pihfsoz2l_0023,v_8pihfsoz2l,1,car,561.345,507.27,94.25,36.4,0.0,3430.7,0.0016544656635802469,0
v_8pihfsoz2l_0023,v_8pihfsoz2l,1,car,770.485,567.04,99.61,41.0,0.0,4084.0099999999998,0.0019695264274691357,0
v_8pihfsoz2l_0023,v_8pihfsoz2l,1,car,936.275,456.88,92.55,35.74,299.2,3307.737,0.0015951663773148149,0
v_8pihfsoz2l_0023,v_8pihfsoz2l,1,car,1131.46,576.215,33.6,92.21,57.2,3098.256,0.0014941435185185183,0
v_8pihfsoz2l_0023,v_8pihfsoz2l,1,car,1591.235,540.925,97.19,39.97,2.4,3884.6843,0.001873400993441358,0
v_8x4x1xg6lj_0036,v_8x4x1xg6lj,1,car,141.775,494.75,93.97,37.36,0.0,3510.7192,0.0016930551697530863,0
v_8x4x1xg6lj_0036,v_8x4x1xg6lj,1,car,272.855,496.82,96.91,39.56,0.0,3833.7596,0.001848842399691358,0
v_8x4x1xg6lj_0036,v_8x4x1xg6lj,1,car,331.305,552.31,94.03,36.6,0.0,3441.498,0.0016596730324074075,0
v_8x4x1xg6lj_0036,v_8x4x1xg6lj,1,car,387.765,491.035,101.03,37.75,358.4,3813.8825,0.0018392566068672841,0
v_8x4x1xg6lj_0036,v_8x4x1xg6lj,1,car,459.42,546.38,88.02,36.06,0.0,3174.0012,0.0015306718750000001,0
v_8x4x1xg6lj_0036,v_8x4x1xg6lj,1,car,505.52,487.69,96.86,38.04,0.0,3684.5544,0.0017768877314814815,0
v_8x4x1xg6lj_0036,v_8x4x1xg6lj,1,car,555.28,543.15,92.84,37.54,359.6,3485.2136,0.0016807550154320989,0
v_8x4x1xg6lj_0036,v_8x4x1xg6lj,1,car,623.88,496.165,88.08,39.97,0.0,3520.5575999999996,0.0016977997685185184,0
v_8x4x1xg6lj_0036,v_8x4x1xg6lj,1,car,664.63,545.39,112.76,41.64,359.3,4695.3264,0.002264335648148148,0
v_8x4x1xg6lj_0036,v_8x4x1xg6lj,1,car,757.3,487.81,87.62,35.58,0.0,3117.5196,0.0015034334490740741,0
v_8x4x1xg6lj_0036,v_8x4x1xg6lj,1,car,780.97,553.23,92.34,39.38,0.0,3636.3492000000006,0.0017536406250000002,0
v_8x4x1xg6lj_0036,v_8x4x1xg6lj,1,car,880.705,496.61,90.41,39.84,0.0,3601.9344,0.0017370439814814816,0
v_8x4x1xg6lj_0036,v_8x4x1xg6lj,1,car,926.365,1027.925,40.65,100.85,0.0,4099.5525,0.001977021846064815,0
v_8x4x1xg6lj_0036,v_8x4x1xg6lj,1,car,929.395,844.81,40.53,99.08,0.0,4015.7124,0.001936589699074074,0
v_8x4x1xg6lj_0036,v_8x4x1xg6lj,1,car,979.32,628.11,42.36,91.14,25.75,3860.6904,0.0018618298611111112,0
v_8x4x1xg6lj_0036,v_8x4x1xg6lj,1,car,986.14,1052.325,38.82,55.35,0.0,2148.687,0.0010362109375,0
v_8x4x1xg6lj_0036,v_8x4x1xg6lj,1,car,989.68,384.83,40.44,106.88,0.0,4322.227199999999,0.002084407407407407,0
v_8x4x1xg6lj_0036,v_8x4x1xg6lj,1,car,989.835,747.75,35.61,90.28,0.0,3214.8708,0.0015503813657407408,0
v_8x4x1xg6lj_0036,v_8x4x1xg6lj,1,car,1620.02,489.955,36.56,93.41,89.1,3415.0696000000003,0.0016469278549382717,0
v_8x4x1xg6lj_0036,v_8x4x1xg6lj,1,car,1748.805,480.565,96.79,39.93,359.8,3864.8247,0.0018638236400462963,0
v_8x4x1xg6lj_0036,v_8x4x1xg6lj,1,car,1886.835,488.02,44.43,87.74,88.7,3898.2882,0.0018799615162037038,0
v_8x4x1xg6lj_0036,v_8x4x1xg6lj,7,truck,986.02,927.74,42.74,129.8,0.0,5547.652000000001,0.0026753722993827166,0
v_92oo8js7ly_0045,v_92oo8js7ly,1,car,593.015,486.225,35.61,88.63,89.4,3156.1142999999997,0.0015220458622685184,0
v_92oo8js7ly_0045,v_92oo8js7ly,1,car,735.835,529.235,32.39,76.85,75.3444,2489.1715,0.0012004106385030864,0
v_92oo8js7ly_0045,v_92oo8js7ly,1,car,974.65,60.2,30.3,82.6,6.4,2502.7799999999997,0.0012069733796296295,0
v_92oo8js7ly_0045,v_92oo8js7ly,9,motorcycle,845.24,517.185,9.7,38.37,58.1222,372.18899999999996,0.00017948929398148145,0
v_961gu1h6l9_0001,v_961gu1h6l9,1,car,586.36,466.84,102.0,41.42,0.0,4224.84,0.0020374421296296295,0
v_961gu1h6l9_0001,v_961gu1h6l9,1,car,714.08,472.69,97.92,38.98,0.0,3816.9215999999997,0.0018407222222222221,0
v_961gu1h6l9_0001,v_961gu1h6l9,1,car,854.345,464.15,77.13,35.22,0.0,2716.5186,0.0013100494791666666,0
v_961gu1h6l9_0001,v_961gu1h6l9,1,car,904.425,294.98,39.63,91.48,0.0,3625.3524,0.0017483373842592594,0
v_961gu1h6l9_0001,v_961gu1h6l9,1,car,918.525,1053.975,37.99,52.05,0.0,1977.3795,0.0009535973668981482,0
v_961gu1h6l9_0001,v_961gu1h6l9,1,car,961.205,127.525,39.19,87.85,0.0,3442.8414999999995,0.001660320939429012,0
v_961gu1h6l9_0001,v_961gu1h6l9,1,car,966.75,884.93,39.02,88.86,0.0,3467.3172000000004,0.0016721244212962966,0
v_961gu1h6l9_0001,v_961gu1h6l9,1,car,967.87,515.5,36.74,84.8,0.0,3115.552,0.0015024845679012346,0
v_961gu1h6l9_0001,v_961gu1h6l9,1,car,972.11,1044.47,40.5,71.06,0.0,2877.9300000000003,0.0013878906250000002,0
v_961gu1h6l9_0001,v_961gu1h6l9,1,car,1444.525,455.335,87.71,37.89,0.0,3323.3318999999997,0.001602687065972222,0
v_961gu1h6l9_0001,v_961gu1h6l9,1,car,1556.225,453.91,99.63,42.02,0.0,4186.4526000000005,0.0020189296875,0
v_961gu1h6l9_0001,v_961gu1h6l9,1,car,1693.565,454.535,89.77,38.21,0.0,3430.1117,0.0016541819540895062,0
v_961gu1h6l9_0001,v_961gu1h6l9,1,car,1815.97,459.635,94.42,35.77,0.0,3377.4034,0.0016287632137345679,0
v_961gu1h6l9_0001,v_961gu1h6l9,1,car,1829.03,509.455,96.74,41.73,359.6,4036.9601999999995,0.0019468365162037034,0
v_961gu1h6l9_0001,v_961gu1h6l9,1,car,1909.955,454.72,20.09,38.4,0.0,771.456,0.00037203703703703704,0
v_961gu1h6l9_0001,v_961gu1h6l9,1,car,1915.96,517.38,8.08,32.32,354.4,261.1456,0.00012593827160493827,0
v_961gu1h6l9_0001,v_961gu1h6l9,4,minibus,898.325,718.52,37.67,100.9,0.0,3800.9030000000002,0.001832997202932099,0
v_961gu1h6l9_0001,v_961gu1h6l9,4,minibus,899.28,942.57,39.02,97.7,0.0,3812.2540000000004,0.0018384712577160496,0
v_97m20qsr8f_0001,v_97m20qsr8f,1,car,12.5,429.25,25.0,31.2,0.0,780.0,0.0003761574074074074,0
v_97m20qsr8f_0001,v_97m20qsr8f,1,car,198.525,372.56,77.15,34.5,0.0,2661.675,0.0012836009837962964,0
v_97m20qsr8f_0001,v_97m20qsr8f,1,car,281.015,470.49,69.69,31.5,0.0,2195.235,0.0010586588541666667,0
v_97m20qsr8f_0001,v_97m20qsr8f,1,car,362.935,413.76,80.75,30.8,0.0,2487.1,0.0011994116512345678,0
v_97m20qsr8f_0001,v_97m20qsr8f,1,car,407.65,460.22,85.4,30.4,0.0,2596.16,0.0012520061728395061,0
v_97m20qsr8f_0001,v_97m20qsr8f,1,car,501.885,374.095,68.53,28.57,2.4643,1957.9021,0.000944204330632716,0
v_97m20qsr8f_0001,v_97m20qsr8f,1,car,522.095,469.47,65.99,26.18,0.0,1727.6182,0.0008331492091049383,0
v_97m20qsr8f_0001,v_97m20qsr8f,1,car,648.71,460.15,96.0,32.52,0.0,3121.92,0.0015055555555555556,0
v_97m20qsr8f_0001,v_97m20qsr8f,1,car,649.24,413.685,79.92,28.85,0.0,2305.692,0.0011119270833333333,0
v_97m20qsr8f_0001,v_97m20qsr8f,1,car,750.165,1052.78,76.27,34.6,20.84,2638.942,0.001272637924382716,0
v_97m20qsr8f_0001,v_97m20qsr8f,1,car,758.13,364.66,87.36,34.0,0.0,2970.24,0.0014324074074074072,0
v_97m20qsr8f_0001,v_97m20qsr8f,1,car,790.01,485.07,112.2,35.3,17.1,3960.66,0.0019100405092592591,0
v_97m20qsr8f_0001,v_97m20qsr8f,1,car,853.915,630.39,63.81,28.1,80.2769,1793.0610000000001,0.0008647092013888889,0
v_97m20qsr8f_0001,v_97m20qsr8f,1,car,874.915,415.53,86.07,30.66,0.0,2638.9062,0.001272620659722222,0
v_97m20qsr8f_0001,v_97m20qsr8f,1,car,924.76,1018.34,30.4,76.6,0.0,2328.64,0.0011229938271604938,0
v_97m20qsr8f_0001,v_97m20qsr8f,1,car,924.78,924.97,28.7,73.3,0.0,2103.71,0.0010145206404320987,0
v_97m20qsr8f_0001,v_97m20qsr8f,1,car,969.185,868.55,31.07,70.2,0.0,2181.114,0.0010518489583333335,0
v_97m20qsr8f_0001,v_97m20qsr8f,1,car,977.235,979.83,29.11,79.1,0.0,2302.6009999999997,0.0011104364390432098,0
v_97m20qsr8f_0001,v_97m20qsr8f,1,car,1138.27,410.25,81.3,31.6,6.4,2569.08,0.0012389467592592593,0
v_97m20qsr8f_0001,v_97m20qsr8f,1,car,1388.23,453.74,73.56,28.3,2.2,2081.748,0.001003929398148148,0
v_97m20qsr8f_0001,v_97m20qsr8f,1,car,1587.775,358.375,76.19,28.69,0.0,2185.8911,0.001054152729552469,0
v_97m20qsr8f_0001,v_97m20qsr8f,1,car,1800.47,349.94,78.96,28.86,0.0,2278.7855999999997,0.0010989513888888887,0
v_97m20qsr8f_0001,v_97m20qsr8f,7,truck,1663.985,402.21,378.67,49.2,359.3,18630.564000000002,0.008984646990740742,0
v_97m20qsr8f_0001,v_97m20qsr8f,9,motorcycle,374.345,1022.9,46.05,10.94,356.6,503.7869999999999,0.00024295283564814812,0
v_97m20qsr8f_0001,v_97m20qsr8f,9,motorcycle,986.4,909.865,9.64,36.99,53.7,356.58360000000005,0.0001719635416666667,0
v_9akff6lzqs_0030,v_9akff6lzqs,1,car,1233.675,501.74,97.51,42.72,358.8,4165.6272,0.002008886574074074,0
v_9d4epmynqo_0011,v_9d4epmynqo,1,car,97.22,470.08,72.9,30.0,0.0,2187.0,0.0010546875,0
v_9d4epmynqo_0011,v_9d4epmynqo,1,car,168.87,413.93,92.74,36.3,0.0,3366.4619999999995,0.0016234866898148146,0
v_9d4epmynqo_0011,v_9d4epmynqo,1,car,214.48,371.9,79.08,32.0,0.0,2530.56,0.0012203703703703704,0
v_9d4epmynqo_0011,v_9d4epmynqo,1,car,224.28,206.89,82.3,33.2,0.0,2732.36,0.0013176890432098766,0
v_9d4epmynqo_0011,v_9d4epmynqo,1,car,267.89,457.5,81.34,31.6,0.0,2570.344,0.001239556327160494,0
v_9d4epmynqo_0011,v_9d4epmynqo,1,car,333.35,265.0,83.1,33.8,0.0,2808.7799999999997,0.001354542824074074,0
v_9d4epmynqo_0011,v_9d4epmynqo,1,car,378.43,223.32,79.4,30.6,0.0,2429.6400000000003,0.001171701388888889,0
v_9d4epmynqo_0011,v_9d4epmynqo,1,car,450.455,365.66,84.63,34.6,0.0,2928.198,0.001412132523148148,0
v_9d4epmynqo_0011,v_9d4epmynqo,1,car,532.84,304.5,85.9,32.8,0.0,2817.52,0.0013587577160493827,0
v_9d4epmynqo_0011,v_9d4epmynqo,1,car,550.73,463.47,82.28,31.9,0.0,2624.732,0.0012657851080246914,0
v_9d4epmynqo_0011,v_9d4epmynqo,1,car,582.16,256.715,80.1,32.53,0.0,2605.653,0.0012565842013888887,0
v_9d4epmynqo_0011,v_9d4epmynqo,1,car,597.29,1006.995,79.94,27.11,1.0,2167.1733999999997,0.00104512606095679,0
v_9d4epmynqo_0011,v_9d4epmynqo,1,car,691.83,413.66,97.48,30.9,0.0,3012.132,0.0014526099537037038,0
v_9d4epmynqo_0011,v_9d4epmynqo,1,car,716.06,203.02,74.8,34.98,357.4,2616.5039999999995,0.0012618171296296294,0
v_9d4epmynqo_0011,v_9d4epmynqo,1,car,779.57,480.65,76.5,28.9,24.4,2210.85,0.001066189236111111,0
v_9d4epmynqo_0011,v_9d4epmynqo,1,car,845.505,596.67,79.09,29.8,82.0,2356.882,0.0011366136188271606,0
v_9d4epmynqo_0011,v_9d4epmynqo,1,car,853.85,418.57,74.1,30.0,0.0,2223.0,0.001072048611111111,0
v_9d4epmynqo_0011,v_9d4epmynqo,1,car,923.5,920.215,28.7,73.29,0.0,2103.4230000000002,0.0010143822337962964,0
v_9d4epmynqo_0011,v_9d4epmynqo,1,car,924.6,1015.83,30.4,76.6,0.0,2328.64,0.0011229938271604938,0
v_9d4epmynqo_0011,v_9d4epmynqo,1,car,967.14,862.405,31.06,70.19,0.0,2180.1014,0.0010513606288580248,0
v_9d4epmynqo_0011,v_9d4epmynqo,1,car,1129.96,361.75,76.78,30.7,0.0,2357.146,0.0011367409336419754,0
v_9d4epmynqo_0011,v_9d4epmynqo,1,car,1145.005,407.36,82.19,31.5,0.0,2588.985,0.0012485460069444445,0
v_9d4epmynqo_0011,v_9d4epmynqo,1,car,1154.15,453.345,84.9,30.47,0.9,2586.9030000000002,0.0012475419560185187,0
v_9d4epmynqo_0011,v_9d4epmynqo,1,car,1398.885,368.28,71.57,27.2,0.0,1946.7039999999997,0.0009388040123456788,0
v_9d4epmynqo_0011,v_9d4epmynqo,1,car,1441.025,292.585,97.43,36.81,0.0,3586.3983000000003,0.0017295516493055557,0
v_9d4epmynqo_0011,v_9d4epmynqo,1,car,1433.69,244.14,73.3,30.3,0.0,2220.99,0.0010710792824074073,0
v_9d4epmynqo_0011,v_9d4epmynqo,1,car,1491.73,189.255,97.78,34.79,0.0,3401.7662,0.001640512249228395,0
v_9d4epmynqo_0011,v_9d4epmynqo,1,car,1609.21,219.0,79.2,31.6,356.0,2502.7200000000003,0.0012069444444444445,0
v_9d4epmynqo_0011,v_9d4epmynqo,1,car,1640.42,283.22,73.88,28.92,0.0,2136.6096,0.001030386574074074,0
v_9d4epmynqo_0011,v_9d4epmynqo,1,car,1818.16,285.84,74.2,31.0,0.0,2300.2000000000003,0.0011092785493827162,0
v_9d4epmynqo_0011,v_9d4epmynqo,1,car,1860.26,188.08,77.6,29.0,0.0,2250.3999999999996,0.0010852623456790121,0
v_9d4epmynqo_0011,v_9d4epmynqo,1,car,1915.05,362.02,9.9,33.2,0.0,328.68000000000006,0.0001585069444444445,0
v_9d4epmynqo_0011,v_9d4epmynqo,2,van,890.435,369.75,103.93,31.7,359.2,3294.581,0.0015888218557098767,0
v_9d4epmynqo_0011,v_9d4epmynqo,2,van,1038.23,196.715,103.84,31.41,359.8,3261.6144,0.001572923611111111,0
v_9d4epmynqo_0011,v_9d4epmynqo,2,van,1739.01,423.67,98.7,30.3,359.1,2990.61,0.0014422309027777777,0
v_9d4epmynqo_0011,v_9d4epmynqo,7,truck,455.37,410.76,115.34,32.8,0.0,3783.1519999999996,0.0018244367283950615,0
v_9d4epmynqo_0011,v_9d4epmynqo,7,truck,845.96,863.615,122.74,43.21,90.8,5303.5954,0.002557675250771605,0
v_9d4epmynqo_0011,v_9d4epmynqo,7,truck,1003.325,244.965,171.15,48.57,0.0,8312.755500000001,0.004008851996527779,0
v_9d4epmynqo_0011,v_9d4epmynqo,9,motorcycle,455.99,462.85,39.6,12.7,0.0,502.92,0.00024253472222222222,0
v_9d4epmynqo_0011,v_9d4epmynqo,9,motorcycle,654.39,464.14,40.0,8.2,358.16,328.0,0.00015817901234567902,0
v_9d4epmynqo_0011,v_9d4epmynqo,9,motorcycle,869.565,193.41,38.51,11.5,354.4,442.86499999999995,0.00021357301311728392,0
v_9kc7xo3jmn_0008,v_9kc7xo3jmn,1,car,272.295,523.8,38.89,77.6,268.93,3017.864,0.0014553742283950617,0
v_9kc7xo3jmn_0008,v_9kc7xo3jmn,1,car,1093.71,494.145,95.78,39.03,0.0,3738.2934,0.0018028035300925926,0
v_9kc7xo3jmn_0008,v_9kc7xo3jmn,1,car,1174.195,546.995,91.35,34.89,358.5,3187.2014999999997,0.0015370377604166665,0
v_9kc7xo3jmn_0008,v_9kc7xo3jmn,9,motorcycle,1008.21,555.755,49.38,17.39,356.9,858.7182,0.0004141195023148148,0
v_9mpk7r4b5j_0040,v_9mpk7r4b5j,9,motorcycle,1223.085,491.22,51.65,16.6,0.5,857.3900000000001,0.00041347897376543217,0
v_9n7j8m0pig_0000,v_9n7j8m0pig,1,car,63.16,467.24,95.3,37.84,0.0,3606.152,0.0017390779320987655,0
v_9n7j8m0pig_0000,v_9n7j8m0pig,1,car,922.385,864.465,39.97,91.25,0.0,3647.2625,0.0017589035976080245,0
v_9n7j8m0pig_0000,v_9n7j8m0pig,1,car,1888.995,462.145,62.01,39.19,0.0,2430.1719,0.0011719578993055555,0
v_9n7j8m0pig_0000,v_9n7j8m0pig,9,motorcycle,171.66,519.33,45.3,12.8,0.0,579.84,0.0002796296296296296,0
v_9n7j8m0pig_0000,v_9n7j8m0pig,9,motorcycle,1393.33,515.975,41.52,13.73,0.7,570.0696,0.00027491782407407407,0
v_9v4lxizqv8_0004,v_9v4lxizqv8,1,car,169.285,560.015,97.89,37.53,0.8,3673.8117,0.0017717070312500002,0
v_9v4lxizqv8_0004,v_9v4lxizqv8,1,car,333.8,484.205,108.2,42.15,0.0,4560.63,0.0021993778935185185,0
v_9v4lxizqv8_0004,v_9v4lxizqv8,1,car,454.865,484.06,98.63,38.86,0.0,3832.7617999999998,0.0018483612075617282,0
v_9v4lxizqv8_0004,v_9v4lxizqv8,1,car,578.985,494.265,97.71,40.51,0.0,3958.2320999999997,0.0019088696469907406,0
v_9v4lxizqv8_0004,v_9v4lxizqv8,1,car,679.755,488.63,101.41,41.06,0.0,4163.8946000000005,0.0020080510223765436,0
v_9v4lxizqv8_0004,v_9v4lxizqv8,1,car,701.995,547.55,91.51,36.24,0.8,3316.3224000000005,0.0015993067129629632,0
v_9v4lxizqv8_0004,v_9v4lxizqv8,1,car,806.045,543.425,92.07,37.35,1.7,3438.8145,0.00165837890625,0
v_9v4lxizqv8_0004,v_9v4lxizqv8,1,car,920.15,229.17,36.94,76.84,0.0,2838.4696,0.0013688607253086419,0
v_9v4lxizqv8_0004,v_9v4lxizqv8,1,car,928.66,512.015,37.98,93.37,0.0,3546.1926,0.0017101623263888889,0
v_9v4lxizqv8_0004,v_9v4lxizqv8,1,car,979.13,705.765,40.68,97.67,0.0,3973.2156,0.001916095486111111,0
v_9v4lxizqv8_0004,v_9v4lxizqv8,1,car,1046.18,529.46,36.54,82.96,34.2,3031.3583999999996,0.0014618819444444443,0
v_9v4lxizqv8_0004,v_9v4lxizqv8,1,car,1145.555,538.155,88.51,35.39,359.7,3132.3689000000004,0.001510594569830247,0
v_9v4lxizqv8_0004,v_9v4lxizqv8,1,car,1141.09,490.82,36.84,87.82,81.6,3235.2888000000003,0.0015602280092592595,0
v_9v4lxizqv8_0004,v_9v4lxizqv8,1,car,1239.63,489.355,84.64,37.65,2.0,3186.696,0.0015367939814814814,0
v_9v4lxizqv8_0004,v_9v4lxizqv8,1,car,1262.445,560.82,87.81,37.8,0.9,3319.218,0.001600703125,0
v_9v4lxizqv8_0004,v_9v4lxizqv8,1,car,1359.2,496.145,91.08,38.09,357.9,3469.2372,0.0016730503472222223,0
v_9v4lxizqv8_0004,v_9v4lxizqv8,1,car,1367.62,444.76,95.16,41.46,358.1,3945.3336,0.0019026493055555554,0
v_9v4lxizqv8_0004,v_9v4lxizqv8,1,car,1372.585,542.695,40.25,87.67,90.9,3528.7175,0.001701734905478395,0
v_9v4lxizqv8_0004,v_9v4lxizqv8,1,car,1462.99,492.69,91.68,38.98,358.5,3573.6864,0.0017234212962962962,0
v_9v4lxizqv8_0004,v_9v4lxizqv8,1,car,1569.63,483.535,103.8,42.33,359.8,4393.853999999999,0.0021189496527777773,0
v_9v4lxizqv8_0004,v_9v4lxizqv8,1,car,1630.155,528.0,89.95,37.18,356.3,3344.341,0.0016128187692901234,0
v_9v4lxizqv8_0004,v_9v4lxizqv8,1,car,1729.825,489.3,90.19,40.0,0.0,3607.6,0.0017397762345679013,0
v_9v4lxizqv8_0004,v_9v4lxizqv8,1,car,1836.98,487.94,91.6,37.2,359.5,3407.52,0.001643287037037037,0
v_9v4lxizqv8_0004,v_9v4lxizqv8,4,minibus,206.44,479.415,122.08,40.43,0.0,4935.6944,0.0023802538580246914,0
v_9v4lxizqv8_0004,v_9v4lxizqv8,4,minibus,1506.275,543.13,97.95,36.12,359.0,3537.9539999999997,0.001706189236111111,0
v_9v4lxizqv8_0004,v_9v4lxizqv8,7,truck,823.915,489.18,106.47,39.4,0.0,4194.918,0.0020230121527777777,0
v_9v4lxizqv8_0004,v_9v4lxizqv8,9,motorcycle,634.66,575.4,39.54,10.4,1.9,411.216,0.00019831018518518518,0
v_9xqv3vbd2n_0019,v_9xqv3vbd2n,8,mototaxi,1896.28,495.795,47.28,22.55,0.0,1066.164,0.0005141608796296296,0
v_9xqv3vbd2n_0019,v_9xqv3vbd2n,9,motorcycle,956.105,502.28,51.65,16.6,0.5,857.3900000000001,0.00041347897376543217,0
v_a0ls05cd51_0016,v_a0ls05cd51,1,car,799.505,461.29,83.19,36.52,0.0,3038.0988,0.0014651325231481483,0
v_a0vwscsw6p_0008,v_a0vwscsw6p,1,car,1002.63,294.16,95.36,44.44,87.85,4237.7984,0.0020436913580246913,0
v_a0vwscsw6p_0008,v_a0vwscsw6p,1,car,1063.65,471.865,98.98,44.41,22.63,4395.7018,0.002119840760030864,0
v_aezq2v2os1_0028,v_aezq2v2os1,1,car,507.335,494.6,37.23,93.38,89.8,3476.5373999999997,0.0016765708912037036,0
v_aezq2v2os1_0028,v_aezq2v2os1,1,car,1059.54,526.785,86.02,36.79,0.0,3164.6758,0.0015261746720679013,0
v_afhs8e8chi_0000,v_afhs8e8chi,1,car,81.76,568.045,36.64,85.81,89.9,3144.0784000000003,0.001516241512345679,0
v_afhs8e8chi_0000,v_afhs8e8chi,1,car,132.4,494.915,89.98,39.33,0.0,3538.9134,0.0017066519097222223,0
v_afhs8e8chi_0000,v_afhs8e8chi,1,car,632.455,515.41,35.29,82.7,85.0,2918.483,0.0014074474344135802,0
v_afhs8e8chi_0000,v_afhs8e8chi,1,car,934.875,298.515,37.79,87.45,0.0,3304.7355000000002,0.001593718894675926,0
v_afhs8e8chi_0000,v_afhs8e8chi,1,car,940.265,183.45,36.91,86.6,0.0,3196.4059999999995,0.0015414766589506171,0
v_afhs8e8chi_0000,v_afhs8e8chi,1,car,943.53,58.92,38.04,86.6,0.0,3294.2639999999997,0.0015886689814814813,0
v_afhs8e8chi_0000,v_afhs8e8chi,1,car,945.74,1060.68,35.02,38.64,0.0,1353.1728,0.0006525717592592593,0
v_afhs8e8chi_0000,v_afhs8e8chi,1,car,980.71,620.28,39.0,89.72,0.0,3499.08,0.0016874421296296297,0
v_afhs8e8chi_0000,v_afhs8e8chi,1,car,1161.245,490.595,80.99,35.87,358.8,2905.1112999999996,0.001400998890817901,0
v_afhs8e8chi_0000,v_afhs8e8chi,1,car,1187.605,549.275,82.23,34.97,351.94,2875.5831,0.0013867588252314813,0
v_afhs8e8chi_0000,v_afhs8e8chi,1,car,1478.58,530.305,90.38,32.75,0.0,2959.9449999999997,0.0014274426118827158,0
v_ags40vgt6h_0011,v_ags40vgt6h,1,car,77.355,516.585,116.93,45.99,358.4,5377.6107,0.002593369357638889,0
v_ajl3wk2lc0_0022,v_ajl3wk2lc0,1,car,154.03,531.74,104.82,43.36,0.0,4544.995199999999,0.0021918379629629627,0
v_ajl3wk2lc0_0022,v_ajl3wk2lc0,1,car,525.035,509.005,106.43,44.67,0.0,4754.2281,0.0022927411747685187,0
v_at0nazxy83_0046,v_at0nazxy83,1,car,88.145,528.61,29.89,78.22,89.1,2337.9958,0.0011275056905864199,0
v_at0nazxy83_0046,v_at0nazxy83,1,car,888.505,471.635,35.61,88.63,50.6824,3156.1142999999997,0.0015220458622685184,0
v_at0nazxy83_0046,v_at0nazxy83,1,car,954.485,359.985,32.39,76.85,7.4643,2489.1715,0.0012004106385030864,0
v_at0nazxy83_0046,v_at0nazxy83,9,motorcycle,934.43,270.365,9.7,38.37,1.9143,372.18899999999996,0.00017948929398148145,0
v_awslkgu4yp_0042,v_awslkgu4yp,1,car,48.96,386.57,87.5,33.18,0.0,2903.25,0.0014001012731481481,0
v_awslkgu4yp_0042,v_awslkgu4yp,1,car,69.45,483.525,92.4,34.55,0.0,3192.42,0.0015395543981481482,0
v_awslkgu4yp_0042,v_awslkgu4yp,1,car,89.42,436.11,91.3,34.54,0.0,3153.502,0.0015207860725308642,0
v_awslkgu4yp_0042,v_awslkgu4yp,1,car,99.975,1030.02,87.13,37.28,0.0,3248.2064,0.0015664575617283952,0
v_awslkgu4yp_0042,v_awslkgu4yp,1,car,234.16,394.705,85.4,35.63,0.0,3042.8020000000006,0.0014674006558641978,0
v_awslkgu4yp_0042,v_awslkgu4yp,1,car,283.095,443.155,105.83,37.79,0.0,3999.3156999999997,0.0019286823398919752,0
v_awslkgu4yp_0042,v_awslkgu4yp,1,car,298.675,486.525,82.59,34.05,0.0,2812.1895,0.0013561870659722223,0
v_awslkgu4yp_0042,v_awslkgu4yp,1,car,328.485,394.755,83.99,34.31,0.0,2881.6969,0.0013897072241512345,0
v_awslkgu4yp_0042,v_awslkgu4yp,1,car,399.18,488.16,82.86,33.7,0.0,2792.382,0.0013466348379629629,0
v_awslkgu4yp_0042,v_awslkgu4yp,1,car,428.36,446.685,82.36,35.23,0.0,2901.5427999999997,0.0013992779706790122,0
v_awslkgu4yp_0042,v_awslkgu4yp,1,car,436.485,388.94,86.45,34.62,0.0,2992.899,0.0014433347800925926,0
v_awslkgu4yp_0042,v_awslkgu4yp,1,car,505.185,487.13,86.01,35.9,1.9,3087.759,0.0014890813078703704,0
v_awslkgu4yp_0042,v_awslkgu4yp,1,car,520.72,440.29,86.18,35.24,1.1,3036.9832000000006,0.0014645945216049385,0
v_awslkgu4yp_0042,v_awslkgu4yp,1,car,533.86,390.345,78.56,33.39,1.2,2623.1184000000003,0.0012650069444444447,0
v_awslkgu4yp_0042,v_awslkgu4yp,1,car,535.91,1029.07,77.74,35.88,0.0,2789.3112,0.0013451539351851853,0
v_awslkgu4yp_0042,v_awslkgu4yp,1,car,619.24,485.115,82.8,34.71,359.0,2873.988,0.0013859895833333333,0
v_awslkgu4yp_0042,v_awslkgu4yp,1,car,637.845,387.875,84.21,33.17,1.4,2793.2457,0.0013470513599537037,0
v_awslkgu4yp_0042,v_awslkgu4yp,1,car,645.585,436.49,83.61,34.94,0.7,2921.3334,0.0014088220486111111,0
v_awslkgu4yp_0042,v_awslkgu4yp,1,car,1057.05,227.065,89.3,39.45,0.0,3522.885,0.0016989221643518519,0
v_awslkgu4yp_0042,v_awslkgu4yp,1,car,1079.595,276.315,81.43,37.35,0.0,3041.4105000000004,0.0014667296006944447,0
v_awslkgu4yp_0042,v_awslkgu4yp,1,car,1105.385,81.94,93.77,42.32,359.5,3968.3464,0.001913747299382716,0
v_awslkgu4yp_0042,v_awslkgu4yp,1,car,1134.68,140.485,81.48,37.11,0.0,3023.7228,0.0014581996527777779,0
v_awslkgu4yp_0042,v_awslkgu4yp,1,car,1189.63,278.805,82.2,36.89,0.0,3032.358,0.0014623640046296296,0
v_awslkgu4yp_0042,v_awslkgu4yp,1,car,1297.905,272.82,80.91,37.9,0.0,3066.4889999999996,0.001478823784722222,0
v_awslkgu4yp_0042,v_awslkgu4yp,1,car,1331.77,130.325,85.8,40.51,0.0,3475.758,0.001676195023148148,0
v_awslkgu4yp_0042,v_awslkgu4yp,1,car,1380.815,278.08,70.23,33.44,0.0,2348.4912,0.0011325671296296296,0
v_awslkgu4yp_0042,v_awslkgu4yp,1,car,1430.975,321.66,90.73,37.12,0.0,3367.8976,0.0016241790123456789,0
v_awslkgu4yp_0042,v_awslkgu4yp,1,car,1462.235,221.83,92.69,35.76,0.0,3314.5944,0.0015984733796296296,0
v_awslkgu4yp_0042,v_awslkgu4yp,1,car,1487.59,263.325,88.44,36.67,0.0,3243.0948,0.0015639924768518518,0
v_awslkgu4yp_0042,v_awslkgu4yp,1,car,1580.655,218.08,91.53,34.5,0.0,3157.785,0.0015228515625,0
v_awslkgu4yp_0042,v_awslkgu4yp,1,car,1731.63,276.445,94.34,39.65,2.8,3740.581,0.0018039067322530864,0
v_awslkgu4yp_0042,v_awslkgu4yp,2,van,171.935,240.12,96.63,37.2,359.5,3594.636,0.0017335243055555556,0
v_awslkgu4yp_0042,v_awslkgu4yp,2,van,1314.905,222.49,109.75,42.4,0.0,4653.4,0.002244116512345679,0
v_awslkgu4yp_0042,v_awslkgu4yp,2,van,1692.965,219.91,112.03,42.7,0.0,4783.6810000000005,0.0023069449266975312,0
v_awslkgu4yp_0042,v_awslkgu4yp,4,minibus,1274.6,322.32,84.82,37.36,0.0,3168.8751999999995,0.0015281998456790121,0
v_awslkgu4yp_0042,v_awslkgu4yp,4,minibus,1561.205,316.65,99.97,39.8,0.0,3978.8059999999996,0.0019187914737654318,0
v_awslkgu4yp_0042,v_awslkgu4yp,5,bus,1868.35,258.315,103.3,55.75,0.0,5758.974999999999,0.0027772834683641974,0
v_awslkgu4yp_0042,v_awslkgu4yp,7,truck,176.27,490.12,110.98,34.84,0.0,3866.5432000000005,0.0018646523919753088,0
v_awslkgu4yp_0042,v_awslkgu4yp,7,truck,1105.605,318.675,102.23,42.39,0.0,4333.5297,0.0020898580729166666,0
v_awslkgu4yp_0042,v_awslkgu4yp,7,truck,1601.04,261.775,120.52,47.97,0.0,5781.3444,0.0027880711805555554,0
v_awslkgu4yp_0042,v_awslkgu4yp,9,motorcycle,202.89,460.8,43.5,12.1,3.78,526.35,0.00025383391203703706,0
v_awslkgu4yp_0042,v_awslkgu4yp,9,motorcycle,351.125,204.485,36.29,12.31,0.0,446.7299,0.00021543687307098766,0
v_awslkgu4yp_0042,v_awslkgu4yp,9,motorcycle,585.82,418.885,38.42,12.29,2.1,472.1818,0.00022771113040123459,0
v_awslkgu4yp_0042,v_awslkgu4yp,9,motorcycle,1813.035,312.365,44.23,14.87,0.0,657.7000999999999,0.0003171779031635802,0
v_azsh7mr6fm_0031,v_azsh7mr6fm,1,car,1208.075,512.04,93.27,42.12,358.8,3928.5323999999996,0.0018945468749999997,0
v_azsh7mr6fm_0031,v_azsh7mr6fm,8,mototaxi,1061.46,559.84,66.12,22.56,337.3,1491.6672,0.0007193611111111112,0
v_b0ge2kn580_0017,v_b0ge2kn580,1,car,31.335,471.85,62.41,38.36,0.0,2394.0476,0.0011545368441358023,0
v_b0ge2kn580_0017,v_b0ge2kn580,1,car,123.39,474.76,91.82,41.04,0.0,3768.2927999999997,0.0018172708333333333,0
v_b0ge2kn580_0017,v_b0ge2kn580,1,car,253.29,479.63,116.44,38.58,0.2,4492.2552,0.002166403935185185,0
v_b0ge2kn580_0017,v_b0ge2kn580,1,car,301.785,527.96,115.69,41.7,358.7,4824.273,0.0023265205439814817,0
v_b0ge2kn580_0017,v_b0ge2kn580,1,car,421.5,474.585,94.0,37.07,0.0,3484.58,0.0016804494598765432,0
v_b0ge2kn580_0017,v_b0ge2kn580,1,car,526.755,478.92,99.35,38.98,0.0,3872.6629999999996,0.00186760368441358,0
v_b0ge2kn580_0017,v_b0ge2kn580,1,car,641.875,487.19,98.93,44.3,0.0,4382.599,0.0021135218942901234,0
v_b0ge2kn580_0017,v_b0ge2kn580,1,car,821.48,537.08,104.72,42.84,0.0,4486.2048,0.0021634861111111113,0
v_b0ge2kn580_0017,v_b0ge2kn580,1,car,855.36,447.415,90.82,36.47,334.98,3312.2054,0.0015973212770061728,0
v_b0ge2kn580_0017,v_b0ge2kn580,1,car,1005.57,475.125,93.78,37.27,0.0,3495.1806,0.0016855616319444446,0
v_b0ge2kn580_0017,v_b0ge2kn580,1,car,1010.245,595.345,37.35,91.81,25.6905,3429.1035,0.001653695746527778,0
v_b0ge2kn580_0017,v_b0ge2kn580,1,car,1180.2,556.035,34.48,72.29,85.319,2492.5592,0.0012020443672839506,0
v_b0ge2kn580_0017,v_b0ge2kn580,1,car,1357.19,488.955,102.7,40.79,0.0,4189.133,0.0020202223186728393,0
v_b0ge2kn580_0017,v_b0ge2kn580,1,car,1440.21,542.83,98.5,36.5,359.6,3595.25,0.0017338204089506174,0
v_b0ge2kn580_0017,v_b0ge2kn580,1,car,1599.96,490.195,96.7,38.35,0.0,3708.445,0.0017884090470679014,0
v_b0ge2kn580_0017,v_b0ge2kn580,1,car,1747.935,548.57,37.99,103.5,90.5,3931.965,0.0018962022569444445,0
v_b0ge2kn580_0017,v_b0ge2kn580,1,car,1845.425,495.265,86.71,42.93,0.0,3722.4602999999997,0.0017951679687499998,0
v_b0ge2kn580_0017,v_b0ge2kn580,3,microbus,963.51,847.58,40.62,147.2,1.8,5979.263999999999,0.0028835185185185183,0
v_b0ge2kn580_0017,v_b0ge2kn580,9,motorcycle,1727.86,585.76,40.1,11.5,2.0,461.15000000000003,0.00022239101080246914,0
v_b9y35x9ivz_0001,v_b9y35x9ivz,1,car,37.825,507.275,75.65,41.05,0.0,3105.4325,0.0014976044077932098,0
v_b9y35x9ivz_0001,v_b9y35x9ivz,1,car,354.34,448.49,117.06,39.3,0.0,4600.458,0.0022185850694444445,0
v_b9y35x9ivz_0001,v_b9y35x9ivz,1,car,483.11,453.38,97.04,40.6,0.0,3939.8240000000005,0.0018999922839506174,0
v_b9y35x9ivz_0001,v_b9y35x9ivz,1,car,616.94,445.16,87.3,34.2,0.0,2985.6600000000003,0.0014398437500000002,0
v_b9y35x9ivz_0001,v_b9y35x9ivz,1,car,734.57,468.265,78.1,37.53,0.0,2931.093,0.0014135286458333333,0
v_b9y35x9ivz_0001,v_b9y35x9ivz,1,car,796.985,517.13,89.43,36.68,0.0,3280.2924000000003,0.0015819311342592595,0
v_b9y35x9ivz_0001,v_b9y35x9ivz,1,car,848.93,469.275,91.5,38.85,0.0,3554.775,0.001714301215277778,0
v_b9y35x9ivz_0001,v_b9y35x9ivz,1,car,991.33,510.06,37.68,86.58,6.65,3262.3343999999997,0.0015732708333333332,0
v_b9y35x9ivz_0001,v_b9y35x9ivz,1,car,1097.145,453.925,87.61,38.15,0.0,3342.3215,0.0016118448591820988,0
v_b9y35x9ivz_0001,v_b9y35x9ivz,1,car,1198.675,453.435,89.61,37.97,0.0,3402.4917,0.0016408621238425925,0
v_b9y35x9ivz_0001,v_b9y35x9ivz,1,car,1310.735,458.39,87.51,37.02,0.0,3239.6202000000003,0.001562316840277778,0
v_b9y35x9ivz_0001,v_b9y35x9ivz,1,car,1444.525,524.78,93.47,36.56,0.0,3417.2632000000003,0.0016479857253086422,0
v_b9y35x9ivz_0001,v_b9y35x9ivz,1,car,1512.455,460.735,36.71,87.27,90.1,3203.6817,0.0015449853877314815,0
v_b9y35x9ivz_0001,v_b9y35x9ivz,1,car,1645.75,509.15,101.4,44.92,0.0,4554.888000000001,0.0021966087962962968,0
v_b9y35x9ivz_0001,v_b9y35x9ivz,1,car,1761.935,460.18,83.13,36.08,0.0,2999.3304,0.0014464363425925925,0
v_b9y35x9ivz_0001,v_b9y35x9ivz,1,car,1780.61,539.415,93.0,35.53,0.0,3304.29,0.001593504050925926,0
v_b9y35x9ivz_0001,v_b9y35x9ivz,2,van,136.98,454.365,83.64,33.29,0.0,2784.3756,0.0013427737268518517,0
v_b9y35x9ivz_0001,v_b9y35x9ivz,5,bus,910.26,889.565,62.5,256.21,0.0,16013.124999999998,0.007722378954475308,0
v_bapchxld41_0044,v_bapchxld41,1,car,45.25,508.38,86.9,34.52,0.0,2999.7880000000005,0.0014466570216049384,0
v_bapchxld41_0044,v_bapchxld41,1,car,393.435,462.24,76.91,32.08,0.0,2467.2727999999997,0.001189849922839506,0
v_bapchxld41_0044,v_bapchxld41,1,car,554.175,459.655,77.43,31.93,359.8,2472.3399000000004,0.001192293547453704,0
v_bapchxld41_0044,v_bapchxld41,1,car,600.63,507.0,83.66,32.86,0.0,2749.0676,0.0013257463348765432,0
v_bapchxld41_0044,v_bapchxld41,1,car,615.98,116.42,77.5,33.16,2.2,2569.8999999999996,0.0012393422067901233,0
v_bapchxld41_0044,v_bapchxld41,1,car,813.935,512.95,81.55,32.06,0.46,2614.493,0.0012608473186728395,0
v_bapchxld41_0044,v_bapchxld41,1,car,839.46,803.55,71.88,29.36,159.9,2110.3968,0.0010177453703703705,0
v_bapchxld41_0044,v_bapchxld41,1,car,930.065,927.335,79.19,31.05,90.8,2458.8495,0.0011857877604166665,0
v_bapchxld41_0044,v_bapchxld41,1,car,932.775,635.44,80.63,30.98,85.6333,2497.9174,0.001204628375771605,0
v_bapchxld41_0044,v_bapchxld41,1,car,945.435,463.5,86.03,34.7,359.9,2985.2410000000004,0.0014396416859567903,0
v_bapchxld41_0044,v_bapchxld41,1,car,966.735,257.78,78.35,34.74,357.4,2721.879,0.001312634548611111,0
v_bapchxld41_0044,v_bapchxld41,1,car,1018.46,925.84,34.18,83.4,0.0,2850.612,0.0013747164351851852,0
v_bapchxld41_0044,v_bapchxld41,1,car,1033.19,315.5,63.38,27.78,357.9,1760.6964,0.0008491012731481482,0
v_bapchxld41_0044,v_bapchxld41,1,car,1057.455,907.62,34.95,83.2,0.0,2907.84,0.0014023148148148148,0
v_bapchxld41_0044,v_bapchxld41,1,car,1577.75,500.67,71.54,30.5,0.9,2181.9700000000003,0.0010522617669753089,0
v_bapchxld41_0044,v_bapchxld41,1,car,1851.275,407.125,84.49,33.01,358.9,2789.0148999999997,0.0013450110435956788,0
v_bapchxld41_0044,v_bapchxld41,4,minibus,119.27,238.855,89.8,39.83,359.2,3576.734,0.001724891010802469,0
v_bapchxld41_0044,v_bapchxld41,4,minibus,414.09,509.43,105.48,36.22,0.0,3820.4856,0.0018424409722222223,0
v_bapchxld41_0044,v_bapchxld41,4,minibus,497.04,286.35,93.46,41.64,1.6,3891.6744,0.0018767719907407407,0
v_bapchxld41_0044,v_bapchxld41,4,minibus,621.53,404.27,80.46,32.48,0.0,2613.3407999999995,0.0012602916666666665,0
v_bapchxld41_0044,v_bapchxld41,4,minibus,927.56,404.055,80.08,32.35,0.0,2590.588,0.0012493190586419754,0
v_bapchxld41_0044,v_bapchxld41,7,truck,167.9,455.485,180.16,55.03,0.0,9914.2048,0.004781155864197531,0
v_bapchxld41_0044,v_bapchxld41,7,truck,698.93,156.115,143.16,44.95,1.67,6435.042,0.003103318865740741,0
v_bapchxld41_0044,v_bapchxld41,7,truck,723.84,457.795,183.12,47.47,0.0,8692.7064,0.00419208449074074,0
v_bapchxld41_0044,v_bapchxld41,7,truck,914.995,203.195,106.73,48.01,3.98,5124.1073,0.0024711165605709874,0
v_bapchxld41_0044,v_bapchxld41,8,mototaxi,79.905,407.065,61.03,26.69,0.0,1628.8907000000002,0.0007855375675154322,0
v_bapchxld41_0044,v_bapchxld41,9,motorcycle,247.525,509.16,49.79,14.08,0.0,701.0432,0.00033808024691358023,0
v_bapchxld41_0044,v_bapchxld41,9,motorcycle,325.465,526.425,46.89,13.43,0.0,629.7327,0.00030369053819444443,0
v_bapchxld41_0044,v_bapchxld41,9,motorcycle,345.08,486.34,42.28,15.12,0.0,639.2736,0.0003082916666666667,0
v_bapchxld41_0044,v_bapchxld41,9,motorcycle,1234.08,534.105,36.58,12.55,1.5,459.079,0.00022139226466049382,0
v_bgi9ktcgda_0033,v_bgi9ktcgda,1,car,51.01,386.575,87.5,33.17,0.0,2902.375,0.001399679301697531,0
v_bgi9ktcgda_0033,v_bgi9ktcgda,1,car,73.03,484.145,92.4,34.55,0.0,3192.42,0.0015395543981481482,0
v_bgi9ktcgda_0033,v_bgi9ktcgda,1,car,90.665,443.165,83.49,34.05,0.0,2842.8344999999995,0.0013709657118055553,0
v_bgi9ktcgda_0033,v_bgi9ktcgda,1,car,190.305,439.26,90.05,35.3,0.0,3178.7649999999994,0.001532969232253086,0
v_bgi9ktcgda_0033,v_bgi9ktcgda,1,car,236.325,394.555,85.41,35.63,0.0,3043.1583,0.0014675724826388888,0
v_bgi9ktcgda_0033,v_bgi9ktcgda,1,car,334.17,444.045,104.72,37.79,0.0,3957.3687999999997,0.0019084533179012345,0
v_bgi9ktcgda_0033,v_bgi9ktcgda,1,car,342.995,396.135,83.99,34.31,0.0,2881.6969,0.0013897072241512345,0
v_bgi9ktcgda_0033,v_bgi9ktcgda,1,car,363.91,487.82,82.6,34.06,0.0,2813.3559999999998,0.0013567496141975307,0
v_bgi9ktcgda_0033,v_bgi9ktcgda,1,car,459.2,1021.98,96.66,41.88,0.0,4048.1208,0.0019522187500000002,0
v_bgi9ktcgda_0033,v_bgi9ktcgda,1,car,491.84,389.83,86.44,34.62,0.0,2992.5527999999995,0.001443167824074074,0
v_bgi9ktcgda_0033,v_bgi9ktcgda,1,car,522.595,443.805,82.37,35.23,0.0,2901.8950999999997,0.001399447868441358,0
v_bgi9ktcgda_0033,v_bgi9ktcgda,1,car,542.48,489.525,82.86,33.69,0.0,2791.5534,0.0013462352430555554,0
v_bgi9ktcgda_0033,v_bgi9ktcgda,1,car,603.725,276.28,81.43,37.34,0.0,3040.5962000000004,0.001466336902006173,0
v_bgi9ktcgda_0033,v_bgi9ktcgda,1,car,627.87,1032.165,77.06,37.73,2.88,2907.4737999999998,0.0014021382137345678,0
v_bgi9ktcgda_0033,v_bgi9ktcgda,1,car,704.035,440.38,82.23,31.38,359.3,2580.3774,0.0012443949652777776,0
v_bgi9ktcgda_0033,v_bgi9ktcgda,1,car,739.825,389.76,78.55,33.38,359.4,2621.9990000000003,0.0012644671103395062,0
v_bgi9ktcgda_0033,v_bgi9ktcgda,1,car,770.77,504.87,83.38,35.9,15.58,2993.3419999999996,0.0014435484182098765,0
v_bgi9ktcgda_0033,v_bgi9ktcgda,1,car,829.07,278.22,82.2,35.28,0.0,2900.016,0.0013985416666666666,0
v_bgi9ktcgda_0033,v_bgi9ktcgda,1,car,839.805,143.985,81.49,37.11,0.0,3024.0939,0.001458378616898148,0
v_bgi9ktcgda_0033,v_bgi9ktcgda,1,car,909.565,231.46,86.91,37.38,0.0,3248.6958,0.001566693576388889,0
v_bgi9ktcgda_0033,v_bgi9ktcgda,1,car,909.695,895.63,35.85,86.44,0.5,3098.8740000000003,0.001494441550925926,0
v_bgi9ktcgda_0033,v_bgi9ktcgda,1,car,908.715,1049.165,32.91,61.67,0.0,2029.5596999999998,0.000978761429398148,0
v_bgi9ktcgda_0033,v_bgi9ktcgda,1,car,1032.06,124.075,85.8,40.51,1.02,3475.758,0.001676195023148148,0
v_bgi9ktcgda_0033,v_bgi9ktcgda,1,car,1033.475,440.83,83.61,34.94,0.2,2921.3334,0.0014088220486111111,0
v_bgi9ktcgda_0033,v_bgi9ktcgda,1,car,1071.5,391.805,84.2,33.17,359.8,2792.914,0.0013468913966049384,0
v_bgi9ktcgda_0033,v_bgi9ktcgda,1,car,1115.58,483.48,78.92,34.72,0.0,2740.1023999999998,0.0013214228395061727,0
v_bgi9ktcgda_0033,v_bgi9ktcgda,1,car,1193.445,275.7,80.91,37.9,0.0,3066.4889999999996,0.001478823784722222,0
v_bgi9ktcgda_0033,v_bgi9ktcgda,1,car,1251.455,223.095,87.53,35.53,0.0,3109.9409,0.0014997785976080247,0
v_bgi9ktcgda_0033,v_bgi9ktcgda,1,car,1361.115,278.54,70.23,33.44,0.0,2348.4912,0.0011325671296296296,0
v_bgi9ktcgda_0033,v_bgi9ktcgda,1,car,1430.785,322.09,90.73,37.12,0.0,3367.8976,0.0016241790123456789,0
v_bgi9ktcgda_0033,v_bgi9ktcgda,1,car,1469.665,265.485,88.45,36.67,0.0,3243.4615000000003,0.0015641693190586422,0
v_bgi9ktcgda_0033,v_bgi9ktcgda,1,car,1724.26,277.56,94.34,39.64,2.8,3739.6376,0.0018034517746913581,0
v_bgi9ktcgda_0033,v_bgi9ktcgda,2,van,295.33,231.71,101.2,42.4,0.0,4290.88,0.00206929012345679,0
v_bgi9ktcgda_0033,v_bgi9ktcgda,2,van,1567.015,220.205,112.03,42.69,0.0,4782.5607,0.002306404658564815,0
v_bgi9ktcgda_0033,v_bgi9ktcgda,4,minibus,1112.82,309.32,84.82,37.36,6.81,3168.8751999999995,0.0015281998456790121,0
v_bgi9ktcgda_0033,v_bgi9ktcgda,4,minibus,1549.735,317.25,99.97,39.8,0.0,3978.8059999999996,0.0019187914737654318,0
v_bgi9ktcgda_0033,v_bgi9ktcgda,5,bus,1852.885,259.42,134.23,57.96,0.0,7779.970799999999,0.003751914930555555,0
v_bgi9ktcgda_0033,v_bgi9ktcgda,7,truck,181.91,490.84,110.98,34.84,0.0,3866.5432000000005,0.0018646523919753088,0
v_bgi9ktcgda_0033,v_bgi9ktcgda,7,truck,762.94,317.645,95.76,42.39,0.0,4059.2664000000004,0.00195759375,0
v_bgi9ktcgda_0033,v_bgi9ktcgda,7,truck,1586.79,263.2,120.52,47.96,0.0,5780.1392,0.002787489969135802,0
v_bgi9ktcgda_0033,v_bgi9ktcgda,9,motorcycle,265.065,468.23,43.31,12.1,4.2,524.051,0.00025272521219135805,0
v_bgi9ktcgda_0033,v_bgi9ktcgda,9,motorcycle,926.835,444.985,38.41,12.29,3.7,472.05889999999994,0.00022765186149691354,0
v_bgi9ktcgda_0033,v_bgi9ktcgda,9,motorcycle,1028.25,256.195,39.26,14.87,356.3,583.7961999999999,0.0002815375192901234,0
v_bgyqee9f8k_0045,v_bgyqee9f8k,1,car,91.33,484.585,108.2,42.15,0.0,4560.63,0.0021993778935185185,0
v_bgyqee9f8k_0045,v_bgyqee9f8k,1,car,365.63,484.32,99.84,38.86,0.0,3879.7824,0.0018710370370370372,0
v_bgyqee9f8k_0045,v_bgyqee9f8k,1,car,582.195,495.375,97.71,40.51,0.0,3958.2320999999997,0.0019088696469907406,0
v_bgyqee9f8k_0045,v_bgyqee9f8k,1,car,681.885,490.36,100.65,40.86,0.0,4112.559,0.0019832942708333332,0
v_bgyqee9f8k_0045,v_bgyqee9f8k,1,car,703.485,548.2,91.51,36.24,0.8,3316.3224000000005,0.0015993067129629632,0
v_bgyqee9f8k_0045,v_bgyqee9f8k,1,car,806.105,543.745,92.07,37.35,1.7,3438.8145,0.00165837890625,0
v_bgyqee9f8k_0045,v_bgyqee9f8k,1,car,912.375,173.445,37.25,94.69,359.3,3527.2025,0.0017010042920524691,0
v_bgyqee9f8k_0045,v_bgyqee9f8k,1,car,918.05,724.14,38.78,85.92,0.0,3331.9776,0.0016068564814814815,0
v_bgyqee9f8k_0045,v_bgyqee9f8k,1,car,919.385,924.365,34.77,89.27,0.0,3103.9179,0.0014968739872685186,0
v_bgyqee9f8k_0045,v_bgyqee9f8k,1,car,979.12,754.95,36.7,92.16,0.0,3382.272,0.0016311111111111112,0
v_bgyqee9f8k_0045,v_bgyqee9f8k,1,car,982.81,128.81,40.6,94.24,359.7,3826.144,0.0018451697530864196,0
v_bgyqee9f8k_0045,v_bgyqee9f8k,1,car,988.385,935.97,38.53,92.0,0.0,3544.76,0.001709471450617284,0
v_bgyqee9f8k_0045,v_bgyqee9f8k,1,car,1045.36,529.45,36.54,82.96,34.2,3031.3583999999996,0.0014618819444444443,0
v_bgyqee9f8k_0045,v_bgyqee9f8k,1,car,1143.035,538.115,88.51,35.39,359.7,3132.3689000000004,0.001510594569830247,0
v_bgyqee9f8k_0045,v_bgyqee9f8k,1,car,1140.03,490.82,36.84,87.82,81.6,3235.2888000000003,0.0015602280092592595,0
v_bgyqee9f8k_0045,v_bgyqee9f8k,1,car,1237.18,489.485,84.64,37.65,2.0,3186.696,0.0015367939814814814,0
v_bgyqee9f8k_0045,v_bgyqee9f8k,1,car,1259.52,560.49,87.82,37.8,0.9,3319.5959999999995,0.0016008854166666665,0
v_bgyqee9f8k_0045,v_bgyqee9f8k,1,car,1355.72,496.045,91.08,38.09,357.9,3469.2372,0.0016730503472222223,0
v_bgyqee9f8k_0045,v_bgyqee9f8k,1,car,1364.14,444.86,95.16,41.46,358.1,3945.3336,0.0019026493055555554,0
v_bgyqee9f8k_0045,v_bgyqee9f8k,1,car,1369.045,543.255,40.25,87.67,90.9,3528.7175,0.001701734905478395,0
v_bgyqee9f8k_0045,v_bgyqee9f8k,1,car,1459.38,492.12,91.68,38.98,358.5,3573.6864,0.0017234212962962962,0
v_bgyqee9f8k_0045,v_bgyqee9f8k,1,car,1564.78,482.905,103.8,42.33,359.8,4393.853999999999,0.0021189496527777773,0
v_bgyqee9f8k_0045,v_bgyqee9f8k,1,car,1621.775,528.16,89.95,37.18,356.3,3344.341,0.0016128187692901234,0
v_bgyqee9f8k_0045,v_bgyqee9f8k,1,car,1723.965,489.32,90.19,40.0,0.0,3607.6,0.0017397762345679013,0
v_bgyqee9f8k_0045,v_bgyqee9f8k,1,car,1830.4,487.8,91.6,37.2,359.5,3407.52,0.001643287037037037,0
v_bgyqee9f8k_0045,v_bgyqee9f8k,4,minibus,1500.875,542.53,97.95,36.12,359.0,3537.9539999999997,0.001706189236111111,0
v_bgyqee9f8k_0045,v_bgyqee9f8k,7,truck,820.045,490.73,106.47,39.4,0.0,4194.918,0.0020230121527777777,0
v_bgyqee9f8k_0045,v_bgyqee9f8k,9,motorcycle,1007.565,320.47,13.89,43.58,0.1,605.3262,0.0002919204282407407,0
v_bh2crsapvm_0001,v_bh2crsapvm,9,motorcycle,990.405,925.635,23.65,56.49,0.0,1335.9885,0.0006442845775462962,0
v_bkrnhozz15_0025,v_bkrnhozz15,1,car,89.88,462.655,91.1,36.53,0.0,3327.883,0.0016048818479938271,0
v_bkrnhozz15_0025,v_bkrnhozz15,8,mototaxi,1903.0,510.895,34.0,26.17,0.0,889.7800000000001,0.00042909915123456795,0
v_bkrnhozz15_0025,v_bkrnhozz15,9,motorcycle,1762.63,498.545,13.78,39.07,89.8,538.3846,0.00025963763503086416,0
v_bn0q4d649g_0040,v_bn0q4d649g,1,car,64.92,375.27,80.9,30.7,0.0,2483.63,0.0011977382330246914,0
v_bn0q4d649g_0040,v_bn0q4d649g,1,car,178.975,423.515,83.05,31.03,0.0,2577.0415,0.00124278621720679,0
v_bn0q4d649g_0040,v_bn0q4d649g,1,car,237.575,296.705,74.13,28.07,0.0,2080.8291,0.001003486255787037,0
v_bn0q4d649g_0040,v_bn0q4d649g,1,car,242.81,469.99,84.6,31.44,0.0,2659.824,0.0012827083333333334,0
v_bn0q4d649g_0040,v_bn0q4d649g,1,car,348.65,465.72,79.5,28.4,0.0,2257.7999999999997,0.0010888310185185185,0
v_bn0q4d649g_0040,v_bn0q4d649g,1,car,410.015,365.96,77.45,32.6,0.0,2524.8700000000003,0.0012176263503086422,0
v_bn0q4d649g_0040,v_bn0q4d649g,1,car,500.54,467.915,81.22,33.61,0.0,2729.8042,0.0013164565007716049,0
v_bn0q4d649g_0040,v_bn0q4d649g,1,car,571.775,415.92,76.39,27.8,0.0,2123.6420000000003,0.0010241329089506173,0
v_bn0q4d649g_0040,v_bn0q4d649g,1,car,579.92,364.485,85.94,35.17,0.0,3022.5098000000003,0.0014576146797839508,0
v_bn0q4d649g_0040,v_bn0q4d649g,1,car,672.88,367.68,75.82,28.04,0.0,2125.9927999999995,0.0010252665895061725,0
v_bn0q4d649g_0040,v_bn0q4d649g,1,car,676.1,410.1,65.86,26.18,0.0,1724.2148,0.0008315079089506172,0
v_bn0q4d649g_0040,v_bn0q4d649g,1,car,905.36,190.745,71.34,31.93,11.4,2277.8862,0.0010985176504629628,0
v_bn0q4d649g_0040,v_bn0q4d649g,1,car,915.045,865.59,28.47,75.5,0.0,2149.485,0.0010365957754629631,0
v_bn0q4d649g_0040,v_bn0q4d649g,1,car,947.695,299.805,74.13,28.07,0.0,2080.8291,0.001003486255787037,0
v_bn0q4d649g_0040,v_bn0q4d649g,1,car,1011.015,202.19,76.63,28.5,0.0,2183.955,0.0010532190393518518,0
v_bn0q4d649g_0040,v_bn0q4d649g,1,car,1071.06,288.54,82.66,30.32,5.0,2506.2511999999997,0.0012086473765432098,0
v_bn0q4d649g_0040,v_bn0q4d649g,1,car,1134.87,246.92,79.92,34.7,0.0,2773.224,0.0013373958333333334,0
v_bn0q4d649g_0040,v_bn0q4d649g,1,car,1207.685,299.305,78.99,29.19,0.0,2305.7181,0.001111939670138889,0
v_bn0q4d649g_0040,v_bn0q4d649g,1,car,1234.605,247.81,83.03,31.38,0.0,2605.4814,0.0012565014467592593,0
v_bn0q4d649g_0040,v_bn0q4d649g,1,car,1339.06,241.14,79.76,31.04,0.0,2475.7504,0.0011939382716049383,0
v_bn0q4d649g_0040,v_bn0q4d649g,1,car,1382.695,293.91,89.75,36.24,0.0,3252.54,0.0015685474537037037,0
v_bn0q4d649g_0040,v_bn0q4d649g,1,car,1430.66,242.46,79.36,32.9,0.0,2610.944,0.0012591358024691358,0
v_bn0q4d649g_0040,v_bn0q4d649g,1,car,1550.595,285.56,86.55,35.04,0.0,3032.712,0.0014625347222222223,0
v_bn0q4d649g_0040,v_bn0q4d649g,1,car,1552.51,240.32,80.82,31.68,0.0,2560.3776,0.00123475,0
v_bn0q4d649g_0040,v_bn0q4d649g,1,car,1651.705,189.27,82.61,36.64,0.0,3026.8304,0.0014596983024691356,0
v_bn0q4d649g_0040,v_bn0q4d649g,1,car,1672.215,282.225,88.53,32.55,0.0,2881.6515,0.0013896853298611112,0
v_bn0q4d649g_0040,v_bn0q4d649g,2,van,369.875,219.06,94.11,36.64,0.0,3448.1904,0.001662900462962963,0
v_bn0q4d649g_0040,v_bn0q4d649g,2,van,687.635,472.715,120.47,30.43,1.8,3665.9021,0.0017678926022376541,0
v_bn0q4d649g_0040,v_bn0q4d649g,2,van,1518.56,196.8,100.7,36.64,0.0,3689.648,0.0017793441358024693,0
v_bn0q4d649g_0040,v_bn0q4d649g,2,van,1861.14,184.77,100.4,39.4,0.0,3955.76,0.0019076774691358027,0
v_bn0q4d649g_0040,v_bn0q4d649g,2,van,1882.025,282.48,75.95,41.04,0.0,3116.988,0.0015031770833333331,0
v_bn0q4d649g_0040,v_bn0q4d649g,7,truck,244.03,107.58,31.4,100.56,268.7,3157.584,0.0015227546296296295,0
v_bn0q4d649g_0040,v_bn0q4d649g,7,truck,454.76,413.585,110.4,32.75,0.0,3615.6000000000004,0.0017436342592592594,0
v_bn0q4d649g_0040,v_bn0q4d649g,7,truck,1120.385,99.185,170.57,46.45,356.8,7922.9765,0.0038208798707561726,0
v_bn0q4d649g_0040,v_bn0q4d649g,7,truck,1218.445,188.355,119.95,39.97,0.0,4794.4015,0.002312114920910494,0
v_bn0q4d649g_0040,v_bn0q4d649g,7,truck,1909.97,228.75,20.06,40.38,0.0,810.0228,0.00039063599537037034,0
v_bn0q4d649g_0040,v_bn0q4d649g,9,motorcycle,147.59,452.41,40.46,11.3,0.0,457.19800000000004,0.00022048514660493829,0
v_bn0q4d649g_0040,v_bn0q4d649g,9,motorcycle,385.445,441.99,42.31,11.9,0.0,503.48900000000003,0.00024280912422839507,0
v_bn0q4d649g_0040,v_bn0q4d649g,9,motorcycle,546.465,389.15,43.45,9.2,3.975,399.74,0.0001927758487654321,0
v_bn0q4d649g_0040,v_bn0q4d649g,9,motorcycle,661.38,437.77,36.8,11.2,14.3,412.15999999999997,0.0001987654320987654,0
v_bn0q4d649g_0040,v_bn0q4d649g,9,motorcycle,700.45,443.48,34.8,10.0,0.0,348.0,0.00016782407407407406,0
v_bn0q4d649g_0040,v_bn0q4d649g,9,motorcycle,1350.005,174.075,42.83,12.37,353.7,529.8071,0.00025550110918209874,0
v_bn0q4d649g_0040,v_bn0q4d649g,9,motorcycle,1728.855,176.85,42.83,12.36,355.6,529.3788,0.00025529456018518517,0
v_bzgxoanxvr_0049,v_bzgxoanxvr,8,mototaxi,1591.03,495.22,66.12,22.56,0.0,1491.6672,0.0007193611111111112,0
v_c4o4wdri32_0021,v_c4o4wdri32,1,car,974.825,786.8,40.49,101.1,0.0,4093.5389999999998,0.0019741218171296297,0
v_c4o4wdri32_0021,v_c4o4wdri32,1,car,1026.83,652.525,32.9,89.97,26.2,2960.013,0.0014274754050925926,0
v_c4o4wdri32_0021,v_c4o4wdri32,3,microbus,1045.38,520.85,184.88,60.24,0.0,11137.1712,0.005370935185185185,0
v_c4o4wdri32_0021,v_c4o4wdri32,7,truck,418.66,484.09,129.6,35.34,357.9,4580.064,0.00220875,0
v_c4o4wdri32_0021,v_c4o4wdri32,8,mototaxi,974.865,395.86,66.43,31.5,320.16,2092.545,0.0010091362847222222,0
v_c7gtxc0fr8_0032,v_c7gtxc0fr8,1,car,62.17,485.505,104.26,40.99,0.0,4273.6174,0.0020609651813271604,0
v_c7gtxc0fr8_0032,v_c7gtxc0fr8,1,car,406.695,484.645,112.83,40.79,0.0,4602.3357,0.0022194905960648144,0
v_c7gtxc0fr8_0032,v_c7gtxc0fr8,1,car,797.185,479.025,101.45,44.97,0.0,4562.2065,0.0022001381655092594,0
v_c7gtxc0fr8_0032,v_c7gtxc0fr8,1,car,916.245,648.415,36.97,84.43,0.0,3121.3771,0.0015052937403549384,0
v_c7gtxc0fr8_0032,v_c7gtxc0fr8,1,car,921.91,863.845,39.82,91.37,0.0,3638.3534000000004,0.0017546071566358027,0
v_c7gtxc0fr8_0032,v_c7gtxc0fr8,1,car,931.1,984.15,38.88,94.0,0.0,3654.7200000000003,0.0017625000000000002,0
v_c7gtxc0fr8_0032,v_c7gtxc0fr8,1,car,983.4,616.4,39.36,111.14,359.73,4374.4704,0.002109601851851852,0
v_c7gtxc0fr8_0032,v_c7gtxc0fr8,1,car,991.93,921.26,36.86,82.58,0.0,3043.8988,0.0014679295910493826,0
v_c7gtxc0fr8_0032,v_c7gtxc0fr8,1,car,992.635,295.045,37.67,89.69,356.7,3378.6223,0.001629351032021605,0
v_c7gtxc0fr8_0032,v_c7gtxc0fr8,1,car,1176.6,528.435,101.16,42.33,351.34,4282.1028,0.0020650572916666664,0
v_c7gtxc0fr8_0032,v_c7gtxc0fr8,1,car,1620.34,523.42,89.96,37.18,357.1,3344.7128,0.0016129980709876542,0
v_c7gtxc0fr8_0032,v_c7gtxc0fr8,1,car,1728.745,484.095,90.19,40.01,0.0,3608.5018999999998,0.001740211178626543,0
v_c7gtxc0fr8_0032,v_c7gtxc0fr8,1,car,1836.405,480.76,94.45,37.2,359.5,3513.5400000000004,0.0016944155092592594,0
v_c7gtxc0fr8_0032,v_c7gtxc0fr8,1,car,1859.66,551.41,39.08,96.1,86.9,3755.5879999999997,0.0018111439043209875,0
v_c7gtxc0fr8_0032,v_c7gtxc0fr8,4,minibus,1483.805,538.44,97.95,36.12,358.4,3537.9539999999997,0.001706189236111111,0
v_c7gtxc0fr8_0032,v_c7gtxc0fr8,7,truck,623.735,493.0,123.53,44.86,0.4,5541.5558,0.002672432388117284,0
v_c7gtxc0fr8_0032,v_c7gtxc0fr8,7,truck,973.275,128.99,124.23,44.82,267.0125,5567.988600000001,0.0026851796875000003,0
v_cbg48cgm1n_0014,v_cbg48cgm1n,1,car,170.02,548.505,85.5,30.47,0.5,2605.185,0.0012563585069444445,0
v_cbg48cgm1n_0014,v_cbg48cgm1n,1,car,508.52,526.075,30.5,84.23,83.6125,2569.0150000000003,0.001238915412808642,0
v_cbg48cgm1n_0014,v_cbg48cgm1n,1,car,960.295,360.77,29.21,70.56,16.9167,2061.0576,0.0009939513888888888,0
v_cbg48cgm1n_0014,v_cbg48cgm1n,1,car,981.41,1070.72,4.7,18.56,269.1,87.232,4.20679012345679e-05,0
v_cbg48cgm1n_0014,v_cbg48cgm1n,1,car,999.2,140.96,31.3,79.7,5.2,2494.61,0.0012030333719135803,0
v_cbg48cgm1n_0014,v_cbg48cgm1n,1,car,1031.35,270.165,31.0,81.91,358.6167,2539.21,0.0012245418595679012,0
v_cbg48cgm1n_0014,v_cbg48cgm1n,1,car,1438.78,499.34,80.26,29.32,359.8556,2353.2232000000004,0.0011348491512345681,0
v_cbg48cgm1n_0014,v_cbg48cgm1n,1,car,1845.925,520.345,79.65,31.59,0.0,2516.1435,0.00121341796875,0
v_cbg48cgm1n_0014,v_cbg48cgm1n,7,truck,878.69,496.715,178.08,52.23,359.7937,9301.1184,0.004485493055555555,0
v_cbrd8irjjf_0046,v_cbrd8irjjf,1,car,698.32,1061.915,73.62,36.17,2.54,2662.8354000000004,0.001284160590277778,0
v_cbrd8irjjf_0046,v_cbrd8irjjf,1,car,909.49,885.8,35.84,86.44,0.814,3098.0096000000003,0.001494024691358025,0
v_cbrd8irjjf_0046,v_cbrd8irjjf,1,car,909.705,999.98,32.91,81.16,0.0,2670.9755999999998,0.0012880862268518517,0
v_cbrd8irjjf_0046,v_cbrd8irjjf,1,car,954.105,988.105,30.39,82.41,0.0,2504.4399,0.0012077738715277778,0
v_cbrd8irjjf_0046,v_cbrd8irjjf,1,car,964.565,872.685,33.57,75.39,0.0,2530.8423000000003,0.0012205065104166667,0
v_cbrd8irjjf_0046,v_cbrd8irjjf,9,motorcycle,1795.99,219.67,44.7,14.8,0.0,661.5600000000001,0.0003190393518518519,0
v_cdn8rl7l9y_0014,v_cdn8rl7l9y,1,car,1862.525,495.475,104.33,52.81,353.05,5509.6673,0.0026570540605709877,0
v_cirth50shb_0007,v_cirth50shb,1,car,38.34,551.675,76.5,40.55,0.0,3102.075,0.0014959852430555555,0
v_cirth50shb_0007,v_cirth50shb,1,car,54.61,495.155,96.96,36.25,0.0,3514.7999999999997,0.001695023148148148,0
v_cirth50shb_0007,v_cirth50shb,1,car,129.855,553.775,102.01,37.15,0.0,3789.6715,0.0018275807773919753,0
v_cirth50shb_0007,v_cirth50shb,1,car,189.025,495.11,100.83,37.6,0.0,3791.208,0.0018283217592592594,0
v_cirth50shb_0007,v_cirth50shb,1,car,313.82,493.745,98.14,37.79,0.0,3708.7106,0.0017885371334876543,0
v_cirth50shb_0007,v_cirth50shb,1,car,458.815,489.845,102.01,40.55,0.0,4136.5055,0.001994842544367284,0
v_cirth50shb_0007,v_cirth50shb,1,car,475.035,551.955,93.65,37.87,0.0,3546.5255,0.0017103228684413581,0
v_cirth50shb_0007,v_cirth50shb,1,car,651.415,491.375,102.01,40.55,0.0,4136.5055,0.001994842544367284,0
v_cirth50shb_0007,v_cirth50shb,1,car,765.405,500.135,82.45,40.55,0.0,3343.3475,0.0016123396508487655,0
v_cirth50shb_0007,v_cirth50shb,1,car,913.885,314.435,37.15,100.43,3.1636,3730.9745000000003,0.0017992739679783952,0
v_cirth50shb_0007,v_cirth50shb,1,car,960.34,922.4,95.64,34.46,270.6,3295.7544000000003,0.0015893877314814816,0
v_cirth50shb_0007,v_cirth50shb,1,car,957.08,1068.1,33.1,23.6,0.0,781.1600000000001,0.00037671682098765435,0
v_cirth50shb_0007,v_cirth50shb,1,car,997.325,603.365,89.17,30.65,295.1808,2733.0605,0.0013180268614969137,0
v_cirth50shb_0007,v_cirth50shb,1,car,973.52,25.15,31.38,50.3,0.0,1578.4139999999998,0.000761195023148148,0
v_cirth50shb_0007,v_cirth50shb,1,car,1102.005,546.665,95.63,34.47,0.0,3296.3660999999997,0.0015896827256944442,0
v_cirth50shb_0007,v_cirth50shb,1,car,1114.095,494.205,95.63,34.47,0.0,3296.3660999999997,0.0015896827256944442,0
v_cirth50shb_0007,v_cirth50shb,1,car,1311.345,553.365,95.63,34.47,0.0,3296.3660999999997,0.0015896827256944442,0
v_cirth50shb_0007,v_cirth50shb,1,car,1384.005,501.94,95.63,34.46,0.0,3295.4098,0.0015892215470679012,0
v_cirth50shb_0007,v_cirth50shb,1,car,1549.915,554.175,95.63,34.47,0.0,3296.3660999999997,0.0015896827256944442,0
v_cirth50shb_0007,v_cirth50shb,1,car,1566.715,492.905,95.63,34.47,0.0,3296.3660999999997,0.0015896827256944442,0
v_cirth50shb_0007,v_cirth50shb,1,car,1761.33,558.365,94.12,34.47,0.0,3244.3164,0.0015645815972222222,0
v_cirth50shb_0007,v_cirth50shb,1,car,1810.82,501.355,93.46,34.47,0.0,3221.5661999999998,0.0015536102430555555,0
v_cirth50shb_0007,v_cirth50shb,3,microbus,679.085,556.16,54.51,190.62,90.0,10390.6962,0.0050109453125,0
v_cirth50shb_0007,v_cirth50shb,3,microbus,958.34,452.665,59.12,247.01,6.7189,14603.231199999998,0.007042453317901234,0
v_cirth50shb_0007,v_cirth50shb,9,motorcycle,1013.235,670.385,12.71,35.53,10.43,451.58630000000005,0.00021777888695987657,0
v_cirth50shb_0007,v_cirth50shb,9,motorcycle,1910.4,589.51,19.2,15.18,0.0,291.45599999999996,0.00014055555555555552,0
v_ciugrp2o9m_0010,v_ciugrp2o9m,1,car,694.235,538.675,85.81,35.83,358.5,3074.5723,0.0014827219810956789,0
v_ciugrp2o9m_0010,v_ciugrp2o9m,1,car,950.555,844.105,84.11,34.69,275.6,2917.7758999999996,0.0014071064332561727,0
v_ciugrp2o9m_0010,v_ciugrp2o9m,1,car,934.695,753.89,33.69,81.72,0.0,2753.1468,0.0013277135416666667,0
v_ciugrp2o9m_0010,v_ciugrp2o9m,1,car,945.02,1061.85,37.98,35.92,270.0,1364.2416,0.0006579097222222223,0
v_ciugrp2o9m_0010,v_ciugrp2o9m,1,car,953.605,959.33,40.57,95.52,0.0,3875.2464,0.0018688495370370371,0
v_ciugrp2o9m_0010,v_ciugrp2o9m,1,car,1003.635,625.135,86.11,36.11,317.2,3109.4321,0.0014995332272376544,0
v_ciugrp2o9m_0010,v_ciugrp2o9m,1,car,999.58,1067.62,36.54,24.68,359.4,901.8072,0.00043489930555555556,0
v_ciugrp2o9m_0010,v_ciugrp2o9m,1,car,1002.16,951.815,35.04,86.77,0.9,3040.4208,0.0014662523148148148,0
v_ciugrp2o9m_0010,v_ciugrp2o9m,1,car,1117.925,533.22,79.57,34.9,0.0,2776.9929999999995,0.001339213445216049,0
v_ciugrp2o9m_0010,v_ciugrp2o9m,1,car,1302.855,531.795,86.39,34.59,0.0,2988.2301,0.0014410831886574075,0
v_ciugrp2o9m_0010,v_ciugrp2o9m,1,car,1525.43,494.76,93.04,35.18,0.0,3273.1472000000003,0.001578485339506173,0
v_ciugrp2o9m_0010,v_ciugrp2o9m,4,minibus,981.88,759.665,82.4,38.19,278.1,3146.856,0.0015175810185185186,0
v_ciugrp2o9m_0010,v_ciugrp2o9m,9,motorcycle,912.295,1068.06,13.69,23.42,0.4,320.6198,0.00015461988811728394,0
v_cmduq2oh71_0023,v_cmduq2oh71,1,car,60.35,450.45,106.7,40.3,0.0,4300.01,0.0020736930941358026,0
v_cmduq2oh71_0023,v_cmduq2oh71,1,car,531.645,509.35,98.15,37.1,0.0,3641.3650000000002,0.0017560595100308642,0
v_cmduq2oh71_0023,v_cmduq2oh71,1,car,641.195,453.18,99.89,40.78,0.0,4073.5142,0.0019644647955246912,0
v_cmduq2oh71_0023,v_cmduq2oh71,1,car,793.275,440.34,90.13,36.5,347.0,3289.745,0.0015864896797839507,0
v_cmduq2oh71_0023,v_cmduq2oh71,1,car,954.155,464.28,39.79,89.7,0.0,3569.163,0.0017212398726851852,0
v_cmduq2oh71_0023,v_cmduq2oh71,1,car,1131.025,453.775,93.37,37.67,0.0,3517.2479000000003,0.0016962036554783952,0
v_cmduq2oh71_0023,v_cmduq2oh71,1,car,1782.71,538.425,93.0,35.53,0.0,3304.29,0.001593504050925926,0
v_cmduq2oh71_0023,v_cmduq2oh71,2,van,1449.98,453.06,71.92,31.16,0.0,2241.0272,0.0010807422839506173,0
v_cqfmzef0io_0033,v_cqfmzef0io,1,car,618.81,458.04,95.8,38.54,0.0,3692.1319999999996,0.0017805420524691356,0
v_cqfmzef0io_0033,v_cqfmzef0io,1,car,746.39,527.63,103.94,44.14,0.0,4587.9116,0.002212534529320988,0
v_cqfmzef0io_0033,v_cqfmzef0io,1,car,825.47,460.7,79.74,36.08,0.0,2877.0191999999997,0.0013874513888888888,0
v_cqfmzef0io_0033,v_cqfmzef0io,1,car,900.3,870.405,38.58,89.99,0.0,3471.8142,0.0016742931134259259,0
v_cqfmzef0io_0033,v_cqfmzef0io,1,car,904.895,1053.59,40.79,52.82,0.0,2154.5278,0.0010390276813271604,0
v_cqfmzef0io_0033,v_cqfmzef0io,1,car,906.565,450.505,42.45,88.19,0.0,3743.6655,0.001805394241898148,0
v_cqfmzef0io_0033,v_cqfmzef0io,1,car,959.14,907.58,35.12,93.78,0.0,3293.5535999999997,0.0015883263888888887,0
v_cqfmzef0io_0033,v_cqfmzef0io,1,car,966.145,588.96,35.19,90.2,0.0,3174.138,0.0015307378472222222,0
v_cqfmzef0io_0033,v_cqfmzef0io,1,car,974.035,755.5,38.31,92.8,0.0,3555.168,0.0017144907407407408,0
v_cqfmzef0io_0033,v_cqfmzef0io,1,car,1079.125,494.335,42.31,92.91,65.22,3931.0221,0.0018957475405092592,0
v_cqfmzef0io_0033,v_cqfmzef0io,1,car,1325.5,514.085,89.74,36.33,0.0,3260.2542,0.0015722676504629628,0
v_cqfmzef0io_0033,v_cqfmzef0io,1,car,1358.64,452.48,93.5,39.64,0.0,3706.34,0.0017873939043209876,0
v_cqfmzef0io_0033,v_cqfmzef0io,1,car,1563.685,462.63,40.21,89.1,87.7,3582.711,0.0017277734375,0
v_cqfmzef0io_0033,v_cqfmzef0io,1,car,1784.1,540.285,93.0,35.53,0.0,3304.29,0.001593504050925926,0
v_cqfmzef0io_0033,v_cqfmzef0io,1,car,1802.265,476.86,92.47,37.66,0.0,3482.4201999999996,0.0016794078896604937,0
v_cqfmzef0io_0033,v_cqfmzef0io,1,car,1906.66,534.985,26.68,38.27,0.0,1021.0436000000001,0.0004924014274691359,0
v_cqfmzef0io_0033,v_cqfmzef0io,1,car,1912.16,453.97,12.92,40.14,0.0,518.6088,0.00025010069444444445,0
v_cvp7tdcwa2_0009,v_cvp7tdcwa2,1,car,885.885,516.19,52.41,94.6,297.88,4957.985999999999,0.0023910040509259253,0
v_d93kakshvf_0010,v_d93kakshvf,1,car,28.66,470.505,57.32,35.01,2.4,2006.7731999999999,0.0009677725694444444,0
v_d93kakshvf_0010,v_d93kakshvf,1,car,697.355,528.36,38.05,89.62,85.8,3410.0409999999997,0.001644502797067901,0
v_d93kakshvf_0010,v_d93kakshvf,1,car,985.205,930.47,88.75,37.0,271.9,3283.75,0.0015835985725308642,0
v_d93kakshvf_0010,v_d93kakshvf,1,car,965.78,45.44,40.84,90.88,0.0,3711.5392,0.0017899012345679013,0
v_d93kakshvf_0010,v_d93kakshvf,1,car,979.69,362.045,38.56,91.09,8.56,3512.4304,0.001693880401234568,0
v_d93kakshvf_0010,v_d93kakshvf,1,car,1014.9,150.975,34.2,87.85,0.0,3004.4700000000003,0.0014489149305555557,0
v_d93kakshvf_0010,v_d93kakshvf,1,car,1119.845,537.38,90.65,35.4,357.1,3209.01,0.001547554976851852,0
v_d93kakshvf_0010,v_d93kakshvf,1,car,1223.035,477.72,95.19,36.4,0.3,3464.9159999999997,0.001670966435185185,0
v_d93kakshvf_0010,v_d93kakshvf,1,car,1408.34,508.365,95.58,37.97,354.57,3629.1726,0.0017501796875,0
v_d93kakshvf_0010,v_d93kakshvf,1,car,1626.98,512.395,93.02,37.61,0.0,3498.4822,0.001687153838734568,0
v_d93kakshvf_0010,v_d93kakshvf,1,car,1855.56,522.59,97.02,40.2,0.0,3900.204,0.0018808854166666668,0
v_d93kakshvf_0010,v_d93kakshvf,9,motorcycle,1043.98,43.84,13.96,33.56,0.0,468.49760000000003,0.00022593441358024694,0
v_d93kakshvf_0010,v_d93kakshvf,9,motorcycle,1045.925,507.57,15.43,49.18,0.0,758.8474,0.0003659565007716049,0
v_daqso071ui_0023,v_daqso071ui,1,car,50.3,483.71,100.6,41.38,0.0,4162.828,0.0020075366512345683,0
v_daqso071ui_0023,v_daqso071ui,1,car,683.145,482.835,97.75,42.71,0.0,4174.9025,0.002013359616126543,0
v_daqso071ui_0023,v_daqso071ui,1,car,852.59,446.585,79.62,38.87,334.24,3094.8294,0.0014924910300925926,0
v_daqso071ui_0023,v_daqso071ui,1,car,917.86,832.89,37.44,93.74,0.0,3509.6255999999994,0.0016925277777777774,0
v_daqso071ui_0023,v_daqso071ui,1,car,950.92,280.265,94.7,40.33,277.82,3819.2509999999997,0.0018418455825617282,0
v_daqso071ui_0023,v_daqso071ui,1,car,929.015,957.34,42.49,97.1,0.0,4125.7789999999995,0.001989669656635802,0
v_daqso071ui_0023,v_daqso071ui,1,car,1238.495,541.13,89.17,37.18,358.74,3315.3406,0.001598833236882716,0
v_daqso071ui_0023,v_daqso071ui,1,car,1385.235,484.43,84.19,40.0,0.0,3367.6,0.0016240354938271604,0
v_daqso071ui_0023,v_daqso071ui,1,car,1668.935,480.54,93.49,37.2,359.5,3477.828,0.001677193287037037,0
v_daqso071ui_0023,v_daqso071ui,1,car,1702.36,547.42,39.08,96.1,92.8667,3755.5879999999997,0.0018111439043209875,0
v_daqso071ui_0023,v_daqso071ui,1,car,1768.855,489.9,91.45,38.92,358.8,3559.2340000000004,0.0017164515817901236,0
v_daqso071ui_0023,v_daqso071ui,1,car,1894.415,477.05,51.17,39.18,358.9,2004.8406,0.0009668405671296297,0
v_daqso071ui_0023,v_daqso071ui,2,van,490.925,483.065,105.55,41.99,0.0,4432.0445,0.0021373671392746914,0
v_daqso071ui_0023,v_daqso071ui,4,minibus,696.25,543.905,98.06,36.71,0.0,3599.7826,0.0017360062692901234,0
v_daqso071ui_0023,v_daqso071ui,7,truck,363.545,534.69,149.07,47.16,1.42,7030.141199999999,0.003390307291666666,0
v_dc11gl5xxe_0019,v_dc11gl5xxe,1,car,506.065,489.105,96.63,37.33,0.0,3607.1978999999997,0.0017395823206018516,0
v_dc11gl5xxe_0019,v_dc11gl5xxe,1,car,951.235,519.325,99.03,36.55,0.0,3619.5465,0.0017455374710648147,0
v_dc11gl5xxe_0019,v_dc11gl5xxe,1,car,975.95,392.565,93.52,37.63,311.7333,3519.1576,0.0016971246141975309,0
v_dc11gl5xxe_0019,v_dc11gl5xxe,1,car,1144.575,546.215,93.93,39.03,0.0,3666.0879000000004,0.0017679822048611113,0
v_dehdpg976n_0030,v_dehdpg976n,1,car,543.56,504.54,102.48,49.92,0.0,5115.801600000001,0.0024671111111111113,0
v_dp3dwhfdws_0028,v_dp3dwhfdws,1,car,300.3,537.725,37.14,88.15,88.9,3273.891,0.001578844039351852,0
v_dp3dwhfdws_0028,v_dp3dwhfdws,1,car,970.1,40.785,42.52,81.57,0.0,3468.3564,0.0016726255787037037,0
v_dp3dwhfdws_0028,v_dp3dwhfdws,1,car,1242.93,510.695,87.34,35.61,0.0,3110.1774,0.001499892650462963,0
v_dp3dwhfdws_0028,v_dp3dwhfdws,1,car,1588.66,521.945,95.18,36.39,4.64,3463.6002000000003,0.0016703318865740743,0
v_dp3dwhfdws_0028,v_dp3dwhfdws,1,car,1699.05,486.45,90.34,36.52,0.0,3299.2168000000006,0.0015910574845679015,0
v_dp3dwhfdws_0028,v_dp3dwhfdws,9,motorcycle,1103.15,585.84,12.8,37.96,280.35,485.88800000000003,0.000234320987654321,0
v_dp7u6lkn3b_0047,v_dp7u6lkn3b,1,car,77.69,513.33,45.0,93.8,269.9,4221.0,0.0020355902777777777,0
v_dp7u6lkn3b_0047,v_dp7u6lkn3b,1,car,359.72,526.245,42.14,94.35,268.8,3975.9089999999997,0.001917394386574074,0
v_dp7u6lkn3b_0047,v_dp7u6lkn3b,1,car,1297.6,537.36,131.38,50.32,359.5,6611.0416,0.0031881952160493824,0
v_drmwv7yc7f_0014,v_drmwv7yc7f,1,car,180.265,506.095,102.75,37.47,0.0,3850.0425,0.0018566948784722221,0
v_drmwv7yc7f_0014,v_drmwv7yc7f,1,car,668.8,468.62,102.0,41.42,0.0,4224.84,0.0020374421296296295,0
v_drmwv7yc7f_0014,v_drmwv7yc7f,1,car,794.705,475.44,99.85,38.98,0.0,3892.1529999999993,0.0018770027970679008,0
v_drmwv7yc7f_0014,v_drmwv7yc7f,1,car,903.875,957.14,37.75,97.8,0.0,3691.95,0.0017804542824074072,0
v_drmwv7yc7f_0014,v_drmwv7yc7f,1,car,917.895,732.09,37.99,92.4,0.0,3510.2760000000003,0.0016928414351851852,0
v_drmwv7yc7f_0014,v_drmwv7yc7f,1,car,964.855,1039.075,39.61,81.85,0.0,3242.0784999999996,0.0015635023630401232,0
v_drmwv7yc7f_0014,v_drmwv7yc7f,1,car,967.09,203.065,39.02,89.67,0.0,3498.9234,0.0016873666087962964,0
v_drmwv7yc7f_0014,v_drmwv7yc7f,1,car,976.75,632.315,40.5,99.19,0.0,4017.1949999999997,0.0019373046874999998,0
v_drmwv7yc7f_0014,v_drmwv7yc7f,1,car,981.12,877.64,40.42,94.0,0.0,3799.48,0.0018323109567901234,0
v_drmwv7yc7f_0014,v_drmwv7yc7f,1,car,1234.615,459.84,76.39,33.9,0.0,2589.621,0.0012488527199074075,0
v_drmwv7yc7f_0014,v_drmwv7yc7f,1,car,1448.685,455.675,87.71,37.89,0.0,3323.3318999999997,0.001602687065972222,0
v_drmwv7yc7f_0014,v_drmwv7yc7f,1,car,1558.485,454.22,99.63,42.02,0.0,4186.4526000000005,0.0020189296875,0
v_drmwv7yc7f_0014,v_drmwv7yc7f,1,car,1696.93,454.69,92.62,38.22,0.0,3539.9364,0.0017071452546296296,0
v_drmwv7yc7f_0014,v_drmwv7yc7f,1,car,1817.89,459.865,94.42,35.77,0.0,3377.4034,0.0016287632137345679,0
v_drmwv7yc7f_0014,v_drmwv7yc7f,1,car,1832.35,510.1,96.74,41.72,359.6,4035.9927999999995,0.001946369984567901,0
v_drmwv7yc7f_0014,v_drmwv7yc7f,4,minibus,341.925,460.42,127.39,38.86,0.0,4950.3754,0.0023873338155864197,0
v_drmwv7yc7f_0014,v_drmwv7yc7f,4,minibus,906.94,413.5,39.02,95.54,0.0,3727.9708000000005,0.0017978254243827163,0
v_drmwv7yc7f_0014,v_drmwv7yc7f,4,minibus,906.345,211.97,37.67,100.9,0.0,3800.9030000000002,0.001832997202932099,0
v_dwrqjfch44_0047,v_dwrqjfch44,1,car,13.1,416.42,26.2,32.7,0.0,856.74,0.0004131655092592593,0
v_dwrqjfch44_0047,v_dwrqjfch44,1,car,72.61,510.85,84.4,32.72,0.0,2761.568,0.0013317746913580248,0
v_dwrqjfch44_0047,v_dwrqjfch44,1,car,120.54,411.95,83.6,33.42,0.0,2793.912,0.0013473726851851852,0
v_dwrqjfch44_0047,v_dwrqjfch44,1,car,174.87,518.23,91.62,34.16,0.0,3129.7392,0.0015093263888888888,0
v_dwrqjfch44_0047,v_dwrqjfch44,1,car,216.525,412.765,89.47,34.35,0.0,3073.2945,0.0014821057581018517,0
v_dwrqjfch44_0047,v_dwrqjfch44,1,car,299.995,514.565,89.79,32.07,0.0,2879.5653,0.0013886792534722222,0
v_dwrqjfch44_0047,v_dwrqjfch44,1,car,335.425,417.8,79.47,32.78,0.0,2605.0266,0.0012562821180555556,0
v_dwrqjfch44_0047,v_dwrqjfch44,1,car,366.605,467.73,79.43,30.1,0.0,2390.8430000000003,0.0011529914158950618,0
v_dwrqjfch44_0047,v_dwrqjfch44,1,car,415.89,279.475,30.3,71.99,272.6,2181.297,0.0010519372106481482,0
v_dwrqjfch44_0047,v_dwrqjfch44,1,car,462.19,415.645,87.3,32.71,0.0,2855.583,0.0013771137152777779,0
v_dwrqjfch44_0047,v_dwrqjfch44,1,car,483.01,465.995,78.7,33.57,0.0,2641.9590000000003,0.0012740928819444447,0
v_dwrqjfch44_0047,v_dwrqjfch44,1,car,575.445,514.31,82.43,33.16,0.0,2733.3788,0.001318180362654321,0
v_dwrqjfch44_0047,v_dwrqjfch44,1,car,577.23,464.075,81.98,34.59,0.0,2835.6882000000005,0.0013675193865740744,0
v_dwrqjfch44_0047,v_dwrqjfch44,1,car,577.425,414.7,81.99,31.8,0.0,2607.2819999999997,0.0012573697916666666,0
v_dwrqjfch44_0047,v_dwrqjfch44,1,car,686.69,474.015,87.8,33.83,0.0,2970.274,0.0014324238040123456,0
v_dwrqjfch44_0047,v_dwrqjfch44,1,car,699.235,516.675,79.95,32.93,0.0,2632.7535000000003,0.0012696535011574076,0
v_dwrqjfch44_0047,v_dwrqjfch44,1,car,701.3,421.48,79.16,32.68,0.0,2586.9487999999997,0.0012475640432098765,0
v_dwrqjfch44_0047,v_dwrqjfch44,1,car,714.025,326.195,30.23,75.07,271.4,2269.3660999999997,0.001094408805941358,0
v_dwrqjfch44_0047,v_dwrqjfch44,1,car,767.935,264.925,34.07,78.45,279.6,2672.7915000000003,0.0012889619502314815,0
v_dwrqjfch44_0047,v_dwrqjfch44,1,car,838.335,814.17,71.89,29.36,161.2,2110.6904,0.0010178869598765432,0
v_dwrqjfch44_0047,v_dwrqjfch44,1,car,964.285,327.51,32.87,82.52,339.9,2712.4323999999997,0.0013080788966049381,0
v_dwrqjfch44_0047,v_dwrqjfch44,1,car,996.48,537.63,27.7,75.4,354.4,2088.58,0.0010072241512345678,0
v_dwrqjfch44_0047,v_dwrqjfch44,1,car,1010.1,716.43,31.7,83.5,0.0,2646.95,0.0012764998070987654,0
v_dwrqjfch44_0047,v_dwrqjfch44,1,car,1030.415,444.44,29.73,78.04,352.8,2320.1292000000003,0.0011188894675925928,0
v_dwrqjfch44_0047,v_dwrqjfch44,1,car,1054.2,623.15,29.2,76.9,354.3,2245.48,0.0010828896604938272,0
v_dwrqjfch44_0047,v_dwrqjfch44,1,car,1058.78,771.625,30.3,83.37,0.0,2526.1110000000003,0.0012182248263888891,0
v_dwrqjfch44_0047,v_dwrqjfch44,1,car,1065.57,956.405,27.8,76.67,0.0,2131.426,0.0010278867669753086,0
v_dwrqjfch44_0047,v_dwrqjfch44,1,car,1319.095,247.53,79.31,35.34,359.3,2802.8154000000004,0.001351666377314815,0
v_dwrqjfch44_0047,v_dwrqjfch44,1,car,1350.71,295.58,75.96,34.3,0.0,2605.4279999999994,0.0012564756944444442,0
v_dwrqjfch44_0047,v_dwrqjfch44,1,car,1424.135,246.055,84.81,34.35,0.0,2913.2235,0.0014049110243055556,0
v_dwrqjfch44_0047,v_dwrqjfch44,1,car,1442.96,339.27,103.04,37.32,0.0,3845.4528000000005,0.0018544814814814817,0
v_dwrqjfch44_0047,v_dwrqjfch44,1,car,1584.45,342.38,99.74,38.18,0.0,3808.0732,0.0018364550540123457,0
v_dwrqjfch44_0047,v_dwrqjfch44,1,car,1618.165,292.06,87.03,35.6,0.0,3098.268,0.0014941493055555556,0
v_dwrqjfch44_0047,v_dwrqjfch44,1,car,1720.34,296.78,91.76,36.9,0.0,3385.944,0.0016328819444444444,0
v_dwrqjfch44_0047,v_dwrqjfch44,1,car,1882.335,465.31,37.43,82.18,88.8,3075.9974,0.001483409239969136,0
v_dwrqjfch44_0047,v_dwrqjfch44,2,van,1222.25,295.315,87.76,38.71,0.0,3397.1896,0.0016383051697530864,0
v_dwrqjfch44_0047,v_dwrqjfch44,2,van,1550.965,245.985,105.13,36.11,0.0,3796.2443,0.001830750530478395,0
v_dwrqjfch44_0047,v_dwrqjfch44,4,minibus,213.195,464.965,82.79,30.19,0.0,2499.4301000000005,0.0012053578800154323,0
v_dwrqjfch44_0047,v_dwrqjfch44,4,minibus,1015.57,968.37,27.58,78.7,0.0,2170.546,0.0010467525077160493,0
v_dwrqjfch44_0047,v_dwrqjfch44,4,minibus,1245.395,164.15,88.05,39.06,0.0,3439.233,0.0016585807291666667,0
v_dwrqjfch44_0047,v_dwrqjfch44,4,minibus,1489.04,294.895,100.7,39.29,0.0,3956.503,0.0019080357831790125,0
v_dwrqjfch44_0047,v_dwrqjfch44,7,truck,65.96,463.16,126.3,34.36,0.0,4339.668,0.0020928182870370367,0
v_dwrqjfch44_0047,v_dwrqjfch44,7,truck,435.18,516.53,136.0,41.26,0.0,5611.36,0.0027060956790123454,0
v_dwrqjfch44_0047,v_dwrqjfch44,7,truck,1265.71,340.29,114.58,43.12,0.0,4940.6896,0.0023826628086419752,0
v_dwrqjfch44_0047,v_dwrqjfch44,7,truck,1836.79,289.67,123.2,39.52,0.0,4868.8640000000005,0.002348024691358025,0
v_dwrqjfch44_0047,v_dwrqjfch44,8,mototaxi,1288.54,112.41,64.8,29.86,1.46,1934.9279999999999,0.0009331249999999999,0
v_dwrqjfch44_0047,v_dwrqjfch44,9,motorcycle,767.55,452.795,41.92,11.59,359.2,485.8528,0.00023430401234567902,0
v_dwrqjfch44_0047,v_dwrqjfch44,9,motorcycle,807.18,448.46,44.12,15.9,0.0,701.5079999999999,0.0003383043981481481,0
v_dwrqjfch44_0047,v_dwrqjfch44,9,motorcycle,1192.005,231.075,41.39,15.15,0.0,627.0585,0.0003024008969907407,0
v_eaq9flrq1l_0045,v_eaq9flrq1l,1,car,173.75,523.975,86.96,34.01,0.0,2957.5095999999994,0.0014262681327160492,0
v_eaq9flrq1l_0045,v_eaq9flrq1l,1,car,353.815,547.14,98.77,36.0,359.9,3555.72,0.0017147569444444443,0
v_eaq9flrq1l_0045,v_eaq9flrq1l,1,car,629.52,519.29,29.88,78.22,86.5727,2337.2136,0.0011271284722222223,0
v_eaq9flrq1l_0045,v_eaq9flrq1l,1,car,965.635,129.73,32.39,76.86,0.0,2489.4954000000002,0.0012005668402777778,0
v_eaq9flrq1l_0045,v_eaq9flrq1l,1,car,970.585,256.365,35.61,90.31,0.0,3215.9391,0.001550896556712963,0
v_eaq9flrq1l_0045,v_eaq9flrq1l,1,car,1015.505,595.025,31.71,83.39,0.0,2644.2969000000003,0.0012752203414351853,0
v_eav0w7vfia_0000,v_eav0w7vfia,1,car,183.16,579.55,31.4,83.16,90.3,2611.2239999999997,0.0012592708333333332,0
v_eav0w7vfia_0000,v_eav0w7vfia,1,car,555.795,517.05,35.61,88.62,89.4,3155.7582,0.0015218741319444446,0
v_eav0w7vfia_0000,v_eav0w7vfia,1,car,629.28,571.39,32.8,82.66,86.3625,2711.2479999999996,0.0013075077160493826,0
v_eav0w7vfia_0000,v_eav0w7vfia,1,car,838.635,554.79,84.25,34.02,0.35,2866.1850000000004,0.0013822265625000002,0
v_eav0w7vfia_0000,v_eav0w7vfia,1,car,957.435,408.29,31.67,83.66,0.0,2649.5122,0.00127773543595679,0
v_eav0w7vfia_0000,v_eav0w7vfia,1,car,961.03,188.35,34.94,97.8,0.0,3417.1319999999996,0.0016479224537037035,0
v_eav0w7vfia_0000,v_eav0w7vfia,1,car,1092.585,585.035,82.69,30.89,345.4,2554.2941,0.0012318162133487655,0
v_eav0w7vfia_0000,v_eav0w7vfia,1,car,1158.1,505.135,86.52,31.19,1.5,2698.5588,0.0013013883101851852,0
v_eav0w7vfia_0000,v_eav0w7vfia,1,car,1622.79,520.28,91.5,35.84,0.0,3279.36,0.0015814814814814815,0
v_eav0w7vfia_0000,v_eav0w7vfia,1,car,1805.015,537.04,95.99,33.6,0.0,3225.264,0.0015553935185185187,0
v_eav0w7vfia_0000,v_eav0w7vfia,9,motorcycle,262.95,549.135,34.62,14.11,0.0,488.48819999999995,0.0002355749421296296,0
v_ebzysvwmau_0013,v_ebzysvwmau,1,car,490.22,542.38,102.48,43.36,0.0,4443.5328,0.002142907407407407,0
v_ebzysvwmau_0013,v_ebzysvwmau,1,car,962.16,498.1,110.36,45.98,0.0,5074.3528,0.002447122299382716,0
v_ebzysvwmau_0013,v_ebzysvwmau,1,car,1723.94,526.355,108.52,54.15,0.0,5876.357999999999,0.002833891782407407,0
v_eea1grnl0f_0023,v_eea1grnl0f,1,car,583.15,461.3,98.5,35.82,0.0,3528.27,0.0017015190972222223,0
v_eea1grnl0f_0023,v_eea1grnl0f,1,car,1085.455,464.25,91.67,38.06,0.0,3488.9602000000004,0.0016825618248456791,0
v_eea1grnl0f_0023,v_eea1grnl0f,6,articulated_bus,973.55,695.965,52.5,194.99,0.0,10236.975,0.004936812789351852,0
v_eea1grnl0f_0023,v_eea1grnl0f,9,motorcycle,939.515,524.26,51.25,15.42,0.0,790.275,0.00038111255787037036,0
v_eegu44ulko_0029,v_eegu44ulko,1,car,230.79,491.37,93.86,37.26,0.0,3497.2236,0.001686546875,0
v_eegu44ulko_0029,v_eegu44ulko,1,car,370.405,493.705,96.91,39.57,0.0,3834.7287,0.0018493097511574075,0
v_eegu44ulko_0029,v_eegu44ulko,1,car,385.615,547.71,89.31,36.6,0.0,3268.746,0.0015763628472222223,0
v_eegu44ulko_0029,v_eegu44ulko,1,car,492.205,485.24,98.81,37.76,359.7,3731.0656,0.0017993179012345678,0
v_eegu44ulko_0029,v_eegu44ulko,1,car,517.19,543.845,85.1,34.37,0.0,2924.8869999999997,0.0014105357831790122,0
v_eegu44ulko_0029,v_eegu44ulko,1,car,610.38,484.035,94.94,38.03,0.0,3610.5682,0.0017412076581790124,0
v_eegu44ulko_0029,v_eegu44ulko,1,car,609.91,539.74,88.6,36.82,359.6,3262.252,0.0015732310956790123,0
v_eegu44ulko_0029,v_eegu44ulko,1,car,711.415,542.03,107.71,37.48,359.3,4036.9707999999996,0.0019468416280864196,0
v_eegu44ulko_0029,v_eegu44ulko,1,car,723.815,488.02,83.41,39.42,0.0,3288.0222,0.0015856588541666666,0
v_eegu44ulko_0029,v_eegu44ulko,1,car,827.985,471.475,87.61,35.57,347.2,3116.2877,0.0015028393614969135,0
v_eegu44ulko_0029,v_eegu44ulko,1,car,854.18,551.06,92.34,39.38,0.0,3636.3492000000006,0.0017536406250000002,0
v_eegu44ulko_0029,v_eegu44ulko,1,car,923.32,285.08,40.66,95.76,0.0,3893.6016,0.0018777013888888888,0
v_eegu44ulko_0029,v_eegu44ulko,1,car,923.465,641.55,35.97,90.0,0.0,3237.2999999999997,0.0015611979166666665,0
v_eegu44ulko_0029,v_eegu44ulko,1,car,926.225,477.785,37.71,87.25,0.0,3290.1975,0.0015867078993055557,0
v_eegu44ulko_0029,v_eegu44ulko,1,car,926.38,1037.55,36.42,84.9,0.0,3092.0580000000004,0.001491154513888889,0
v_eegu44ulko_0029,v_eegu44ulko,1,car,930.145,820.525,38.09,87.85,0.0,3346.2065000000002,0.0016137184124228397,0
v_eegu44ulko_0029,v_eegu44ulko,1,car,973.425,155.535,39.65,94.23,0.0,3736.2195,0.0018018033854166667,0
v_eegu44ulko_0029,v_eegu44ulko,1,car,985.09,940.605,39.02,100.43,0.0,3918.7786000000006,0.0018898430748456793,0
v_eegu44ulko_0029,v_eegu44ulko,1,car,983.435,427.73,35.69,89.08,0.0,3179.2652,0.0015332104552469134,0
v_eegu44ulko_0029,v_eegu44ulko,1,car,998.415,718.85,37.97,91.3,0.61,3466.6609999999996,0.0016718079668209874,0
v_eegu44ulko_0029,v_eegu44ulko,1,car,1369.135,494.825,86.93,38.05,358.8,3307.6865,0.0015951420235339505,0
v_eegu44ulko_0029,v_eegu44ulko,1,car,1487.89,486.865,42.36,91.15,86.9,3861.114,0.0018620341435185185,0
v_eegu44ulko_0029,v_eegu44ulko,1,car,1616.6,487.355,36.56,93.41,89.1,3415.0696000000003,0.0016469278549382717,0
v_eegu44ulko_0029,v_eegu44ulko,1,car,1740.595,478.385,96.79,39.93,359.8,3864.8247,0.0018638236400462963,0
v_eegu44ulko_0029,v_eegu44ulko,1,car,1887.83,485.98,44.44,87.74,88.7,3899.1655999999994,0.0018803846450617281,0
v_eegu44ulko_0029,v_eegu44ulko,4,minibus,219.98,549.665,148.18,48.01,0.6,7114.1218,0.003430807195216049,0
v_eegu44ulko_0029,v_eegu44ulko,9,motorcycle,136.695,515.33,47.57,13.66,0.0,649.8062,0.00031337104552469134,0
v_ef3r28lnxa_0032,v_ef3r28lnxa,1,car,106.935,488.375,96.53,35.67,0.0,3443.2251,0.001660505931712963,0
v_ef3r28lnxa_0032,v_ef3r28lnxa,1,car,684.25,489.02,102.14,33.7,0.0,3442.1180000000004,0.001659972029320988,0
v_ef3r28lnxa_0032,v_ef3r28lnxa,1,car,791.36,546.845,98.1,39.63,1.7,3887.703,0.0018748567708333334,0
v_ef3r28lnxa_0032,v_ef3r28lnxa,1,car,845.96,486.37,96.7,37.26,0.0,3603.042,0.001737578125,0
v_ef3r28lnxa_0032,v_ef3r28lnxa,1,car,900.865,1051.0,35.47,58.0,0.0,2057.2599999999998,0.000992119984567901,0
v_ef3r28lnxa_0032,v_ef3r28lnxa,1,car,901.44,877.755,31.7,91.69,0.0,2906.573,0.0014017038001543209,0
v_ef3r28lnxa_0032,v_ef3r28lnxa,1,car,914.83,423.02,34.2,95.7,0.0,3272.9400000000005,0.001578385416666667,0
v_ef3r28lnxa_0032,v_ef3r28lnxa,1,car,940.58,928.895,36.0,93.23,357.4692,3356.28,0.001618576388888889,0
v_ef3r28lnxa_0032,v_ef3r28lnxa,1,car,956.05,1065.045,36.68,29.91,0.0,1097.0988,0.0005290792824074074,0
v_ef3r28lnxa_0032,v_ef3r28lnxa,1,car,980.29,289.085,30.2,84.45,1.4,2550.39,0.001229933449074074,0
v_ef3r28lnxa_0032,v_ef3r28lnxa,1,car,984.21,937.875,32.44,84.67,0.0,2746.6947999999998,0.0013246020447530862,0
v_ef3r28lnxa_0032,v_ef3r28lnxa,1,car,1823.585,499.45,94.45,35.16,0.0,3320.8619999999996,0.001601495949074074,0
v_ef3r28lnxa_0032,v_ef3r28lnxa,9,motorcycle,788.29,449.94,46.98,16.08,0.0,755.4383999999999,0.00036431249999999994,0
v_ef7bmdjv8u_0009,v_ef7bmdjv8u,1,car,1772.93,509.955,93.56,38.27,0.0,3580.5412000000006,0.0017267270447530866,0
v_en1337d17s_0029,v_en1337d17s,1,car,10.985,572.1,21.97,12.92,88.7,283.8524,0.0001368886959876543,0
v_en1337d17s_0029,v_en1337d17s,1,car,238.03,571.82,71.92,28.66,359.2,2061.2272000000003,0.0009940331790123458,0
v_en1337d17s_0029,v_en1337d17s,1,car,452.905,575.615,83.87,34.41,359.7,2885.9667,0.0013917663483796296,0
v_en1337d17s_0029,v_en1337d17s,1,car,559.595,514.615,35.61,88.63,89.4,3156.1142999999997,0.0015220458622685184,0
v_en1337d17s_0029,v_en1337d17s,1,car,741.56,516.03,38.2,86.0,84.745,3285.2000000000003,0.001584297839506173,0
v_en1337d17s_0029,v_en1337d17s,1,car,962.76,315.92,35.94,91.0,0.0,3270.54,0.0015772280092592593,0
v_en1337d17s_0029,v_en1337d17s,1,car,968.645,530.17,31.29,80.92,359.0067,2531.9868,0.001221058449074074,0
v_en1337d17s_0029,v_en1337d17s,1,car,975.7,147.25,32.1,84.1,0.0,2699.61,0.0013018952546296296,0
v_endcg53tby_0027,v_endcg53tby,1,car,262.66,453.485,107.24,40.77,0.0,4372.1748,0.0021084947916666665,0
v_endcg53tby_0027,v_endcg53tby,1,car,524.0,454.07,92.42,36.5,0.0,3373.33,0.0016267988040123457,0
v_endcg53tby_0027,v_endcg53tby,1,car,711.065,448.745,93.37,37.67,0.0,3517.2479000000003,0.0016962036554783952,0
v_endcg53tby_0027,v_endcg53tby,1,car,952.975,749.1,39.79,89.7,0.0,3569.163,0.0017212398726851852,0
v_endcg53tby_0027,v_endcg53tby,1,car,969.28,249.54,37.0,90.66,0.0,3354.42,0.0016176793981481483,0
v_endcg53tby_0027,v_endcg53tby,1,car,1773.83,487.47,94.94,38.36,0.0,3641.8984,0.0017563167438271604,0
v_endcg53tby_0027,v_endcg53tby,1,car,1781.835,537.78,92.99,35.54,0.0,3304.8646,0.0015937811535493827,0
v_endcg53tby_0027,v_endcg53tby,2,van,932.99,447.235,65.36,31.17,0.0,2037.2712000000001,0.0009824803240740742,0
v_epabhznuqh_0026,v_epabhznuqh,1,car,987.27,844.585,37.9,96.01,0.0,3638.779,0.0017548124035493826,0
v_epabhznuqh_0026,v_epabhznuqh,1,car,1009.305,646.17,34.13,92.24,13.6571,3148.1512000000002,0.0015182056327160496,0
v_epabhznuqh_0026,v_epabhznuqh,1,car,1300.22,538.815,36.56,102.03,80.6714,3730.2168,0.0017989085648148148,0
v_epabhznuqh_0026,v_epabhznuqh,1,car,1564.445,569.0,96.77,34.6,0.0,3348.242,0.001614700038580247,0
v_epabhznuqh_0026,v_epabhznuqh,1,car,1892.815,551.575,33.33,55.31,89.7,1843.4823,0.0008890250289351852,0
v_ezo72gwc0x_0017,v_ezo72gwc0x,1,car,490.72,498.925,93.3,41.75,0.0,3895.275,0.0018785083912037039,0
v_ezo72gwc0x_0017,v_ezo72gwc0x,1,car,958.825,562.24,42.21,92.7,0.0,3912.867,0.0018869921875,0
v_ezo72gwc0x_0017,v_ezo72gwc0x,1,car,1094.305,472.71,92.23,39.58,0.0,3650.4634,0.0017604472415123458,0
v_ezo72gwc0x_0017,v_ezo72gwc0x,1,car,1085.36,566.76,34.56,85.66,63.1,2960.4096,0.0014276666666666667,0
v_ezo72gwc0x_0017,v_ezo72gwc0x,1,car,1285.355,434.955,91.49,35.99,0.0,3292.7251,0.0015879268422067901,0
v_ezo72gwc0x_0017,v_ezo72gwc0x,1,car,1270.435,511.595,36.31,86.15,91.9,3128.1065000000003,0.0015085390142746916,0
v_ezo72gwc0x_0017,v_ezo72gwc0x,1,car,1739.765,489.71,95.59,42.74,0.0,4085.5166000000004,0.0019702529899691358,0
v_f1lh7z872p_0015,v_f1lh7z872p,1,car,1003.89,386.215,98.92,39.45,68.7,3902.3940000000002,0.001881941550925926,0
v_f2z13lvspo_0014,v_f2z13lvspo,1,car,616.665,566.645,85.51,30.47,0.6,2605.4897,0.0012565054494598766,0
v_f2z13lvspo_0014,v_f2z13lvspo,1,car,640.16,510.115,36.1,100.07,88.7,3612.527,0.0017421522955246914,0
v_f2z13lvspo_0014,v_f2z13lvspo,1,car,990.07,1027.915,83.38,33.31,271.7,2777.3878,0.001339403838734568,0
v_f2z13lvspo_0014,v_f2z13lvspo,1,car,970.84,328.87,30.52,78.9,0.4,2408.0280000000002,0.0011612789351851853,0
v_f2z13lvspo_0014,v_f2z13lvspo,1,car,994.92,131.27,33.04,79.16,7.2,2615.4464,0.001261307098765432,0
v_f2z13lvspo_0014,v_f2z13lvspo,1,car,1048.1,675.0,63.76,26.84,299.65,1711.3183999999999,0.0008252885802469135,0
v_f2z13lvspo_0014,v_f2z13lvspo,1,car,1206.945,495.51,86.79,34.42,0.0,2987.3118000000004,0.0014406403356481484,0
v_f2z13lvspo_0014,v_f2z13lvspo,1,car,1380.11,508.05,83.08,33.7,0.0,2799.7960000000003,0.0013502102623456792,0
v_f2z13lvspo_0014,v_f2z13lvspo,1,car,1545.38,502.045,83.7,30.79,0.0,2577.123,0.0012428255208333334,0
v_f2z13lvspo_0014,v_f2z13lvspo,9,motorcycle,951.225,237.14,10.43,42.66,0.0,444.94379999999995,0.0002145755208333333,0
v_f2z13lvspo_0014,v_f2z13lvspo,9,motorcycle,1032.7,41.47,13.32,33.8,0.0,450.21599999999995,0.00021711805555555552,0
v_f2z13lvspo_0014,v_f2z13lvspo,9,motorcycle,1337.535,462.51,45.93,14.34,0.0,658.6362,0.0003176293402777778,0
v_f8qy04g8r7_0032,v_f8qy04g8r7,1,car,737.235,509.5,71.89,29.36,357.5123,2110.6904,0.0010178869598765432,0
v_f8qy04g8r7_0032,v_f8qy04g8r7,1,car,1006.205,972.525,31.31,76.95,0.0,2409.3045,0.00116189453125,0
v_f8qy04g8r7_0032,v_f8qy04g8r7,1,car,1009.375,1073.335,33.63,13.33,0.0,448.28790000000004,0.00021618822337962965,0
v_f8qy04g8r7_0032,v_f8qy04g8r7,1,car,1058.34,995.83,31.32,80.3,0.0,2514.996,0.0012128645833333334,0
v_f8qy04g8r7_0032,v_f8qy04g8r7,1,car,1059.22,891.45,27.44,66.84,0.0,1834.0896000000002,0.0008844953703703704,0
v_f8qy04g8r7_0032,v_f8qy04g8r7,7,truck,1059.565,1062.86,36.81,34.28,0.0,1261.8468,0.0006085295138888889,0
v_f8qy04g8r7_0032,v_f8qy04g8r7,8,mototaxi,1016.155,889.2,27.79,72.82,0.0,2023.6677999999997,0.0009759200424382715,0
v_fbwnufjbee_0042,v_fbwnufjbee,1,car,210.625,535.105,94.31,38.57,359.9,3637.5367,0.0017542133005401235,0
v_fbwnufjbee_0042,v_fbwnufjbee,1,car,773.555,527.555,38.89,92.21,276.08,3586.0469,0.0017293821855709876,0
v_fhb1u2nl2i_0022,v_fhb1u2nl2i,1,car,130.85,549.165,29.8,74.03,91.0,2206.094,0.0010638956404320989,0
v_fhb1u2nl2i_0022,v_fhb1u2nl2i,1,car,245.0,494.605,33.2,85.17,90.1,2827.6440000000002,0.0013636400462962964,0
v_fhb1u2nl2i_0022,v_fhb1u2nl2i,1,car,560.965,491.925,35.61,88.63,89.4,3156.1142999999997,0.0015220458622685184,0
v_fhb1u2nl2i_0022,v_fhb1u2nl2i,1,car,960.335,256.465,36.21,86.95,0.0,3148.4595000000004,0.0015183543113425927,0
v_fhb1u2nl2i_0022,v_fhb1u2nl2i,1,car,992.29,950.875,32.68,80.87,0.0,2642.8316,0.0012745136959876543,0
v_fhb1u2nl2i_0022,v_fhb1u2nl2i,1,car,1019.15,740.1,31.72,83.04,357.3,2634.0288,0.0012702685185185184,0
v_fhb1u2nl2i_0022,v_fhb1u2nl2i,1,car,1061.28,527.215,85.2,34.27,353.4,2919.8040000000005,0.001408084490740741,0
v_fhb1u2nl2i_0022,v_fhb1u2nl2i,7,truck,970.025,62.79,38.11,111.06,0.0,4232.4966,0.0020411345486111114,0
v_fvlzadc8cr_0019,v_fvlzadc8cr,1,car,127.83,492.89,89.98,39.34,0.0,3539.8132000000005,0.001707085841049383,0
v_fvlzadc8cr_0019,v_fvlzadc8cr,1,car,423.465,555.475,36.95,84.39,91.0,3118.2105,0.0015037666377314815,0
v_fvlzadc8cr_0019,v_fvlzadc8cr,1,car,729.38,550.22,34.4,87.56,83.1,3012.064,0.001452577160493827,0
v_fvlzadc8cr_0019,v_fvlzadc8cr,1,car,862.925,493.4,40.77,88.6,47.2625,3612.222,0.0017420052083333335,0
v_fvlzadc8cr_0019,v_fvlzadc8cr,1,car,945.61,1007.965,82.24,34.97,269.2,2875.9327999999996,0.0013869274691358023,0
v_fvlzadc8cr_0019,v_fvlzadc8cr,1,car,943.05,901.265,33.98,89.65,0.0,3046.307,0.0014690909529320986,0
v_fvlzadc8cr_0019,v_fvlzadc8cr,1,car,947.91,157.68,37.0,80.6,0.0,2982.2,0.0014381751543209875,0
v_fvlzadc8cr_0019,v_fvlzadc8cr,1,car,988.245,650.165,86.43,38.91,308.98,3362.9913,0.001621812934027778,0
v_fvlzadc8cr_0019,v_fvlzadc8cr,1,car,993.695,1046.745,65.89,36.49,270.8,2404.3261,0.001159493682484568,0
v_fvlzadc8cr_0019,v_fvlzadc8cr,1,car,1176.52,542.44,87.46,37.02,357.48,3237.7692,0.001561424189814815,0
v_fvlzadc8cr_0019,v_fvlzadc8cr,1,car,1530.68,528.805,89.62,37.33,0.0,3345.5146,0.0016133847415123457,0
v_fvlzadc8cr_0019,v_fvlzadc8cr,7,truck,1298.59,510.795,100.98,38.43,0.0,3880.6614,0.0018714609375,0
v_fvnjjs1zdp_0015,v_fvnjjs1zdp,1,car,213.655,508.165,91.13,38.59,0.2,3516.7067,0.0016959426601080249,0
v_fvnjjs1zdp_0015,v_fvnjjs1zdp,1,car,347.095,560.445,86.51,32.99,359.6,2853.9649000000004,0.001376333381558642,0
v_fvnjjs1zdp_0015,v_fvnjjs1zdp,1,car,438.55,508.14,80.64,34.8,0.0,2806.272,0.0013533333333333333,0
v_fvnjjs1zdp_0015,v_fvnjjs1zdp,1,car,966.135,46.0,41.55,92.0,0.0,3822.6,0.001843460648148148,0
v_fvnjjs1zdp_0015,v_fvnjjs1zdp,1,car,1013.245,427.995,36.41,86.05,0.0,3133.0804999999996,0.001510937741126543,0
v_fvnjjs1zdp_0015,v_fvnjjs1zdp,1,car,1223.26,476.96,95.18,36.4,0.3,3464.552,0.0016707908950617284,0
v_fvnjjs1zdp_0015,v_fvnjjs1zdp,1,car,1402.045,513.54,90.11,37.0,355.56,3334.07,0.0016078655478395062,0
v_fvnjjs1zdp_0015,v_fvnjjs1zdp,1,car,1732.395,501.855,102.87,36.41,0.0,3745.4966999999997,0.0018062773437499998,0
v_fx5a3x4e3l_0032,v_fx5a3x4e3l,1,car,90.24,528.645,29.04,82.91,91.0,2407.7064,0.0011611238425925925,0
v_fx5a3x4e3l_0032,v_fx5a3x4e3l,1,car,900.1,458.57,32.08,83.16,40.7889,2667.7727999999997,0.0012865416666666665,0
v_fx5a3x4e3l_0032,v_fx5a3x4e3l,1,car,1033.86,657.16,82.1,31.46,296.4636,2582.866,0.001245595100308642,0
v_fx5a3x4e3l_0032,v_fx5a3x4e3l,1,car,1107.715,569.74,86.29,32.66,339.9727,2818.2314,0.0013591007908950617,0
v_fx5a3x4e3l_0032,v_fx5a3x4e3l,1,car,1227.04,478.48,83.2,30.6,358.2,2545.92,0.0012277777777777777,0
v_fx5a3x4e3l_0032,v_fx5a3x4e3l,1,car,1444.13,507.66,83.28,33.56,0.0,2794.8768,0.001347837962962963,0
v_fx5a3x4e3l_0032,v_fx5a3x4e3l,1,car,1578.13,499.485,89.62,33.61,0.0,3012.1282,0.0014526081211419753,0
v_fx5a3x4e3l_0032,v_fx5a3x4e3l,1,car,1777.95,494.96,92.8,31.46,0.0,2919.488,0.001407932098765432,0
v_fx5a3x4e3l_0032,v_fx5a3x4e3l,7,truck,1286.32,522.785,153.9,45.67,348.0154,7028.613,0.0033895703125,0
v_fx5a3x4e3l_0032,v_fx5a3x4e3l,9,motorcycle,932.36,569.95,7.0,28.9,3.7889,202.29999999999998,9.755979938271605e-05,0
v_fx5a3x4e3l_0032,v_fx5a3x4e3l,9,motorcycle,1354.735,469.165,40.03,12.89,346.6,515.9867,0.00024883617862654325,0
v_fyo63znn4z_0018,v_fyo63znn4z,1,car,245.095,271.37,77.49,33.16,359.3,2569.5683999999997,0.0012391822916666664,0
v_fyo63znn4z_0018,v_fyo63znn4z,1,car,838.195,807.09,71.89,29.36,161.2,2110.6904,0.0010178869598765432,0
v_fyo63znn4z_0018,v_fyo63znn4z,1,car,866.595,515.44,76.53,30.44,21.34,2329.5732000000003,0.0011234438657407408,0
v_fyo63znn4z_0018,v_fyo63znn4z,1,car,1005.63,1020.06,32.08,71.8,0.0,2303.3439999999996,0.0011107947530864196,0
v_fyo63znn4z_0018,v_fyo63znn4z,1,car,1019.08,928.005,34.18,83.39,0.0,2850.2702,0.0013745516010802469,0
v_fyo63znn4z_0018,v_fyo63znn4z,1,car,1058.1,909.4,34.94,83.2,0.0,2907.008,0.0014019135802469135,0
v_fyo63znn4z_0018,v_fyo63znn4z,1,car,1154.58,505.69,81.46,34.52,358.5,2811.9992,0.0013560952932098766,0
v_fyo63znn4z_0018,v_fyo63znn4z,3,microbus,733.78,507.435,86.94,34.69,359.02,3015.9485999999997,0.0014544505208333332,0
v_fyo63znn4z_0018,v_fyo63znn4z,4,minibus,1062.93,1012.98,31.94,75.76,0.0,2419.7744000000002,0.0011669436728395063,0
v_fyo63znn4z_0018,v_fyo63znn4z,4,minibus,1237.035,555.325,98.37,36.23,357.2,3563.9451,0.0017187235243055555,0
v_fyo63znn4z_0018,v_fyo63znn4z,7,truck,932.25,789.68,153.38,55.04,91.3,8442.0352,0.004071197530864198,0
v_fyo63znn4z_0018,v_fyo63znn4z,7,truck,1086.165,450.6,114.67,43.48,0.0,4985.8516,0.002404442322530864,0
v_g0w4h0n5lv_0008,v_g0w4h0n5lv,1,car,128.12,493.02,89.98,39.34,0.0,3539.8132000000005,0.001707085841049383,0
v_g0w4h0n5lv_0008,v_g0w4h0n5lv,1,car,135.4,549.55,35.3,85.6,88.75,3021.6799999999994,0.0014572145061728392,0
v_g0w4h0n5lv_0008,v_g0w4h0n5lv,1,car,634.545,551.525,36.39,84.09,88.8615,3060.0351,0.0014757113715277777,0
v_g0w4h0n5lv_0008,v_g0w4h0n5lv,1,car,997.615,988.935,103.63,35.77,268.0,3706.8451,0.0017876374903549382,0
v_g0w4h0n5lv_0008,v_g0w4h0n5lv,1,car,991.96,643.105,84.36,37.21,306.1615,3139.0356,0.0015138096064814816,0
v_g0w4h0n5lv_0008,v_g0w4h0n5lv,1,car,1006.35,511.98,84.78,35.16,0.0,2980.8648,0.00143753125,0
v_g0w4h0n5lv_0008,v_g0w4h0n5lv,1,car,1248.655,506.69,89.85,36.64,0.0,3292.104,0.0015876273148148147,0
v_g0w4h0n5lv_0008,v_g0w4h0n5lv,1,car,1412.67,519.255,99.18,38.47,0.0,3815.4546,0.0018400147569444445,0
v_g0w4h0n5lv_0008,v_g0w4h0n5lv,1,car,1619.255,514.765,89.95,38.87,0.0,3496.3565,0.0016861287133487653,0
v_g0w4h0n5lv_0008,v_g0w4h0n5lv,4,minibus,992.605,839.58,32.69,80.46,0.0,2630.2373999999995,0.0012684401041666664,0
v_g0zgqmhzgh_0028,v_g0zgqmhzgh,1,car,16.65,159.755,33.3,30.95,359.2,1030.635,0.0004970269097222223,0
v_g0zgqmhzgh_0028,v_g0zgqmhzgh,1,car,382.095,502.59,77.23,29.36,0.0,2267.4728,0.0010934957561728395,0
v_g0zgqmhzgh_0028,v_g0zgqmhzgh,1,car,812.12,504.045,78.0,31.05,0.6,2421.9,0.00116796875,0
v_g0zgqmhzgh_0028,v_g0zgqmhzgh,1,car,1007.055,990.375,31.31,76.95,0.0,2409.3045,0.00116189453125,0
v_g0zgqmhzgh_0028,v_g0zgqmhzgh,1,car,1009.375,1072.71,33.63,14.58,0.0,490.32540000000006,0.00023646093750000002,0
v_g0zgqmhzgh_0028,v_g0zgqmhzgh,1,car,1059.05,999.13,31.32,80.3,0.0,2514.996,0.0012128645833333334,0
v_g0zgqmhzgh_0028,v_g0zgqmhzgh,1,car,1061.06,895.98,27.44,66.84,0.0,1834.0896000000002,0.0008844953703703704,0
v_g0zgqmhzgh_0028,v_g0zgqmhzgh,7,truck,504.965,449.33,102.29,32.1,0.0,3283.5090000000005,0.0015834823495370373,0
v_g0zgqmhzgh_0028,v_g0zgqmhzgh,7,truck,1059.565,1069.845,36.81,20.31,0.0,747.6111,0.00036053776041666667,0
v_g0zgqmhzgh_0028,v_g0zgqmhzgh,8,mototaxi,1016.245,892.33,27.79,72.82,0.0,2023.6677999999997,0.0009759200424382715,0
v_g0zgqmhzgh_0028,v_g0zgqmhzgh,9,motorcycle,1910.4,469.11,19.0,19.84,0.0,376.96,0.00018179012345679013,0
v_g5ispywgbm_0011,v_g5ispywgbm,1,car,1225.61,513.75,98.3,37.18,0.0,3654.794,0.001762535686728395,0
v_g5ispywgbm_0011,v_g5ispywgbm,1,car,1790.39,491.72,98.4,40.86,0.0,4020.6240000000003,0.0019389583333333335,0
v_g5ispywgbm_0011,v_g5ispywgbm,8,mototaxi,728.79,448.1,66.8,31.1,0.0,2077.48,0.0010018711419753086,0
v_g8n7gev0de_0027,v_g8n7gev0de,1,car,14.195,419.29,28.39,32.7,0.0,928.3530000000001,0.0004477010995370371,0
v_g8n7gev0de_0027,v_g8n7gev0de,1,car,76.82,512.795,84.4,32.71,0.0,2760.724,0.0013313676697530865,0
v_g8n7gev0de_0027,v_g8n7gev0de,1,car,122.42,414.96,83.6,33.42,0.0,2793.912,0.0013473726851851852,0
v_g8n7gev0de_0027,v_g8n7gev0de,1,car,176.83,519.91,91.62,34.16,0.0,3129.7392,0.0015093263888888888,0
v_g8n7gev0de_0027,v_g8n7gev0de,1,car,219.675,413.695,89.47,34.35,0.0,3073.2945,0.0014821057581018517,0
v_g8n7gev0de_0027,v_g8n7gev0de,1,car,303.415,517.345,89.79,32.07,0.0,2879.5653,0.0013886792534722222,0
v_g8n7gev0de_0027,v_g8n7gev0de,1,car,336.665,421.81,79.47,32.78,0.0,2605.0266,0.0012562821180555556,0
v_g8n7gev0de_0027,v_g8n7gev0de,1,car,370.145,469.68,79.43,30.1,0.0,2390.8430000000003,0.0011529914158950618,0
v_g8n7gev0de_0027,v_g8n7gev0de,1,car,413.14,319.21,25.8,81.26,270.6,2096.5080000000003,0.0010110474537037039,0
v_g8n7gev0de_0027,v_g8n7gev0de,1,car,462.54,416.785,87.3,32.71,0.0,2855.583,0.0013771137152777779,0
v_g8n7gev0de_0027,v_g8n7gev0de,1,car,483.01,467.76,78.7,33.56,0.0,2641.1720000000005,0.0012737133487654324,0
v_g8n7gev0de_0027,v_g8n7gev0de,1,car,575.445,516.03,82.43,33.16,0.0,2733.3788,0.001318180362654321,0
v_g8n7gev0de_0027,v_g8n7gev0de,1,car,577.705,464.865,81.97,34.59,0.0,2835.3423000000003,0.0013673525752314817,0
v_g8n7gev0de_0027,v_g8n7gev0de,1,car,577.825,415.7,81.99,31.8,0.0,2607.2819999999997,0.0012573697916666666,0
v_g8n7gev0de_0027,v_g8n7gev0de,1,car,687.21,475.565,87.8,33.83,0.0,2970.274,0.0014324238040123456,0
v_g8n7gev0de_0027,v_g8n7gev0de,1,car,702.12,421.95,79.16,32.68,0.0,2586.9487999999997,0.0012475640432098765,0
v_g8n7gev0de_0027,v_g8n7gev0de,1,car,702.975,517.925,79.95,32.93,0.0,2632.7535000000003,0.0012696535011574076,0
v_g8n7gev0de_0027,v_g8n7gev0de,1,car,776.465,292.485,34.27,96.53,274.15,3308.0831000000003,0.0015953332851080249,0
v_g8n7gev0de_0027,v_g8n7gev0de,1,car,838.015,814.72,71.89,29.36,161.2,2110.6904,0.0010178869598765432,0
v_g8n7gev0de_0027,v_g8n7gev0de,1,car,1319.705,248.07,79.31,35.34,359.3,2802.8154000000004,0.001351666377314815,0
v_g8n7gev0de_0027,v_g8n7gev0de,1,car,1349.86,298.575,75.96,34.29,0.0,2604.6683999999996,0.0012561093749999998,0
v_g8n7gev0de_0027,v_g8n7gev0de,1,car,1422.275,246.855,84.81,34.35,0.0,2913.2235,0.0014049110243055556,0
v_g8n7gev0de_0027,v_g8n7gev0de,1,car,1440.845,341.27,103.03,37.32,0.0,3845.0796,0.0018543015046296296,0
v_g8n7gev0de_0027,v_g8n7gev0de,1,car,1581.45,342.715,99.74,38.17,0.0,3807.0758,0.0018359740547839506,0
v_g8n7gev0de_0027,v_g8n7gev0de,1,car,1615.2,292.6,87.02,35.6,0.0,3097.912,0.00149397762345679,0
v_g8n7gev0de_0027,v_g8n7gev0de,1,car,1688.475,243.815,87.55,35.43,0.0,3101.8965,0.0014958991608796295,0
v_g8n7gev0de_0027,v_g8n7gev0de,1,car,1718.06,297.635,91.76,36.91,0.0,3386.8615999999997,0.0016333244598765431,0
v_g8n7gev0de_0027,v_g8n7gev0de,2,van,1222.16,297.165,87.76,38.71,0.0,3397.1896,0.0016383051697530864,0
v_g8n7gev0de_0027,v_g8n7gev0de,2,van,1549.17,246.665,105.14,36.11,0.0,3796.6054,0.0018309246720679012,0
v_g8n7gev0de_0027,v_g8n7gev0de,4,minibus,21.53,162.52,27.58,44.54,265.7,1228.4132,0.0005924060570987655,0
v_g8n7gev0de_0027,v_g8n7gev0de,4,minibus,214.99,467.67,82.78,30.2,0.0,2499.956,0.0012056114969135803,0
v_g8n7gev0de_0027,v_g8n7gev0de,4,minibus,190.385,168.62,27.01,70.1,269.4,1893.401,0.0009130984760802469,0
v_g8n7gev0de_0027,v_g8n7gev0de,4,minibus,1242.905,163.295,88.05,39.07,0.0,3440.1135,0.0016590053530092593,0
v_g8n7gev0de_0027,v_g8n7gev0de,4,minibus,1488.26,295.415,100.7,39.29,0.0,3956.503,0.0019080357831790125,0
v_g8n7gev0de_0027,v_g8n7gev0de,7,truck,66.44,467.045,126.3,34.35,0.0,4338.405,0.002092209201388889,0
v_g8n7gev0de_0027,v_g8n7gev0de,7,truck,238.72,325.795,29.32,90.65,271.2,2657.858,0.0012817602237654322,0
v_g8n7gev0de_0027,v_g8n7gev0de,7,truck,436.89,517.385,136.0,41.25,0.0,5610.0,0.0027054398148148146,0
v_g8n7gev0de_0027,v_g8n7gev0de,7,truck,459.85,251.785,34.4,98.11,271.2,3374.984,0.001627596450617284,0
v_g8n7gev0de_0027,v_g8n7gev0de,7,truck,1262.215,344.145,114.59,36.11,0.0,4137.8449,0.0019954884741512345,0
v_g8n7gev0de_0027,v_g8n7gev0de,7,truck,1833.71,293.005,123.2,39.53,0.0,4870.0960000000005,0.002348618827160494,0
v_g8n7gev0de_0027,v_g8n7gev0de,9,motorcycle,767.43,454.35,41.92,11.58,359.2,485.4336,0.00023410185185185185,0
v_g8n7gev0de_0027,v_g8n7gev0de,9,motorcycle,807.18,449.76,44.12,15.9,0.0,701.5079999999999,0.0003383043981481481,0
v_g8n7gev0de_0027,v_g8n7gev0de,9,motorcycle,1193.845,230.775,43.63,12.53,0.0,546.6839,0.00026363999807098765,0
v_ghbpt8zf27_0041,v_ghbpt8zf27,1,car,664.855,466.495,95.79,40.27,0.0,3857.4633000000003,0.0018602735821759261,0
v_ghbpt8zf27_0041,v_ghbpt8zf27,1,car,916.73,518.555,92.28,36.35,0.0,3354.378,0.0016176591435185185,0
v_ghbpt8zf27_0041,v_ghbpt8zf27,1,car,924.675,460.91,83.55,33.32,0.0,2783.886,0.0013425376157407407,0
v_ghbpt8zf27_0041,v_ghbpt8zf27,1,car,905.695,853.815,35.33,91.19,0.0,3221.7427,0.0015536953607253085,0
v_ghbpt8zf27_0041,v_ghbpt8zf27,1,car,908.06,645.29,38.86,88.36,0.0,3433.6695999999997,0.001655897762345679,0
v_ghbpt8zf27_0041,v_ghbpt8zf27,1,car,964.95,1023.74,39.2,88.1,0.0,3453.52,0.0016654706790123458,0
v_ghbpt8zf27_0041,v_ghbpt8zf27,1,car,972.53,842.095,41.0,102.15,0.0,4188.150000000001,0.002019748263888889,0
v_ghbpt8zf27_0041,v_ghbpt8zf27,1,car,976.615,616.535,42.23,84.31,0.0,3560.4112999999998,0.0017170193383487654,0
v_ghbpt8zf27_0041,v_ghbpt8zf27,9,motorcycle,889.605,64.4,12.09,43.78,0.0,529.3002,0.0002552566550925926,0
v_ghbpt8zf27_0041,v_ghbpt8zf27,9,motorcycle,921.685,1009.73,15.55,41.06,0.0,638.4830000000001,0.00030791039737654324,0
v_ghbpt8zf27_0041,v_ghbpt8zf27,9,motorcycle,982.92,699.02,15.5,47.6,0.0,737.8000000000001,0.00035580632716049386,0
v_gig403rlnb_0029,v_gig403rlnb,1,car,27.435,524.93,54.73,35.9,0.0,1964.8069999999998,0.0009475342399691357,0
v_gig403rlnb_0029,v_gig403rlnb,1,car,56.36,473.06,93.04,36.2,0.0,3368.0480000000007,0.0016242515432098768,0
v_gig403rlnb_0029,v_gig403rlnb,1,car,248.95,529.665,99.48,37.67,0.0,3747.4116000000004,0.0018072008101851853,0
v_gig403rlnb_0029,v_gig403rlnb,1,car,280.54,477.565,105.58,38.37,0.0,4051.1045999999997,0.001953657696759259,0
v_gig403rlnb_0029,v_gig403rlnb,1,car,451.53,480.93,91.82,41.04,0.0,3768.2927999999997,0.0018172708333333333,0
v_gig403rlnb_0029,v_gig403rlnb,1,car,647.57,481.975,116.44,38.57,0.2,4491.0908,0.002165842399691358,0
v_gig403rlnb_0029,v_gig403rlnb,1,car,938.7,292.99,94.0,37.06,277.6,3483.6400000000003,0.001679996141975309,0
v_gig403rlnb_0029,v_gig403rlnb,1,car,984.195,541.75,115.69,41.7,358.7,4824.273,0.0023265205439814817,0
v_gig403rlnb_0029,v_gig403rlnb,1,car,986.32,937.945,32.44,84.67,0.0,2746.6947999999998,0.0013246020447530862,0
v_gig403rlnb_0029,v_gig403rlnb,1,car,1225.595,505.69,99.35,38.98,8.4,3872.6629999999996,0.00186760368441358,0
v_gig403rlnb_0029,v_gig403rlnb,1,car,1624.54,553.185,104.72,42.83,0.0,4485.1576,0.002162981095679012,0
v_gig403rlnb_0029,v_gig403rlnb,1,car,1682.035,495.76,98.93,44.3,0.0,4382.599,0.0021135218942901234,0
v_gig403rlnb_0029,v_gig403rlnb,1,car,1852.415,505.485,37.35,91.81,87.0,3429.1035,0.001653695746527778,0
v_gig403rlnb_0029,v_gig403rlnb,3,microbus,972.735,658.595,40.61,147.21,1.8,5978.1981000000005,0.002883004484953704,0
v_gmx64gg2j7_0028,v_gmx64gg2j7,1,car,924.3,562.21,44.32,100.04,315.06,4433.772800000001,0.0021382006172839508,0
v_gmx64gg2j7_0028,v_gmx64gg2j7,1,car,1228.065,489.97,107.29,42.4,0.6,4549.0960000000005,0.0021938155864197535,0
v_gowtdh4du4_0044,v_gowtdh4du4,1,car,499.005,553.825,96.77,34.59,0.0,3347.2743,0.0016142333622685186,0
v_gowtdh4du4_0044,v_gowtdh4du4,1,car,1005.93,486.465,90.5,33.09,0.0,2994.6450000000004,0.0014441767939814816,0
v_gowtdh4du4_0044,v_gowtdh4du4,1,car,990.625,832.155,36.57,102.03,0.0,3731.2371000000003,0.0017994006076388891,0
v_gowtdh4du4_0044,v_gowtdh4du4,1,car,989.805,970.38,34.13,92.24,0.0,3148.1512000000002,0.0015182056327160496,0
v_gowtdh4du4_0044,v_gowtdh4du4,1,car,1020.83,687.74,33.34,84.8,15.6471,2827.232,0.0013634413580246914,0
v_gowtdh4du4_0044,v_gowtdh4du4,1,car,1127.945,587.345,32.39,105.27,61.5706,3409.6953,0.001644336082175926,0
v_gowtdh4du4_0044,v_gowtdh4du4,1,car,1500.62,537.585,90.7,33.59,0.0,3046.6130000000003,0.0014692385223765434,0
v_gowtdh4du4_0044,v_gowtdh4du4,1,car,1862.79,576.28,97.4,36.5,0.0,3555.1000000000004,0.0017144579475308643,0
v_gur784uswy_0018,v_gur784uswy,1,car,160.1,503.465,103.48,35.93,0.0,3718.0364,0.0017930345293209876,0
v_gur784uswy_0018,v_gur784uswy,1,car,1010.905,113.555,100.19,37.75,270.9,3782.1725,0.0018239643614969135,0
v_gur784uswy_0018,v_gur784uswy,1,car,990.325,621.81,36.25,109.1,1.1,3954.875,0.001907250675154321,0
v_gur784uswy_0018,v_gur784uswy,1,car,1018.1,718.895,34.9,99.83,18.7,3484.067,0.00168020206404321,0
v_gur784uswy_0018,v_gur784uswy,1,car,1080.05,610.345,38.6,96.47,38.3091,3723.742,0.0017957860725308643,0
v_gur784uswy_0018,v_gur784uswy,1,car,1449.65,517.97,92.8,32.22,0.0,2990.0159999999996,0.0014419444444444443,0
v_gur784uswy_0018,v_gur784uswy,1,car,1887.095,559.86,65.81,34.5,1.7,2270.445,0.0010949291087962963,0
v_gur784uswy_0018,v_gur784uswy,3,microbus,971.89,496.105,213.58,56.99,0.0,12171.924200000001,0.005869948013117285,0
v_gur784uswy_0018,v_gur784uswy,9,motorcycle,685.87,544.77,54.46,10.9,0.0,593.614,0.00028627218364197534,0
v_gur784uswy_0018,v_gur784uswy,9,motorcycle,1638.45,589.4,10.1,46.4,90.7,468.64,0.0002260030864197531,0
v_gv39eyu2it_0003,v_gv39eyu2it,1,car,481.35,497.72,90.7,35.9,1.2,3256.13,0.0015702787422839507,0
v_gv39eyu2it_0003,v_gv39eyu2it,1,car,584.35,451.585,97.94,38.65,0.0,3785.381,0.0018255116705246913,0
v_gv39eyu2it_0003,v_gv39eyu2it,1,car,871.75,487.34,100.94,36.04,0.0,3637.8776,0.001754377700617284,0
v_gv39eyu2it_0003,v_gv39eyu2it,1,car,967.095,607.56,89.43,35.6,268.5,3183.7080000000005,0.0015353530092592595,0
v_gv39eyu2it_0003,v_gv39eyu2it,1,car,967.635,783.515,30.13,82.07,0.0,2472.7690999999995,0.001192500530478395,0
v_gv39eyu2it_0003,v_gv39eyu2it,1,car,1100.455,531.66,86.29,35.6,0.1,3071.9240000000004,0.0014814448302469137,0
v_gv39eyu2it_0003,v_gv39eyu2it,1,car,1530.285,532.245,169.07,47.07,0.0,7958.1249,0.003837830295138889,0
v_gvxtl15uol_0037,v_gvxtl15uol,1,car,28.975,475.9,37.23,58.12,90.5,2163.8075999999996,0.0010435028935185183,0
v_gvxtl15uol_0037,v_gvxtl15uol,1,car,534.445,531.865,36.93,91.45,88.2,3377.2485,0.0016286885127314815,0
v_gvxtl15uol_0037,v_gvxtl15uol,1,car,713.245,547.445,82.35,35.03,0.0,2884.7205,0.0013911653645833333,0
v_gvxtl15uol_0037,v_gvxtl15uol,1,car,865.565,481.865,33.73,86.57,53.85,2920.0060999999996,0.001408181954089506,0
v_gvxtl15uol_0037,v_gvxtl15uol,1,car,942.975,265.585,34.45,86.79,2.4,2989.9155000000005,0.0014418959780092594,0
v_gvxtl15uol_0037,v_gvxtl15uol,1,car,1009.935,83.52,35.33,89.88,0.0,3175.4603999999995,0.0015313755787037034,0
v_gvxtl15uol_0037,v_gvxtl15uol,1,car,1015.24,574.69,36.66,80.36,0.4,2945.9975999999997,0.001420716435185185,0
v_gz2ih75d5m_0027,v_gz2ih75d5m,1,car,637.825,1061.23,73.63,36.42,5.0,2681.6046,0.0012932120949074074,0
v_gz2ih75d5m_0027,v_gz2ih75d5m,1,car,908.955,886.35,35.85,86.44,0.0,3098.8740000000003,0.001494441550925926,0
v_gz2ih75d5m_0027,v_gz2ih75d5m,1,car,909.265,1000.12,32.91,81.16,0.0,2670.9755999999998,0.0012880862268518517,0
v_gz2ih75d5m_0027,v_gz2ih75d5m,1,car,953.365,987.325,30.39,82.41,0.0,2504.4399,0.0012077738715277778,0
v_gz2ih75d5m_0027,v_gz2ih75d5m,1,car,964.135,873.37,33.57,75.38,0.0,2530.5065999999997,0.0012203446180555555,0
v_h92ktj7wpi_0015,v_h92ktj7wpi,1,car,806.78,488.635,94.6,40.73,0.0,3853.0579999999995,0.0018581491126543207,0
v_h92ktj7wpi_0015,v_h92ktj7wpi,1,car,1627.505,514.81,105.11,47.3,0.1,4971.7029999999995,0.0023976191165123455,0
v_helcprhhci_0046,v_helcprhhci,1,car,148.22,461.475,95.7,37.81,0.0,3618.4170000000004,0.001744992766203704,0
v_helcprhhci_0046,v_helcprhhci,1,car,226.92,522.185,105.8,39.59,0.0,4188.622,0.002019975887345679,0
v_helcprhhci_0046,v_helcprhhci,1,car,977.375,737.0,37.47,92.38,6.1,3461.4786,0.0016693087384259259,0
v_hf4wwzqpqn_0030,v_hf4wwzqpqn,9,motorcycle,727.5,486.8,26.28,51.24,298.3,1346.5872000000002,0.0006493958333333334,0
v_hh9febk2cz_0029,v_hh9febk2cz,1,car,1005.255,746.075,36.79,93.29,0.0,3432.1391000000003,0.0016551596739969136,0
v_hh9febk2cz_0029,v_hh9febk2cz,9,motorcycle,1859.01,490.6,55.18,26.3,0.0,1451.234,0.0006998620756172839,0
v_hp0fgwmq93_0046,v_hp0fgwmq93,1,car,256.17,466.05,99.4,37.6,0.0,3737.4400000000005,0.0018023919753086422,0
v_hp0fgwmq93_0046,v_hp0fgwmq93,1,car,769.48,392.17,87.36,40.74,7.2,3559.0464,0.0017163611111111112,0
v_hp0fgwmq93_0046,v_hp0fgwmq93,1,car,1423.3,516.1,39.34,109.14,93.4545,4293.5676,0.002070586226851852,0
v_hp0fgwmq93_0046,v_hp0fgwmq93,1,car,1879.4,484.545,80.8,36.17,0.0,2922.536,0.0014094020061728395,0
v_hp0fgwmq93_0046,v_hp0fgwmq93,8,mototaxi,842.48,514.36,62.3,26.2,0.0,1632.26,0.0007871624228395061,0
v_hr8fepbf14_0031,v_hr8fepbf14,1,car,35.17,444.92,70.34,36.5,0.0,2567.4100000000003,0.0012381413966049385,0
v_hr8fepbf14_0031,v_hr8fepbf14,1,car,144.47,445.315,103.9,37.67,0.0,3913.9130000000005,0.0018874966242283953,0
v_hr8fepbf14_0031,v_hr8fepbf14,1,car,629.165,440.17,110.21,39.1,0.0,4309.211,0.0020781303047839508,0
v_hr8fepbf14_0031,v_hr8fepbf14,1,car,633.075,500.275,95.17,35.87,0.0,3413.7479,0.0016462904610339505,0
v_hr8fepbf14_0031,v_hr8fepbf14,1,car,818.2,497.11,86.56,35.06,355.68,3034.7936000000004,0.0014635385802469138,0
v_hr8fepbf14_0031,v_hr8fepbf14,1,car,834.745,424.105,87.75,34.27,342.72,3007.1925,0.0014502278645833334,0
v_hr8fepbf14_0031,v_hr8fepbf14,1,car,912.22,175.485,86.22,35.13,270.88,3028.9086,0.0014607005208333334,0
v_hr8fepbf14_0031,v_hr8fepbf14,1,car,958.89,295.14,39.58,87.04,0.0,3445.0432,0.0016613827160493829,0
v_hr8fepbf14_0031,v_hr8fepbf14,1,car,993.38,499.945,86.9,37.95,0.0,3297.8550000000005,0.001590400752314815,0
v_hr8fepbf14_0031,v_hr8fepbf14,1,car,968.48,796.75,37.0,95.28,0.0,3525.36,0.0017001157407407408,0
v_hr8fepbf14_0031,v_hr8fepbf14,1,car,1438.645,500.58,89.43,36.68,0.0,3280.2924000000003,0.0015819311342592595,0
v_hr8fepbf14_0031,v_hr8fepbf14,1,car,1587.49,457.59,79.86,38.18,0.0,3049.0548,0.0014704160879629629,0
v_hr8fepbf14_0031,v_hr8fepbf14,1,car,1780.395,537.045,92.99,35.53,0.0,3303.9347,0.001593332706404321,0
v_hr8fepbf14_0031,v_hr8fepbf14,2,van,346.11,447.18,79.5,32.06,0.0,2548.77,0.0012291521990740741,0
v_i0q42z9wgi_0005,v_i0q42z9wgi,1,car,24.65,407.505,49.3,32.85,0.0,1619.5049999999999,0.0007810112847222221,0
v_i0q42z9wgi_0005,v_i0q42z9wgi,1,car,18.705,458.41,37.41,32.0,0.0,1197.12,0.0005773148148148148,0
v_i0q42z9wgi_0005,v_i0q42z9wgi,1,car,119.15,508.445,86.9,34.53,0.0,3000.657,0.001447076099537037,0
v_i0q42z9wgi_0005,v_i0q42z9wgi,1,car,432.98,461.29,76.1,32.08,0.0,2441.2879999999996,0.001177318672839506,0
v_i0q42z9wgi_0005,v_i0q42z9wgi,1,car,608.02,464.24,77.42,31.94,4.98,2472.7948,0.0011925129243827162,0
v_i0q42z9wgi_0005,v_i0q42z9wgi,1,car,615.57,116.97,77.5,33.16,2.2,2569.8999999999996,0.0012393422067901233,0
v_i0q42z9wgi_0005,v_i0q42z9wgi,1,car,680.615,507.665,82.75,32.87,0.0,2719.9925,0.0013117247781635802,0
v_i0q42z9wgi_0005,v_i0q42z9wgi,1,car,827.12,318.785,60.66,27.79,358.82,1685.7413999999999,0.0008129539930555555,0
v_i0q42z9wgi_0005,v_i0q42z9wgi,1,car,839.565,803.585,71.89,29.37,161.0,2111.4093000000003,0.0010182336516203704,0
v_i0q42z9wgi_0005,v_i0q42z9wgi,1,car,863.265,260.32,78.35,34.74,359.33,2721.879,0.001312634548611111,0
v_i0q42z9wgi_0005,v_i0q42z9wgi,1,car,912.095,511.75,80.47,32.06,359.8,2579.8682000000003,0.001244149402006173,0
v_i0q42z9wgi_0005,v_i0q42z9wgi,1,car,929.175,1039.07,79.19,31.06,90.8,2459.6414,0.0011861696566358025,0
v_i0q42z9wgi_0005,v_i0q42z9wgi,1,car,932.085,735.47,80.63,30.98,89.3,2497.9174,0.001204628375771605,0
v_i0q42z9wgi_0005,v_i0q42z9wgi,1,car,1018.49,925.95,34.18,83.4,0.0,2850.612,0.0013747164351851852,0
v_i0q42z9wgi_0005,v_i0q42z9wgi,1,car,1051.475,462.765,86.03,34.69,359.9,2984.3806999999997,0.001439226803626543,0
v_i0q42z9wgi_0005,v_i0q42z9wgi,1,car,1057.485,907.71,34.95,83.2,0.0,2907.84,0.0014023148148148148,0
v_i0q42z9wgi_0005,v_i0q42z9wgi,1,car,1855.895,505.19,71.95,30.5,0.9,2194.475,0.0010582923418209877,0
v_i0q42z9wgi_0005,v_i0q42z9wgi,4,minibus,281.94,279.87,93.46,41.64,1.6,3891.6744,0.0018767719907407407,0
v_i0q42z9wgi_0005,v_i0q42z9wgi,4,minibus,471.97,509.965,104.7,36.23,0.0,3793.281,0.0018293214699074073,0
v_i0q42z9wgi_0005,v_i0q42z9wgi,4,minibus,749.485,404.7,79.25,32.48,0.0,2574.04,0.0012413387345679011,0
v_i0q42z9wgi_0005,v_i0q42z9wgi,4,minibus,1063.71,403.695,79.58,32.35,0.0,2574.413,0.0012415186149691358,0
v_i0q42z9wgi_0005,v_i0q42z9wgi,7,truck,214.76,453.93,180.16,55.04,0.0,9916.0064,0.004782024691358025,0
v_i0q42z9wgi_0005,v_i0q42z9wgi,7,truck,648.21,156.205,143.16,44.95,0.8,6435.042,0.003103318865740741,0
v_i0q42z9wgi_0005,v_i0q42z9wgi,7,truck,788.195,458.105,180.23,47.47,0.0,8555.5181,0.0041259250096450616,0
v_i0q42z9wgi_0005,v_i0q42z9wgi,7,truck,905.925,202.675,106.73,48.01,2.06,5124.1073,0.0024711165605709874,0
v_i0q42z9wgi_0005,v_i0q42z9wgi,8,mototaxi,169.605,406.1,61.03,26.7,0.0,1629.501,0.0007858318865740741,0
v_i0q42z9wgi_0005,v_i0q42z9wgi,9,motorcycle,302.815,507.9,49.79,14.08,0.0,701.0432,0.00033808024691358023,0
v_i0q42z9wgi_0005,v_i0q42z9wgi,9,motorcycle,360.245,526.3,46.89,13.44,0.0,630.2016,0.00030391666666666664,0
v_i0q42z9wgi_0005,v_i0q42z9wgi,9,motorcycle,393.07,487.27,39.88,15.12,0.0,602.9856,0.00029079166666666663,0
v_i0q42z9wgi_0005,v_i0q42z9wgi,9,motorcycle,1403.8,533.005,36.58,12.55,1.31,459.079,0.00022139226466049382,0
v_i1cg1t05hq_0041,v_i1cg1t05hq,1,car,76.275,489.13,101.57,36.94,0.0,3751.9957999999997,0.0018094115547839505,0
v_i1cg1t05hq_0041,v_i1cg1t05hq,1,car,109.89,550.31,106.42,39.26,0.0,4178.0491999999995,0.00201487712191358,0
v_i1cg1t05hq_0041,v_i1cg1t05hq,1,car,378.405,495.66,100.45,39.84,0.0,4001.9280000000003,0.0019299421296296298,0
v_i1cg1t05hq_0041,v_i1cg1t05hq,1,car,652.99,489.485,101.52,39.93,0.0,4053.6935999999996,0.0019549062499999996,0
v_i1cg1t05hq_0041,v_i1cg1t05hq,1,car,873.27,422.06,97.0,43.64,318.52,4233.08,0.0020414158950617283,0
v_i1cg1t05hq_0041,v_i1cg1t05hq,1,car,935.16,251.355,89.76,40.67,272.67,3650.5392,0.0017604837962962964,0
v_i1cg1t05hq_0041,v_i1cg1t05hq,1,car,915.365,546.02,43.23,102.9,358.2,4448.367,0.002145238715277778,0
v_i1cg1t05hq_0041,v_i1cg1t05hq,1,car,914.0,909.68,38.5,94.6,0.0,3642.1,0.0017564139660493827,0
v_i1cg1t05hq_0041,v_i1cg1t05hq,1,car,921.275,1031.795,40.27,93.59,0.0,3768.8693000000003,0.0018175488522376544,0
v_i1cg1t05hq_0041,v_i1cg1t05hq,1,car,919.35,752.775,36.4,91.95,0.0,3346.98,0.0016140914351851852,0
v_i1cg1t05hq_0041,v_i1cg1t05hq,1,car,986.165,849.765,37.13,96.29,0.0,3575.2477000000003,0.0017241742380401236,0
v_i1cg1t05hq_0041,v_i1cg1t05hq,1,car,996.405,1041.57,44.51,76.86,0.0,3421.0386,0.001649806423611111,0
v_i1cg1t05hq_0041,v_i1cg1t05hq,1,car,994.045,682.925,37.79,92.85,0.0,3508.8014999999996,0.001692130353009259,0
v_i1cg1t05hq_0041,v_i1cg1t05hq,1,car,1020.885,564.945,39.37,98.21,22.23,3866.5276999999996,0.001864644917052469,0
v_i1cg1t05hq_0041,v_i1cg1t05hq,1,car,1895.395,492.93,49.21,38.1,0.0,1874.901,0.0009041767939814815,0
v_i1cg1t05hq_0041,v_i1cg1t05hq,9,motorcycle,956.93,512.99,11.7,36.14,0.43,422.83799999999997,0.00020391493055555554,0
v_i1cg1t05hq_0041,v_i1cg1t05hq,9,motorcycle,1415.385,516.075,39.95,11.49,358.94,459.0255,0.00022136646412037039,0
v_i1cg1t05hq_0041,v_i1cg1t05hq,9,motorcycle,1489.555,513.86,41.05,10.9,359.31,447.445,0.0002157817322530864,0
v_i2bd4vwde7_0030,v_i2bd4vwde7,1,car,317.615,542.285,91.35,34.89,359.8,3187.2014999999997,0.0015370377604166665,0
v_i2bd4vwde7_0030,v_i2bd4vwde7,1,car,532.23,493.835,95.78,39.03,0.0,3738.2934,0.0018028035300925926,0
v_i41wbsiepr_0046,v_i41wbsiepr,1,car,40.035,543.31,31.73,80.1,90.0,2541.573,0.001225681423611111,0
v_i41wbsiepr_0046,v_i41wbsiepr,1,car,342.73,551.33,77.48,30.2,2.2,2339.896,0.0011284220679012346,0
v_i41wbsiepr_0046,v_i41wbsiepr,1,car,574.8,568.995,84.8,31.15,2.0,2641.52,0.001273881172839506,0
v_i41wbsiepr_0046,v_i41wbsiepr,1,car,562.15,496.065,35.6,88.63,89.4,3155.228,0.0015216184413580248,0
v_i41wbsiepr_0046,v_i41wbsiepr,1,car,746.97,545.03,33.2,85.18,84.55,2827.9760000000006,0.001363800154320988,0
v_i41wbsiepr_0046,v_i41wbsiepr,1,car,880.22,495.075,30.4,82.03,46.675,2493.712,0.0012026003086419753,0
v_i41wbsiepr_0046,v_i41wbsiepr,1,car,911.765,1066.15,30.79,27.7,27.4,852.8829999999999,0.00041130545910493825,0
v_i41wbsiepr_0046,v_i41wbsiepr,1,car,961.05,380.995,30.2,82.29,0.0,2485.1580000000004,0.0011984751157407408,0
v_i41wbsiepr_0046,v_i41wbsiepr,1,car,967.77,157.185,29.8,74.03,2.7,2206.094,0.0010638956404320989,0
v_i41wbsiepr_0046,v_i41wbsiepr,1,car,1006.905,879.165,33.47,80.05,0.0,2679.2735,0.0012920879147376543,0
v_i41wbsiepr_0046,v_i41wbsiepr,1,car,1009.685,548.7,31.59,76.66,0.0,2421.6893999999998,0.0011678671874999999,0
v_i41wbsiepr_0046,v_i41wbsiepr,9,motorcycle,1004.01,343.985,13.46,36.71,0.0,494.11660000000006,0.0002382892554012346,0
v_i6j2p8a7mw_0008,v_i6j2p8a7mw,1,car,99.76,490.485,89.98,39.33,0.0,3538.9134,0.0017066519097222223,0
v_i6j2p8a7mw_0008,v_i6j2p8a7mw,1,car,846.22,539.005,37.7,88.55,73.3,3338.335,0.0016099223572530864,0
v_i6j2p8a7mw_0008,v_i6j2p8a7mw,1,car,935.02,420.645,37.5,101.69,1.0,3813.375,0.001839011863425926,0
v_i6j2p8a7mw_0008,v_i6j2p8a7mw,1,car,938.61,864.025,37.3,88.69,0.0,3308.1369999999997,0.0015953592785493825,0
v_i6j2p8a7mw_0008,v_i6j2p8a7mw,1,car,939.92,185.905,35.0,92.27,0.0,3229.45,0.0015574122299382715,0
v_i6j2p8a7mw_0008,v_i6j2p8a7mw,1,car,1002.03,920.78,89.76,39.28,269.3,3525.7728,0.0017003148148148149,0
v_i6j2p8a7mw_0008,v_i6j2p8a7mw,1,car,985.795,349.67,35.37,84.5,0.0,2988.765,0.0014413411458333333,0
v_i6j2p8a7mw_0008,v_i6j2p8a7mw,1,car,990.145,1064.845,34.21,30.31,0.0,1036.9051,0.0005000506847993827,0
v_i6j2p8a7mw_0008,v_i6j2p8a7mw,1,car,993.34,127.86,33.14,83.14,0.0,2755.2596,0.0013287324459876544,0
v_i6j2p8a7mw_0008,v_i6j2p8a7mw,1,car,1061.215,583.625,87.13,35.35,330.7769,3080.0455,0.0014853614486882718,0
v_i6j2p8a7mw_0008,v_i6j2p8a7mw,1,car,1188.0,495.69,84.52,34.76,0.0,2937.9152,0.0014168186728395061,0
v_i6j2p8a7mw_0008,v_i6j2p8a7mw,1,car,1321.07,504.25,92.52,35.24,0.0,3260.4048000000003,0.001572340277777778,0
v_i6j2p8a7mw_0008,v_i6j2p8a7mw,1,car,1341.785,547.335,90.37,37.99,358.2,3433.1563000000006,0.00165565022183642,0
v_i6j2p8a7mw_0008,v_i6j2p8a7mw,1,car,1522.765,511.035,82.57,40.45,0.0,3339.9565,0.001610704330632716,0
v_i6j2p8a7mw_0008,v_i6j2p8a7mw,1,car,1695.14,501.08,89.12,34.3,0.0,3056.816,0.0014741589506172838,0
v_i6j2p8a7mw_0008,v_i6j2p8a7mw,1,car,1779.065,565.695,98.15,37.57,14.0154,3687.4955000000004,0.001778306086033951,0
v_i6j2p8a7mw_0008,v_i6j2p8a7mw,7,truck,1002.435,660.8,42.17,103.16,356.7,4350.2572,0.002097924961419753,0
v_i6j2p8a7mw_0008,v_i6j2p8a7mw,9,motorcycle,900.395,308.48,13.89,39.38,0.0,546.9882,0.0002637867476851852,0
v_i6j2p8a7mw_0008,v_i6j2p8a7mw,9,motorcycle,911.595,146.09,13.19,46.36,3.5,611.4884,0.0002948921682098765,0
v_initl5umjd_0044,v_initl5umjd,1,car,27.9,1012.625,55.8,36.55,0.0,2039.4899999999998,0.000983550347222222,0
v_initl5umjd_0044,v_initl5umjd,1,car,23.78,267.685,32.28,47.63,269.2,1537.4964000000002,0.0007414623842592594,0
v_initl5umjd_0044,v_initl5umjd,1,car,467.085,121.56,34.05,75.24,269.5,2561.9219999999996,0.0012354947916666664,0
v_initl5umjd_0044,v_initl5umjd,1,car,569.74,1009.855,87.22,38.65,359.3,3371.053,0.0016257007137345679,0
v_initl5umjd_0044,v_initl5umjd,1,car,632.405,271.125,35.65,81.67,274.1,2911.5355,0.001404096981095679,0
v_initl5umjd_0044,v_initl5umjd,1,car,853.715,351.19,35.85,84.84,329.67,3041.514,0.001466779513888889,0
v_initl5umjd_0044,v_initl5umjd,1,car,910.98,629.23,32.52,82.96,357.26,2697.8592,0.0013010509259259258,0
v_initl5umjd_0044,v_initl5umjd,1,car,986.92,611.41,31.3,78.3,16.22,2450.79,0.0011819010416666666,0
v_initl5umjd_0044,v_initl5umjd,1,car,1100.67,481.91,31.22,74.88,59.51,2337.7535999999996,0.0011273888888888887,0
v_initl5umjd_0044,v_initl5umjd,1,car,1276.89,490.525,31.5,79.13,86.0,2492.595,0.0012020616319444444,0
v_initl5umjd_0044,v_initl5umjd,1,car,1642.83,311.495,86.72,39.07,0.0,3388.1504,0.0016339459876543209,0
v_initl5umjd_0044,v_initl5umjd,7,truck,222.54,1013.595,160.96,56.97,0.0,9169.8912,0.0044222083333333335,0
v_initl5umjd_0044,v_initl5umjd,7,truck,454.92,381.1,125.52,42.28,0.0,5306.9856,0.0025593101851851853,0
v_initl5umjd_0044,v_initl5umjd,7,truck,730.355,468.02,80.47,29.74,0.0,2393.1778,0.0011541173804012345,0
v_initl5umjd_0044,v_initl5umjd,7,truck,928.985,805.25,46.37,138.44,358.56,6419.462799999999,0.0030958057484567897,0
v_initl5umjd_0044,v_initl5umjd,9,motorcycle,355.99,225.645,11.6,36.31,272.8,421.196,0.00020312307098765433,0
v_initl5umjd_0044,v_initl5umjd,9,motorcycle,768.925,198.575,11.47,34.83,306.6,399.5001,0.00019266015625,0
v_j4ipunq273_0017,v_j4ipunq273,1,car,1698.06,517.62,101.42,39.42,2.4,3997.9764000000005,0.0019280364583333335,0
v_j63s9yvulo_0046,v_j63s9yvulo,1,car,1804.935,524.025,77.77,36.05,348.4,2803.6085,0.0013520488522376542,0
v_jan9vil7e9_0038,v_jan9vil7e9,1,car,321.375,502.085,107.25,40.85,0.0,4381.1625,0.0021128291377314817,0
v_jan9vil7e9_0038,v_jan9vil7e9,1,car,364.78,448.93,84.48,37.36,0.0,3156.1728000000003,0.0015220740740740741,0
v_jan9vil7e9_0038,v_jan9vil7e9,1,car,899.455,428.93,42.11,98.14,0.0,4132.6754,0.0019929954668209877,0
v_jan9vil7e9_0038,v_jan9vil7e9,1,car,903.225,1059.07,36.27,41.86,0.0,1518.2622000000001,0.0007321866319444445,0
v_jan9vil7e9_0038,v_jan9vil7e9,1,car,907.825,676.265,42.63,93.79,0.0,3998.2677000000003,0.0019281769386574076,0
v_jan9vil7e9_0038,v_jan9vil7e9,1,car,908.79,910.03,38.5,95.2,0.0,3665.2000000000003,0.0017675540123456791,0
v_jan9vil7e9_0038,v_jan9vil7e9,1,car,952.75,21.75,42.6,43.5,0.0,1853.1000000000001,0.0008936631944444445,0
v_jan9vil7e9_0038,v_jan9vil7e9,1,car,971.325,807.04,36.73,84.6,0.0,3107.3579999999997,0.001498532986111111,0
v_jan9vil7e9_0038,v_jan9vil7e9,1,car,977.18,542.49,40.16,94.44,0.0,3792.7103999999995,0.001829046296296296,0
v_jan9vil7e9_0038,v_jan9vil7e9,1,car,1787.39,531.735,93.0,35.53,0.0,3304.29,0.001593504050925926,0
v_jan9vil7e9_0038,v_jan9vil7e9,7,truck,969.345,1052.65,39.13,54.7,0.0,2140.411,0.0010322198109567902,0
v_jcwrohjewu_0016,v_jcwrohjewu,1,car,1203.165,535.055,100.47,43.29,0.0,4349.3463,0.0020974856770833335,0
v_jedkzia1gx_0024,v_jedkzia1gx,1,car,540.39,370.01,79.5,32.4,0.0,2575.7999999999997,0.0012421874999999998,0
v_jedkzia1gx_0024,v_jedkzia1gx,1,car,553.08,416.85,98.68,32.5,0.0,3207.1000000000004,0.0015466338734567904,0
v_jedkzia1gx_0024,v_jedkzia1gx,1,car,624.19,1000.705,94.1,34.41,0.375,3237.9809999999993,0.001561526331018518,0
v_jedkzia1gx_0024,v_jedkzia1gx,1,car,697.51,465.2,78.8,30.9,0.0,2434.9199999999996,0.001174247685185185,0
v_jedkzia1gx_0024,v_jedkzia1gx,1,car,737.215,1023.825,83.97,35.21,16.6,2956.5837,0.0014258216145833333,0
v_jedkzia1gx_0024,v_jedkzia1gx,1,car,807.17,434.76,72.48,29.4,359.1,2130.912,0.0010276388888888887,0
v_jedkzia1gx_0024,v_jedkzia1gx,1,car,818.23,366.58,78.6,33.9,0.0,2664.5399999999995,0.0012849826388888887,0
v_jedkzia1gx_0024,v_jedkzia1gx,1,car,823.495,519.87,69.69,31.5,43.075,2195.235,0.0010586588541666667,0
v_jedkzia1gx_0024,v_jedkzia1gx,1,car,836.895,806.28,65.99,26.18,88.2,1727.6182,0.0008331492091049383,0
v_jedkzia1gx_0024,v_jedkzia1gx,1,car,848.505,1037.405,86.91,32.53,90.0,2827.1823,0.0013634173900462963,0
v_jedkzia1gx_0024,v_jedkzia1gx,1,car,850.785,655.71,85.39,30.4,97.7667,2595.8559999999998,0.0012518595679012344,0
v_jedkzia1gx_0024,v_jedkzia1gx,1,car,937.72,213.725,84.58,33.21,0.0,2808.9018,0.0013546015625000001,0
v_jedkzia1gx_0024,v_jedkzia1gx,1,car,924.03,1018.72,30.4,76.6,0.0,2328.64,0.0011229938271604938,0
v_jedkzia1gx_0024,v_jedkzia1gx,1,car,925.54,923.43,28.7,73.3,0.0,2103.71,0.0010145206404320987,0
v_jedkzia1gx_0024,v_jedkzia1gx,1,car,954.24,416.845,71.6,27.79,0.0,1989.7639999999997,0.0009595698302469134,0
v_jedkzia1gx_0024,v_jedkzia1gx,1,car,969.45,867.76,31.06,70.2,0.0,2180.412,0.0010515104166666665,0
v_jedkzia1gx_0024,v_jedkzia1gx,1,car,977.47,975.115,29.1,79.09,0.0,2301.5190000000002,0.0011099146412037039,0
v_jedkzia1gx_0024,v_jedkzia1gx,1,car,1270.385,402.89,66.99,26.2,0.0,1755.138,0.0008464207175925925,0
v_jedkzia1gx_0024,v_jedkzia1gx,1,car,1595.13,406.89,82.84,31.2,0.0,2584.608,0.0012464351851851853,0
v_jedkzia1gx_0024,v_jedkzia1gx,9,motorcycle,998.79,791.045,9.64,36.99,359.1,356.58360000000005,0.0001719635416666667,0
v_jic85cuptx_0010,v_jic85cuptx,1,car,589.8,510.915,74.56,29.37,0.0,2189.8272,0.001056050925925926,0
v_jic85cuptx_0010,v_jic85cuptx,1,car,810.86,505.395,78.0,31.05,0.6,2421.9,0.00116796875,0
v_jic85cuptx_0010,v_jic85cuptx,1,car,1007.47,992.295,31.32,76.95,0.0,2410.074,0.001162265625,0
v_jic85cuptx_0010,v_jic85cuptx,1,car,1009.375,1072.775,33.63,14.45,0.0,485.9535,0.0002343525752314815,0
v_jic85cuptx_0010,v_jic85cuptx,1,car,1059.46,1001.46,31.32,80.3,0.0,2514.996,0.0012128645833333334,0
v_jic85cuptx_0010,v_jic85cuptx,1,car,1061.75,898.175,27.44,66.83,0.0,1833.8152,0.0008843630401234567,0
v_jic85cuptx_0010,v_jic85cuptx,1,car,1260.675,288.89,80.03,31.4,359.1,2512.942,0.0012118740354938272,0
v_jic85cuptx_0010,v_jic85cuptx,1,car,1455.79,145.665,100.96,37.77,0.36,3813.2592,0.0018389560185185184,0
v_jic85cuptx_0010,v_jic85cuptx,7,truck,1040.0,462.92,91.04,32.1,0.0,2922.3840000000005,0.0014093287037037039,0
v_jic85cuptx_0010,v_jic85cuptx,7,truck,1059.565,1069.11,36.81,21.78,0.0,801.7218000000001,0.0003866328125000001,0
v_jic85cuptx_0010,v_jic85cuptx,8,mototaxi,1016.655,894.24,27.79,72.82,0.0,2023.6677999999997,0.0009759200424382715,0
v_jjnsr5u9r0_0004,v_jjnsr5u9r0,1,car,22.6,550.685,45.2,36.33,0.0,1642.116,0.0007919155092592592,0
v_jjnsr5u9r0_0004,v_jjnsr5u9r0,1,car,225.46,484.73,91.7,37.64,0.0,3451.588,0.0016645389660493828,0
v_jjnsr5u9r0_0004,v_jjnsr5u9r0,1,car,1004.115,490.83,96.69,36.3,0.0,3509.8469999999998,0.001692634548611111,0
v_jjnsr5u9r0_0004,v_jjnsr5u9r0,8,mototaxi,584.805,493.94,65.55,25.56,0.0,1675.4579999999999,0.0008079947916666666,0
v_jjnsr5u9r0_0004,v_jjnsr5u9r0,9,motorcycle,802.7,537.28,49.5,12.4,0.0,613.8000000000001,0.0002960069444444445,0
v_jk3ajckoy1_0014,v_jk3ajckoy1,1,car,1000.0,686.045,48.84,111.63,356.08,5452.0092,0.0026292482638888893,0
v_jk3ajckoy1_0014,v_jk3ajckoy1,1,car,1120.98,544.14,97.68,43.26,0.0,4225.6368,0.002037826388888889,0
v_jk3ajckoy1_0014,v_jk3ajckoy1,1,car,1663.07,501.72,96.28,48.84,0.0,4702.3152,0.0022677060185185187,0
v_jlm4the7d8_0027,v_jlm4the7d8,1,car,122.64,368.645,87.9,28.71,0.0,2523.6090000000004,0.0012170182291666668,0
v_jlm4the7d8_0027,v_jlm4the7d8,1,car,142.32,303.575,79.0,29.19,0.0,2306.01,0.0011120804398148149,0
v_jlm4the7d8_0027,v_jlm4the7d8,1,car,169.58,415.56,79.9,28.9,0.0,2309.11,0.0011135754243827161,0
v_jlm4the7d8_0027,v_jlm4the7d8,1,car,214.88,469.965,80.3,31.87,0.0,2559.161,0.0012341632908950617,0
v_jlm4the7d8_0027,v_jlm4the7d8,1,car,242.19,371.57,80.3,30.6,0.0,2457.18,0.0011849826388888888,0
v_jlm4the7d8_0027,v_jlm4the7d8,1,car,300.425,429.32,79.73,30.4,0.0,2423.792,0.001168881172839506,0
v_jlm4the7d8_0027,v_jlm4the7d8,1,car,387.78,468.705,84.6,31.45,0.0,2660.6699999999996,0.0012831163194444444,0
v_jlm4the7d8_0027,v_jlm4the7d8,1,car,399.285,420.085,83.05,31.03,0.0,2577.0415,0.00124278621720679,0
v_jlm4the7d8_0027,v_jlm4the7d8,1,car,402.33,370.52,80.9,30.7,0.0,2483.63,0.0011977382330246914,0
v_jlm4the7d8_0027,v_jlm4the7d8,1,car,548.25,298.015,89.76,36.25,0.0,3253.8,0.0015691550925925927,0
v_jlm4the7d8_0027,v_jlm4the7d8,1,car,648.22,463.33,79.5,28.4,0.0,2257.7999999999997,0.0010888310185185185,0
v_jlm4the7d8_0027,v_jlm4the7d8,1,car,653.935,369.23,77.45,32.6,0.0,2524.8700000000003,0.0012176263503086422,0
v_jlm4the7d8_0027,v_jlm4the7d8,1,car,755.075,418.1,76.39,27.8,0.0,2123.6420000000003,0.0010241329089506173,0
v_jlm4the7d8_0027,v_jlm4the7d8,1,car,819.485,498.35,81.21,33.62,28.8455,2730.2801999999997,0.0013166860532407407,0
v_jlm4the7d8_0027,v_jlm4the7d8,1,car,900.56,411.13,65.86,26.18,0.0,1724.2148,0.0008315079089506172,0
v_jlm4the7d8_0027,v_jlm4the7d8,1,car,928.69,367.7,85.94,35.18,0.0,3023.3692,0.0014580291280864197,0
v_jlm4the7d8_0027,v_jlm4the7d8,1,car,916.58,846.36,28.46,75.5,0.0,2148.73,0.001036231674382716,0
v_jlm4the7d8_0027,v_jlm4the7d8,1,car,961.25,293.345,86.54,35.05,0.0,3033.227,0.0014627830825617283,0
v_jlm4the7d8_0027,v_jlm4the7d8,1,car,1029.085,199.25,82.61,36.64,0.0,3026.8304,0.0014596983024691356,0
v_jlm4the7d8_0027,v_jlm4the7d8,1,car,1088.89,247.11,79.92,34.7,0.0,2773.224,0.0013373958333333334,0
v_jlm4the7d8_0027,v_jlm4the7d8,1,car,1152.82,294.765,88.52,32.55,0.0,2881.3259999999996,0.0013895283564814812,0
v_jlm4the7d8_0027,v_jlm4the7d8,1,car,1199.825,248.735,83.03,31.39,0.0,2606.3117,0.0012569018614969137,0
v_jlm4the7d8_0027,v_jlm4the7d8,1,car,1299.11,366.485,75.82,28.03,0.0,2125.2346,0.0010249009452160493,0
v_jlm4the7d8_0027,v_jlm4the7d8,1,car,1315.75,240.9,79.76,31.04,0.0,2475.7504,0.0011939382716049383,0
v_jlm4the7d8_0027,v_jlm4the7d8,1,car,1424.905,242.73,79.35,32.9,0.0,2610.615,0.0012589771412037036,0
v_jlm4the7d8_0027,v_jlm4the7d8,1,car,1533.985,241.325,80.81,31.67,0.0,2559.2527,0.0012342075135030864,0
v_jlm4the7d8_0027,v_jlm4the7d8,1,car,1563.325,293.22,85.85,31.44,0.0,2699.124,0.0013016608796296296,0
v_jlm4the7d8_0027,v_jlm4the7d8,1,car,1612.19,193.06,71.4,23.64,357.5,1687.8960000000002,0.0008139930555555557,0
v_jlm4the7d8_0027,v_jlm4the7d8,1,car,1806.45,286.03,81.9,32.4,357.2,2653.56,0.0012796875,0
v_jlm4the7d8_0027,v_jlm4the7d8,1,car,1826.055,236.52,71.89,29.18,356.0,2097.7502,0.0010116465084876543,0
v_jlm4the7d8_0027,v_jlm4the7d8,1,car,1897.9,180.475,44.2,33.47,0.0,1479.374,0.0007134326774691359,0
v_jlm4the7d8_0027,v_jlm4the7d8,1,car,1904.89,289.24,30.18,31.9,0.0,962.742,0.00046428530092592593,0
v_jlm4the7d8_0027,v_jlm4the7d8,2,van,751.97,254.63,100.7,36.64,349.8,3689.648,0.0017793441358024693,0
v_jlm4the7d8_0027,v_jlm4the7d8,2,van,835.465,989.415,120.47,30.43,92.5,3665.9021,0.0017678926022376541,0
v_jlm4the7d8_0027,v_jlm4the7d8,2,van,1381.45,289.35,129.4,41.04,0.0,5310.576,0.0025610416666666668,0
v_jlm4the7d8_0027,v_jlm4the7d8,2,van,1452.56,190.62,100.4,39.4,0.0,3955.76,0.0019076774691358027,0
v_jlm4the7d8_0027,v_jlm4the7d8,7,truck,25.35,418.39,50.7,28.3,0.0,1434.8100000000002,0.000691941550925926,0
v_jlm4the7d8_0027,v_jlm4the7d8,7,truck,19.76,472.0,39.48,31.4,0.0,1239.6719999999998,0.000597835648148148,0
v_jlm4the7d8_0027,v_jlm4the7d8,7,truck,76.55,206.7,119.06,39.96,0.0,4757.6376,0.002294385416666667,0
v_jlm4the7d8_0027,v_jlm4the7d8,7,truck,567.55,415.0,110.4,32.74,0.0,3614.4960000000005,0.001743101851851852,0
v_jlm4the7d8_0027,v_jlm4the7d8,7,truck,717.9,178.51,170.58,46.46,342.4,7925.1468,0.00382192650462963,0
v_jlm4the7d8_0027,v_jlm4the7d8,7,truck,1687.37,231.46,153.28,40.38,357.4,6189.446400000001,0.00298487962962963,0
v_jlm4the7d8_0027,v_jlm4the7d8,9,motorcycle,111.26,396.77,39.7,9.0,0.0,357.3,0.0001723090277777778,0
v_jlm4the7d8_0027,v_jlm4the7d8,9,motorcycle,429.75,215.035,42.84,12.37,358.7,529.9308,0.0002555607638888889,0
v_jlm4the7d8_0027,v_jlm4the7d8,9,motorcycle,884.41,447.59,40.46,11.3,0.0,457.19800000000004,0.00022048514660493829,0
v_jlm4the7d8_0027,v_jlm4the7d8,9,motorcycle,1194.565,196.4,42.83,12.36,354.5,529.3788,0.00025529456018518517,0
v_jlm4the7d8_0027,v_jlm4the7d8,9,motorcycle,1243.17,411.455,43.46,9.21,0.9,400.26660000000004,0.00019302980324074076,0
v_jlm4the7d8_0027,v_jlm4the7d8,9,motorcycle,1314.655,458.69,42.31,11.9,0.9,503.48900000000003,0.00024280912422839507,0
v_jlm4the7d8_0027,v_jlm4the7d8,9,motorcycle,1732.04,433.05,36.8,11.2,0.4,412.15999999999997,0.0001987654320987654,0
v_jqyqscgn3u_0038,v_jqyqscgn3u,1,car,26.375,463.79,52.75,37.02,0.0,1952.805,0.000941746238425926,0
v_jqyqscgn3u_0038,v_jqyqscgn3u,1,car,551.2,460.21,95.34,37.02,0.0,3529.4868000000006,0.001702105902777778,0
v_jqyqscgn3u_0038,v_jqyqscgn3u,1,car,801.595,521.48,93.47,36.56,0.0,3417.2632000000003,0.0016479857253086422,0
v_jqyqscgn3u_0038,v_jqyqscgn3u,1,car,892.93,1002.165,43.66,99.21,0.0,4331.508599999999,0.0020888833912037033,0
v_jqyqscgn3u_0038,v_jqyqscgn3u,1,car,901.26,794.43,39.4,97.04,0.0,3823.376,0.00184383487654321,0
v_jqyqscgn3u_0038,v_jqyqscgn3u,1,car,904.635,268.27,40.81,98.32,0.0,4012.4392,0.0019350111882716048,0
v_jqyqscgn3u_0038,v_jqyqscgn3u,1,car,904.42,648.255,37.2,88.49,0.0,3291.828,0.0015874942129629629,0
v_jqyqscgn3u_0038,v_jqyqscgn3u,1,car,914.295,102.84,39.51,93.12,0.0,3679.1711999999998,0.0017742916666666666,0
v_jqyqscgn3u_0038,v_jqyqscgn3u,1,car,925.185,441.455,40.29,89.61,9.45,3610.3869,0.0017411202256944443,0
v_jqyqscgn3u_0038,v_jqyqscgn3u,1,car,953.66,848.39,37.58,83.7,0.0,3145.446,0.0015169010416666666,0
v_jqyqscgn3u_0038,v_jqyqscgn3u,1,car,972.195,670.935,39.83,92.61,0.0,3688.6562999999996,0.0017788658854166666,0
v_jqyqscgn3u_0038,v_jqyqscgn3u,1,car,1246.245,463.07,36.71,89.8,85.83,3296.558,0.0015897752700617285,0
v_jqyqscgn3u_0038,v_jqyqscgn3u,1,car,1526.485,462.32,79.75,36.08,0.0,2877.3799999999997,0.001387625385802469,0
v_jqyqscgn3u_0038,v_jqyqscgn3u,1,car,1545.18,513.62,101.4,44.14,0.0,4475.796,0.002158466435185185,0
v_jqyqscgn3u_0038,v_jqyqscgn3u,1,car,1670.035,448.815,42.31,92.91,89.0,3931.0221,0.0018957475405092592,0
v_jqyqscgn3u_0038,v_jqyqscgn3u,1,car,1778.22,449.79,95.74,39.64,0.0,3795.1335999999997,0.0018302148919753084,0
v_jqyqscgn3u_0038,v_jqyqscgn3u,1,car,1782.94,539.995,93.0,35.53,0.0,3304.29,0.001593504050925926,0
v_jqyqscgn3u_0038,v_jqyqscgn3u,1,car,1885.085,451.91,40.21,70.12,89.6,2819.5252,0.0013597247299382716,0
v_jqyqscgn3u_0038,v_jqyqscgn3u,1,car,1909.415,534.985,21.17,38.27,0.0,810.1759000000002,0.00039070982831790135,0
v_jqyqscgn3u_0038,v_jqyqscgn3u,2,van,968.65,316.76,39.86,91.3,0.0,3639.218,0.001755024112654321,0
v_jubd7zkr5d_0019,v_jubd7zkr5d,1,car,289.835,530.09,94.43,39.34,359.3,3714.8762000000006,0.0017915105131172842,0
v_k27cij6khm_0009,v_k27cij6khm,1,car,90.33,495.14,108.94,37.4,0.0,4074.3559999999998,0.0019648707561728393,0
v_k27cij6khm_0009,v_k27cij6khm,1,car,232.465,486.95,91.73,35.16,0.0,3225.2268,0.0015553755787037036,0
v_k27cij6khm_0009,v_k27cij6khm,1,car,368.99,490.265,94.46,39.57,0.0,3737.7821999999996,0.0018025570023148146,0
v_k27cij6khm_0009,v_k27cij6khm,1,car,388.6,545.27,91.96,36.6,0.0,3365.736,0.001623136574074074,0
v_k27cij6khm_0009,v_k27cij6khm,1,car,484.765,482.46,98.81,37.76,359.7,3731.0656,0.0017993179012345678,0
v_k27cij6khm_0009,v_k27cij6khm,1,car,512.215,541.96,85.09,34.36,0.0,2923.6924,0.0014099596836419752,0
v_k27cij6khm_0009,v_k27cij6khm,1,car,620.91,535.83,88.6,36.82,359.6,3262.252,0.0015732310956790123,0
v_k27cij6khm_0009,v_k27cij6khm,1,car,649.64,480.36,94.94,38.04,0.0,3611.5175999999997,0.0017416655092592592,0
v_k27cij6khm_0009,v_k27cij6khm,1,car,775.87,540.445,107.72,37.47,359.3,4036.2684,0.0019465028935185184,0
v_k27cij6khm_0009,v_k27cij6khm,1,car,783.115,479.675,84.67,39.41,355.2571,3336.8446999999996,0.0016092036554783949,0
v_k27cij6khm_0009,v_k27cij6khm,1,car,899.315,398.195,87.61,35.57,306.2857,3116.2877,0.0015028393614969135,0
v_k27cij6khm_0009,v_k27cij6khm,1,car,918.92,813.33,39.0,96.7,0.0,3771.3,0.001818721064814815,0
v_k27cij6khm_0009,v_k27cij6khm,1,car,919.37,977.24,39.2,111.52,0.0,4371.584,0.0021082098765432098,0
v_k27cij6khm_0009,v_k27cij6khm,1,car,955.09,543.03,92.34,39.38,355.0,3636.3492000000006,0.0017536406250000002,0
v_k27cij6khm_0009,v_k27cij6khm,1,car,932.185,647.465,38.59,90.29,0.0,3484.2911000000004,0.0016803101369598768,0
v_k27cij6khm_0009,v_k27cij6khm,1,car,975.95,222.355,39.02,97.99,0.0,3823.5698,0.001843928337191358,0
v_k27cij6khm_0009,v_k27cij6khm,1,car,983.91,875.98,35.74,91.64,0.0,3275.2136,0.0015794818672839506,0
v_k27cij6khm_0009,v_k27cij6khm,1,car,986.915,643.83,36.65,87.56,0.0,3209.074,0.0015475858410493827,0
v_k27cij6khm_0009,v_k27cij6khm,1,car,1371.225,495.06,86.93,38.06,358.8,3308.5558000000005,0.0015955612461419756,0
v_k27cij6khm_0009,v_k27cij6khm,1,car,1373.555,545.825,34.19,89.05,90.2,3044.6195,0.0014682771508487654,0
v_k27cij6khm_0009,v_k27cij6khm,1,car,1488.73,486.19,42.36,91.14,86.9901,3860.6904,0.0018618298611111112,0
v_k27cij6khm_0009,v_k27cij6khm,1,car,1616.9,487.385,36.56,93.41,89.1,3415.0696000000003,0.0016469278549382717,0
v_k27cij6khm_0009,v_k27cij6khm,1,car,1743.275,478.665,96.79,39.93,359.8,3864.8247,0.0018638236400462963,0
v_k27cij6khm_0009,v_k27cij6khm,1,car,1888.21,486.21,44.44,87.74,88.7,3899.1655999999994,0.0018803846450617281,0
v_k27cij6khm_0009,v_k27cij6khm,4,minibus,253.77,544.85,140.54,41.46,0.6,5826.7883999999995,0.0028099866898148146,0
v_k27cij6khm_0009,v_k27cij6khm,9,motorcycle,493.8,578.48,44.28,11.06,17.8,489.7368,0.00023617708333333333,0
v_kb75zilx4a_0022,v_kb75zilx4a,1,car,442.66,479.415,96.7,37.25,0.0,3602.0750000000003,0.0017371117862654323,0
v_kb75zilx4a_0022,v_kb75zilx4a,1,car,799.35,484.32,94.46,35.16,0.0,3321.2135999999996,0.001601665509259259,0
v_kb75zilx4a_0022,v_kb75zilx4a,1,car,898.24,547.285,93.44,37.17,1.0,3473.1648,0.0016749444444444444,0
v_kb75zilx4a_0022,v_kb75zilx4a,1,car,983.87,935.695,32.44,84.67,0.0,2746.6947999999998,0.0013246020447530862,0
v_kb75zilx4a_0022,v_kb75zilx4a,1,car,1107.985,505.95,97.83,36.4,0.0,3561.0119999999997,0.0017173090277777777,0
v_kb75zilx4a_0022,v_kb75zilx4a,1,car,1522.59,521.79,93.04,36.2,4.0,3368.0480000000007,0.0016242515432098768,0
v_kb75zilx4a_0022,v_kb75zilx4a,1,car,1745.73,514.45,97.64,35.5,355.5,3466.22,0.0016715952932098764,0
v_kb75zilx4a_0022,v_kb75zilx4a,1,car,1881.1,552.74,77.8,35.9,0.4,2793.02,0.0013469425154320988,0
v_ke1pth6jke_0033,v_ke1pth6jke,1,car,493.74,507.865,78.28,33.57,358.7,2627.8596000000002,0.001267293402777778,0
v_ke1pth6jke_0033,v_ke1pth6jke,1,car,962.405,1061.83,36.81,30.9,270.1,1137.429,0.0005485286458333334,0
v_ke1pth6jke_0033,v_ke1pth6jke,1,car,1011.03,9.65,29.72,19.3,0.0,573.596,0.0002766184413580247,0
v_ke1pth6jke_0033,v_ke1pth6jke,1,car,1011.31,1076.145,30.2,7.71,359.5,232.84199999999998,0.00011228877314814814,0
v_ke1pth6jke_0033,v_ke1pth6jke,1,car,1249.605,474.2,80.25,32.2,0.0,2584.05,0.001246166087962963,0
v_ke1pth6jke_0033,v_ke1pth6jke,1,car,1349.4,501.395,76.52,30.87,354.2143,2362.1724,0.0011391649305555556,0
v_ke1pth6jke_0033,v_ke1pth6jke,1,car,1479.37,499.505,83.3,31.91,358.1,2658.103,0.001281878375771605,0
v_ke1pth6jke_0033,v_ke1pth6jke,1,car,1613.975,500.37,91.37,29.7,0.0,2713.689,0.0013086848958333334,0
v_ke1pth6jke_0033,v_ke1pth6jke,1,car,1729.265,492.09,83.15,27.78,0.0,2309.907,0.0011139597800925926,0
v_ke1pth6jke_0033,v_ke1pth6jke,9,motorcycle,877.76,522.29,35.7,13.62,0.0,486.23400000000004,0.00023448784722222225,0
v_ke1pth6jke_0033,v_ke1pth6jke,9,motorcycle,978.44,238.325,13.06,38.95,0.0,508.68700000000007,0.000245315875771605,0
v_kl82trymp8_0019,v_kl82trymp8,1,car,24.8,423.08,49.6,30.8,0.0,1527.68,0.0007367283950617284,0
v_kl82trymp8_0019,v_kl82trymp8,1,car,77.555,378.54,68.53,28.58,3.5,1958.5874,0.0009445348186728395,0
v_kl82trymp8_0019,v_kl82trymp8,1,car,93.595,471.7,69.69,31.5,0.0,2195.235,0.0010586588541666667,0
v_kl82trymp8_0019,v_kl82trymp8,1,car,273.585,368.68,87.35,34.0,0.0,2969.8999999999996,0.0014322434413580245,0
v_kl82trymp8_0019,v_kl82trymp8,1,car,297.84,423.06,79.92,28.86,0.0,2306.4912,0.0011123125,0
v_kl82trymp8_0019,v_kl82trymp8,1,car,318.16,460.62,85.4,30.4,0.0,2596.16,0.0012520061728395061,0
v_kl82trymp8_0019,v_kl82trymp8,1,car,421.68,470.055,66.0,26.17,0.0,1727.22,0.0008329571759259259,0
v_kl82trymp8_0019,v_kl82trymp8,1,car,487.265,415.49,86.07,30.66,0.0,2638.9062,0.001272620659722222,0
v_kl82trymp8_0019,v_kl82trymp8,1,car,552.01,464.715,96.0,32.53,0.0,3122.88,0.0015060185185185185,0
v_kl82trymp8_0019,v_kl82trymp8,1,car,570.67,370.81,81.3,31.6,0.0,2569.08,0.0012389467592592593,0
v_kl82trymp8_0019,v_kl82trymp8,1,car,697.15,465.12,112.2,35.3,1.01,3960.66,0.0019100405092592591,0
v_kl82trymp8_0019,v_kl82trymp8,1,car,710.09,1037.93,76.28,34.6,9.5,2639.288,0.0012728047839506173,0
v_kl82trymp8_0019,v_kl82trymp8,1,car,797.555,496.58,63.81,28.1,23.0,1793.0610000000001,0.0008647092013888889,0
v_kl82trymp8_0019,v_kl82trymp8,1,car,839.88,793.22,77.76,30.0,94.7,2332.8,0.0011250000000000001,0
v_kl82trymp8_0019,v_kl82trymp8,1,car,908.14,425.58,73.56,28.3,6.5,2081.748,0.001003929398148148,0
v_kl82trymp8_0019,v_kl82trymp8,1,car,924.95,1018.24,30.4,76.6,0.0,2328.64,0.0011229938271604938,0
v_kl82trymp8_0019,v_kl82trymp8,1,car,925.07,925.46,28.7,73.3,0.0,2103.71,0.0010145206404320987,0
v_kl82trymp8_0019,v_kl82trymp8,1,car,965.365,374.985,76.19,28.69,0.0,2185.8911,0.001054152729552469,0
v_kl82trymp8_0019,v_kl82trymp8,1,car,968.915,868.19,31.07,70.2,0.0,2181.114,0.0010518489583333335,0
v_kl82trymp8_0019,v_kl82trymp8,1,car,977.35,980.95,29.1,79.1,0.0,2301.81,0.0011100549768518519,0
v_kl82trymp8_0019,v_kl82trymp8,1,car,1159.59,362.015,79.54,28.85,0.0,2294.7290000000003,0.0011066401427469138,0
v_kl82trymp8_0019,v_kl82trymp8,1,car,1587.1,354.89,84.48,33.2,0.0,2804.7360000000003,0.0013525925925925927,0
v_kl82trymp8_0019,v_kl82trymp8,1,car,1603.96,445.78,81.34,31.6,0.0,2570.344,0.001239556327160494,0
v_kl82trymp8_0019,v_kl82trymp8,1,car,1888.6,355.795,61.4,34.85,0.0,2139.79,0.0010319203317901233,0
v_kl82trymp8_0019,v_kl82trymp8,7,truck,1320.535,407.18,378.67,49.2,0.0,18630.564000000002,0.008984646990740742,0
v_kl82trymp8_0019,v_kl82trymp8,9,motorcycle,41.485,1025.645,46.05,10.93,348.8,503.32649999999995,0.00024273075810185183,0
v_kl82trymp8_0019,v_kl82trymp8,9,motorcycle,954.815,1018.68,9.63,36.98,338.8,356.1174,0.00017173871527777776,0
v_kl82trymp8_0019,v_kl82trymp8,9,motorcycle,1313.61,360.55,39.0,10.0,359.7,390.0,0.0001880787037037037,0
v_kltit1l47h_0015,v_kltit1l47h,1,car,125.19,490.19,89.98,39.34,0.0,3539.8132000000005,0.001707085841049383,0
v_kltit1l47h_0015,v_kltit1l47h,1,car,944.345,1007.805,82.23,34.97,269.2,2875.5831,0.0013867588252314813,0
v_kltit1l47h_0015,v_kltit1l47h,1,car,934.09,152.09,37.68,94.42,0.0,3557.7456,0.0017157337962962964,0
v_kltit1l47h_0015,v_kltit1l47h,1,car,941.565,899.7,33.99,89.66,0.0,3047.5434,0.0014696872106481481,0
v_kltit1l47h_0015,v_kltit1l47h,1,car,985.6,518.65,89.72,39.4,359.1,3534.968,0.0017047492283950617,0
v_kltit1l47h_0015,v_kltit1l47h,1,car,991.135,949.49,86.43,38.9,270.4,3362.127,0.0016213961226851851,0
v_kltit1l47h_0015,v_kltit1l47h,1,car,1002.42,682.89,89.76,39.28,286.95,3525.7728,0.0017003148148148149,0
v_kltit1l47h_0015,v_kltit1l47h,1,car,989.19,840.125,34.22,87.51,0.0,2994.5922,0.0014441513310185184,0
v_kltit1l47h_0015,v_kltit1l47h,1,car,1300.99,536.495,83.56,33.11,0.0,2766.6716,0.0013342359182098766,0
v_kltit1l47h_0015,v_kltit1l47h,1,car,1346.745,493.14,93.23,33.6,0.0,3132.5280000000002,0.0015106712962962964,0
v_kltit1l47h_0015,v_kltit1l47h,1,car,1660.995,520.325,93.13,36.09,0.0,3361.0617,0.0016208823784722222,0
v_kltit1l47h_0015,v_kltit1l47h,4,minibus,447.915,542.35,37.49,92.82,86.2,3479.8217999999997,0.0016781548032407407,0
v_kltit1l47h_0015,v_kltit1l47h,7,truck,986.76,392.27,42.18,109.82,359.2,4632.2076,0.002233896412037037,0
v_kltit1l47h_0015,v_kltit1l47h,7,truck,1173.16,516.26,108.5,36.22,0.0,3929.87,0.001895191936728395,0
v_l80snfk4hi_0037,v_l80snfk4hi,1,car,92.065,417.385,86.17,35.23,0.0,3035.7691,0.001464009018132716,0
v_l80snfk4hi_0037,v_l80snfk4hi,1,car,188.31,470.715,82.6,34.05,0.0,2812.5299999999997,0.001356351273148148,0
v_l80snfk4hi_0037,v_l80snfk4hi,1,car,369.65,477.96,82.86,33.7,0.0,2792.382,0.0013466348379629629,0
v_l80snfk4hi_0037,v_l80snfk4hi,1,car,382.815,291.38,34.79,80.0,269.3,2783.2,0.0013422067901234568,0
v_l80snfk4hi_0037,v_l80snfk4hi,1,car,428.57,381.465,81.44,33.39,0.0,2719.2816,0.0013113819444444444,0
v_l80snfk4hi_0037,v_l80snfk4hi,1,car,504.59,480.29,86.0,35.9,1.9,3087.4,0.0014889081790123457,0
v_l80snfk4hi_0037,v_l80snfk4hi,1,car,529.04,1019.315,77.74,35.87,0.0,2788.5337999999997,0.0013447790316358024,0
v_l80snfk4hi_0037,v_l80snfk4hi,1,car,619.91,479.12,82.76,34.64,0.5,2866.8064000000004,0.0013825262345679014,0
v_l80snfk4hi_0037,v_l80snfk4hi,1,car,639.875,383.365,84.21,33.17,2.0,2793.2457,0.0013470513599537037,0
v_l80snfk4hi_0037,v_l80snfk4hi,1,car,647.3,431.53,83.6,34.94,0.7,2920.9839999999995,0.0014086535493827157,0
v_l80snfk4hi_0037,v_l80snfk4hi,1,car,622.985,292.925,34.47,76.65,271.4,2642.1255,0.0012741731770833334,0
v_l80snfk4hi_0037,v_l80snfk4hi,1,car,781.85,249.885,33.1,81.61,292.7,2701.291,0.0013027059220679013,0
v_l80snfk4hi_0037,v_l80snfk4hi,1,car,824.575,1043.79,72.65,32.06,92.6,2329.1590000000006,0.001123244116512346,0
v_l80snfk4hi_0037,v_l80snfk4hi,1,car,1087.895,278.455,81.43,37.35,0.0,3041.4105000000004,0.0014667296006944447,0
v_l80snfk4hi_0037,v_l80snfk4hi,1,car,1194.175,230.905,89.31,39.45,0.0,3523.2795000000006,0.0016991124131944446,0
v_l80snfk4hi_0037,v_l80snfk4hi,1,car,1205.06,282.74,82.2,36.9,0.0,3033.18,0.0014627604166666667,0
v_l80snfk4hi_0037,v_l80snfk4hi,1,car,1207.0,144.045,81.48,37.11,0.0,3023.7228,0.0014581996527777779,0
v_l80snfk4hi_0037,v_l80snfk4hi,1,car,1298.97,84.13,94.86,42.32,0.37,4014.4752,0.0019359930555555554,0
v_l80snfk4hi_0037,v_l80snfk4hi,1,car,1326.93,278.82,80.92,37.9,0.0,3066.868,0.0014790065586419753,0
v_l80snfk4hi_0037,v_l80snfk4hi,1,car,1451.835,328.97,90.73,37.12,0.0,3367.8976,0.0016241790123456789,0
v_l80snfk4hi_0037,v_l80snfk4hi,1,car,1659.505,299.06,71.39,34.42,0.0,2457.2438,0.0011850134066358025,0
v_l80snfk4hi_0037,v_l80snfk4hi,1,car,1742.565,265.93,90.13,34.06,0.0,3069.8278,0.0014804339313271605,0
v_l80snfk4hi_0037,v_l80snfk4hi,2,van,1084.395,230.465,93.27,37.21,0.0,3470.5767,0.0016736963252314814,0
v_l80snfk4hi_0037,v_l80snfk4hi,2,van,1506.01,227.44,120.1,42.4,0.0,5092.24,0.0024557484567901233,0
v_l80snfk4hi_0037,v_l80snfk4hi,4,minibus,1279.165,327.0,84.83,37.36,0.0,3169.2488,0.0015283800154320987,0
v_l80snfk4hi_0037,v_l80snfk4hi,7,truck,1109.775,321.405,102.23,42.39,0.0,4333.5297,0.0020898580729166666,0
v_l80snfk4hi_0037,v_l80snfk4hi,9,motorcycle,1040.445,202.22,40.41,12.3,0.0,497.043,0.00023970052083333333,0
v_l87qohjefj_0036,v_l87qohjefj,1,car,518.75,480.855,113.24,39.81,0.0,4508.0844,0.0021740376157407407,0
v_l87qohjefj_0036,v_l87qohjefj,1,car,511.985,538.55,98.23,38.06,0.0,3738.6338000000005,0.0018029676890432102,0
v_l87qohjefj_0036,v_l87qohjefj,1,car,668.245,537.655,92.55,32.51,4.5,3008.8005,0.0014510033275462963,0
v_l87qohjefj_0036,v_l87qohjefj,1,car,717.33,475.63,97.3,36.9,354.1375,3590.37,0.001731467013888889,0
v_l87qohjefj_0036,v_l87qohjefj,1,car,830.805,493.43,96.53,35.66,0.0,3442.2598,0.0016600404128086419,0
v_l87qohjefj_0036,v_l87qohjefj,1,car,895.525,1036.925,34.29,86.15,0.0,2954.0835,0.0014246158854166668,0
v_l87qohjefj_0036,v_l87qohjefj,1,car,896.42,908.955,35.4,92.89,0.0,3288.306,0.0015857957175925926,0
v_l87qohjefj_0036,v_l87qohjefj,1,car,920.15,12.34,31.7,24.32,0.0,770.944,0.0003717901234567901,0
v_l87qohjefj_0036,v_l87qohjefj,1,car,928.555,432.91,35.47,89.2,0.0,3163.924,0.0015258121141975309,0
v_l87qohjefj_0036,v_l87qohjefj,1,car,942.745,926.86,35.61,87.54,0.0,3117.2994000000003,0.0015033272569444445,0
v_l87qohjefj_0036,v_l87qohjefj,1,car,945.48,1044.665,34.6,70.67,0.0,2445.1820000000002,0.001179196566358025,0
v_l87qohjefj_0036,v_l87qohjefj,1,car,972.71,596.56,36.68,94.64,6.0,3471.3952,0.001674091049382716,0
v_l87qohjefj_0036,v_l87qohjefj,1,car,984.56,105.125,36.0,93.23,359.0,3356.28,0.001618576388888889,0
v_l87qohjefj_0036,v_l87qohjefj,1,car,985.71,938.255,32.44,84.67,0.0,2746.6947999999998,0.0013246020447530862,0
v_l87qohjefj_0036,v_l87qohjefj,1,car,1463.825,501.24,113.19,33.7,0.0,3814.503,0.0018395558449074076,0
v_l87qohjefj_0036,v_l87qohjefj,1,car,1619.87,496.61,96.7,37.26,0.0,3603.042,0.001737578125,0
v_l87qohjefj_0036,v_l87qohjefj,1,car,1862.52,502.25,94.46,35.16,0.0,3321.2135999999996,0.001601665509259259,0
v_l87qohjefj_0036,v_l87qohjefj,1,car,1914.22,564.745,11.44,39.63,0.2,453.3672,0.0002186377314814815,0
v_l87qohjefj_0036,v_l87qohjefj,9,motorcycle,109.225,523.745,35.47,14.87,0.0,527.4389,0.0002543590374228395,0
v_l87qohjefj_0036,v_l87qohjefj,9,motorcycle,825.845,547.065,42.35,13.19,0.0,558.5965,0.0002693848861882716,0
v_lbwq14v3yi_0040,v_lbwq14v3yi,1,car,61.705,535.85,86.63,36.7,359.5455,3179.321,0.0015332373649691357,0
v_lbwq14v3yi_0040,v_lbwq14v3yi,1,car,950.935,844.105,84.11,34.69,275.6,2917.7758999999996,0.0014071064332561727,0
v_lbwq14v3yi_0040,v_lbwq14v3yi,1,car,936.835,706.855,37.21,81.73,0.0,3041.1733000000004,0.0014666152102623458,0
v_lbwq14v3yi_0040,v_lbwq14v3yi,1,car,945.015,1060.92,39.85,35.92,270.0,1431.412,0.0006903028549382716,0
v_lbwq14v3yi_0040,v_lbwq14v3yi,1,car,953.605,957.665,40.57,95.51,0.0,3874.8407,0.0018686538869598767,0
v_lbwq14v3yi_0040,v_lbwq14v3yi,1,car,999.58,1067.345,36.54,25.23,359.4,921.9042,0.0004445911458333333,0
v_lbwq14v3yi_0040,v_lbwq14v3yi,1,car,1002.09,951.115,35.04,86.77,0.9,3040.4208,0.0014662523148148148,0
v_lbwq14v3yi_0040,v_lbwq14v3yi,1,car,1108.155,564.06,86.11,36.12,347.6,3110.2931999999996,0.0014999484953703702,0
v_lbwq14v3yi_0040,v_lbwq14v3yi,1,car,1262.57,531.9,85.8,35.82,0.0,3073.3559999999998,0.0014821354166666665,0
v_lbwq14v3yi_0040,v_lbwq14v3yi,1,car,1422.94,531.07,81.8,34.9,0.0,2854.8199999999997,0.0013767457561728394,0
v_lbwq14v3yi_0040,v_lbwq14v3yi,1,car,1652.3,532.935,91.7,34.59,0.0,3171.9030000000002,0.0015296600115740741,0
v_lbwq14v3yi_0040,v_lbwq14v3yi,1,car,1782.85,487.905,93.04,35.19,0.0,3274.0776,0.0015789340277777778,0
v_lbwq14v3yi_0040,v_lbwq14v3yi,4,minibus,982.445,759.665,82.39,38.19,278.1,3146.4741,0.0015173968460648148,0
v_lbwq14v3yi_0040,v_lbwq14v3yi,9,motorcycle,912.925,1065.24,12.75,29.12,1.5,371.28000000000003,0.00017905092592592593,0
v_lbwq14v3yi_0040,v_lbwq14v3yi,9,motorcycle,918.72,899.485,13.9,44.61,0.0,620.0790000000001,0.0002990350115740741,0
v_lbwq14v3yi_0040,v_lbwq14v3yi,9,motorcycle,939.59,635.715,13.7,43.13,32.5,590.881,0.0002849541859567901,0
v_lk67j0ha5d_0040,v_lk67j0ha5d,1,car,97.71,492.76,89.98,39.34,0.0,3539.8132000000005,0.001707085841049383,0
v_lk67j0ha5d_0040,v_lk67j0ha5d,1,car,837.515,518.365,89.55,36.21,0.0,3242.6055,0.0015637565104166667,0
v_lk67j0ha5d_0040,v_lk67j0ha5d,1,car,937.685,793.345,86.05,36.09,270.8,3105.5445,0.001497658420138889,0
v_lk67j0ha5d_0040,v_lk67j0ha5d,1,car,945.14,1005.605,82.24,34.97,269.2,2875.9327999999996,0.0013869274691358023,0
v_lk67j0ha5d_0040,v_lk67j0ha5d,1,car,925.7,396.96,34.76,80.2,5.76,2787.752,0.0013444020061728396,0
v_lk67j0ha5d_0040,v_lk67j0ha5d,1,car,942.095,898.605,33.99,89.65,0.0,3047.2035000000005,0.0014695232928240744,0
v_lk67j0ha5d_0040,v_lk67j0ha5d,1,car,981.425,538.305,90.71,34.97,353.12,3172.1286999999998,0.0015297688560956789,0
v_lk67j0ha5d_0040,v_lk67j0ha5d,1,car,991.695,949.4,86.43,38.9,270.4,3362.127,0.0016213961226851851,0
v_lk67j0ha5d_0040,v_lk67j0ha5d,1,car,1000.305,727.99,89.77,39.28,275.0,3526.1656,0.0017005042438271603,0
v_lk67j0ha5d_0040,v_lk67j0ha5d,1,car,990.65,843.975,34.22,87.51,0.0,2994.5922,0.0014441513310185184,0
v_lk67j0ha5d_0040,v_lk67j0ha5d,1,car,1237.53,543.34,90.88,35.36,356.77,3213.5168,0.0015497283950617283,0
v_lk67j0ha5d_0040,v_lk67j0ha5d,1,car,1368.315,509.955,89.23,39.99,0.46,3568.3077000000003,0.0017208274016203705,0
v_lk67j0ha5d_0040,v_lk67j0ha5d,1,car,1719.995,565.76,98.15,37.56,355.9747,3686.5140000000006,0.0017778327546296299,0
v_lk67j0ha5d_0040,v_lk67j0ha5d,1,car,1874.55,516.57,90.9,38.04,0.0,3457.8360000000002,0.0016675520833333334,0
v_lk67j0ha5d_0040,v_lk67j0ha5d,7,truck,994.2,611.45,42.18,103.16,355.3,4351.2888,0.002098422453703704,0
v_lk67j0ha5d_0040,v_lk67j0ha5d,9,motorcycle,903.435,231.32,13.89,39.38,0.0,546.9882,0.0002637867476851852,0
v_lnz5vuvhh3_0048,v_lnz5vuvhh3,1,car,33.025,478.695,66.05,38.87,0.0,2567.3635,0.0012381189718364198,0
v_lnz5vuvhh3_0048,v_lnz5vuvhh3,1,car,154.125,489.36,105.37,42.9,0.0,4520.373,0.0021799638310185184,0
v_lnz5vuvhh3_0048,v_lnz5vuvhh3,1,car,265.03,541.33,103.34,39.64,0.0,4096.3976,0.0019755003858024692,0
v_lnz5vuvhh3_0048,v_lnz5vuvhh3,1,car,376.495,538.61,104.33,44.2,0.0,4611.386,0.00222385513117284,0
v_lnz5vuvhh3_0048,v_lnz5vuvhh3,1,car,451.635,487.225,102.73,42.15,0.0,4330.0695,0.0020881893807870367,0
v_lnz5vuvhh3_0048,v_lnz5vuvhh3,1,car,572.685,544.345,98.29,37.77,359.7,3712.4133000000006,0.001790322771990741,0
v_lnz5vuvhh3_0048,v_lnz5vuvhh3,1,car,573.47,487.105,96.44,38.87,0.0,3748.6227999999996,0.0018077849151234566,0
v_lnz5vuvhh3_0048,v_lnz5vuvhh3,1,car,703.895,494.31,97.71,40.5,0.0,3957.2549999999997,0.0019083984375,0
v_lnz5vuvhh3_0048,v_lnz5vuvhh3,1,car,710.635,549.81,93.33,35.46,359.5,3309.4818,0.0015960078125,0
v_lnz5vuvhh3_0048,v_lnz5vuvhh3,1,car,803.51,491.35,95.22,41.06,0.0,3909.7332,0.0018854809027777778,0
v_lnz5vuvhh3_0048,v_lnz5vuvhh3,1,car,848.545,549.09,91.51,36.24,0.8,3316.3224000000005,0.0015993067129629632,0
v_lnz5vuvhh3_0048,v_lnz5vuvhh3,1,car,917.68,674.63,39.74,95.7,0.0,3803.1180000000004,0.0018340653935185187,0
v_lnz5vuvhh3_0048,v_lnz5vuvhh3,1,car,923.06,836.61,41.7,96.64,0.0,4029.8880000000004,0.0019434259259259261,0
v_lnz5vuvhh3_0048,v_lnz5vuvhh3,1,car,922.625,979.96,37.81,95.2,0.0,3599.512,0.0017358757716049384,0
v_lnz5vuvhh3_0048,v_lnz5vuvhh3,1,car,956.735,544.385,92.07,37.35,359.8,3438.8145,0.00165837890625,0
v_lnz5vuvhh3_0048,v_lnz5vuvhh3,1,car,1049.88,531.77,36.54,82.96,34.2,3031.3583999999996,0.0014618819444444443,0
v_lnz5vuvhh3_0048,v_lnz5vuvhh3,1,car,1143.585,493.845,36.85,87.81,81.6,3235.7985000000003,0.0015604738136574077,0
v_lnz5vuvhh3_0048,v_lnz5vuvhh3,1,car,1173.81,539.35,88.52,35.38,359.7,3131.8376000000003,0.0015103383487654323,0
v_lnz5vuvhh3_0048,v_lnz5vuvhh3,1,car,1267.86,492.585,86.1,37.65,2.0,3241.6649999999995,0.0015633029513888886,0
v_lnz5vuvhh3_0048,v_lnz5vuvhh3,1,car,1392.46,449.05,95.16,41.46,1.9,3945.3336,0.0019026493055555554,0
v_lnz5vuvhh3_0048,v_lnz5vuvhh3,1,car,1401.425,563.46,88.85,37.8,0.1,3358.5299999999997,0.0016196614583333332,0
v_lnz5vuvhh3_0048,v_lnz5vuvhh3,1,car,1468.045,495.385,91.97,38.09,359.0,3503.1373000000003,0.0016893987750771606,0
v_lnz5vuvhh3_0048,v_lnz5vuvhh3,1,car,1524.055,548.17,40.25,87.68,90.9,3529.1200000000003,0.0017019290123456792,0
v_lnz5vuvhh3_0048,v_lnz5vuvhh3,1,car,1638.43,512.015,91.68,38.97,7.7,3572.7696,0.0017229791666666667,0
v_lnz5vuvhh3_0048,v_lnz5vuvhh3,1,car,1843.15,489.025,103.52,44.95,359.8,4653.224,0.0022440316358024693,0
v_lnz5vuvhh3_0048,v_lnz5vuvhh3,4,minibus,308.88,481.865,117.64,40.43,0.0,4756.1852,0.0022936849922839506,0
v_lnz5vuvhh3_0048,v_lnz5vuvhh3,4,minibus,1895.15,551.69,49.7,37.18,0.1,1847.846,0.000891129436728395,0
v_lnz5vuvhh3_0048,v_lnz5vuvhh3,5,bus,990.81,863.24,65.68,324.7,0.0,21326.296000000002,0.010284672067901235,0
v_lnz5vuvhh3_0048,v_lnz5vuvhh3,7,truck,956.75,491.67,102.34,39.4,0.0,4032.196,0.0019445389660493826,0
v_lyruee6zx3_0003,v_lyruee6zx3,1,car,136.19,496.41,107.62,41.72,0.0,4489.9064,0.0021652712191358022,0
v_lyruee6zx3_0003,v_lyruee6zx3,1,car,298.78,455.24,100.6,38.9,0.0,3913.3399999999997,0.0018872202932098763,0
v_lyruee6zx3_0003,v_lyruee6zx3,1,car,541.915,457.215,97.07,35.77,0.0,3472.1939,0.0016744762249228395,0
v_lyruee6zx3_0003,v_lyruee6zx3,1,car,879.96,581.155,39.82,89.81,351.4,3576.2342000000003,0.0017246499807098768,0
v_lyruee6zx3_0003,v_lyruee6zx3,1,car,903.22,1034.95,36.74,90.1,0.0,3310.274,0.0015963898533950616,0
v_lyruee6zx3_0003,v_lyruee6zx3,1,car,957.41,511.09,86.5,34.7,358.0,3001.55,0.00144750675154321,0
v_lyruee6zx3_0003,v_lyruee6zx3,1,car,971.84,448.805,82.8,38.41,0.0,3180.3479999999995,0.0015337326388888887,0
v_lyruee6zx3_0003,v_lyruee6zx3,1,car,959.575,605.89,37.07,88.48,0.0,3279.9536000000003,0.0015817677469135804,0
v_lyruee6zx3_0003,v_lyruee6zx3,1,car,965.17,993.435,36.08,87.53,0.0,3158.0824,0.0015229949845679011,0
v_lyruee6zx3_0003,v_lyruee6zx3,1,car,976.345,734.83,34.23,83.8,0.0,2868.4739999999997,0.0013833304398148147,0
v_lyruee6zx3_0003,v_lyruee6zx3,1,car,1139.51,478.695,38.82,85.37,79.92,3314.0634,0.0015982173032407408,0
v_lyruee6zx3_0003,v_lyruee6zx3,1,car,1781.62,532.385,91.28,35.53,0.0,3243.1784000000002,0.0015640327932098766,0
v_lyruee6zx3_0003,v_lyruee6zx3,4,minibus,905.535,701.98,37.09,88.8,0.0,3293.592,0.0015883449074074075,0
v_lyruee6zx3_0003,v_lyruee6zx3,4,minibus,1687.49,453.06,40.04,106.26,89.7,4254.6504,0.0020518182870370373,0
v_lyruee6zx3_0003,v_lyruee6zx3,9,motorcycle,710.605,499.355,43.39,10.95,0.0,475.1205,0.00022912832754629628,0
v_lyruee6zx3_0003,v_lyruee6zx3,9,motorcycle,1350.83,496.49,12.14,41.12,89.04,499.1968,0.00024073919753086418,0
v_m3cj8gi92l_0017,v_m3cj8gi92l,1,car,579.04,480.2,96.7,37.26,0.0,3603.042,0.001737578125,0
v_m3cj8gi92l_0017,v_m3cj8gi92l,1,car,897.57,897.82,34.7,88.8,0.0,3081.36,0.0014859953703703704,0
v_m3cj8gi92l_0017,v_m3cj8gi92l,1,car,902.21,1040.68,32.8,78.44,0.0,2572.832,0.0012407561728395061,0
v_m3cj8gi92l_0017,v_m3cj8gi92l,1,car,983.14,935.925,32.44,84.67,0.0,2746.6947999999998,0.0013246020447530862,0
v_m3cj8gi92l_0017,v_m3cj8gi92l,1,car,1214.93,486.25,94.46,35.16,0.0,3321.2135999999996,0.001601665509259259,0
v_m3cj8gi92l_0017,v_m3cj8gi92l,1,car,1451.61,551.78,93.44,37.18,1.0,3474.0992,0.001675395061728395,0
v_m3cj8gi92l_0017,v_m3cj8gi92l,1,car,1594.425,511.13,97.83,36.4,0.0,3561.0119999999997,0.0017173090277777777,0
v_m3cj8gi92l_0017,v_m3cj8gi92l,9,motorcycle,951.905,907.775,14.35,37.51,0.0,538.2684999999999,0.0002595816454475308,0
v_m3cj8gi92l_0017,v_m3cj8gi92l,9,motorcycle,954.77,968.04,14.0,37.5,0.0,525.0,0.00025318287037037036,0
v_m5g2y8vh0d_0047,v_m5g2y8vh0d,1,car,133.75,418.78,79.46,32.78,0.0,2604.6987999999997,0.001256124035493827,0
v_m5g2y8vh0d_0047,v_m5g2y8vh0d,1,car,286.64,464.65,78.7,33.56,0.0,2641.1720000000005,0.0012737133487654324,0
v_m5g2y8vh0d_0047,v_m5g2y8vh0d,1,car,438.86,414.96,87.3,32.7,0.0,2854.71,0.0013766927083333333,0
v_m5g2y8vh0d_0047,v_m5g2y8vh0d,1,car,446.94,513.455,86.04,32.93,0.0,2833.2972,0.0013663663194444444,0
v_m5g2y8vh0d_0047,v_m5g2y8vh0d,1,car,576.165,413.84,81.99,31.8,0.0,2607.2819999999997,0.0012573697916666666,0
v_m5g2y8vh0d_0047,v_m5g2y8vh0d,1,car,576.81,463.385,81.98,34.59,0.0,2835.6882000000005,0.0013675193865740744,0
v_m5g2y8vh0d_0047,v_m5g2y8vh0d,1,car,686.46,474.995,87.8,33.83,0.0,2970.274,0.0014324238040123456,0
v_m5g2y8vh0d_0047,v_m5g2y8vh0d,1,car,700.59,421.08,79.16,32.68,0.0,2586.9487999999997,0.0012475640432098765,0
v_m5g2y8vh0d_0047,v_m5g2y8vh0d,1,car,712.96,519.57,94.4,31.8,0.0,3001.92,0.0014476851851851853,0
v_m5g2y8vh0d_0047,v_m5g2y8vh0d,1,car,838.615,813.69,71.89,29.36,161.2,2110.6904,0.0010178869598765432,0
v_m5g2y8vh0d_0047,v_m5g2y8vh0d,1,car,931.285,718.495,81.61,30.71,89.24,2506.2431,0.0012086434702932099,0
v_m5g2y8vh0d_0047,v_m5g2y8vh0d,1,car,930.205,1054.555,51.75,30.95,90.1,1601.6625,0.0007724066840277778,0
v_m5g2y8vh0d_0047,v_m5g2y8vh0d,1,car,1008.04,940.86,32.08,71.8,0.0,2303.3439999999996,0.0011107947530864196,0
v_m5g2y8vh0d_0047,v_m5g2y8vh0d,1,car,1008.955,1056.59,31.93,46.82,0.0,1494.9626,0.0007209503279320988,0
v_m5g2y8vh0d_0047,v_m5g2y8vh0d,1,car,1012.855,810.725,34.17,83.39,356.94,2849.4363000000003,0.0013741494502314817,0
v_m5g2y8vh0d_0047,v_m5g2y8vh0d,1,car,1054.375,748.17,34.95,83.2,357.06,2907.84,0.0014023148148148148,0
v_m5g2y8vh0d_0047,v_m5g2y8vh0d,1,car,1350.7,296.61,75.96,34.3,0.0,2605.4279999999994,0.0012564756944444442,0
v_m5g2y8vh0d_0047,v_m5g2y8vh0d,1,car,1544.15,244.145,84.96,35.33,0.0,3001.6367999999998,0.001447548611111111,0
v_m5g2y8vh0d_0047,v_m5g2y8vh0d,2,van,1222.33,297.085,87.76,38.71,0.0,3397.1896,0.0016383051697530864,0
v_m5g2y8vh0d_0047,v_m5g2y8vh0d,4,minibus,1062.285,941.03,31.93,75.76,358.6,2419.0168000000003,0.0011665783179012348,0
v_m5g2y8vh0d_0047,v_m5g2y8vh0d,4,minibus,1551.735,160.5,97.89,39.06,0.0,3823.5834000000004,0.0018439348958333335,0
v_m5g2y8vh0d_0047,v_m5g2y8vh0d,4,minibus,1558.48,294.795,106.94,39.29,0.0,4201.6726,0.0020262695794753087,0
v_m5g2y8vh0d_0047,v_m5g2y8vh0d,9,motorcycle,198.475,482.045,50.27,11.59,0.0,582.6293000000001,0.00028097477816358025,0
v_m5g2y8vh0d_0047,v_m5g2y8vh0d,9,motorcycle,428.66,447.91,44.12,15.9,0.0,701.5079999999999,0.0003383043981481481,0
v_m5g2y8vh0d_0047,v_m5g2y8vh0d,9,motorcycle,1193.495,231.11,38.91,18.04,0.0,701.9363999999999,0.00033851099537037037,0
v_mbp49m4pdk_0037,v_mbp49m4pdk,1,car,237.79,447.075,97.56,36.49,0.0,3559.9644000000003,0.0017168038194444446,0
v_mbp49m4pdk_0037,v_mbp49m4pdk,1,car,497.175,445.135,99.09,37.67,0.0,3732.7203000000004,0.0018001158854166668,0
v_mbp49m4pdk_0037,v_mbp49m4pdk,1,car,916.455,313.855,104.97,39.11,295.59,4105.3767,0.0019798305844907407,0
v_mbp49m4pdk_0037,v_mbp49m4pdk,1,car,955.24,908.66,39.78,89.7,0.0,3568.266,0.0017208072916666667,0
v_mbp49m4pdk_0037,v_mbp49m4pdk,1,car,969.96,549.325,37.0,90.65,0.0,3354.05,0.0016175009645061729,0
v_mbp49m4pdk_0037,v_mbp49m4pdk,1,car,1196.665,497.205,91.37,35.87,0.0,3277.4419,0.0015805564718364196,0
v_mbp49m4pdk_0037,v_mbp49m4pdk,1,car,1451.325,460.225,86.57,35.07,359.2,3036.0098999999996,0.0014641251446759257,0
v_mbp49m4pdk_0037,v_mbp49m4pdk,1,car,1643.26,482.675,86.5,39.65,0.0,3429.725,0.0016539954668209876,0
v_mbp49m4pdk_0037,v_mbp49m4pdk,1,car,1781.08,537.22,93.0,35.54,0.0,3305.22,0.0015939525462962962,0
v_mbp49m4pdk_0037,v_mbp49m4pdk,2,van,660.62,448.41,70.7,32.06,0.0,2266.6420000000003,0.0010930951003086421,0
v_mh5rq9z6do_0028,v_mh5rq9z6do,1,car,661.05,516.45,35.48,90.9,267.6,3225.132,0.001555329861111111,0
v_mh5rq9z6do_0028,v_mh5rq9z6do,8,mototaxi,995.39,743.865,66.12,22.55,255.8,1491.006,0.0007190422453703704,0
v_mvy5ar09ro_0013,v_mvy5ar09ro,1,car,32.59,543.91,64.82,34.5,0.0,2236.29,0.0010784577546296295,0
v_mvy5ar09ro_0013,v_mvy5ar09ro,1,car,290.805,473.84,100.19,37.76,0.0,3783.1744,0.0018244475308641975,0
v_mvy5ar09ro_0013,v_mvy5ar09ro,1,car,990.17,627.3,36.24,109.1,0.8556,3953.784,0.001906724537037037,0
v_mvy5ar09ro_0013,v_mvy5ar09ro,1,car,992.34,779.905,38.6,96.47,5.925,3723.742,0.0017957860725308643,0
v_mvy5ar09ro_0013,v_mvy5ar09ro,1,car,1918.0,540.495,4.0,38.11,0.0,152.44,7.351466049382715e-05,0
v_mvy5ar09ro_0013,v_mvy5ar09ro,9,motorcycle,1013.16,845.25,10.1,46.4,5.7,468.64,0.0002260030864197531,0
v_n1syss296d_0015,v_n1syss296d,1,car,133.905,516.235,99.07,58.61,0.0,5806.4927,0.002800199025848765,0
v_n1syss296d_0015,v_n1syss296d,1,car,1007.4,652.98,48.84,94.88,355.05,4633.9392,0.002234731481481481,0
v_n1syss296d_0015,v_n1syss296d,9,motorcycle,1005.305,483.44,44.65,23.72,0.0,1059.098,0.0005107532793209876,0
v_n1syss296d_0015,v_n1syss296d,9,motorcycle,1171.355,508.56,39.07,29.3,0.0,1144.751,0.0005520597029320987,0
v_n2pd1bhie3_0023,v_n2pd1bhie3,1,car,374.07,509.795,93.28,48.61,0.0,4534.3408,0.0021866998456790123,0
v_n3c9i6q2j2_0049,v_n3c9i6q2j2,1,car,1875.735,509.5,88.53,44.48,344.4,3937.8143999999998,0.001899023148148148,0
v_n3c9i6q2j2_0049,v_n3c9i6q2j2,8,mototaxi,19.175,512.98,27.17,37.98,268.5,1031.9166,0.0004976449652777777,0
v_n5ls4wz3qs_0030,v_n5ls4wz3qs,1,car,333.68,484.69,105.44,41.78,0.0,4405.2832,0.0021244614197530863,0
v_n5ls4wz3qs_0030,v_n5ls4wz3qs,1,car,490.38,492.96,90.5,40.0,0.0,3620.0,0.0017457561728395062,0
v_n5ls4wz3qs_0030,v_n5ls4wz3qs,1,car,902.145,629.26,37.07,87.18,0.0,3231.7626000000005,0.001558527488425926,0
v_n5ls4wz3qs_0030,v_n5ls4wz3qs,1,car,936.915,484.28,87.13,37.2,359.4,3241.236,0.0015630960648148147,0
v_n5ls4wz3qs_0030,v_n5ls4wz3qs,1,car,918.57,840.445,36.5,89.93,1.04,3282.445,0.0015829692322530866,0
v_n5ls4wz3qs_0030,v_n5ls4wz3qs,1,car,943.505,657.09,38.39,89.78,5.12,3446.6542,0.001662159625771605,0
v_n5ls4wz3qs_0030,v_n5ls4wz3qs,1,car,961.145,979.83,39.07,95.22,347.74,3720.2454,0.0017940998263888887,0
v_n5ls4wz3qs_0030,v_n5ls4wz3qs,1,car,1015.795,582.705,35.87,85.19,36.22,3055.7652999999996,0.0014736522472993826,0
v_n5ls4wz3qs_0030,v_n5ls4wz3qs,1,car,1153.89,485.225,88.14,37.71,0.19,3323.7594,0.0016028932291666665,0
v_n5ls4wz3qs_0030,v_n5ls4wz3qs,1,car,1325.195,500.455,91.77,39.17,355.5,3594.6309,0.0017335218460648148,0
v_n5ls4wz3qs_0030,v_n5ls4wz3qs,1,car,1509.645,540.045,89.33,41.59,0.0,3715.2347000000004,0.0017916834008487657,0
v_n5ls4wz3qs_0030,v_n5ls4wz3qs,1,car,1601.925,487.87,94.99,38.62,0.0,3668.5137999999997,0.0017691521026234566,0
v_n5ls4wz3qs_0030,v_n5ls4wz3qs,4,minibus,1869.035,502.725,101.93,44.63,357.1,4549.1359,0.0021938348283179012,0
v_n5ls4wz3qs_0030,v_n5ls4wz3qs,9,motorcycle,1778.505,549.3,42.27,13.12,357.9,554.5824,0.0002674490740740741,0
v_n897cnclxy_0007,v_n897cnclxy,1,car,875.97,488.245,106.42,45.99,0.0,4894.2558,0.0023602699652777778,0
v_njdxvi6q31_0026,v_njdxvi6q31,1,car,827.015,447.13,94.41,34.02,359.9,3211.8282000000004,0.0015489140625000002,0
v_njdxvi6q31_0026,v_njdxvi6q31,1,car,1059.4,563.55,105.3,35.9,0.0,3780.2699999999995,0.0018230468749999998,0
v_nos5a59nd1_0028,v_nos5a59nd1,1,car,554.845,505.545,35.61,88.63,89.4,3156.1142999999997,0.0015220458622685184,0
v_nos5a59nd1_0028,v_nos5a59nd1,1,car,693.395,541.78,31.33,68.8,77.4917,2155.504,0.0010394984567901233,0
v_nos5a59nd1_0028,v_nos5a59nd1,1,car,869.745,537.035,83.05,29.31,355.7,2434.1955,0.001173898292824074,0
v_nos5a59nd1_0028,v_nos5a59nd1,1,car,968.705,199.17,30.61,71.5,0.0,2188.615,0.0010554663387345679,0
v_nos5a59nd1_0028,v_nos5a59nd1,1,car,973.19,4.74,31.1,9.3,0.0,289.23,0.0001394820601851852,0
v_nos5a59nd1_0028,v_nos5a59nd1,1,car,974.845,920.785,30.11,81.31,0.0,2448.2441,0.0011806732735339506,0
v_nos5a59nd1_0028,v_nos5a59nd1,1,car,976.4,345.57,29.3,78.2,0.0,2291.26,0.0011049672067901235,0
v_nos5a59nd1_0028,v_nos5a59nd1,1,car,1314.955,510.82,91.11,31.2,2.744,2842.632,0.0013708680555555555,0
v_nos5a59nd1_0028,v_nos5a59nd1,1,car,1476.79,540.51,95.74,35.16,357.424,3366.2183999999993,0.0016233692129629625,0
v_nos5a59nd1_0028,v_nos5a59nd1,9,motorcycle,98.78,553.845,10.58,39.97,89.5,422.88259999999997,0.00020393643904320985,0
v_nos5a59nd1_0028,v_nos5a59nd1,9,motorcycle,941.17,952.37,10.6,39.86,358.7,422.51599999999996,0.00020375964506172837,0
v_nshmna89zd_0049,v_nshmna89zd,1,car,78.375,478.235,83.21,33.87,0.0,2818.3226999999997,0.0013591448206018517,0
v_nshmna89zd_0049,v_nshmna89zd,1,car,287.365,1009.535,86.75,36.55,0.0,3170.7124999999996,0.0015290858892746911,0
v_nshmna89zd_0049,v_nshmna89zd,1,car,331.885,287.02,35.05,81.0,269.62,2839.0499999999997,0.001369140625,0
v_nshmna89zd_0049,v_nshmna89zd,1,car,331.205,231.36,33.03,77.72,269.0,2567.0916,0.0012379878472222224,0
v_nshmna89zd_0049,v_nshmna89zd,1,car,467.645,307.705,34.95,83.01,269.62,2901.1995000000006,0.0013991124131944447,0
v_nshmna89zd_0049,v_nshmna89zd,1,car,568.88,1011.915,87.22,38.65,359.3,3371.053,0.0016257007137345679,0
v_nshmna89zd_0049,v_nshmna89zd,1,car,580.52,475.265,83.84,33.35,0.0,2796.0640000000003,0.0013484104938271606,0
v_nshmna89zd_0049,v_nshmna89zd,1,car,667.11,433.155,78.74,29.41,0.0,2315.7434,0.0011167744020061728,0
v_nshmna89zd_0049,v_nshmna89zd,1,car,925.175,695.905,34.91,98.91,358.0,3452.9480999999996,0.001665194878472222,0
v_nshmna89zd_0049,v_nshmna89zd,1,car,963.79,848.05,32.7,79.9,0.0,2612.7300000000005,0.0012599971064814817,0
v_nshmna89zd_0049,v_nshmna89zd,1,car,1093.01,316.68,78.6,39.06,0.0,3070.116,0.0014805729166666667,0
v_nshmna89zd_0049,v_nshmna89zd,1,car,1135.435,215.815,81.51,34.05,0.0,2775.4155,0.0013384526909722223,0
v_nshmna89zd_0049,v_nshmna89zd,1,car,1191.74,314.36,73.1,33.82,0.0,2472.2419999999997,0.001192246334876543,0
v_nshmna89zd_0049,v_nshmna89zd,1,car,1210.02,266.31,104.32,42.7,0.0,4454.464,0.002148179012345679,0
v_nshmna89zd_0049,v_nshmna89zd,1,car,1240.27,217.13,82.62,34.74,0.2,2870.2188,0.001384171875,0
v_nshmna89zd_0049,v_nshmna89zd,1,car,1296.435,314.815,87.45,36.57,0.0,3198.0465,0.001542267795138889,0
v_nshmna89zd_0049,v_nshmna89zd,1,car,1322.705,264.34,68.55,32.62,0.0,2236.1009999999997,0.0010783666087962962,0
v_nshmna89zd_0049,v_nshmna89zd,1,car,1332.5,214.425,84.3,37.25,0.0,3140.1749999999997,0.001514359085648148,0
v_nshmna89zd_0049,v_nshmna89zd,1,car,1500.06,213.685,96.3,41.03,0.0,3951.189,0.0019054730902777776,0
v_nshmna89zd_0049,v_nshmna89zd,1,car,1614.775,312.185,88.15,32.97,0.0,2906.3055,0.0014015747974537036,0
v_nshmna89zd_0049,v_nshmna89zd,1,car,1778.795,262.785,91.93,37.97,0.0,3490.5821,0.0016833439911265432,0
v_nshmna89zd_0049,v_nshmna89zd,4,minibus,349.46,436.635,103.92,34.55,0.0,3590.4359999999997,0.0017314988425925924,0
v_nshmna89zd_0049,v_nshmna89zd,7,truck,410.375,1019.31,150.29,55.08,0.0,8277.973199999999,0.0039920781249999995,0
v_nshmna89zd_0049,v_nshmna89zd,7,truck,637.35,381.88,122.6,42.28,0.0,5183.528,0.00249977237654321,0
v_nshmna89zd_0049,v_nshmna89zd,7,truck,731.325,468.555,80.47,29.73,0.0,2392.3731,0.0011537293113425926,0
v_nshmna89zd_0049,v_nshmna89zd,7,truck,1100.565,264.055,90.95,42.41,0.0,3857.1895,0.0018601415412808641,0
v_nshmna89zd_0049,v_nshmna89zd,7,truck,1539.26,262.7,112.1,46.2,0.0,5179.02,0.00249759837962963,0
v_nshmna89zd_0049,v_nshmna89zd,9,motorcycle,561.725,75.58,32.51,12.38,0.0,402.4738,0.0001940942322530864,0
v_nshmna89zd_0049,v_nshmna89zd,9,motorcycle,580.42,502.585,38.26,10.99,0.0,420.4774,0.0002027765239197531,0
v_nshmna89zd_0049,v_nshmna89zd,9,motorcycle,768.72,433.395,38.68,11.19,0.1,432.82919999999996,0.00020873321759259258,0
v_nshmna89zd_0049,v_nshmna89zd,9,motorcycle,1319.38,239.945,34.84,11.11,357.92,387.0724,0.00018666685956790125,0
v_nxo50y3em6_0017,v_nxo50y3em6,1,car,182.49,499.13,97.5,37.2,358.0,3627.0000000000005,0.0017491319444444446,0
v_nxo50y3em6_0017,v_nxo50y3em6,1,car,427.14,501.68,93.84,37.7,5.68,3537.7680000000005,0.0017060995370370372,0
v_nxo50y3em6_0017,v_nxo50y3em6,1,car,587.01,542.015,95.24,41.59,0.0,3961.0316000000003,0.0019102197145061729,0
v_nxo50y3em6_0017,v_nxo50y3em6,1,car,603.44,490.29,103.52,38.62,0.0,3997.9423999999995,0.0019280200617283949,0
v_nxo50y3em6_0017,v_nxo50y3em6,1,car,747.135,478.465,85.47,35.15,358.9,3004.2704999999996,0.0014488187210648146,0
v_nxo50y3em6_0017,v_nxo50y3em6,1,car,913.89,700.66,39.0,96.7,0.0,3771.3,0.001818721064814815,0
v_nxo50y3em6_0017,v_nxo50y3em6,1,car,917.68,884.43,39.2,111.52,0.0,4371.584,0.0021082098765432098,0
v_nxo50y3em6_0017,v_nxo50y3em6,1,car,967.73,1049.775,38.86,60.45,0.0,2349.087,0.0011328544560185185,0
v_nxo50y3em6_0017,v_nxo50y3em6,1,car,983.935,620.96,35.75,91.64,0.0,3276.13,0.0015799238040123456,0
v_nxo50y3em6_0017,v_nxo50y3em6,1,car,1010.1,482.925,87.12,39.57,0.0,3447.3384,0.0016624895833333333,0
v_nxo50y3em6_0017,v_nxo50y3em6,1,car,989.935,947.43,37.81,79.4,0.0,3002.1140000000005,0.001447778742283951,0
v_nxo50y3em6_0017,v_nxo50y3em6,1,car,1061.035,546.7,89.53,36.6,0.0,3276.7980000000002,0.0015802459490740742,0
v_nxo50y3em6_0017,v_nxo50y3em6,1,car,1150.96,474.65,91.48,37.76,2.1,3454.2848,0.0016658395061728394,0
v_nxo50y3em6_0017,v_nxo50y3em6,1,car,1225.66,541.275,83.2,34.37,0.0,2859.584,0.0013790432098765432,0
v_nxo50y3em6_0017,v_nxo50y3em6,1,car,1256.07,478.98,91.0,38.04,359.9,3461.64,0.001669386574074074,0
v_nxo50y3em6_0017,v_nxo50y3em6,1,car,1371.48,494.625,87.38,38.05,358.8,3324.8089999999997,0.0016033994020061726,0
v_nxo50y3em6_0017,v_nxo50y3em6,1,car,1409.725,538.725,87.63,36.11,0.8,3164.3192999999997,0.0015260027488425924,0
v_nxo50y3em6_0017,v_nxo50y3em6,1,car,1490.49,486.56,42.36,91.14,88.0851,3860.6904,0.0018618298611111112,0
v_nxo50y3em6_0017,v_nxo50y3em6,1,car,1624.16,542.73,111.38,40.74,359.1,4537.6212,0.0021882818287037036,0
v_nxo50y3em6_0017,v_nxo50y3em6,1,car,1617.48,487.44,36.56,93.4,89.1,3414.7040000000006,0.001646751543209877,0
v_nxo50y3em6_0017,v_nxo50y3em6,1,car,1745.34,480.105,97.68,39.93,359.8,3900.3624000000004,0.0018809618055555559,0
v_nxo50y3em6_0017,v_nxo50y3em6,1,car,1860.08,547.98,91.48,39.24,0.1,3589.6752,0.0017311319444444444,0
v_nxo50y3em6_0017,v_nxo50y3em6,1,car,1894.93,487.71,44.44,87.74,88.7,3899.1655999999994,0.0018803846450617281,0
v_nxo50y3em6_0017,v_nxo50y3em6,4,minibus,773.62,541.9,127.1,47.16,0.6,5994.035999999999,0.0028906423611111108,0
v_nxo50y3em6_0017,v_nxo50y3em6,4,minibus,980.98,818.975,36.38,96.51,0.0,3511.0338000000006,0.0016932068865740744,0
v_nxo50y3em6_0017,v_nxo50y3em6,7,truck,901.465,1021.58,45.53,116.84,0.0,5319.7252,0.0025654538966049384,0
v_o081kolynu_0021,v_o081kolynu,1,car,982.12,889.4,39.1,92.36,0.0,3611.2760000000003,0.0017415489969135804,0
v_o081kolynu_0021,v_o081kolynu,1,car,981.12,609.25,33.4,96.4,0.0,3219.76,0.0015527391975308643,0
v_o081kolynu_0021,v_o081kolynu,1,car,985.47,1002.7,37.4,95.1,0.0,3556.74,0.0017152488425925924,0
v_o081kolynu_0021,v_o081kolynu,1,car,990.53,779.13,39.1,89.8,0.0,3511.18,0.0016932773919753085,0
v_o081kolynu_0021,v_o081kolynu,1,car,1662.435,543.495,99.79,36.95,0.0,3687.2405000000003,0.0017781831114969137,0
v_o081kolynu_0021,v_o081kolynu,8,mototaxi,1073.97,495.22,67.44,28.92,0.0,1950.3648,0.0009405694444444445,0
v_ogseyflsei_0017,v_ogseyflsei,1,car,64.02,430.98,119.84,42.76,15.0571,5124.3584,0.002471237654320988,0
v_ogseyflsei_0017,v_ogseyflsei,9,motorcycle,1545.205,518.17,55.79,18.7,0.0,1043.273,0.000503121624228395,0
v_oiye6mz0h7_0007,v_oiye6mz0h7,1,car,28.835,477.845,37.23,57.63,90.5,2145.5649,0.0010347052951388887,0
v_oiye6mz0h7_0007,v_oiye6mz0h7,1,car,738.575,519.13,35.47,85.42,80.55,3029.8474,0.0014611532600308642,0
v_oiye6mz0h7_0007,v_oiye6mz0h7,1,car,946.605,272.01,34.45,86.8,2.4,2990.26,0.001442062114197531,0
v_oiye6mz0h7_0007,v_oiye6mz0h7,1,car,982.13,156.15,41.04,98.94,340.8,4060.4975999999997,0.0019581875,0
v_oiye6mz0h7_0007,v_oiye6mz0h7,1,car,1410.015,497.145,101.75,37.81,359.1,3847.1675,0.0018553084008487654,0
v_oiye6mz0h7_0007,v_oiye6mz0h7,1,car,1478.38,563.37,93.9,38.0,354.0,3568.2000000000003,0.001720775462962963,0
v_ombin10joq_0017,v_ombin10joq,1,car,105.6,488.17,90.8,33.6,0.0,3050.88,0.0014712962962962963,0
v_ombin10joq_0017,v_ombin10joq,1,car,296.21,516.155,96.38,35.75,0.0,3445.585,0.0016616440007716049,0
v_ombin10joq_0017,v_ombin10joq,1,car,520.215,477.34,94.09,39.1,358.9,3678.9190000000003,0.0017741700424382717,0
v_ombin10joq_0017,v_ombin10joq,1,car,705.045,481.21,95.31,35.62,0.0,3394.9422,0.0016372213541666666,0
v_ombin10joq_0017,v_ombin10joq,1,car,944.705,461.055,106.67,39.81,355.24,4246.532700000001,0.002047903501157408,0
v_ombin10joq_0017,v_ombin10joq,1,car,990.815,316.685,103.13,41.27,289.74,4256.1751,0.0020525535783179013,0
v_ombin10joq_0017,v_ombin10joq,1,car,995.54,44.895,88.78,41.27,271.0,3663.9506,0.0017669514853395063,0
v_ombin10joq_0017,v_ombin10joq,1,car,975.68,578.69,40.5,101.1,0.0,4094.5499999999997,0.001974609375,0
v_ombin10joq_0017,v_ombin10joq,8,mototaxi,989.69,517.38,66.68,24.9,2.0667,1660.332,0.0008007002314814816,0
v_onwdxdo1bs_0035,v_onwdxdo1bs,1,car,855.215,498.425,99.85,44.67,0.0,4460.2995,0.0021509932002314815,0
v_orw9zvkgmm_0014,v_orw9zvkgmm,1,car,123.2,490.51,89.98,39.34,0.0,3539.8132000000005,0.001707085841049383,0
v_orw9zvkgmm_0014,v_orw9zvkgmm,1,car,369.54,545.69,94.04,39.4,359.1,3705.176,0.001786832561728395,0
v_orw9zvkgmm_0014,v_orw9zvkgmm,1,car,917.515,395.84,37.67,94.42,9.26,3556.8014000000003,0.001715278452932099,0
v_orw9zvkgmm_0014,v_orw9zvkgmm,1,car,944.025,1007.765,82.23,34.97,269.2,2875.5831,0.0013867588252314813,0
v_orw9zvkgmm_0014,v_orw9zvkgmm,1,car,941.67,899.27,33.98,89.66,0.0,3046.6467999999995,0.0014692548225308639,0
v_orw9zvkgmm_0014,v_orw9zvkgmm,1,car,969.6,538.525,76.88,33.11,0.0,2545.4968,0.0012275736882716049,0
v_orw9zvkgmm_0014,v_orw9zvkgmm,1,car,991.195,949.3,86.43,38.9,270.4,3362.127,0.0016213961226851851,0
v_orw9zvkgmm_0014,v_orw9zvkgmm,1,car,998.205,722.38,89.77,39.28,275.0,3526.1656,0.0017005042438271603,0
v_orw9zvkgmm_0014,v_orw9zvkgmm,1,car,989.48,843.975,34.22,87.51,0.0,2994.5922,0.0014441513310185184,0
v_orw9zvkgmm_0014,v_orw9zvkgmm,1,car,1112.16,500.835,83.48,34.71,0.0,2897.5908000000004,0.0013973721064814816,0
v_orw9zvkgmm_0014,v_orw9zvkgmm,1,car,1243.675,537.08,86.05,36.08,0.0,3104.6839999999997,0.0014972434413580247,0
v_orw9zvkgmm_0014,v_orw9zvkgmm,1,car,1573.3,513.265,95.2,36.21,0.0,3447.192,0.0016624189814814815,0
v_orw9zvkgmm_0014,v_orw9zvkgmm,7,truck,674.52,530.125,98.1,37.75,0.0,3703.2749999999996,0.001785915798611111,0
v_orw9zvkgmm_0014,v_orw9zvkgmm,7,truck,985.61,397.25,42.18,109.82,359.2,4632.2076,0.002233896412037037,0
v_ovul7e0w8r_0028,v_ovul7e0w8r,1,car,601.025,492.58,100.67,38.4,0.0,3865.728,0.0018642592592592593,0
v_ovul7e0w8r_0028,v_ovul7e0w8r,1,car,867.97,460.765,123.88,38.29,0.0,4743.365199999999,0.002287502507716049,0
v_ovul7e0w8r_0028,v_ovul7e0w8r,1,car,1108.03,507.815,87.28,37.53,0.3,3275.6184000000003,0.0015796770833333335,0
v_ovul7e0w8r_0028,v_ovul7e0w8r,1,car,1433.3,525.99,96.58,41.36,1.8,3994.5488,0.001926383487654321,0
v_ovul7e0w8r_0028,v_ovul7e0w8r,1,car,1623.56,556.15,91.4,34.8,1.5,3180.72,0.001533912037037037,0
v_ovul7e0w8r_0028,v_ovul7e0w8r,3,microbus,271.42,545.815,213.44,57.89,359.42,12356.0416,0.005958739197530864,0
v_ovul7e0w8r_0028,v_ovul7e0w8r,8,mototaxi,1592.335,486.78,64.99,25.92,0.8,1684.5408,0.000812375,0
v_ovul7e0w8r_0028,v_ovul7e0w8r,9,motorcycle,1261.135,551.23,52.49,15.1,0.0,792.599,0.0003822333140432099,0
v_ow21xl0j8b_0014,v_ow21xl0j8b,1,car,660.17,467.51,99.4,37.6,0.0,3737.4400000000005,0.0018023919753086422,0
v_ow21xl0j8b_0014,v_ow21xl0j8b,1,car,900.21,400.585,87.36,40.73,0.7,3558.1728,0.0017159398148148147,0
v_ow21xl0j8b_0014,v_ow21xl0j8b,1,car,1658.74,526.04,39.34,109.14,93.42,4293.5676,0.002070586226851852,0
v_ow21xl0j8b_0014,v_ow21xl0j8b,8,mototaxi,1042.845,514.73,62.29,26.2,0.0,1631.9979999999998,0.0007870360725308641,0
v_ow21xl0j8b_0014,v_ow21xl0j8b,9,motorcycle,119.71,470.77,47.48,20.32,0.0,964.7936,0.00046527469135802465,0
v_ox8c8upqpj_0031,v_ox8c8upqpj,1,car,103.775,555.795,88.19,37.89,0.0,3341.5191,0.0016114578993055555,0
v_ox8c8upqpj_0031,v_ox8c8upqpj,1,car,206.345,488.115,37.23,96.95,94.2,3609.4485,0.0017406676793981482,0
v_ox8c8upqpj_0031,v_ox8c8upqpj,1,car,972.12,167.71,35.98,94.5,3.1,3400.1099999999997,0.0016397135416666665,0
v_ox8c8upqpj_0031,v_ox8c8upqpj,1,car,981.96,33.405,33.08,66.81,7.1,2210.0748,0.0010658153935185185,0
v_oxn1ezy3cr_0001,v_oxn1ezy3cr,8,mototaxi,1586.44,495.1,66.12,22.56,0.0,1491.6672,0.0007193611111111112,0
v_p3goz5vvrj_0008,v_p3goz5vvrj,1,car,124.77,509.18,103.66,36.0,0.0,3731.7599999999998,0.0017996527777777776,0
v_p3goz5vvrj_0008,v_p3goz5vvrj,1,car,971.185,458.07,39.95,87.54,0.0,3497.2230000000004,0.0016865465856481484,0
v_p3goz5vvrj_0008,v_p3goz5vvrj,1,car,1355.95,488.725,88.22,37.55,0.0,3312.6609999999996,0.0015975409915123455,0
v_p3goz5vvrj_0008,v_p3goz5vvrj,1,car,1415.53,443.055,87.6,35.61,0.0,3119.4359999999997,0.0015043576388888888,0
v_p3goz5vvrj_0008,v_p3goz5vvrj,1,car,1541.765,530.17,34.55,90.54,90.0,3128.157,0.0015085633680555555,0
v_p95655ode0_0008,v_p95655ode0,1,car,1313.585,500.17,36.63,88.6,67.0,3245.418,0.0015651128472222223,0
v_patj5eslks_0029,v_patj5eslks,1,car,403.085,243.475,28.47,74.85,268.6,2130.9795,0.0010276714409722222,0
v_patj5eslks_0029,v_patj5eslks,1,car,682.5,233.36,30.66,71.64,273.425,2196.4824,0.0010592604166666667,0
v_patj5eslks_0029,v_patj5eslks,1,car,852.975,220.305,30.63,77.47,322.6379,2372.9060999999997,0.0011443412905092591,0
v_patj5eslks_0029,v_patj5eslks,1,car,968.91,1063.985,27.6,31.97,0.0,882.372,0.00042552662037037033,0
v_patj5eslks_0029,v_patj5eslks,7,truck,847.025,342.34,35.31,131.6,331.8517,4646.796,0.0022409317129629632,0
v_patj5eslks_0029,v_patj5eslks,7,truck,926.15,957.0,43.6,180.5,0.0,7869.8,0.003795235339506173,0
v_patj5eslks_0029,v_patj5eslks,7,truck,974.83,750.31,34.9,133.4,359.58,4655.66,0.0022452064043209877,0
v_patj5eslks_0029,v_patj5eslks,7,truck,1404.28,233.405,123.5,35.59,0.0,4395.365000000001,0.0021196783371913584,0
v_pbu8a4tco7_0001,v_pbu8a4tco7,1,car,211.08,470.805,125.34,42.75,9.7,5358.285,0.0025840494791666666,0
v_pdb5up0n67_0008,v_pdb5up0n67,1,car,28.835,477.845,37.23,57.63,90.5,2145.5649,0.0010347052951388887,0
v_pdb5up0n67_0008,v_pdb5up0n67,1,car,431.28,537.61,95.36,37.82,357.62,3606.5152,0.001739253086419753,0
v_pdb5up0n67_0008,v_pdb5up0n67,1,car,962.195,638.85,34.45,86.8,358.29,2990.26,0.001442062114197531,0
v_pdb5up0n67_0008,v_pdb5up0n67,1,car,967.235,57.55,41.09,105.44,0.0,4332.5296,0.002089375771604938,0
v_pdb5up0n67_0008,v_pdb5up0n67,1,car,974.62,184.25,37.08,89.7,4.2,3326.076,0.0016040104166666668,0
v_pdb5up0n67_0008,v_pdb5up0n67,1,car,1097.91,227.44,41.04,92.44,289.6,3793.7376,0.0018295416666666666,0
v_pdb5up0n67_0008,v_pdb5up0n67,1,car,1477.17,561.23,93.9,38.0,356.3,3568.2000000000003,0.001720775462962963,0
v_pdb5up0n67_0008,v_pdb5up0n67,4,minibus,1355.715,508.33,101.99,37.52,0.0,3826.6648,0.0018454209104938272,0
v_pxbeekjz1j_0020,v_pxbeekjz1j,1,car,7.7,517.68,15.4,42.04,0.0,647.416,0.00031221836419753087,0
v_pxbeekjz1j_0020,v_pxbeekjz1j,1,car,622.26,512.425,103.8,49.93,0.0,5182.7339999999995,0.0024993894675925925,0
v_pybagppb4s_0014,v_pybagppb4s,1,car,423.37,516.37,75.72,27.82,0.0,2106.5304,0.0010158807870370371,0
v_pybagppb4s_0014,v_pybagppb4s,1,car,638.185,519.15,84.65,32.7,0.0,2768.0550000000003,0.0013349030671296297,0
v_pybagppb4s_0014,v_pybagppb4s,1,car,1000.11,546.345,89.78,30.47,354.275,2735.5966,0.0013192499035493827,0
v_pybagppb4s_0014,v_pybagppb4s,1,car,993.65,40.28,36.1,80.0,7.7,2888.0,0.0013927469135802469,0
v_pybagppb4s_0014,v_pybagppb4s,1,car,1362.495,516.16,95.83,33.3,356.85,3191.1389999999997,0.0015389366319444443,0
v_pybagppb4s_0014,v_pybagppb4s,1,car,1529.67,520.24,66.74,26.84,0.1,1791.3015999999998,0.0008638607253086419,0
v_pybagppb4s_0014,v_pybagppb4s,1,car,1759.59,496.7,91.42,34.42,0.0,3146.6764000000003,0.0015174944058641976,0
v_q26jh92rlw_0043,v_q26jh92rlw,1,car,53.095,527.86,81.13,47.44,0.0,3848.8071999999997,0.0018560991512345678,0
v_q26jh92rlw_0043,v_q26jh92rlw,1,car,357.165,509.955,93.49,40.47,0.0,3783.5402999999997,0.0018246239872685183,0
v_q26jh92rlw_0043,v_q26jh92rlw,1,car,713.245,503.35,45.85,104.42,274.0,4787.657,0.0023088623649691357,0
v_q26jh92rlw_0043,v_q26jh92rlw,1,car,945.79,591.82,44.6,101.86,331.3667,4542.956,0.002190854552469136,0
v_q26jh92rlw_0043,v_q26jh92rlw,1,car,1008.095,850.675,50.23,89.35,0.0,4488.050499999999,0.0021643762056327157,0
v_q26jh92rlw_0043,v_q26jh92rlw,1,car,1677.185,511.4,107.69,47.44,359.8,5108.8135999999995,0.0024637411265432097,0
v_q2wru9u253_0025,v_q2wru9u253,1,car,1001.44,788.995,34.14,90.79,0.0,3099.5706000000005,0.001494777488425926,0
v_q2wru9u253_0025,v_q2wru9u253,7,truck,1007.31,665.04,38.86,122.56,350.7,4762.6816,0.002296817901234568,0
v_q2xw9bmkzp_0037,v_q2xw9bmkzp,1,car,532.47,1017.305,77.74,35.87,0.0,2788.5337999999997,0.0013447790316358024,0
v_q2xw9bmkzp_0037,v_q2xw9bmkzp,1,car,879.365,392.34,38.17,86.5,349.04,3301.705,0.0015922574266975307,0
v_q2xw9bmkzp_0037,v_q2xw9bmkzp,1,car,912.06,899.785,36.7,83.95,0.0,3080.965,0.0014858048804012346,0
v_q2xw9bmkzp_0037,v_q2xw9bmkzp,1,car,916.23,666.33,32.34,77.3,0.0,2499.882,0.0012055758101851852,0
v_q2xw9bmkzp_0037,v_q2xw9bmkzp,1,car,941.25,520.255,33.82,76.87,353.1,2599.7434000000003,0.0012537342785493828,0
v_q2xw9bmkzp_0037,v_q2xw9bmkzp,1,car,960.995,816.575,37.99,82.25,0.0,3124.6775000000002,0.001506885368441358,0
v_q2xw9bmkzp_0037,v_q2xw9bmkzp,1,car,964.24,1001.32,37.14,86.2,0.0,3201.4680000000003,0.0015439178240740743,0
v_q2xw9bmkzp_0037,v_q2xw9bmkzp,7,truck,479.5,128.41,96.32,46.78,0.5,4505.8496,0.0021729598765432095,0
v_q4drgeylry_0007,v_q4drgeylry,1,car,17.45,529.625,34.9,38.87,0.2,1356.5629999999999,0.0006542066936728395,0
v_q4drgeylry_0007,v_q4drgeylry,1,car,1285.73,516.175,94.46,40.67,1.4,3841.6882,0.0018526659915123456,0
v_qh610yk9yf_0048,v_qh610yk9yf,1,car,728.375,492.7,95.39,42.74,0.0,4076.9686,0.00196613069058642,0
v_qh610yk9yf_0048,v_qh610yk9yf,1,car,969.845,734.62,38.53,96.66,0.0,3724.3098,0.0017960598958333333,0
v_qh610yk9yf_0048,v_qh610yk9yf,1,car,996.19,606.915,38.22,86.15,1.7,3292.6530000000002,0.0015878920717592594,0
v_qh610yk9yf_0048,v_qh610yk9yf,1,car,1073.71,568.805,40.02,87.25,54.83,3491.7450000000003,0.0016839048032407408,0
v_qhoua2184j_0013,v_qhoua2184j,1,car,14.37,419.74,28.74,32.7,0.0,939.798,0.0004532204861111111,0
v_qhoua2184j_0013,v_qhoua2184j,1,car,77.48,513.1,84.4,32.72,0.0,2761.568,0.0013317746913580248,0
v_qhoua2184j_0013,v_qhoua2184j,1,car,126.23,414.96,83.6,33.42,0.0,2793.912,0.0013473726851851852,0
v_qhoua2184j_0013,v_qhoua2184j,1,car,177.135,520.175,91.63,34.15,0.0,3129.1645,0.0015090492380401234,0
v_qhoua2184j_0013,v_qhoua2184j,1,car,220.06,414.305,89.46,34.35,0.0,3072.951,0.0014819401041666668,0
v_qhoua2184j_0013,v_qhoua2184j,1,car,303.95,517.78,89.78,32.06,0.0,2878.3468000000003,0.0013880916280864198,0
v_qhoua2184j_0013,v_qhoua2184j,1,car,301.845,293.585,34.27,96.53,270.7,3308.0831000000003,0.0015953332851080249,0
v_qhoua2184j_0013,v_qhoua2184j,1,car,338.27,421.41,79.46,32.78,0.0,2604.6987999999997,0.001256124035493827,0
v_qhoua2184j_0013,v_qhoua2184j,1,car,371.385,470.09,79.43,30.1,0.0,2390.8430000000003,0.0011529914158950618,0
v_qhoua2184j_0013,v_qhoua2184j,1,car,462.59,416.965,87.3,32.71,0.0,2855.583,0.0013771137152777779,0
v_qhoua2184j_0013,v_qhoua2184j,1,car,483.01,468.035,78.7,33.57,0.0,2641.9590000000003,0.0012740928819444447,0
v_qhoua2184j_0013,v_qhoua2184j,1,car,575.445,516.3,82.43,33.16,0.0,2733.3788,0.001318180362654321,0
v_qhoua2184j_0013,v_qhoua2184j,1,car,577.78,464.995,81.98,34.59,0.0,2835.6882000000005,0.0013675193865740744,0
v_qhoua2184j_0013,v_qhoua2184j,1,car,577.885,415.855,81.99,31.79,0.0,2606.4620999999997,0.001256974392361111,0
v_qhoua2184j_0013,v_qhoua2184j,1,car,687.29,475.815,87.8,33.83,0.0,2970.274,0.0014324238040123456,0
v_qhoua2184j_0013,v_qhoua2184j,1,car,702.25,422.02,79.16,32.68,0.0,2586.9487999999997,0.0012475640432098765,0
v_qhoua2184j_0013,v_qhoua2184j,1,car,703.56,518.115,79.94,32.93,0.0,2632.4242,0.0012694946952160494,0
v_qhoua2184j_0013,v_qhoua2184j,1,car,837.965,814.8,71.89,29.36,161.2,2110.6904,0.0010178869598765432,0
v_qhoua2184j_0013,v_qhoua2184j,1,car,1319.805,248.155,79.31,35.33,359.3,2802.0223,0.0013512839023919754,0
v_qhoua2184j_0013,v_qhoua2184j,1,car,1349.725,299.045,75.97,34.29,0.0,2605.0113,0.0012562747395833333,0
v_qhoua2184j_0013,v_qhoua2184j,1,car,1421.98,246.985,84.8,34.35,0.0,2912.88,0.0014047453703703704,0
v_qhoua2184j_0013,v_qhoua2184j,1,car,1440.64,341.53,103.04,37.32,0.0,3845.4528000000005,0.0018544814814814817,0
v_qhoua2184j_0013,v_qhoua2184j,1,car,1580.99,342.765,99.74,38.17,0.0,3807.0758,0.0018359740547839506,0
v_qhoua2184j_0013,v_qhoua2184j,1,car,1614.6,292.64,87.02,35.6,0.0,3097.912,0.00149397762345679,0
v_qhoua2184j_0013,v_qhoua2184j,1,car,1687.84,243.815,87.54,35.43,0.0,3101.5422000000003,0.0014957282986111113,0
v_qhoua2184j_0013,v_qhoua2184j,1,car,1717.7,297.77,91.76,36.9,0.0,3385.944,0.0016328819444444444,0
v_qhoua2184j_0013,v_qhoua2184j,2,van,1222.15,297.455,87.76,38.71,0.0,3397.1896,0.0016383051697530864,0
v_qhoua2184j_0013,v_qhoua2184j,2,van,1548.885,246.765,105.13,36.11,0.0,3796.2443,0.001830750530478395,0
v_qhoua2184j_0013,v_qhoua2184j,4,minibus,219.455,467.67,82.79,30.2,0.0,2500.2580000000003,0.0012057571373456791,0
v_qhoua2184j_0013,v_qhoua2184j,4,minibus,1237.55,163.65,88.04,39.06,0.0,3438.8424000000005,0.0016583923611111114,0
v_qhoua2184j_0013,v_qhoua2184j,4,minibus,1488.14,295.495,100.7,39.29,0.0,3956.503,0.0019080357831790125,0
v_qhoua2184j_0013,v_qhoua2184j,7,truck,68.12,467.45,126.3,34.36,0.0,4339.668,0.0020928182870370367,0
v_qhoua2184j_0013,v_qhoua2184j,7,truck,437.16,517.52,136.0,41.26,0.0,5611.36,0.0027060956790123454,0
v_qhoua2184j_0013,v_qhoua2184j,7,truck,1261.67,344.75,114.58,35.0,0.0,4010.2999999999997,0.0019339795524691357,0
v_qhoua2184j_0013,v_qhoua2184j,7,truck,1833.23,293.53,123.2,39.52,0.0,4868.8640000000005,0.002348024691358025,0
v_qhoua2184j_0013,v_qhoua2184j,9,motorcycle,767.41,454.59,41.92,11.58,359.2,485.4336,0.00023410185185185185,0
v_qhoua2184j_0013,v_qhoua2184j,9,motorcycle,807.18,449.96,44.12,15.9,0.0,701.5079999999999,0.0003383043981481481,0
v_qhoua2184j_0013,v_qhoua2184j,9,motorcycle,1193.22,231.805,42.14,14.27,0.0,601.3378,0.0002899970100308642,0
v_qnqoa748uc_0026,v_qnqoa748uc,1,car,136.89,552.305,86.78,34.31,1.5,2977.4218,0.0014358708526234568,0
v_qnqoa748uc_0026,v_qnqoa748uc,1,car,474.04,557.565,101.44,34.47,0.7,3496.6367999999998,0.0016862638888888888,0
v_qnqoa748uc_0026,v_qnqoa748uc,1,car,561.525,497.44,35.61,88.62,89.4,3155.7582,0.0015218741319444446,0
v_qnqoa748uc_0026,v_qnqoa748uc,1,car,653.52,535.03,30.1,83.08,81.2,2500.708,0.001205974151234568,0
v_qnqoa748uc_0026,v_qnqoa748uc,1,car,789.45,543.88,31.72,80.1,76.6778,2540.772,0.0012252951388888888,0
v_qnqoa748uc_0026,v_qnqoa748uc,1,car,951.805,997.345,30.79,83.29,9.9,2564.4991,0.001236737606095679,0
v_qnqoa748uc_0026,v_qnqoa748uc,1,car,955.47,219.225,30.4,82.03,0.0,2493.712,0.0012026003086419753,0
v_qnqoa748uc_0026,v_qnqoa748uc,1,car,958.77,338.23,33.2,88.7,0.0,2944.84,0.0014201581790123457,0
v_qnqoa748uc_0026,v_qnqoa748uc,1,car,1016.835,529.35,81.19,30.2,354.3,2451.9379999999996,0.0011824546682098764,0
v_qnqoa748uc_0026,v_qnqoa748uc,1,car,1003.775,51.77,31.59,76.66,0.0,2421.6893999999998,0.0011678671874999999,0
v_qnqoa748uc_0026,v_qnqoa748uc,1,car,1007.065,990.385,32.89,82.29,358.0,2706.5181000000002,0.001305226707175926,0
v_qnqoa748uc_0026,v_qnqoa748uc,1,car,1010.39,323.2,33.46,83.4,0.0,2790.5640000000003,0.001345758101851852,0
v_qnqoa748uc_0026,v_qnqoa748uc,1,car,1190.715,550.695,84.79,31.15,352.4,2641.2085,0.0012737309510030864,0
v_qnqoa748uc_0026,v_qnqoa748uc,9,motorcycle,971.19,681.46,9.14,32.28,15.825,295.03920000000005,0.00014228356481481484,0
v_qzyxrmn7gg_0034,v_qzyxrmn7gg,1,car,566.535,512.645,93.87,40.45,0.0,3797.0415000000003,0.001831134982638889,0
v_qzyxrmn7gg_0034,v_qzyxrmn7gg,1,car,855.195,537.845,89.57,38.87,0.2,3481.5858999999996,0.0016790055459104936,0
v_r0bgvj4nuz_0039,v_r0bgvj4nuz,1,car,8.07,429.135,16.14,31.13,0.0,502.4382,0.0002423023726851852,0
v_r0bgvj4nuz_0039,v_r0bgvj4nuz,1,car,21.055,375.46,41.95,31.06,0.0,1302.967,0.0006283598572530864,0
v_r0bgvj4nuz_0039,v_r0bgvj4nuz,1,car,42.675,131.85,81.19,33.78,0.0,2742.5982,0.0013226264467592593,0
v_r0bgvj4nuz_0039,v_r0bgvj4nuz,1,car,98.12,1014.55,78.3,29.8,0.0,2333.34,0.0011252604166666668,0
v_r0bgvj4nuz_0039,v_r0bgvj4nuz,1,car,124.21,417.64,95.8,34.8,0.0,3333.8399999999997,0.0016077546296296296,0
v_r0bgvj4nuz_0039,v_r0bgvj4nuz,1,car,210.6,373.65,77.0,34.4,0.0,2648.7999999999997,0.001277391975308642,0
v_r0bgvj4nuz_0039,v_r0bgvj4nuz,1,car,228.055,426.35,83.99,29.8,359.8881,2502.902,0.0012070322145061728,0
v_r0bgvj4nuz_0039,v_r0bgvj4nuz,1,car,267.67,113.12,89.38,35.9,0.0,3208.7419999999997,0.0015474257330246911,0
v_r0bgvj4nuz_0039,v_r0bgvj4nuz,1,car,291.41,474.9,70.28,29.2,0.0,2052.176,0.0009896682098765432,0
v_r0bgvj4nuz_0039,v_r0bgvj4nuz,1,car,328.37,428.0,75.9,29.24,0.0,2219.3160000000003,0.0010702719907407408,0
v_r0bgvj4nuz_0039,v_r0bgvj4nuz,1,car,406.295,376.48,68.23,27.84,0.0,1899.5232,0.000916050925925926,0
v_r0bgvj4nuz_0039,v_r0bgvj4nuz,1,car,420.96,418.5,77.62,28.62,0.0,2221.4844000000003,0.0010713177083333334,0
v_r0bgvj4nuz_0039,v_r0bgvj4nuz,1,car,507.22,422.22,79.5,30.0,0.0,2385.0,0.0011501736111111111,0
v_r0bgvj4nuz_0039,v_r0bgvj4nuz,1,car,559.03,261.65,90.3,35.46,0.0,3202.038,0.0015441927083333334,0
v_r0bgvj4nuz_0039,v_r0bgvj4nuz,1,car,570.13,471.315,79.78,31.59,0.0,2520.2502,0.0012153984375,0
v_r0bgvj4nuz_0039,v_r0bgvj4nuz,1,car,583.34,307.595,72.42,27.19,0.0,1969.0998000000002,0.0009496044560185186,0
v_r0bgvj4nuz_0039,v_r0bgvj4nuz,1,car,610.42,425.28,78.8,30.8,0.0,2427.04,0.0011704475308641975,0
v_r0bgvj4nuz_0039,v_r0bgvj4nuz,1,car,633.47,123.93,90.1,32.7,8.8,2946.27,0.0014208478009259259,0
v_r0bgvj4nuz_0039,v_r0bgvj4nuz,1,car,661.95,373.08,78.6,33.8,0.0,2656.6799999999994,0.0012811921296296293,0
v_r0bgvj4nuz_0039,v_r0bgvj4nuz,1,car,710.72,236.82,89.3,29.4,4.3,2625.4199999999996,0.001266116898148148,0
v_r0bgvj4nuz_0039,v_r0bgvj4nuz,1,car,739.925,297.96,88.29,33.9,0.0,2993.031,0.0014433984375,0
v_r0bgvj4nuz_0039,v_r0bgvj4nuz,1,car,795.09,492.09,86.1,30.9,29.1333,2660.49,0.0012830295138888889,0
v_r0bgvj4nuz_0039,v_r0bgvj4nuz,1,car,837.83,655.11,71.2,27.5,85.2667,1958.0,0.0009442515432098765,0
v_r0bgvj4nuz_0039,v_r0bgvj4nuz,1,car,966.3,806.655,28.4,75.69,358.4,2149.596,0.0010366493055555556,0
v_r0bgvj4nuz_0039,v_r0bgvj4nuz,1,car,1059.31,389.06,97.16,33.62,0.0,3266.5191999999997,0.0015752889660493826,0
v_r0bgvj4nuz_0039,v_r0bgvj4nuz,1,car,1093.03,210.68,77.9,32.5,0.0,2531.75,0.00122094425154321,0
v_r0bgvj4nuz_0039,v_r0bgvj4nuz,1,car,1110.43,302.51,85.1,33.5,0.0,2850.85,0.001374831211419753,0
v_r0bgvj4nuz_0039,v_r0bgvj4nuz,1,car,1273.79,202.3,82.0,31.6,0.0,2591.2000000000003,0.0012496141975308643,0
v_r0bgvj4nuz_0039,v_r0bgvj4nuz,1,car,1389.89,246.75,81.2,34.2,0.0,2777.0400000000004,0.0013392361111111114,0
v_r0bgvj4nuz_0039,v_r0bgvj4nuz,1,car,1430.415,204.77,84.73,30.32,0.0,2569.0136,0.0012389147376543211,0
v_r0bgvj4nuz_0039,v_r0bgvj4nuz,1,car,1479.78,369.82,78.9,31.8,0.0,2509.0200000000004,0.0012099826388888891,0
v_r0bgvj4nuz_0039,v_r0bgvj4nuz,1,car,1578.415,251.64,99.47,34.2,0.0,3401.8740000000003,0.0016405642361111113,0
v_r0bgvj4nuz_0039,v_r0bgvj4nuz,1,car,1627.06,200.05,90.3,29.72,0.0,2683.716,0.001294230324074074,0
v_r0bgvj4nuz_0039,v_r0bgvj4nuz,1,car,1792.81,370.54,74.5,29.0,0.0,2160.5,0.0010419077932098766,0
v_r0bgvj4nuz_0039,v_r0bgvj4nuz,1,car,1862.445,191.86,87.49,30.5,0.0,2668.4449999999997,0.0012868658371913578,0
v_r0bgvj4nuz_0039,v_r0bgvj4nuz,2,van,1167.15,255.08,89.5,30.7,357.3,2747.65,0.0013250626929012346,0
v_r0bgvj4nuz_0039,v_r0bgvj4nuz,7,truck,24.56,475.045,49.12,30.51,0.0,1498.6512,0.0007227291666666667,0
v_r0bgvj4nuz_0039,v_r0bgvj4nuz,7,truck,76.1,214.615,88.26,40.67,0.0,3589.5342000000005,0.0017310639467592594,0
v_r0bgvj4nuz_0039,v_r0bgvj4nuz,7,truck,158.3,264.435,113.3,42.61,0.0,4827.713,0.0023281794945987653,0
v_r0bgvj4nuz_0039,v_r0bgvj4nuz,7,truck,1895.8,238.65,48.4,53.96,0.0,2611.6639999999998,0.001259483024691358,0
v_r0bgvj4nuz_0039,v_r0bgvj4nuz,9,motorcycle,206.78,484.83,48.1,11.68,8.64,561.808,0.00027093364197530864,0
v_r0bgvj4nuz_0039,v_r0bgvj4nuz,9,motorcycle,473.02,461.15,37.1,8.6,0.0,319.06,0.00015386766975308643,0
v_r0bgvj4nuz_0039,v_r0bgvj4nuz,9,motorcycle,690.34,480.42,39.7,6.9,348.78,273.93,0.00013210358796296296,0
v_r1nrqpv36y_0004,v_r1nrqpv36y,1,car,345.2,464.99,92.3,33.66,0.0,3106.8179999999998,0.0014982725694444444,0
v_r1nrqpv36y_0004,v_r1nrqpv36y,1,car,1058.67,499.99,100.8,39.24,0.0,3955.3920000000003,0.0019075000000000001,0
v_r1nrqpv36y_0004,v_r1nrqpv36y,1,car,1348.64,459.52,96.36,39.74,0.0,3829.3464000000004,0.0018467141203703705,0
v_r1nrqpv36y_0004,v_r1nrqpv36y,1,car,1725.83,479.505,89.9,35.51,0.0,3192.349,0.0015395201581790124,0
v_r1nrqpv36y_0004,v_r1nrqpv36y,3,microbus,84.95,528.24,169.9,45.38,0.0,7710.062000000001,0.003718201195987655,0
v_r1nrqpv36y_0004,v_r1nrqpv36y,9,motorcycle,1049.555,549.815,41.41,14.19,0.0,587.6079,0.0002833757233796296,0
v_r6tuihtpwu_0024,v_r6tuihtpwu,1,car,1260.015,542.905,116.93,49.93,0.0,5838.3149,0.0028155453800154323,0
v_r8j0we04o9_0000,v_r8j0we04o9,1,car,751.41,521.83,32.08,83.16,74.2,2667.7727999999997,0.0012865416666666665,0
v_r8j0we04o9_0000,v_r8j0we04o9,1,car,1015.48,750.51,82.1,31.46,277.7,2582.866,0.001245595100308642,0
v_r8j0we04o9_0000,v_r8j0we04o9,1,car,1019.745,38.22,30.11,75.36,0.0,2269.0896,0.001094275462962963,0
v_r8j0we04o9_0000,v_r8j0we04o9,1,car,1051.275,619.005,86.29,32.67,313.06,2819.0943,0.0013595169270833333,0
v_r8j0we04o9_0000,v_r8j0we04o9,1,car,1226.92,478.7,83.2,30.6,358.2,2545.92,0.0012277777777777777,0
v_r8j0we04o9_0000,v_r8j0we04o9,1,car,1403.23,515.655,83.28,33.55,358.5273,2794.044,0.0013474363425925926,0
v_r8j0we04o9_0000,v_r8j0we04o9,1,car,1536.66,506.955,87.54,33.63,0.0,2943.9702000000007,0.001419738715277778,0
v_r8j0we04o9_0000,v_r8j0we04o9,1,car,1731.29,507.33,92.8,31.46,0.0,2919.488,0.001407932098765432,0
v_r8j0we04o9_0000,v_r8j0we04o9,1,car,1892.95,506.11,54.1,31.2,0.0,1687.92,0.0008140046296296297,0
v_r8j0we04o9_0000,v_r8j0we04o9,7,truck,1236.3,529.125,153.9,45.67,351.9,7028.613,0.0033895703125,0
v_r8j0we04o9_0000,v_r8j0we04o9,9,motorcycle,944.91,646.07,7.0,28.9,352.5,202.29999999999998,9.755979938271605e-05,0
v_r8j0we04o9_0000,v_r8j0we04o9,9,motorcycle,1327.135,485.365,40.03,14.19,346.6,568.0257,0.00027393214699074077,0
v_r8j0we04o9_0000,v_r8j0we04o9,9,motorcycle,1737.945,471.035,51.11,15.33,0.0,783.5163,0.00037785315393518517,0
v_ra8sg41vpt_0010,v_ra8sg41vpt,1,car,271.59,525.565,113.0,44.67,0.0,5047.71,0.002434273726851852,0
v_ra8sg41vpt_0010,v_ra8sg41vpt,1,car,1338.455,494.69,105.11,51.24,0.0,5385.8364,0.002597336226851852,0
v_rbpb03jmmz_0025,v_rbpb03jmmz,1,car,200.67,426.2,71.9,31.9,0.0,2293.61,0.00110610050154321,0
v_rbpb03jmmz_0025,v_rbpb03jmmz,1,car,499.525,367.35,82.51,31.54,0.0,2602.3654,0.0012549987461419755,0
v_rbpb03jmmz_0025,v_rbpb03jmmz,1,car,918.425,843.595,28.47,75.49,0.0,2149.2003,0.0010364584780092592,0
v_rbpb03jmmz_0025,v_rbpb03jmmz,1,car,970.985,860.88,30.65,71.64,0.0,2195.766,0.0010589149305555556,0
v_rbpb03jmmz_0025,v_rbpb03jmmz,1,car,971.795,960.02,30.63,77.46,0.0,2372.5997999999995,0.0011441935763888886,0
v_rbpb03jmmz_0025,v_rbpb03jmmz,1,car,1836.74,357.385,94.68,33.79,355.8,3199.2372,0.001542842013888889,0
v_rbpb03jmmz_0025,v_rbpb03jmmz,2,van,524.63,466.455,102.82,34.19,0.0,3515.4157999999993,0.001695320119598765,0
v_rbpb03jmmz_0025,v_rbpb03jmmz,7,truck,27.95,112.27,55.9,36.14,0.0,2020.2259999999999,0.0009742602237654321,0
v_rbpb03jmmz_0025,v_rbpb03jmmz,7,truck,918.91,980.915,35.3,131.59,0.0,4645.1269999999995,0.002240126832561728,0
v_rbpb03jmmz_0025,v_rbpb03jmmz,7,truck,1046.845,66.785,93.69,34.39,352.9809,3221.9991,0.0015538190104166666,0
v_rbpb03jmmz_0025,v_rbpb03jmmz,9,motorcycle,55.33,51.44,41.1,11.54,358.4,474.294,0.00022872974537037035,0
v_rdl3k590t8_0004,v_rdl3k590t8,1,car,298.155,481.185,110.81,35.13,0.0,3892.7553000000003,0.0018772932581018519,0
v_rdl3k590t8_0004,v_rdl3k590t8,1,car,694.63,484.25,107.9,38.3,0.0,4132.57,0.001992944637345679,0
v_rdl3k590t8_0004,v_rdl3k590t8,1,car,752.57,544.025,101.16,38.17,1.3,3861.2772,0.0018621128472222223,0
v_rdl3k590t8_0004,v_rdl3k590t8,1,car,828.07,488.15,98.58,33.8,0.0,3332.0039999999995,0.0016068692129629627,0
v_rdl3k590t8_0004,v_rdl3k590t8,1,car,904.665,901.85,35.63,92.2,0.0,3285.0860000000002,0.001584242862654321,0
v_rdl3k590t8_0004,v_rdl3k590t8,1,car,906.47,1059.675,37.5,40.55,0.0,1520.625,0.000733326099537037,0
v_rdl3k590t8_0004,v_rdl3k590t8,1,car,942.58,213.855,33.3,82.51,0.0,2747.583,0.0013250303819444444,0
v_rdl3k590t8_0004,v_rdl3k590t8,1,car,954.77,680.215,34.1,89.27,1.8,3044.107,0.0014680299961419754,0
v_rdl3k590t8_0004,v_rdl3k590t8,1,car,965.07,1058.845,35.8,42.31,0.0,1514.6979999999999,0.000730467785493827,0
v_rdl3k590t8_0004,v_rdl3k590t8,1,car,985.6,937.855,32.44,87.99,0.0,2854.3956,0.0013765410879629629,0
v_rdl3k590t8_0004,v_rdl3k590t8,1,car,1114.59,507.425,33.4,91.73,67.9,3063.782,0.001477518325617284,0
v_rdl3k590t8_0004,v_rdl3k590t8,1,car,1220.54,488.135,102.14,37.91,0.0,3872.1274,0.0018673453896604938,0
v_rdl3k590t8_0004,v_rdl3k590t8,1,car,1239.425,546.54,32.63,88.0,87.5439,2871.44,0.001384760802469136,0
v_rdl3k590t8_0004,v_rdl3k590t8,1,car,1335.72,493.905,89.7,34.85,0.0,3126.045,0.001507544849537037,0
v_rdl3k590t8_0004,v_rdl3k590t8,1,car,1344.34,546.39,39.1,89.44,93.4,3497.104,0.001686489197530864,0
v_rdl3k590t8_0004,v_rdl3k590t8,1,car,1440.7,494.805,91.9,36.91,0.0,3392.029,0.0016358164544753087,0
v_rdl3k590t8_0004,v_rdl3k590t8,1,car,1568.58,496.975,113.24,39.81,0.0,4508.0844,0.0021740376157407407,0
v_rdl3k590t8_0004,v_rdl3k590t8,1,car,1638.43,555.4,33.5,91.52,89.0,3065.92,0.0014785493827160494,0
v_rdl3k590t8_0004,v_rdl3k590t8,1,car,1683.945,506.68,96.53,35.66,0.0,3442.2598,0.0016600404128086419,0
v_rdl3k590t8_0004,v_rdl3k590t8,1,car,1751.89,550.645,98.24,38.07,0.0,3739.9968,0.0018036249999999999,0
v_rdl3k590t8_0004,v_rdl3k590t8,1,car,1799.69,510.61,90.46,33.7,0.0,3048.502,0.0014701494984567902,0
v_rdl3k590t8_0004,v_rdl3k590t8,1,car,1862.83,567.655,92.56,32.51,1.2,3009.1256,0.0014511601080246914,0
v_rdl3k590t8_0004,v_rdl3k590t8,1,car,1894.555,504.31,50.89,35.16,0.0,1789.2923999999998,0.0008628917824074073,0
v_rdl3k590t8_0004,v_rdl3k590t8,3,microbus,1490.395,546.695,163.13,41.67,0.2,6797.6271,0.0032781766493055553,0
v_rdl3k590t8_0004,v_rdl3k590t8,9,motorcycle,1664.01,470.12,32.48,14.74,358.8,478.75519999999995,0.00023088117283950614,0
v_rdl3k590t8_0004,v_rdl3k590t8,9,motorcycle,1780.505,589.47,43.13,12.9,359.5,556.3770000000001,0.000268314525462963,0
v_rrpcqktcpy_0037,v_rrpcqktcpy,1,car,207.4,500.115,27.3,81.75,88.7125,2231.775,0.0010762803819444446,0
v_rrpcqktcpy_0037,v_rrpcqktcpy,1,car,260.485,560.64,33.15,72.26,86.3,2395.419,0.0011551982060185185,0
v_rrpcqktcpy_0037,v_rrpcqktcpy,1,car,511.06,556.635,86.12,31.33,0.6,2698.1396,0.001301186149691358,0
v_rrpcqktcpy_0037,v_rrpcqktcpy,1,car,773.5,500.195,80.04,31.11,359.7,2490.0444,0.0012008315972222223,0
v_rrpcqktcpy_0037,v_rrpcqktcpy,1,car,890.4,497.11,32.1,78.1,55.3889,2507.0099999999998,0.0012090133101851851,0
v_rrpcqktcpy_0037,v_rrpcqktcpy,1,car,1008.665,841.19,80.81,30.1,274.9,2432.3810000000003,0.0011730232445987655,0
v_rrpcqktcpy_0037,v_rrpcqktcpy,1,car,992.13,253.62,29.7,86.3,7.17,2563.1099999999997,0.0012360677083333332,0
v_rrpcqktcpy_0037,v_rrpcqktcpy,9,motorcycle,915.77,1014.095,12.4,40.49,30.4,502.076,0.00024212770061728396,0
v_rtswqmqtv8_0035,v_rtswqmqtv8,1,car,12.45,538.775,24.9,36.27,0.0,903.123,0.0004355338541666667,0
v_rtswqmqtv8_0035,v_rtswqmqtv8,1,car,127.67,492.74,89.98,39.34,0.0,3539.8132000000005,0.001707085841049383,0
v_rtswqmqtv8_0035,v_rtswqmqtv8,1,car,464.5,532.885,85.16,37.11,0.0,3160.2875999999997,0.001524058449074074,0
v_rtswqmqtv8_0035,v_rtswqmqtv8,1,car,911.315,532.95,87.83,37.86,0.0,3325.2437999999997,0.001603609085648148,0
v_rtswqmqtv8_0035,v_rtswqmqtv8,1,car,1125.5,517.405,78.9,34.23,0.0,2700.747,0.0013024435763888888,0
v_rtswqmqtv8_0035,v_rtswqmqtv8,4,minibus,995.565,987.735,32.69,82.51,0.0,2697.2519,0.0013007580536265433,0
v_rtswqmqtv8_0035,v_rtswqmqtv8,4,minibus,1454.905,509.375,87.19,31.57,0.0,2752.5883,0.0013274442033179013,0
v_rtswqmqtv8_0035,v_rtswqmqtv8,9,motorcycle,981.73,364.465,12.44,40.65,0.0,505.686,0.00024386863425925924,0
v_ruccqn4bj4_0021,v_ruccqn4bj4,1,car,311.58,489.905,97.94,40.55,0.0,3971.4669999999996,0.0019152522183641973,0
v_ruccqn4bj4_0021,v_ruccqn4bj4,1,car,487.23,492.195,98.2,37.71,359.7,3703.1220000000003,0.0017858420138888891,0
v_ruccqn4bj4_0021,v_ruccqn4bj4,1,car,550.915,548.105,94.71,38.09,0.0,3607.5039,0.0017397298900462964,0
v_ruccqn4bj4_0021,v_ruccqn4bj4,1,car,637.925,483.045,108.71,40.79,359.4,4434.2809,0.00213844565007716,0
v_ruccqn4bj4_0021,v_ruccqn4bj4,1,car,726.84,547.43,92.72,39.26,359.7,3640.1872,0.001755491512345679,0
v_ruccqn4bj4_0021,v_ruccqn4bj4,1,car,895.715,541.085,89.51,40.51,358.1,3626.0501,0.0017486738522376542,0
v_ruccqn4bj4_0021,v_ruccqn4bj4,1,car,916.175,109.39,38.15,92.5,0.0,3528.875,0.0017018108603395062,0
v_ruccqn4bj4_0021,v_ruccqn4bj4,1,car,921.21,22.43,38.88,44.86,0.0,1744.1568000000002,0.0008411250000000001,0
v_ruccqn4bj4_0021,v_ruccqn4bj4,1,car,923.865,217.355,35.89,85.09,0.0,3053.8801000000003,0.0014727431037808644,0
v_ruccqn4bj4_0021,v_ruccqn4bj4,1,car,975.08,53.945,37.9,94.89,0.0,3596.3309999999997,0.0017343417245370368,0
v_ruccqn4bj4_0021,v_ruccqn4bj4,1,car,1053.305,472.135,94.21,41.47,355.4,3906.8886999999995,0.0018841091338734565,0
v_ruccqn4bj4_0021,v_ruccqn4bj4,1,car,1086.02,550.72,40.26,88.5,55.3,3563.0099999999998,0.0017182725694444444,0
v_ruccqn4bj4_0021,v_ruccqn4bj4,1,car,1570.12,485.045,103.8,42.33,359.8,4393.853999999999,0.0021189496527777773,0
v_ruccqn4bj4_0021,v_ruccqn4bj4,1,car,1622.1,530.235,89.96,37.17,356.3,3343.8132,0.001612564236111111,0
v_ruccqn4bj4_0021,v_ruccqn4bj4,1,car,1731.325,491.2,90.19,40.0,0.0,3607.6,0.0017397762345679013,0
v_ruccqn4bj4_0021,v_ruccqn4bj4,1,car,1838.025,490.33,94.45,37.2,359.5,3513.5400000000004,0.0016944155092592594,0
v_ruccqn4bj4_0021,v_ruccqn4bj4,1,car,1863.38,559.6,39.08,96.1,86.9,3755.5879999999997,0.0018111439043209875,0
v_ruccqn4bj4_0021,v_ruccqn4bj4,4,minibus,1505.645,545.08,97.95,36.12,358.4,3537.9539999999997,0.001706189236111111,0
v_ruccqn4bj4_0021,v_ruccqn4bj4,7,truck,830.765,472.27,113.59,44.86,339.8,5095.6474,0.0024573916859567902,0
v_ruccqn4bj4_0021,v_ruccqn4bj4,9,motorcycle,991.985,952.175,15.05,42.57,0.0,640.6785,0.00030896918402777775,0
v_ruccqn4bj4_0021,v_ruccqn4bj4,9,motorcycle,1851.815,526.17,14.67,46.04,88.1,675.4068,0.0003257170138888889,0
v_rw91i4tfyy_0001,v_rw91i4tfyy,1,car,993.44,540.735,98.38,40.31,357.6,3965.6978,0.0019124700038580247,0
v_rw91i4tfyy_0001,v_rw91i4tfyy,9,motorcycle,850.84,506.35,55.38,15.84,349.28,877.2192,0.00042304166666666667,0
v_s4pu77g6f4_0047,v_s4pu77g6f4,1,car,122.94,118.25,76.24,35.34,0.5,2694.3216,0.0012993449074074075,0
v_s4pu77g6f4_0047,v_s4pu77g6f4,1,car,842.175,815.13,71.89,29.36,158.6414,2110.6904,0.0010178869598765432,0
v_s4pu77g6f4_0047,v_s4pu77g6f4,1,car,912.115,862.3,79.95,32.94,91.8,2633.553,0.0012700390625,0
v_s4pu77g6f4_0047,v_s4pu77g6f4,1,car,939.19,439.28,90.86,37.1,3.0,3370.906,0.0016256298225308641,0
v_s4pu77g6f4_0047,v_s4pu77g6f4,1,car,933.65,629.215,68.02,31.21,75.8667,2122.9042,0.0010237771026234568,0
v_s4pu77g6f4_0047,v_s4pu77g6f4,1,car,945.11,811.2,81.34,32.38,87.6,2633.7892,0.0012701529706790125,0
v_s4pu77g6f4_0047,v_s4pu77g6f4,1,car,1016.495,1026.615,31.45,86.25,0.0,2712.5625,0.0013081416377314814,0
v_s4pu77g6f4_0047,v_s4pu77g6f4,1,car,1016.9,912.515,26.8,75.87,0.0,2033.3160000000003,0.0009805729166666667,0
v_s4pu77g6f4_0047,v_s4pu77g6f4,1,car,1063.21,1007.435,32.6,83.49,0.0,2721.774,0.001312583912037037,0
v_s4pu77g6f4_0047,v_s4pu77g6f4,1,car,1062.505,906.85,29.85,87.18,0.0,2602.3230000000003,0.0012549782986111112,0
v_s4pu77g6f4_0047,v_s4pu77g6f4,1,car,1119.575,429.325,80.31,34.83,359.58,2797.1973,0.00134895703125,0
v_s4pu77g6f4_0047,v_s4pu77g6f4,1,car,1350.035,423.13,83.11,34.44,359.0,2862.3084,0.0013803570601851852,0
v_s4pu77g6f4_0047,v_s4pu77g6f4,1,car,1544.235,780.675,82.15,33.83,4.2,2779.1345,0.0013402461902006174,0
v_s4pu77g6f4_0047,v_s4pu77g6f4,1,car,1587.745,523.495,82.07,32.25,358.17,2646.7574999999997,0.0012764069733796294,0
v_s4pu77g6f4_0047,v_s4pu77g6f4,1,car,1585.94,468.105,75.88,33.17,0.0,2516.9396,0.0012138018904320987,0
v_s4pu77g6f4_0047,v_s4pu77g6f4,1,car,1775.5,251.01,81.54,34.3,0.0,2796.822,0.0013487760416666667,0
v_s4pu77g6f4_0047,v_s4pu77g6f4,1,car,1821.01,418.38,87.54,36.82,0.0,3223.2228000000005,0.0015544091435185188,0
v_s4pu77g6f4_0047,v_s4pu77g6f4,1,car,1852.495,470.01,80.31,34.78,0.0,2793.1818000000003,0.0013470205439814816,0
v_s4pu77g6f4_0047,v_s4pu77g6f4,7,truck,715.285,469.75,151.09,41.04,1.32,6200.7336,0.0029903229166666663,0
v_s7crh5bdy2_0011,v_s7crh5bdy2,1,car,1191.3,545.925,97.22,40.73,0.0,3959.7706,0.0019096115933641975,0
v_slduobww75_0044,v_slduobww75,1,car,575.895,479.925,91.91,36.91,0.0,3392.3980999999994,0.001635994454089506,0
v_slduobww75_0044,v_slduobww75,1,car,896.855,800.09,34.29,89.8,0.0,3079.2419999999997,0.0014849739583333332,0
v_slduobww75_0044,v_slduobww75,1,car,897.88,655.54,35.4,92.9,0.0,3288.66,0.001585966435185185,0
v_slduobww75_0044,v_slduobww75,1,car,963.22,543.665,98.24,38.07,0.0,3739.9968,0.0018036249999999999,0
v_slduobww75_0044,v_slduobww75,1,car,971.545,483.715,113.25,39.81,0.0,4508.4825,0.0021742296006944445,0
v_slduobww75_0044,v_slduobww75,1,car,972.74,151.9,97.3,36.9,278.8,3590.37,0.001731467013888889,0
v_slduobww75_0044,v_slduobww75,1,car,941.2,927.97,33.5,91.52,0.0,3065.92,0.0014785493827160494,0
v_slduobww75_0044,v_slduobww75,1,car,955.285,628.395,35.61,87.53,0.0,3116.9433,0.0015031555266203703,0
v_slduobww75_0044,v_slduobww75,1,car,956.42,770.73,34.6,83.5,0.0,2889.1,0.0013932773919753086,0
v_slduobww75_0044,v_slduobww75,1,car,985.565,938.965,32.43,84.67,0.0,2745.8481,0.0013241937210648148,0
v_slduobww75_0044,v_slduobww75,1,car,1256.545,505.71,96.53,35.66,0.0,3442.2598,0.0016600404128086419,0
v_slduobww75_0044,v_slduobww75,1,car,1254.675,554.685,92.55,32.51,1.2,3008.8005,0.0014510033275462963,0
v_slduobww75_0044,v_slduobww75,1,car,1616.385,507.75,90.45,33.7,0.0,3048.1650000000004,0.001469986979166667,0
v_slduobww75_0044,v_slduobww75,1,car,1736.4,501.64,96.7,37.26,0.0,3603.042,0.001737578125,0
v_slduobww75_0044,v_slduobww75,1,car,1888.285,502.44,63.43,35.16,0.0,2230.1987999999997,0.0010755202546296294,0
v_slduobww75_0044,v_slduobww75,3,microbus,362.105,522.56,163.13,41.68,2.8,6799.2584,0.003278963348765432,0
v_slduobww75_0044,v_slduobww75,7,truck,892.195,962.405,32.45,116.07,0.0,3766.4715,0.001816392505787037,0
v_slduobww75_0044,v_slduobww75,7,truck,899.405,1071.695,34.39,16.61,0.0,571.2179,0.00027547159529320986,0
v_slduobww75_0044,v_slduobww75,8,mototaxi,942.15,1064.44,28.7,31.12,0.0,893.144,0.00043072145061728395,0
v_slduobww75_0044,v_slduobww75,9,motorcycle,704.885,552.175,43.13,12.91,0.0,556.8083,0.0002685225212191358,0
v_slduobww75_0044,v_slduobww75,9,motorcycle,1543.495,567.285,42.35,13.19,0.0,558.5965,0.0002693848861882716,0
v_snkfiomqma_0036,v_snkfiomqma,1,car,729.16,1049.84,78.1,31.9,21.6,2491.39,0.0012014805169753085,0
v_snkfiomqma_0036,v_snkfiomqma,1,car,848.265,777.77,78.19,29.58,88.8,2312.8601999999996,0.0011153839699074072,0
v_snkfiomqma_0036,v_snkfiomqma,1,car,922.78,1019.37,30.4,76.6,0.0,2328.64,0.0011229938271604938,0
v_snkfiomqma_0036,v_snkfiomqma,1,car,924.52,927.79,28.7,73.3,0.0,2103.71,0.0010145206404320987,0
v_snkfiomqma_0036,v_snkfiomqma,1,car,967.605,870.195,31.07,70.19,0.0,2180.8033,0.0010516991222993828,0
v_snkfiomqma_0036,v_snkfiomqma,1,car,977.145,966.32,29.11,79.1,0.0,2302.6009999999997,0.0011104364390432098,0
v_snkfiomqma_0036,v_snkfiomqma,9,motorcycle,996.0,760.855,9.64,36.99,359.1,356.58360000000005,0.0001719635416666667,0
v_snkfiomqma_0036,v_snkfiomqma,9,motorcycle,997.595,850.385,10.69,37.39,355.2505,399.6991,0.00019275612461419752,0
v_snkfiomqma_0036,v_snkfiomqma,9,motorcycle,1386.12,208.04,38.32,15.76,0.0,603.9232,0.0002912438271604938,0
v_t0rcxiuav0_0037,v_t0rcxiuav0,1,car,1516.315,503.71,91.29,43.36,0.1,3958.3344,0.0019089189814814815,0
v_t6e5p362cw_0013,v_t6e5p362cw,1,car,562.31,508.975,92.34,36.37,0.0,3358.4058,0.0016196015625,0
v_t6e5p362cw_0013,v_t6e5p362cw,1,car,1601.8,465.965,83.18,36.53,0.0,3038.5654000000004,0.0014653575424382718,0
v_t8vcih7b0c_0048,v_t8vcih7b0c,1,car,860.73,480.7,37.32,80.88,41.1455,3018.4415999999997,0.0014556527777777777,0
v_t8vcih7b0c_0048,v_t8vcih7b0c,1,car,936.345,157.35,35.87,86.1,0.0,3088.4069999999997,0.0014893938078703703,0
v_t8vcih7b0c_0048,v_t8vcih7b0c,1,car,941.515,366.24,38.63,82.78,0.0,3197.7914,0.0015421447723765432,0
v_t8vcih7b0c_0048,v_t8vcih7b0c,1,car,990.38,478.705,34.94,75.65,0.0,2643.2110000000002,0.001274696662808642,0
v_t8vcih7b0c_0048,v_t8vcih7b0c,1,car,1206.935,512.725,84.61,36.13,0.0,3056.9593,0.0014742280574845678,0
v_t8vcih7b0c_0048,v_t8vcih7b0c,1,car,1428.91,532.515,91.26,35.27,0.0,3218.7402000000006,0.0015522473958333336,0
v_t8vcih7b0c_0048,v_t8vcih7b0c,1,car,1662.725,520.115,96.97,39.25,0.0,3806.0724999999998,0.0018354902102623455,0
v_t8vcih7b0c_0048,v_t8vcih7b0c,9,motorcycle,58.11,555.575,45.5,11.31,0.0,514.605,0.00024816984953703703,0
v_tbf39o7or8_0029,v_tbf39o7or8,1,car,198.755,532.775,94.75,39.45,0.0,3737.8875000000003,0.001802607783564815,0
v_tbf39o7or8_0029,v_tbf39o7or8,1,car,837.405,500.18,37.45,85.12,55.87,3187.7440000000006,0.0015372993827160496,0
v_tbf39o7or8_0029,v_tbf39o7or8,1,car,951.58,757.615,83.86,36.51,274.54,3061.7286,0.0014765280671296295,0
v_tbf39o7or8_0029,v_tbf39o7or8,1,car,938.455,949.22,35.87,86.1,0.0,3088.4069999999997,0.0014893938078703703,0
v_tbf39o7or8_0029,v_tbf39o7or8,1,car,979.61,1055.52,37.78,48.96,344.2,1849.7088,0.0008920277777777778,0
v_tbf39o7or8_0029,v_tbf39o7or8,1,car,992.76,223.505,36.9,92.25,0.0,3404.025,0.0016416015625,0
v_tbf39o7or8_0029,v_tbf39o7or8,1,car,1259.33,524.86,85.86,34.04,0.0,2922.6744,0.00140946875,0
v_tbf39o7or8_0029,v_tbf39o7or8,1,car,1591.69,531.56,92.0,34.6,0.0,3183.2000000000003,0.0015351080246913582,0
v_tbf39o7or8_0029,v_tbf39o7or8,7,truck,933.745,205.23,48.67,159.92,0.0,7783.3063999999995,0.003753523533950617,0
v_tgr757fi0p_0018,v_tgr757fi0p,1,car,91.385,445.77,119.97,44.8,0.0,5374.656,0.0025919444444444445,0
v_tgr757fi0p_0018,v_tgr757fi0p,1,car,386.215,452.925,101.91,42.57,0.0,4338.3087,0.0020921627604166665,0
v_tgr757fi0p_0018,v_tgr757fi0p,1,car,586.855,447.36,87.29,34.2,0.0,2985.3180000000007,0.0014396788194444448,0
v_tgr757fi0p_0018,v_tgr757fi0p,1,car,667.075,517.755,88.51,37.17,0.0,3289.9167,0.001586572482638889,0
v_tgr757fi0p_0018,v_tgr757fi0p,1,car,695.895,471.38,78.11,37.54,0.0,2932.2493999999997,0.001414086323302469,0
v_tgr757fi0p_0018,v_tgr757fi0p,1,car,800.39,468.525,91.5,38.85,0.0,3554.775,0.001714301215277778,0
v_tgr757fi0p_0018,v_tgr757fi0p,1,car,904.525,349.305,42.43,91.93,0.0,3900.5899000000004,0.0018810715181327162,0
v_tgr757fi0p_0018,v_tgr757fi0p,1,car,964.8,666.605,37.68,91.13,0.0,3433.7783999999997,0.0016559502314814813,0
v_tgr757fi0p_0018,v_tgr757fi0p,1,car,1098.71,453.925,90.74,38.15,0.0,3461.7309999999998,0.001669430459104938,0
v_tgr757fi0p_0018,v_tgr757fi0p,1,car,1198.365,454.885,89.61,37.97,0.0,3402.4917,0.0016408621238425925,0
v_tgr757fi0p_0018,v_tgr757fi0p,1,car,1307.235,459.48,87.51,37.02,0.0,3239.6202000000003,0.001562316840277778,0
v_tgr757fi0p_0018,v_tgr757fi0p,1,car,1415.725,526.37,93.47,36.56,0.0,3417.2632000000003,0.0016479857253086422,0
v_tgr757fi0p_0018,v_tgr757fi0p,1,car,1412.965,464.705,36.71,82.79,90.1,3039.2209000000003,0.00146567365933642,0
v_tgr757fi0p_0018,v_tgr757fi0p,1,car,1528.98,460.88,79.74,36.08,0.0,2877.0191999999997,0.0013874513888888888,0
v_tgr757fi0p_0018,v_tgr757fi0p,1,car,1556.27,513.82,101.4,44.14,0.0,4475.796,0.002158466435185185,0
v_tgr757fi0p_0018,v_tgr757fi0p,1,car,1674.675,448.84,42.31,94.1,89.0,3981.371,0.0019200284529320988,0
v_tgr757fi0p_0018,v_tgr757fi0p,1,car,1781.08,539.53,93.0,35.54,0.0,3305.22,0.0015939525462962962,0
v_tgr757fi0p_0018,v_tgr757fi0p,1,car,1792.33,449.26,95.74,39.64,0.0,3795.1335999999997,0.0018302148919753084,0
v_tgr757fi0p_0018,v_tgr757fi0p,1,car,1889.4,450.68,40.2,63.18,89.6,2539.8360000000002,0.00122484375,0
v_tgr757fi0p_0018,v_tgr757fi0p,1,car,1913.845,534.985,12.31,38.27,0.0,471.10370000000006,0.00022719121334876545,0
v_tgr757fi0p_0018,v_tgr757fi0p,4,minibus,960.255,70.59,40.29,102.06,0.0,4111.9974,0.0019830234375,0
v_tgr757fi0p_0018,v_tgr757fi0p,9,motorcycle,1912.12,498.52,13.68,16.32,89.5,223.2576,0.00010766666666666666,0
v_tpa7f4x6rz_0016,v_tpa7f4x6rz,1,car,115.47,551.19,86.08,32.84,1.16,2826.8672,0.0013632654320987654,0
v_tpa7f4x6rz_0016,v_tpa7f4x6rz,1,car,476.75,549.13,87.94,32.0,0.7,2814.08,0.0013570987654320987,0
v_tpa7f4x6rz_0016,v_tpa7f4x6rz,1,car,561.735,495.705,35.61,88.63,89.4,3156.1142999999997,0.0015220458622685184,0
v_tpa7f4x6rz_0016,v_tpa7f4x6rz,1,car,837.39,514.12,31.7,86.54,66.4091,2743.318,0.0013229735725308644,0
v_tpa7f4x6rz_0016,v_tpa7f4x6rz,1,car,1011.34,533.04,81.86,31.14,356.7,2549.1204000000002,0.0012293211805555558,0
v_tpa7f4x6rz_0016,v_tpa7f4x6rz,1,car,1021.87,778.365,32.9,78.03,357.8,2567.187,0.0012380338541666666,0
v_tpm3wmkwl7_0022,v_tpm3wmkwl7,1,car,737.615,509.86,71.89,29.36,357.8709,2110.6904,0.0010178869598765432,0
v_tpm3wmkwl7_0022,v_tpm3wmkwl7,1,car,1007.27,978.855,31.32,76.95,0.0,2410.074,0.001162265625,0
v_tpm3wmkwl7_0022,v_tpm3wmkwl7,1,car,1009.375,1073.005,33.63,13.99,0.0,470.48370000000006,0.0002268922164351852,0
v_tpm3wmkwl7_0022,v_tpm3wmkwl7,1,car,1059.86,994.81,31.32,80.3,0.0,2514.996,0.0012128645833333334,0
v_tpm3wmkwl7_0022,v_tpm3wmkwl7,1,car,1061.0,892.47,27.44,66.84,0.0,1834.0896000000002,0.0008844953703703704,0
v_tpm3wmkwl7_0022,v_tpm3wmkwl7,1,car,1561.1,495.44,79.1,31.04,0.0,2455.2639999999997,0.0011840586419753084,0
v_tpm3wmkwl7_0022,v_tpm3wmkwl7,7,truck,1059.565,1066.54,36.81,26.92,0.0,990.9252000000001,0.00047787673611111116,0
v_tpm3wmkwl7_0022,v_tpm3wmkwl7,8,mototaxi,1016.655,889.43,27.79,72.82,0.0,2023.6677999999997,0.0009759200424382715,0
v_tuyb2j2uk6_0019,v_tuyb2j2uk6,1,car,20.98,535.795,39.14,40.65,269.3,1591.041,0.0007672844328703703,0
v_tuyb2j2uk6_0019,v_tuyb2j2uk6,1,car,294.13,540.49,79.3,33.46,359.0,2653.378,0.0012795997299382717,0
v_u0dd9s6zum_0026,v_u0dd9s6zum,1,car,909.985,884.57,35.85,86.44,2.18,3098.8740000000003,0.001494441550925926,0
v_u0dd9s6zum_0026,v_u0dd9s6zum,1,car,909.805,999.98,32.91,81.16,0.0,2670.9755999999998,0.0012880862268518517,0
v_u0dd9s6zum_0026,v_u0dd9s6zum,1,car,954.105,986.32,30.39,82.42,0.0,2504.7438,0.0012079204282407407,0
v_u0dd9s6zum_0026,v_u0dd9s6zum,1,car,964.835,863.285,33.57,75.39,0.0,2530.8423000000003,0.0012205065104166667,0
v_u0dd9s6zum_0026,v_u0dd9s6zum,1,car,1747.44,262.86,88.98,34.7,0.0,3087.606,0.0014890075231481482,0
v_u47h4byhne_0044,v_u47h4byhne,1,car,905.245,926.77,38.17,86.5,0.0,3301.705,0.0015922574266975307,0
v_u47h4byhne_0044,v_u47h4byhne,1,car,914.965,1037.05,32.35,77.3,0.0,2500.655,0.0012059485918209877,0
v_u47h4byhne_0044,v_u47h4byhne,1,car,959.97,987.835,33.82,76.87,0.0,2599.7434000000003,0.0012537342785493828,0
v_u47h4byhne_0044,v_u47h4byhne,1,car,961.05,883.43,35.26,85.9,0.0,3028.834,0.0014606645447530864,0
v_u47h4byhne_0044,v_u47h4byhne,1,car,1473.33,398.975,83.4,36.23,0.5,3021.582,0.0014571672453703704,0
v_u47h4byhne_0044,v_u47h4byhne,4,minibus,839.32,741.04,80.88,32.44,92.74,2623.7472,0.001265310185185185,0
v_u47h4byhne_0044,v_u47h4byhne,4,minibus,829.15,1049.72,59.1,33.78,92.6,1996.3980000000001,0.0009627690972222223,0
v_u842awhaum_0012,v_u842awhaum,1,car,179.735,501.535,99.53,41.85,0.0,4165.3305,0.0020087434895833334,0
v_u842awhaum_0012,v_u842awhaum,1,car,344.425,475.37,99.63,37.54,0.0,3740.1101999999996,0.0018036796874999997,0
v_u842awhaum_0012,v_u842awhaum,1,car,484.025,464.54,93.65,40.14,0.0,3759.1110000000003,0.0018128428819444446,0
v_u842awhaum_0012,v_u842awhaum,1,car,646.355,459.285,92.53,36.79,0.0,3404.1787,0.0016416756847993828,0
v_u842awhaum_0012,v_u842awhaum,1,car,901.34,923.42,38.22,91.58,0.0,3500.1875999999997,0.001687976273148148,0
v_u842awhaum_0012,v_u842awhaum,1,car,901.42,778.185,37.14,90.35,0.0,3355.5989999999997,0.001618247974537037,0
v_u842awhaum_0012,v_u842awhaum,1,car,913.135,487.385,41.39,88.43,0.0,3660.1177000000002,0.001765103057484568,0
v_u842awhaum_0012,v_u842awhaum,1,car,916.805,178.845,43.75,89.93,0.0,3934.4375000000005,0.0018973946277006176,0
v_u842awhaum_0012,v_u842awhaum,1,car,963.475,608.6,42.93,88.72,0.0,3808.7496,0.00183678125,0
v_u842awhaum_0012,v_u842awhaum,1,car,962.54,760.48,38.86,91.4,0.0,3551.804,0.0017128684413580248,0
v_u842awhaum_0012,v_u842awhaum,1,car,964.58,888.545,37.98,88.51,0.0,3361.6097999999997,0.0016211467013888888,0
v_u842awhaum_0012,v_u842awhaum,1,car,981.295,1007.27,40.21,89.1,0.0,3582.711,0.0017277734375,0
v_u842awhaum_0012,v_u842awhaum,1,car,1152.02,476.08,90.42,39.0,347.3333,3526.38,0.0017006076388888889,0
v_u842awhaum_0012,v_u842awhaum,1,car,1327.045,465.15,83.57,33.84,353.8,2828.0088,0.0013638159722222222,0
v_u842awhaum_0012,v_u842awhaum,1,car,1628.945,516.925,84.95,39.33,349.0,3341.0835,0.0016112478298611111,0
v_u842awhaum_0012,v_u842awhaum,1,car,1733.79,452.94,94.76,41.62,0.0,3943.9112,0.0019019633487654321,0
v_u842awhaum_0012,v_u842awhaum,1,car,1785.345,540.595,92.99,35.53,0.0,3303.9347,0.001593332706404321,0
v_u842awhaum_0012,v_u842awhaum,1,car,1903.695,534.985,32.61,38.27,0.0,1247.9847,0.0006018444733796296,0
v_u842awhaum_0012,v_u842awhaum,3,microbus,790.76,455.16,132.98,46.94,0.0,6242.0812,0.003010262924382716,0
v_u842awhaum_0012,v_u842awhaum,9,motorcycle,1076.905,511.6,42.07,13.44,359.06,565.4208,0.00027267592592592594,0
v_u8lyja2jdb_0007,v_u8lyja2jdb,1,car,281.555,476.835,117.85,42.93,0.0,5059.300499999999,0.00243986328125,0
v_u8lyja2jdb_0007,v_u8lyja2jdb,1,car,1526.44,457.775,89.86,36.91,0.0,3316.7326,0.0015995045331790123,0
v_u8lyja2jdb_0007,v_u8lyja2jdb,1,car,1821.84,475.28,88.08,39.02,0.0,3436.8816,0.0016574467592592593,0
v_u8lyja2jdb_0007,v_u8lyja2jdb,6,articulated_bus,1106.91,501.31,201.76,56.12,0.0,11322.7712,0.005460441358024691,0
v_uhzhygtzwf_0034,v_uhzhygtzwf,1,car,211.975,509.095,87.67,36.33,0.0,3185.0511,0.0015360007233796297,0
v_uhzhygtzwf_0034,v_uhzhygtzwf,1,car,235.235,562.015,33.93,81.07,89.5,2750.7050999999997,0.0013265360243055553,0
v_uhzhygtzwf_0034,v_uhzhygtzwf,1,car,458.61,572.095,35.24,87.11,88.8,3069.7564,0.0014803994984567902,0
v_uhzhygtzwf_0034,v_uhzhygtzwf,1,car,784.065,519.945,36.69,88.37,71.58,3242.2952999999998,0.001563606915509259,0
v_uhzhygtzwf_0034,v_uhzhygtzwf,1,car,937.195,871.62,84.41,35.14,270.5,2966.1674,0.0014304433834876542,0
v_uhzhygtzwf_0034,v_uhzhygtzwf,1,car,934.915,67.905,35.01,85.65,0.0,2998.6065,0.0014460872395833332,0
v_uhzhygtzwf_0034,v_uhzhygtzwf,1,car,936.385,724.125,35.57,79.35,0.0,2822.4795,0.0013611494502314815,0
v_uhzhygtzwf_0034,v_uhzhygtzwf,1,car,953.29,614.84,34.62,81.34,0.9,2815.9908,0.0013580202546296296,0
v_uhzhygtzwf_0034,v_uhzhygtzwf,1,car,952.14,1004.515,31.62,74.33,6.64,2350.3146,0.0011334464699074074,0
v_uhzhygtzwf_0034,v_uhzhygtzwf,1,car,987.61,498.605,80.4,30.61,1.64,2461.0440000000003,0.001186846064814815,0
v_uhzhygtzwf_0034,v_uhzhygtzwf,1,car,981.035,778.33,35.51,79.68,2.98,2829.4368,0.0013645046296296296,0
v_uhzhygtzwf_0034,v_uhzhygtzwf,1,car,982.235,414.145,33.11,83.73,0.0,2772.3003,0.0013369503761574072,0
v_uhzhygtzwf_0034,v_uhzhygtzwf,1,car,1033.98,607.565,75.94,33.25,321.02,2525.005,0.0012176914544753086,0
v_uhzhygtzwf_0034,v_uhzhygtzwf,1,car,1024.85,1017.415,42.08,95.07,350.3789,4000.5455999999995,0.0019292754629629627,0
v_uhzhygtzwf_0034,v_uhzhygtzwf,1,car,1130.075,558.45,85.53,34.34,350.36,2937.1002000000003,0.0014164256365740743,0
v_uhzhygtzwf_0034,v_uhzhygtzwf,1,car,1507.415,500.805,86.29,32.47,0.0,2801.8363,0.0013511942033179011,0
v_uhzhygtzwf_0034,v_uhzhygtzwf,1,car,1714.97,517.275,90.68,35.13,0.0,3185.5884000000005,0.0015362598379629632,0
v_uhzhygtzwf_0034,v_uhzhygtzwf,7,truck,947.34,216.55,53.36,173.7,0.0,9268.632,0.004469826388888889,0
v_uhzhygtzwf_0034,v_uhzhygtzwf,9,motorcycle,318.83,491.375,11.76,37.47,89.9,440.6472,0.00021250347222222222,0
v_uo0x6ym34a_0017,v_uo0x6ym34a,1,car,42.8,463.18,85.6,29.1,0.0,2490.96,0.0012012731481481481,0
v_uo0x6ym34a_0017,v_uo0x6ym34a,1,car,305.875,463.82,77.53,30.12,0.0,2335.2036000000003,0.0011261591435185187,0
v_uo0x6ym34a_0017,v_uo0x6ym34a,1,car,383.06,221.035,30.5,76.07,270.225,2320.1349999999998,0.0011188922646604936,0
v_uo0x6ym34a_0017,v_uo0x6ym34a,1,car,657.89,72.105,27.6,73.83,270.9,2037.708,0.0009826909722222223,0
v_uo0x6ym34a_0017,v_uo0x6ym34a,1,car,744.01,247.43,27.6,74.26,276.45,2049.576,0.0009884143518518519,0
v_uo0x6ym34a_0017,v_uo0x6ym34a,1,car,846.305,310.48,28.09,79.3,316.05,2227.537,0.0010742365933641975,0
v_uo0x6ym34a_0017,v_uo0x6ym34a,1,car,895.63,414.76,32.2,80.62,351.8,2595.9640000000004,0.001251911651234568,0
v_uo0x6ym34a_0017,v_uo0x6ym34a,1,car,904.02,543.8,30.92,81.94,353.9,2533.5848,0.0012218290895061729,0
v_uo0x6ym34a_0017,v_uo0x6ym34a,1,car,922.08,715.05,28.9,80.2,0.0,2317.7799999999997,0.0011177565586419753,0
v_uo0x6ym34a_0017,v_uo0x6ym34a,1,car,928.39,955.795,30.8,79.99,0.0,2463.692,0.0011881230709876543,0
v_uo0x6ym34a_0017,v_uo0x6ym34a,1,car,1102.58,198.02,74.1,27.9,0.0,2067.39,0.0009970052083333333,0
v_uo0x6ym34a_0017,v_uo0x6ym34a,1,car,1101.64,498.75,26.9,76.98,78.575,2070.762,0.000998631365740741,0
v_uo0x6ym34a_0017,v_uo0x6ym34a,1,car,1171.14,291.6,79.1,29.1,0.0,2301.81,0.0011100549768518519,0
v_uo0x6ym34a_0017,v_uo0x6ym34a,1,car,1291.33,291.035,84.4,30.43,0.0,2568.2920000000004,0.0012385667438271606,0
v_uo0x6ym34a_0017,v_uo0x6ym34a,1,car,1426.58,292.16,85.7,33.52,0.0,2872.664,0.0013853510802469137,0
v_uo0x6ym34a_0017,v_uo0x6ym34a,1,car,1621.545,446.09,29.05,77.32,87.125,2246.1459999999997,0.0010832108410493825,0
v_uo0x6ym34a_0017,v_uo0x6ym34a,1,car,1696.0,239.72,84.8,32.8,0.0,2781.4399999999996,0.0013413580246913579,0
v_uo0x6ym34a_0017,v_uo0x6ym34a,2,van,1085.985,103.8,85.07,26.8,359.8154,2279.8759999999997,0.0010994772376543209,0
v_uo0x6ym34a_0017,v_uo0x6ym34a,2,van,1430.27,187.57,106.5,40.5,0.0,4313.25,0.002080078125,0
v_uo0x6ym34a_0017,v_uo0x6ym34a,7,truck,491.21,98.9,43.6,180.5,271.9,7869.8,0.003795235339506173,0
v_uo0x6ym34a_0017,v_uo0x6ym34a,7,truck,954.41,515.765,30.8,127.89,354.4,3939.012,0.0018996006944444444,0
v_uo0x6ym34a_0017,v_uo0x6ym34a,7,truck,1173.94,237.35,123.5,35.58,0.0,4394.13,0.0021190827546296296,0
v_uo0x6ym34a_0017,v_uo0x6ym34a,7,truck,1334.615,236.875,114.43,33.07,0.0,3784.2001000000005,0.0018249421778549384,0
v_utut3z28ew_0047,v_utut3z28ew,1,car,31.45,460.32,62.9,40.9,0.0,2572.6099999999997,0.001240649112654321,0
v_utut3z28ew_0047,v_utut3z28ew,1,car,241.01,468.325,88.9,36.71,0.0,3263.5190000000002,0.0015738421103395062,0
v_utut3z28ew_0047,v_utut3z28ew,1,car,365.395,524.525,101.45,35.45,2.4,3596.4025000000006,0.0017343762056327163,0
v_utut3z28ew_0047,v_utut3z28ew,1,car,379.455,476.225,91.55,35.01,0.0,3205.1654999999996,0.0015457009548611109,0
v_utut3z28ew_0047,v_utut3z28ew,1,car,487.815,474.64,92.83,37.0,0.0,3434.71,0.0016563994984567902,0
v_utut3z28ew_0047,v_utut3z28ew,1,car,535.775,538.355,95.91,34.27,4.3,3286.8357,0.0015850866608796298,0
v_utut3z28ew_0047,v_utut3z28ew,1,car,603.455,478.22,110.81,35.12,0.0,3891.6472,0.00187675887345679,0
v_utut3z28ew_0047,v_utut3z28ew,1,car,726.595,480.64,95.19,38.3,0.0,3645.7769999999996,0.001758187210648148,0
v_utut3z28ew_0047,v_utut3z28ew,1,car,809.38,542.455,88.98,34.55,0.0,3074.259,0.0014825708912037036,0
v_utut3z28ew_0047,v_utut3z28ew,1,car,845.19,488.68,84.08,33.8,0.0,2841.9039999999995,0.0013705169753086418,0
v_utut3z28ew_0047,v_utut3z28ew,1,car,909.635,852.61,35.87,88.92,0.0,3189.5604,0.0015381753472222222,0
v_utut3z28ew_0047,v_utut3z28ew,1,car,935.395,319.29,35.25,90.9,0.0,3204.2250000000004,0.0015452473958333336,0
v_utut3z28ew_0047,v_utut3z28ew,1,car,963.32,675.925,34.6,90.49,351.2,3130.954,0.0015099122299382717,0
v_utut3z28ew_0047,v_utut3z28ew,1,car,968.99,1018.8,32.9,83.5,0.0,2747.15,0.0013248215663580248,0
v_utut3z28ew_0047,v_utut3z28ew,1,car,976.13,874.695,30.5,96.89,0.0,2955.145,0.0014251277970679013,0
v_utut3z28ew_0047,v_utut3z28ew,1,car,1017.54,590.22,35.8,91.1,28.9,3261.3799999999997,0.001572810570987654,0
v_utut3z28ew_0047,v_utut3z28ew,1,car,1128.925,558.425,101.17,38.17,1.3,3861.6589000000004,0.0018622969232253087,0
v_utut3z28ew_0047,v_utut3z28ew,1,car,1121.0,504.125,33.4,91.73,67.9,3063.782,0.001477518325617284,0
v_utut3z28ew_0047,v_utut3z28ew,1,car,1229.045,488.445,102.15,37.91,0.0,3872.5065,0.0018675282118055555,0
v_utut3z28ew_0047,v_utut3z28ew,1,car,1241.335,544.445,32.63,87.99,89.2928,2871.1137,0.001384603443287037,0
v_utut3z28ew_0047,v_utut3z28ew,1,car,1360.87,494.345,89.7,34.85,0.0,3126.045,0.001507544849537037,0
v_utut3z28ew_0047,v_utut3z28ew,1,car,1350.045,546.53,39.11,89.44,93.4,3497.9984,0.001686920524691358,0
v_utut3z28ew_0047,v_utut3z28ew,1,car,1452.235,498.105,91.91,36.91,0.0,3392.3980999999994,0.001635994454089506,0
v_utut3z28ew_0047,v_utut3z28ew,1,car,1571.745,497.66,113.25,39.82,0.0,4509.615,0.0021747757523148145,0
v_utut3z28ew_0047,v_utut3z28ew,1,car,1686.015,507.415,96.53,35.67,0.0,3443.2251,0.001660505931712963,0
v_utut3z28ew_0047,v_utut3z28ew,1,car,1698.32,559.21,33.5,91.52,89.0,3065.92,0.0014785493827160494,0
v_utut3z28ew_0047,v_utut3z28ew,1,car,1764.785,554.22,98.23,38.06,0.0,3738.6338000000005,0.0018029676890432102,0
v_utut3z28ew_0047,v_utut3z28ew,1,car,1797.175,513.14,90.45,33.7,0.0,3048.1650000000004,0.001469986979166667,0
v_utut3z28ew_0047,v_utut3z28ew,1,car,1867.35,572.505,92.56,32.51,1.2,3009.1256,0.0014511601080246914,0
v_utut3z28ew_0047,v_utut3z28ew,1,car,1898.385,504.31,43.23,35.16,0.0,1519.9667999999997,0.0007330086805555554,0
v_utut3z28ew_0047,v_utut3z28ew,3,microbus,899.305,1023.65,50.21,112.7,0.0,5658.667,0.002728909625771605,0
v_utut3z28ew_0047,v_utut3z28ew,3,microbus,1503.775,549.35,163.13,41.68,0.2,6799.2584,0.003278963348765432,0
v_utut3z28ew_0047,v_utut3z28ew,9,motorcycle,1628.46,592.915,29.4,10.85,2.6,318.98999999999995,0.00015383391203703701,0
v_utut3z28ew_0047,v_utut3z28ew,9,motorcycle,1803.085,597.13,43.13,12.9,359.5,556.3770000000001,0.000268314525462963,0
v_uvlv5b63tq_0001,v_uvlv5b63tq,1,car,152.755,515.99,90.41,35.46,359.0,3205.9386,0.0015460737847222221,0
v_uvlv5b63tq_0001,v_uvlv5b63tq,1,car,158.815,572.72,87.71,34.12,359.9,2992.6651999999995,0.0014432220293209873,0
v_uvlv5b63tq_0001,v_uvlv5b63tq,1,car,423.465,552.935,35.13,83.57,88.7,2935.8141,0.0014158054108796296,0
v_uvlv5b63tq_0001,v_uvlv5b63tq,1,car,935.235,745.25,70.87,32.74,272.9,2320.2838,0.0011189640239197532,0
v_uvlv5b63tq_0001,v_uvlv5b63tq,1,car,928.1,366.555,37.52,83.61,0.0,3137.0472000000004,0.0015128506944444447,0
v_uvlv5b63tq_0001,v_uvlv5b63tq,1,car,937.025,202.87,36.69,84.8,0.0,3111.312,0.0015004398148148147,0
v_uvlv5b63tq_0001,v_uvlv5b63tq,1,car,971.86,1024.295,73.3,36.75,270.3,2693.775,0.0012990813078703704,0
v_uvlv5b63tq_0001,v_uvlv5b63tq,1,car,980.775,892.96,85.53,34.34,270.2,2937.1002000000003,0.0014164256365740743,0
v_uvlv5b63tq_0001,v_uvlv5b63tq,1,car,979.385,746.055,33.87,84.77,0.0,2871.1598999999997,0.0013846257233796294,0
v_uvlv5b63tq_0001,v_uvlv5b63tq,1,car,1010.79,598.325,86.96,36.11,331.0,3140.1256,0.001514335262345679,0
v_uvlv5b63tq_0001,v_uvlv5b63tq,1,car,987.915,363.835,37.11,89.17,0.0,3309.0987,0.0015958230613425926,0
v_uvlv5b63tq_0001,v_uvlv5b63tq,1,car,1055.94,1054.31,51.82,51.38,0.0,2662.5116000000003,0.0012840044367283952,0
v_uvlv5b63tq_0001,v_uvlv5b63tq,1,car,1795.38,510.44,101.1,36.36,0.0,3675.9959999999996,0.0017727604166666664,0
v_uvlv5b63tq_0001,v_uvlv5b63tq,9,motorcycle,477.29,579.6,13.96,42.5,269.3,593.3000000000001,0.0002861207561728395,0
v_uwjq66lubl_0002,v_uwjq66lubl,1,car,172.95,484.815,108.2,42.15,0.0,4560.63,0.0021993778935185185,0
v_uwjq66lubl_0002,v_uwjq66lubl,1,car,423.97,485.44,99.72,38.86,0.0,3875.1192,0.0018687881944444444,0
v_uwjq66lubl_0002,v_uwjq66lubl,1,car,582.955,495.135,97.71,40.51,0.0,3958.2320999999997,0.0019088696469907406,0
v_uwjq66lubl_0002,v_uwjq66lubl,1,car,682.105,490.58,96.55,39.76,0.0,3838.8279999999995,0.0018512866512345677,0
v_uwjq66lubl_0002,v_uwjq66lubl,1,car,704.095,548.26,91.51,36.24,0.8,3316.3224000000005,0.0015993067129629632,0
v_uwjq66lubl_0002,v_uwjq66lubl,1,car,806.355,543.765,92.07,37.35,1.7,3438.8145,0.00165837890625,0
v_uwjq66lubl_0002,v_uwjq66lubl,1,car,913.665,73.895,37.25,94.69,359.3,3527.2025,0.0017010042920524691,0
v_uwjq66lubl_0002,v_uwjq66lubl,1,car,919.21,651.08,38.78,85.92,0.0,3331.9776,0.0016068564814814815,0
v_uwjq66lubl_0002,v_uwjq66lubl,1,car,919.615,888.615,34.77,89.27,0.0,3103.9179,0.0014968739872685186,0
v_uwjq66lubl_0002,v_uwjq66lubl,1,car,980.33,702.88,36.7,92.16,0.0,3382.272,0.0016311111111111112,0
v_uwjq66lubl_0002,v_uwjq66lubl,1,car,985.065,29.605,40.61,59.21,359.7,2404.5181,0.0011595862750771605,0
v_uwjq66lubl_0002,v_uwjq66lubl,1,car,990.535,896.56,38.53,92.0,0.0,3544.76,0.001709471450617284,0
v_uwjq66lubl_0002,v_uwjq66lubl,1,car,1045.65,529.65,36.54,82.96,34.2,3031.3583999999996,0.0014618819444444443,0
v_uwjq66lubl_0002,v_uwjq66lubl,1,car,1143.37,538.075,88.52,35.39,359.7,3132.7228,0.0015107652391975308,0
v_uwjq66lubl_0002,v_uwjq66lubl,1,car,1140.35,490.875,36.84,87.81,81.6,3234.9204000000004,0.0015600503472222224,0
v_uwjq66lubl_0002,v_uwjq66lubl,1,car,1237.34,489.575,84.64,37.65,2.0,3186.696,0.0015367939814814814,0
v_uwjq66lubl_0002,v_uwjq66lubl,1,car,1259.79,560.6,87.82,37.8,0.9,3319.5959999999995,0.0016008854166666665,0
v_uwjq66lubl_0002,v_uwjq66lubl,1,car,1355.92,496.225,91.08,38.09,357.9,3469.2372,0.0016730503472222223,0
v_uwjq66lubl_0002,v_uwjq66lubl,1,car,1364.53,444.86,95.16,41.46,358.1,3945.3336,0.0019026493055555554,0
v_uwjq66lubl_0002,v_uwjq66lubl,1,car,1369.375,543.295,40.25,87.67,90.9,3528.7175,0.001701734905478395,0
v_uwjq66lubl_0002,v_uwjq66lubl,1,car,1459.66,492.195,91.68,38.97,358.5,3572.7696,0.0017229791666666667,0
v_uwjq66lubl_0002,v_uwjq66lubl,1,car,1564.99,482.905,103.8,42.33,359.8,4393.853999999999,0.0021189496527777773,0
v_uwjq66lubl_0002,v_uwjq66lubl,1,car,1622.645,527.87,89.95,37.18,356.3,3344.341,0.0016128187692901234,0
v_uwjq66lubl_0002,v_uwjq66lubl,1,car,1724.225,489.32,90.19,40.0,0.0,3607.6,0.0017397762345679013,0
v_uwjq66lubl_0002,v_uwjq66lubl,1,car,1831.055,487.645,91.59,37.21,359.5,3408.0639,0.0016435493344907409,0
v_uwjq66lubl_0002,v_uwjq66lubl,4,minibus,1501.245,542.67,97.95,36.12,359.0,3537.9539999999997,0.001706189236111111,0
v_uwjq66lubl_0002,v_uwjq66lubl,7,truck,820.155,490.84,106.47,39.4,0.0,4194.918,0.0020230121527777777,0
v_uwjq66lubl_0002,v_uwjq66lubl,9,motorcycle,1012.29,223.755,13.9,43.59,0.1,605.9010000000001,0.00029219762731481485,0
v_uwoyarulwo_0029,v_uwoyarulwo,1,car,1189.985,547.24,97.23,45.98,0.0,4470.6354,0.0021559777199074075,0
v_uwoyarulwo_0029,v_uwoyarulwo,1,car,1253.84,491.665,93.28,49.93,0.0,4657.4704,0.002246079475308642,0
v_uwoyarulwo_0029,v_uwoyarulwo,1,car,1728.675,516.655,105.11,50.71,0.0,5330.1281,0.0025704707272376543,0
v_v7fxq3hdpk_0013,v_v7fxq3hdpk,1,car,210.365,519.65,109.05,45.98,0.0,5014.119,0.0024180743634259257,0
v_v7fxq3hdpk_0013,v_v7fxq3hdpk,1,car,1012.35,929.31,48.62,106.42,0.0,5174.1404,0.002495245177469136,0
v_vcn6ydcvfw_0014,v_vcn6ydcvfw,1,car,561.455,505.865,35.61,88.63,89.4,3156.1142999999997,0.0015220458622685184,0
v_vcn6ydcvfw_0014,v_vcn6ydcvfw,1,car,898.81,565.93,83.54,28.38,357.2,2370.8652,0.0011433570601851852,0
v_vcn6ydcvfw_0014,v_vcn6ydcvfw,1,car,956.945,1038.505,30.79,82.99,0.0,2555.2621,0.0012322830343364198,0
v_vcn6ydcvfw_0014,v_vcn6ydcvfw,1,car,976.27,245.6,30.1,83.08,0.0,2500.708,0.001205974151234568,0
v_vcn6ydcvfw_0014,v_vcn6ydcvfw,1,car,990.21,82.28,32.9,83.2,0.0,2737.28,0.001320061728395062,0
v_vcn6ydcvfw_0014,v_vcn6ydcvfw,1,car,1002.545,405.745,31.77,81.93,0.0,2602.9161000000004,0.0012552643229166668,0
v_vcn6ydcvfw_0014,v_vcn6ydcvfw,1,car,1018.46,1034.425,31.3,79.23,343.8,2479.8990000000003,0.0011959389467592594,0
v_vcn6ydcvfw_0014,v_vcn6ydcvfw,1,car,1246.895,519.335,90.63,34.31,0.0,3109.5153,0.0014995733506944445,0
v_vcn6ydcvfw_0014,v_vcn6ydcvfw,1,car,1455.605,520.815,105.87,34.47,358.5455,3649.3389,0.0017599049479166667,0
v_vcn6ydcvfw_0014,v_vcn6ydcvfw,1,car,1661.33,533.57,90.18,30.2,0.0,2723.436,0.0013133854166666667,0
v_vcn6ydcvfw_0014,v_vcn6ydcvfw,9,motorcycle,978.66,534.865,44.44,15.05,351.7,668.822,0.0003225414737654321,0
v_vcn6ydcvfw_0014,v_vcn6ydcvfw,9,motorcycle,1021.4,140.97,9.14,41.12,1.35,375.8368,0.00018124845679012345,0
v_vcxc1bohus_0035,v_vcxc1bohus,1,car,1013.34,709.43,39.42,102.48,356.17,4039.7616000000003,0.0019481875,0
v_vfvr4l26i6_0010,v_vfvr4l26i6,1,car,1322.59,501.005,99.86,44.67,0.0,4460.7462000000005,0.0021512086226851855,0
v_vfvr4l26i6_0010,v_vfvr4l26i6,9,motorcycle,324.965,512.675,40.73,19.71,0.0,802.7882999999999,0.00038714713541666666,0
v_vyo0osh1q5_0014,v_vyo0osh1q5,1,car,31.955,510.78,63.89,33.9,0.0,2165.871,0.0010444979745370371,0
v_vyo0osh1q5_0014,v_vyo0osh1q5,1,car,337.6,525.61,90.6,38.2,0.0,3460.92,0.0016690393518518519,0
v_vyo0osh1q5_0014,v_vyo0osh1q5,1,car,682.25,494.59,90.9,37.6,0.0,3417.84,0.001648263888888889,0
v_vyo0osh1q5_0014,v_vyo0osh1q5,1,car,975.775,319.96,89.43,35.6,271.0,3183.7080000000005,0.0015353530092592595,0
v_vyo0osh1q5_0014,v_vyo0osh1q5,1,car,1017.42,472.805,30.12,82.07,1.4,2471.9483999999998,0.0011921047453703703,0
v_vyo0osh1q5_0014,v_vyo0osh1q5,1,car,1524.685,553.805,86.29,35.59,0.1,3071.0611000000004,0.001481028694058642,0
v_vyo0osh1q5_0014,v_vyo0osh1q5,1,car,1645.03,493.09,90.7,35.9,359.6,3256.13,0.0015702787422839507,0
v_vyo0osh1q5_0014,v_vyo0osh1q5,1,car,1808.29,461.655,97.94,38.65,0.0,3785.381,0.0018255116705246913,0
v_vyo0osh1q5_0014,v_vyo0osh1q5,1,car,1874.87,522.72,89.94,36.04,0.0,3241.4375999999997,0.001563193287037037,0
v_vzhmsl0kfn_0046,v_vzhmsl0kfn,1,car,13.57,417.655,27.14,32.71,0.0,887.7494,0.00042811988811728395,0
v_vzhmsl0kfn_0046,v_vzhmsl0kfn,1,car,74.42,511.685,84.4,32.71,0.0,2760.724,0.0013313676697530865,0
v_vzhmsl0kfn_0046,v_vzhmsl0kfn,1,car,121.27,413.26,83.6,33.42,0.0,2793.912,0.0013473726851851852,0
v_vzhmsl0kfn_0046,v_vzhmsl0kfn,1,car,175.71,518.955,91.62,34.15,0.0,3128.823,0.001508884548611111,0
v_vzhmsl0kfn_0046,v_vzhmsl0kfn,1,car,217.885,413.155,89.47,34.35,0.0,3073.2945,0.0014821057581018517,0
v_vzhmsl0kfn_0046,v_vzhmsl0kfn,1,car,301.465,515.765,89.79,32.07,0.0,2879.5653,0.0013886792534722222,0
v_vzhmsl0kfn_0046,v_vzhmsl0kfn,1,car,335.925,419.55,79.47,32.78,0.0,2605.0266,0.0012562821180555556,0
v_vzhmsl0kfn_0046,v_vzhmsl0kfn,1,car,368.115,468.57,79.43,30.1,0.0,2390.8430000000003,0.0011529914158950618,0
v_vzhmsl0kfn_0046,v_vzhmsl0kfn,1,car,462.34,416.135,87.3,32.71,0.0,2855.583,0.0013771137152777779,0
v_vzhmsl0kfn_0046,v_vzhmsl0kfn,1,car,483.01,466.755,78.7,33.57,0.0,2641.9590000000003,0.0012740928819444447,0
v_vzhmsl0kfn_0046,v_vzhmsl0kfn,1,car,575.445,515.05,82.43,33.16,0.0,2733.3788,0.001318180362654321,0
v_vzhmsl0kfn_0046,v_vzhmsl0kfn,1,car,577.43,464.415,81.98,34.59,0.0,2835.6882000000005,0.0013675193865740744,0
v_vzhmsl0kfn_0046,v_vzhmsl0kfn,1,car,577.595,415.13,81.99,31.8,0.0,2607.2819999999997,0.0012573697916666666,0
v_vzhmsl0kfn_0046,v_vzhmsl0kfn,1,car,576.69,282.4,29.2,76.9,272.4,2245.48,0.0010828896604938272,0
v_vzhmsl0kfn_0046,v_vzhmsl0kfn,1,car,588.83,150.38,27.7,75.4,273.3,2088.58,0.0010072241512345678,0
v_vzhmsl0kfn_0046,v_vzhmsl0kfn,1,car,686.91,474.685,87.8,33.83,0.0,2970.274,0.0014324238040123456,0
v_vzhmsl0kfn_0046,v_vzhmsl0kfn,1,car,700.845,517.215,79.95,32.93,0.0,2632.7535000000003,0.0012696535011574076,0
v_vzhmsl0kfn_0046,v_vzhmsl0kfn,1,car,701.655,421.685,79.15,32.69,0.0,2587.4135,0.0012477881462191359,0
v_vzhmsl0kfn_0046,v_vzhmsl0kfn,1,car,782.64,298.475,31.7,80.25,278.6333,2543.9249999999997,0.0012268156828703703,0
v_vzhmsl0kfn_0046,v_vzhmsl0kfn,1,car,838.195,814.4,71.89,29.36,161.2,2110.6904,0.0010178869598765432,0
v_vzhmsl0kfn_0046,v_vzhmsl0kfn,1,car,917.69,242.575,30.3,80.71,317.9667,2445.513,0.0011793561921296296,0
v_vzhmsl0kfn_0046,v_vzhmsl0kfn,1,car,987.04,500.06,27.98,75.3,350.4333,2106.894,0.001016056134259259,0
v_vzhmsl0kfn_0046,v_vzhmsl0kfn,1,car,1006.12,902.35,25.8,81.26,0.0,2096.5080000000003,0.0010110474537037039,0
v_vzhmsl0kfn_0046,v_vzhmsl0kfn,1,car,1019.71,401.09,29.0,81.9,346.3667,2375.1000000000004,0.0011453993055555558,0
v_vzhmsl0kfn_0046,v_vzhmsl0kfn,1,car,1048.95,535.455,27.88,73.03,354.0,2036.0764,0.0009819041280864197,0
v_vzhmsl0kfn_0046,v_vzhmsl0kfn,1,car,1319.355,247.76,79.31,35.34,359.3,2802.8154000000004,0.001351666377314815,0
v_vzhmsl0kfn_0046,v_vzhmsl0kfn,1,car,1350.345,296.87,75.97,34.3,0.0,2605.7709999999997,0.0012566411072530864,0
v_vzhmsl0kfn_0046,v_vzhmsl0kfn,1,car,1423.335,246.405,84.81,34.35,0.0,2913.2235,0.0014049110243055556,0
v_vzhmsl0kfn_0046,v_vzhmsl0kfn,1,car,1441.995,340.16,103.03,37.32,0.0,3845.0796,0.0018543015046296296,0
v_vzhmsl0kfn_0046,v_vzhmsl0kfn,1,car,1583.16,342.525,99.74,38.17,0.0,3807.0758,0.0018359740547839506,0
v_vzhmsl0kfn_0046,v_vzhmsl0kfn,1,car,1567.91,485.775,27.8,76.67,84.3,2131.426,0.0010278867669753086,0
v_vzhmsl0kfn_0046,v_vzhmsl0kfn,1,car,1616.89,292.295,87.02,35.59,0.0,3097.0418,0.0014935579668209876,0
v_vzhmsl0kfn_0046,v_vzhmsl0kfn,1,car,1690.775,243.815,87.55,35.43,0.0,3101.8965,0.0014958991608796295,0
v_vzhmsl0kfn_0046,v_vzhmsl0kfn,1,car,1719.36,297.15,91.76,36.9,0.0,3385.944,0.0016328819444444444,0
v_vzhmsl0kfn_0046,v_vzhmsl0kfn,2,van,1222.21,296.105,87.76,38.71,0.0,3397.1896,0.0016383051697530864,0
v_vzhmsl0kfn_0046,v_vzhmsl0kfn,2,van,1550.195,246.275,105.13,36.11,0.0,3796.2443,0.001830750530478395,0
v_vzhmsl0kfn_0046,v_vzhmsl0kfn,4,minibus,213.865,466.14,82.79,30.2,0.0,2500.2580000000003,0.0012057571373456791,0
v_vzhmsl0kfn_0046,v_vzhmsl0kfn,4,minibus,954.25,383.38,27.58,78.7,330.6333,2170.546,0.0010467525077160493,0
v_vzhmsl0kfn_0046,v_vzhmsl0kfn,4,minibus,1063.435,679.675,27.01,77.43,1.7,2091.3843,0.001008576533564815,0
v_vzhmsl0kfn_0046,v_vzhmsl0kfn,4,minibus,1246.515,163.455,88.05,39.07,0.0,3440.1135,0.0016590053530092593,0
v_vzhmsl0kfn_0046,v_vzhmsl0kfn,4,minibus,1488.705,295.115,100.69,39.29,0.0,3956.1101,0.001907846305941358,0
v_vzhmsl0kfn_0046,v_vzhmsl0kfn,7,truck,66.13,464.835,126.3,34.35,0.0,4338.405,0.002092209201388889,0
v_vzhmsl0kfn_0046,v_vzhmsl0kfn,7,truck,435.91,516.895,136.0,41.25,0.0,5610.0,0.0027054398148148146,0
v_vzhmsl0kfn_0046,v_vzhmsl0kfn,7,truck,1010.56,682.6,29.32,100.64,358.5,2950.7648,0.0014230154320987653,0
v_vzhmsl0kfn_0046,v_vzhmsl0kfn,7,truck,1063.82,903.75,29.9,106.46,0.0,3183.1539999999995,0.0015350858410493825,0
v_vzhmsl0kfn_0046,v_vzhmsl0kfn,7,truck,1264.205,341.95,114.59,40.1,0.0,4595.059,0.002215981385030864,0
v_vzhmsl0kfn_0046,v_vzhmsl0kfn,7,truck,1835.465,291.11,123.19,39.52,0.0,4868.468800000001,0.002347834104938272,0
v_vzhmsl0kfn_0046,v_vzhmsl0kfn,8,mototaxi,297.89,146.89,64.8,29.86,0.3,1934.9279999999999,0.0009331249999999999,0
v_vzhmsl0kfn_0046,v_vzhmsl0kfn,9,motorcycle,767.495,453.46,41.91,11.58,359.2,485.3178,0.00023404600694444444,0
v_vzhmsl0kfn_0046,v_vzhmsl0kfn,9,motorcycle,807.18,449.02,44.12,15.9,0.0,701.5079999999999,0.0003383043981481481,0
v_vzhmsl0kfn_0046,v_vzhmsl0kfn,9,motorcycle,1192.96,230.755,42.68,13.63,0.0,581.7284000000001,0.0002805403163580247,0
v_w1felxwdf3_0045,v_w1felxwdf3,1,car,45.035,483.055,89.73,35.21,0.0,3159.3933,0.001523627170138889,0
v_w1felxwdf3_0045,v_w1felxwdf3,1,car,419.41,540.41,89.2,34.36,0.0,3064.9120000000003,0.0014780632716049384,0
v_w1felxwdf3_0045,v_w1felxwdf3,1,car,795.57,492.295,97.7,38.41,0.0,3752.6569999999997,0.0018097304205246913,0
v_w1felxwdf3_0045,v_w1felxwdf3,1,car,1080.48,590.91,35.9,94.74,54.25,3401.1659999999997,0.0016402228009259258,0
v_w1felxwdf3_0045,v_w1felxwdf3,1,car,1565.95,570.12,96.92,34.54,0.0,3347.6168,0.0016143985339506172,0
v_w84q90lc0d_0044,v_w84q90lc0d,1,car,930.455,679.0,79.83,32.46,274.63,2591.2818,0.0012496536458333335,0
v_w84q90lc0d_0044,v_w84q90lc0d,1,car,932.395,579.96,82.67,33.62,304.52,2779.3653999999997,0.0013403575424382715,0
v_w84q90lc0d_0044,v_w84q90lc0d,1,car,943.145,1044.535,70.55,34.69,270.7,2447.3794999999996,0.0011802563175154319,0
v_w84q90lc0d_0044,v_w84q90lc0d,1,car,933.815,899.49,33.69,84.02,0.0,2830.6337999999996,0.001365081886574074,0
v_w84q90lc0d_0044,v_w84q90lc0d,1,car,941.39,445.46,36.56,86.62,0.0,3166.8272,0.0015272121913580247,0
v_w84q90lc0d_0044,v_w84q90lc0d,1,car,986.48,746.34,83.38,34.84,270.46,2904.9592000000002,0.001400925540123457,0
v_w84q90lc0d_0044,v_w84q90lc0d,1,car,1002.93,1032.49,35.04,85.06,0.9,2980.5024,0.0014373564814814815,0
v_w84q90lc0d_0044,v_w84q90lc0d,1,car,1296.24,522.12,84.96,35.26,355.8,2995.6895999999997,0.0014446805555555554,0
v_w84q90lc0d_0044,v_w84q90lc0d,4,minibus,988.795,930.29,82.39,38.2,270.1,3147.2980000000002,0.0015177941743827162,0
v_wgwtu9o904_0032,v_wgwtu9o904,1,car,795.68,449.455,101.72,41.39,356.4,4210.1908,0.0020303775077160496,0
v_wgwtu9o904_0032,v_wgwtu9o904,1,car,873.22,526.97,90.98,39.56,0.0,3599.1688000000004,0.0017357102623456792,0
v_wgwtu9o904_0032,v_wgwtu9o904,1,car,966.905,903.705,42.39,91.09,0.0,3861.3051,0.0018621263020833334,0
v_wgwtu9o904_0032,v_wgwtu9o904,1,car,1359.52,503.635,87.24,39.13,0.0,3413.7012,0.0016462679398148148,0
v_wgwtu9o904_0032,v_wgwtu9o904,8,mototaxi,164.52,465.675,64.7,27.37,0.0,1770.8390000000002,0.0008539925733024692,0
v_wj0fmte8s2_0000,v_wj0fmte8s2,1,car,28.835,477.845,37.23,57.63,90.5,2145.5649,0.0010347052951388887,0
v_wj0fmte8s2_0000,v_wj0fmte8s2,1,car,956.095,318.38,37.09,89.7,7.625,3326.9730000000004,0.0016044429976851853,0
v_wj0fmte8s2_0000,v_wj0fmte8s2,1,car,959.965,196.81,41.09,105.44,1.7,4332.5296,0.002089375771604938,0
v_wj0fmte8s2_0000,v_wj0fmte8s2,1,car,1004.225,74.96,38.69,97.46,354.3,3770.7273999999998,0.0018184449266975308,0
v_wj0fmte8s2_0000,v_wj0fmte8s2,1,car,1013.79,222.575,35.9,87.67,1.7,3147.353,0.0015178206983024693,0
v_wj0fmte8s2_0000,v_wj0fmte8s2,4,minibus,1095.02,513.81,98.02,36.98,359.5,3624.7795999999994,0.0017480611496913578,0
v_wj7ufejqry_0030,v_wj7ufejqry,1,car,44.55,473.1,89.1,35.66,0.0,3177.3059999999996,0.0015322656249999998,0
v_wj7ufejqry_0030,v_wj7ufejqry,1,car,209.14,508.735,92.3,33.81,0.0,3120.663,0.0015049493634259259,0
v_wj7ufejqry_0030,v_wj7ufejqry,1,car,415.245,476.04,97.15,37.1,0.0,3604.2650000000003,0.0017381679205246915,0
v_wj7ufejqry_0030,v_wj7ufejqry,1,car,1707.385,513.165,93.79,36.37,0.0,3411.1423,0.0016450339023919753,0
v_wj7ufejqry_0030,v_wj7ufejqry,9,motorcycle,260.645,438.05,41.69,14.86,0.0,619.5133999999999,0.000298762249228395,0
v_ww2zjk1qm0_0006,v_ww2zjk1qm0,9,motorcycle,462.575,478.265,51.25,18.39,0.0,942.4875000000001,0.0004545175057870371,0
v_x0p4fqfqs6_0019,v_x0p4fqfqs6,1,car,28.835,477.845,37.23,57.63,90.5,2145.5649,0.0010347052951388887,0
v_x0p4fqfqs6_0019,v_x0p4fqfqs6,1,car,945.825,269.835,34.45,86.79,2.4,2989.9155000000005,0.0014418959780092594,0
v_x0p4fqfqs6_0019,v_x0p4fqfqs6,1,car,990.77,336.235,35.48,92.35,8.34,3276.5779999999995,0.0015801398533950616,0
v_x0p4fqfqs6_0019,v_x0p4fqfqs6,1,car,1013.98,728.455,34.82,85.15,359.61,2964.9230000000002,0.0014298432677469137,0
v_x0p4fqfqs6_0019,v_x0p4fqfqs6,1,car,1577.885,532.62,96.79,38.0,344.54,3678.0200000000004,0.0017737364969135805,0
v_x7vnc140it_0020,v_x7vnc140it,1,car,299.975,477.83,91.55,35.0,0.0,3204.25,0.0015452594521604937,0
v_x7vnc140it_0020,v_x7vnc140it,1,car,484.175,478.35,92.83,37.0,0.0,3434.71,0.0016563994984567902,0
v_x7vnc140it_0020,v_x7vnc140it,1,car,605.575,482.835,110.81,35.13,0.0,3892.7553000000003,0.0018772932581018519,0
v_x7vnc140it_0020,v_x7vnc140it,1,car,615.6,534.96,88.98,34.54,0.0,3073.3692,0.0014821417824074075,0
v_x7vnc140it_0020,v_x7vnc140it,1,car,726.445,481.99,95.19,38.3,0.0,3645.7769999999996,0.001758187210648148,0
v_x7vnc140it_0020,v_x7vnc140it,1,car,843.22,487.36,84.08,33.8,0.0,2841.9039999999995,0.0013705169753086418,0
v_x7vnc140it_0020,v_x7vnc140it,1,car,898.03,984.88,33.68,105.0,0.32,3536.4,0.0017054398148148148,0
v_x7vnc140it_0020,v_x7vnc140it,1,car,914.52,810.185,37.5,96.77,0.1515,3628.875,0.0017500361689814815,0
v_x7vnc140it_0020,v_x7vnc140it,1,car,919.88,449.755,35.62,92.19,0.0,3283.8077999999996,0.001583626446759259,0
v_x7vnc140it_0020,v_x7vnc140it,1,car,965.07,1051.815,35.8,56.37,0.0,2018.0459999999998,0.000973208912037037,0
v_x7vnc140it_0020,v_x7vnc140it,1,car,982.815,937.305,32.43,87.99,0.0,2853.5157,0.0013761167534722223,0
v_x7vnc140it_0020,v_x7vnc140it,1,car,1116.115,557.51,101.17,38.18,1.3,3862.6706,0.0018627848186728395,0
v_x7vnc140it_0020,v_x7vnc140it,1,car,1119.32,505.025,33.4,91.73,67.9,3063.782,0.001477518325617284,0
v_x7vnc140it_0020,v_x7vnc140it,1,car,1228.86,487.455,102.14,37.91,0.0,3872.1274,0.0018673453896604938,0
v_x7vnc140it_0020,v_x7vnc140it,1,car,1239.945,545.97,32.63,88.0,88.0189,2871.44,0.001384760802469136,0
v_x7vnc140it_0020,v_x7vnc140it,1,car,1342.55,494.025,89.7,34.85,0.0,3126.045,0.001507544849537037,0
v_x7vnc140it_0020,v_x7vnc140it,1,car,1345.89,546.43,39.1,89.44,93.4,3497.104,0.001686489197530864,0
v_x7vnc140it_0020,v_x7vnc140it,1,car,1441.145,495.58,91.91,36.92,0.0,3393.3172,0.0016364376929012346,0
v_x7vnc140it_0020,v_x7vnc140it,1,car,1569.44,497.165,113.24,39.81,0.0,4508.0844,0.0021740376157407407,0
v_x7vnc140it_0020,v_x7vnc140it,1,car,1634.025,556.085,33.49,91.51,89.0,3064.6699000000003,0.0014779465181327161,0
v_x7vnc140it_0020,v_x7vnc140it,1,car,1684.505,506.88,96.53,35.66,0.0,3442.2598,0.0016600404128086419,0
v_x7vnc140it_0020,v_x7vnc140it,1,car,1748.32,551.305,98.24,38.07,0.0,3739.9968,0.0018036249999999999,0
v_x7vnc140it_0020,v_x7vnc140it,1,car,1799.68,510.78,90.46,33.7,0.0,3048.502,0.0014701494984567902,0
v_x7vnc140it_0020,v_x7vnc140it,1,car,1859.725,571.775,92.55,32.51,1.2,3008.8005,0.0014510033275462963,0
v_x7vnc140it_0020,v_x7vnc140it,1,car,1895.595,504.31,48.81,35.16,0.0,1716.1596,0.0008276232638888889,0
v_x7vnc140it_0020,v_x7vnc140it,3,microbus,1491.515,547.73,163.13,41.68,0.2,6799.2584,0.003278963348765432,0
v_x7vnc140it_0020,v_x7vnc140it,9,motorcycle,334.52,529.135,29.4,10.85,0.0,318.98999999999995,0.00015383391203703701,0
v_x7vnc140it_0020,v_x7vnc140it,9,motorcycle,1788.74,592.35,43.14,12.9,359.5,556.506,0.0002683767361111111,0
v_x8dsc6pma4_0049,v_x8dsc6pma4,1,car,768.315,486.38,98.41,40.86,0.0,4021.0326,0.0019391553819444445,0
v_x8dsc6pma4_0049,v_x8dsc6pma4,1,car,1274.585,497.585,97.71,36.71,0.0,3586.9341,0.0017298100405092592,0
v_x8dsc6pma4_0049,v_x8dsc6pma4,9,motorcycle,277.855,525.58,46.19,15.6,0.0,720.564,0.00034749421296296297,0
v_x8w1m7zdpk_0036,v_x8w1m7zdpk,1,car,913.01,458.055,32.0,78.17,49.6,2501.44,0.001206327160493827,0
v_x8w1m7zdpk_0036,v_x8w1m7zdpk,1,car,1013.73,126.725,33.06,92.33,0.0,3052.4298000000003,0.0014720436921296298,0
v_x8w1m7zdpk_0036,v_x8w1m7zdpk,1,car,1013.97,589.42,32.3,83.24,0.0,2688.6519999999996,0.0012966107253086418,0
v_x8w1m7zdpk_0036,v_x8w1m7zdpk,1,car,1013.545,273.36,29.89,81.24,0.0,2428.2635999999998,0.0011710376157407407,0
v_x8w1m7zdpk_0036,v_x8w1m7zdpk,9,motorcycle,28.73,523.66,35.16,13.44,355.7,472.5503999999999,0.00022788888888888886,0
v_xdivdk2nee_0014,v_xdivdk2nee,1,car,189.24,486.025,102.9,39.19,0.0,4032.651,0.0019447583912037035,0
v_xdivdk2nee_0014,v_xdivdk2nee,1,car,464.945,540.27,101.91,37.74,3.3667,3846.0834,0.0018547855902777777,0
v_xdivdk2nee_0014,v_xdivdk2nee,1,car,508.905,498.96,89.05,36.18,0.0,3221.8289999999997,0.0015537369791666666,0
v_xdivdk2nee_0014,v_xdivdk2nee,1,car,647.3,496.21,96.74,38.6,0.0,3734.1639999999998,0.0018008121141975307,0
v_xdivdk2nee_0014,v_xdivdk2nee,1,car,821.18,557.285,96.3,32.63,0.0,3142.2690000000002,0.0015153689236111112,0
v_xdivdk2nee_0014,v_xdivdk2nee,1,car,872.6,492.28,101.1,36.24,359.1,3663.864,0.0017669097222222222,0
v_xdivdk2nee_0014,v_xdivdk2nee,1,car,921.62,706.07,35.1,92.0,0.0,3229.2000000000003,0.001557291666666667,0
v_xdivdk2nee_0014,v_xdivdk2nee,1,car,1006.94,619.53,33.1,89.3,24.3882,2955.83,0.0014254581404320988,0
v_xdivdk2nee_0014,v_xdivdk2nee,1,car,1110.99,491.435,96.96,36.25,0.0,3514.7999999999997,0.001695023148148148,0
v_xdivdk2nee_0014,v_xdivdk2nee,1,car,1146.87,545.39,95.7,37.64,0.0,3602.148,0.0017371469907407407,0
v_xdivdk2nee_0014,v_xdivdk2nee,1,car,1369.595,502.235,95.63,34.47,355.9909,3296.3660999999997,0.0015896827256944442,0
v_xdivdk2nee_0014,v_xdivdk2nee,1,car,1645.435,551.775,99.71,40.55,0.0,4043.2404999999994,0.0019498652102623454,0
v_xdivdk2nee_0014,v_xdivdk2nee,1,car,1832.58,499.845,93.92,37.79,0.0,3549.2368,0.001711630401234568,0
v_xdivdk2nee_0014,v_xdivdk2nee,1,car,1886.75,562.865,66.5,37.15,0.0,2470.475,0.0011913941936728394,0
v_xdivdk2nee_0014,v_xdivdk2nee,9,motorcycle,947.05,21.27,16.78,42.54,342.3,713.8212000000001,0.00034424247685185187,0
v_xdivdk2nee_0014,v_xdivdk2nee,9,motorcycle,1099.14,580.255,48.2,11.59,0.0,558.638,0.00026940489969135803,0
v_xeac18rgky_0029,v_xeac18rgky,1,car,486.36,482.155,103.72,42.71,0.0,4429.8812,0.0021363238811728394,0
v_xeac18rgky_0029,v_xeac18rgky,1,car,625.055,487.155,85.27,38.87,359.54,3314.4448999999995,0.0015984012827932096,0
v_xeac18rgky_0029,v_xeac18rgky,1,car,789.805,544.745,89.17,37.17,0.8,3314.4489000000003,0.0015984032118055557,0
v_xeac18rgky_0029,v_xeac18rgky,1,car,799.875,470.765,94.69,40.33,350.97,3818.8477,0.0018416510898919753,0
v_xeac18rgky_0029,v_xeac18rgky,1,car,967.615,490.39,84.19,40.0,0.0,3367.6,0.0016240354938271604,0
v_xeac18rgky_0029,v_xeac18rgky,1,car,949.94,169.175,36.7,90.05,0.0,3304.835,0.0015937668788580247,0
v_xeac18rgky_0029,v_xeac18rgky,1,car,1497.75,547.78,39.08,96.1,90.0,3755.5879999999997,0.0018111439043209875,0
v_xeac18rgky_0029,v_xeac18rgky,1,car,1658.89,482.125,93.5,37.21,359.5,3479.135,0.0016778235918209878,0
v_xeac18rgky_0029,v_xeac18rgky,1,car,1764.585,491.56,91.45,38.92,358.8,3559.2340000000004,0.0017164515817901236,0
v_xeac18rgky_0029,v_xeac18rgky,1,car,1862.33,480.465,93.64,39.17,358.9,3667.8788,0.0017688458719135802,0
v_xeac18rgky_0029,v_xeac18rgky,2,van,338.105,483.835,110.91,41.99,0.0,4657.1109,0.002245906105324074,0
v_xeac18rgky_0029,v_xeac18rgky,4,minibus,268.595,544.0,111.43,40.32,0.0,4492.8576,0.0021666944444444446,0
v_xeyv9j7rgl_0018,v_xeyv9j7rgl,1,car,489.27,464.675,95.1,39.59,0.0,3765.009,0.001815687210648148,0
v_xeyv9j7rgl_0018,v_xeyv9j7rgl,1,car,592.915,455.48,98.41,38.0,0.0,3739.58,0.0018034239969135803,0
v_xeyv9j7rgl_0018,v_xeyv9j7rgl,1,car,1065.04,509.665,80.9,35.53,0.0,2874.3770000000004,0.001386177179783951,0
v_xeyv9j7rgl_0018,v_xeyv9j7rgl,1,car,1244.225,453.405,96.65,41.41,0.0,4002.2765,0.0019301101948302468,0
v_xeyv9j7rgl_0018,v_xeyv9j7rgl,1,car,1272.51,530.96,92.24,39.56,4.56,3649.0144,0.0017597484567901235,0
v_xeyv9j7rgl_0018,v_xeyv9j7rgl,1,car,1461.8,515.73,38.54,88.38,89.0,3406.1652,0.0016426336805555556,0
v_xeyv9j7rgl_0018,v_xeyv9j7rgl,1,car,1546.32,466.46,98.66,38.98,0.0,3845.7667999999994,0.001854632908950617,0
v_xeyv9j7rgl_0018,v_xeyv9j7rgl,1,car,1793.495,458.71,82.25,37.4,0.0,3076.15,0.0014834828317901235,0
v_xeyv9j7rgl_0018,v_xeyv9j7rgl,1,car,1877.57,514.63,39.06,85.26,88.9,3330.2556000000004,0.0016060260416666668,0
v_xeyv9j7rgl_0018,v_xeyv9j7rgl,4,minibus,808.68,518.535,96.0,41.87,0.0,4019.5199999999995,0.0019384259259259257,0
v_xeyv9j7rgl_0018,v_xeyv9j7rgl,4,minibus,913.84,453.215,112.74,38.87,0.0,4382.203799999999,0.0021133313078703702,0
v_xeyv9j7rgl_0018,v_xeyv9j7rgl,7,truck,724.1,447.51,118.2,42.54,0.0,5028.228,0.0024248784722222224,0
v_xeyv9j7rgl_0018,v_xeyv9j7rgl,9,motorcycle,1182.1,536.705,43.48,13.93,0.0,605.6764,0.00029208931327160493,0
v_xfuj81j2ca_0001,v_xfuj81j2ca,1,car,1225.27,494.345,103.46,49.45,358.7,5116.097,0.0024672535686728393,0
v_xkra7pkrmn_0035,v_xkra7pkrmn,1,car,650.585,486.21,96.69,36.3,0.0,3509.8469999999998,0.001692634548611111,0
v_xkra7pkrmn_0035,v_xkra7pkrmn,1,car,1696.895,534.77,83.77,38.82,0.0,3251.9514,0.001568263599537037,0
v_xkra7pkrmn_0035,v_xkra7pkrmn,8,mototaxi,230.025,488.495,65.55,25.55,0.0,1674.8025,0.0008076786747685186,0
v_xkra7pkrmn_0035,v_xkra7pkrmn,9,motorcycle,323.86,536.4,49.5,12.4,0.0,613.8000000000001,0.0002960069444444445,0
v_xn5n2k0t7u_0007,v_xn5n2k0t7u,1,car,21.25,522.515,42.5,51.63,0.0,2194.275,0.0010581958912037038,0
v_xn5n2k0t7u_0007,v_xn5n2k0t7u,1,car,280.56,511.21,106.04,44.66,356.3,4735.7464,0.0022838283179012348,0
v_xn5n2k0t7u_0007,v_xn5n2k0t7u,1,car,965.255,586.7,57.21,90.7,334.08,5188.947,0.0025023857060185186,0
v_xn5n2k0t7u_0007,v_xn5n2k0t7u,1,car,1139.815,495.305,100.47,50.23,0.0,5046.6080999999995,0.0024337423321759257,0
v_xn5n2k0t7u_0007,v_xn5n2k0t7u,1,car,1347.885,533.55,107.49,44.62,354.2,4796.203799999999,0.002312984085648148,0
v_xtupvcuike_0000,v_xtupvcuike,1,car,46.69,416.775,77.62,28.61,0.0,2220.7082,0.0010709433834876544,0
v_xtupvcuike_0000,v_xtupvcuike,1,car,301.38,472.45,86.1,30.9,0.0,2660.49,0.0012830295138888889,0
v_xtupvcuike_0000,v_xtupvcuike,1,car,474.81,418.92,79.5,30.0,0.0,2385.0,0.0011501736111111111,0
v_xtupvcuike_0000,v_xtupvcuike,1,car,506.93,1001.02,91.8,34.3,0.0,3148.74,0.0015184895833333333,0
v_xtupvcuike_0000,v_xtupvcuike,1,car,517.43,374.14,78.9,31.8,0.0,2509.0200000000004,0.0012099826388888891,0
v_xtupvcuike_0000,v_xtupvcuike,1,car,555.68,476.86,71.2,27.5,0.0,1958.0,0.0009442515432098765,0
v_xtupvcuike_0000,v_xtupvcuike,1,car,580.64,295.115,33.6,79.89,270.1,2684.304,0.0012945138888888889,0
v_xtupvcuike_0000,v_xtupvcuike,1,car,604.67,423.0,78.8,30.8,0.0,2427.04,0.0011704475308641975,0
v_xtupvcuike_0000,v_xtupvcuike,1,car,647.125,380.67,74.51,29.0,0.0,2160.79,0.0010420476466049382,0
v_xtupvcuike_0000,v_xtupvcuike,1,car,862.695,320.005,28.67,75.53,342.8,2165.4451000000004,0.001044292582947531,0
v_xtupvcuike_0000,v_xtupvcuike,1,car,869.3,196.39,29.9,82.36,335.5438,2462.564,0.0011875790895061727,0
v_xtupvcuike_0000,v_xtupvcuike,1,car,933.62,450.74,29.7,79.5,355.5,2361.15,0.0011386718750000001,0
v_xtupvcuike_0000,v_xtupvcuike,1,car,1122.31,305.06,83.4,32.9,0.0,2743.86,0.0013232349537037039,0
v_xtupvcuike_0000,v_xtupvcuike,1,car,1245.54,298.635,72.42,27.19,0.0,1969.0998000000002,0.0009496044560185186,0
v_xtupvcuike_0000,v_xtupvcuike,1,car,1285.915,202.18,90.09,32.7,0.0,2945.943,0.0014206901041666667,0
v_xtupvcuike_0000,v_xtupvcuike,1,car,1318.17,252.99,90.3,35.46,0.0,3202.038,0.0015441927083333334,0
v_xtupvcuike_0000,v_xtupvcuike,1,car,1384.71,205.55,77.9,32.5,0.0,2531.75,0.00122094425154321,0
v_xtupvcuike_0000,v_xtupvcuike,1,car,1407.08,291.15,88.3,33.9,0.0,2993.37,0.0014435619212962963,0
v_xtupvcuike_0000,v_xtupvcuike,1,car,1429.38,246.91,89.3,29.4,0.0,2625.4199999999996,0.001266116898148148,0
v_xtupvcuike_0000,v_xtupvcuike,1,car,1485.95,197.76,82.0,31.6,0.0,2591.2000000000003,0.0012496141975308643,0
v_xtupvcuike_0000,v_xtupvcuike,1,car,1550.835,110.32,81.19,33.78,0.0,2742.5982,0.0013226264467592593,0
v_xtupvcuike_0000,v_xtupvcuike,1,car,1566.36,291.05,85.1,33.5,0.0,2850.85,0.001374831211419753,0
v_xtupvcuike_0000,v_xtupvcuike,1,car,1611.245,196.51,84.73,30.32,0.0,2569.0136,0.0012389147376543211,0
v_xtupvcuike_0000,v_xtupvcuike,1,car,1672.95,241.95,81.2,34.2,0.0,2777.0400000000004,0.0013392361111111114,0
v_xtupvcuike_0000,v_xtupvcuike,1,car,1755.75,82.95,70.0,32.98,0.0,2308.6,0.001113329475308642,0
v_xtupvcuike_0000,v_xtupvcuike,2,van,1565.62,242.33,89.5,30.7,0.0,2747.65,0.0013250626929012346,0
v_xtupvcuike_0000,v_xtupvcuike,7,truck,1153.24,195.155,111.02,40.67,0.0,4515.1834,0.0021774611304012344,0
v_xtupvcuike_0000,v_xtupvcuike,7,truck,1176.54,250.285,113.3,42.61,0.0,4827.713,0.0023281794945987653,0
v_xtupvcuike_0000,v_xtupvcuike,9,motorcycle,13.825,452.79,27.65,9.0,0.0,248.85,0.00012000868055555555,0
v_xtupvcuike_0000,v_xtupvcuike,9,motorcycle,95.93,485.01,39.7,6.9,0.0,273.93,0.00013210358796296296,0
v_xtupvcuike_0000,v_xtupvcuike,9,motorcycle,690.9,439.5,45.58,9.8,349.7093,446.684,0.000215414737654321,0
v_y0hgp5tlq6_0039,v_y0hgp5tlq6,1,car,1830.89,509.925,99.86,53.87,0.0,5379.4582,0.0025942603202160496,0
v_ycol9zsyzz_0026,v_ycol9zsyzz,1,car,195.125,535.81,112.99,51.24,0.0,5789.6076,0.0027920561342592593,0
v_ycol9zsyzz_0026,v_ycol9zsyzz,1,car,991.72,520.165,98.54,43.33,0.0,4269.7382,0.002059094425154321,0
v_ycol9zsyzz_0026,v_ycol9zsyzz,1,car,990.54,651.035,47.3,90.65,350.07,4287.745,0.002067778260030864,0
v_yha9cvj460_0049,v_yha9cvj460,1,car,315.53,471.1,103.6,43.96,0.0,4554.255999999999,0.002196304012345679,0
v_yha9cvj460_0049,v_yha9cvj460,1,car,446.125,462.275,97.31,37.37,0.0,3636.4746999999998,0.0017537011477623456,0
v_yha9cvj460_0049,v_yha9cvj460,1,car,551.695,468.535,97.83,41.47,0.0,4057.0101,0.0019565056423611112,0
v_yha9cvj460_0049,v_yha9cvj460,1,car,739.285,459.68,99.83,42.72,0.0,4264.7375999999995,0.00205668287037037,0
v_yha9cvj460_0049,v_yha9cvj460,1,car,882.815,452.255,92.69,36.21,0.0,3356.3049,0.0016185883969907409,0
v_yha9cvj460_0049,v_yha9cvj460,1,car,893.125,891.395,37.15,100.57,0.0,3736.1755,0.0018017821662808641,0
v_yha9cvj460_0049,v_yha9cvj460,1,car,894.635,660.91,36.29,93.1,0.0,3378.5989999999997,0.0016293397955246913,0
v_yha9cvj460_0049,v_yha9cvj460,1,car,905.445,1007.735,37.95,91.21,0.0,3461.4195,0.0016692802372685184,0
v_yha9cvj460_0049,v_yha9cvj460,1,car,960.79,516.97,79.74,34.68,0.0,2765.3831999999998,0.0013336145833333331,0
v_yha9cvj460_0049,v_yha9cvj460,1,car,946.295,295.905,43.05,89.71,0.0,3862.0154999999995,0.0018624688946759257,0
v_yha9cvj460_0049,v_yha9cvj460,1,car,955.215,827.25,40.29,98.1,0.0,3952.4489999999996,0.0019060807291666664,0
v_yha9cvj460_0049,v_yha9cvj460,1,car,966.845,1063.235,38.77,33.53,0.0,1299.9581,0.000626908805941358,0
v_yha9cvj460_0049,v_yha9cvj460,1,car,980.925,966.09,37.25,94.7,0.0,3527.5750000000003,0.0017011839313271606,0
v_ymd32fjhy8_0000,v_ymd32fjhy8,1,car,40.745,303.095,74.13,28.07,0.0,2080.8291,0.001003486255787037,0
v_ymd32fjhy8_0000,v_ymd32fjhy8,1,car,143.97,373.41,80.9,30.7,0.0,2483.63,0.0011977382330246914,0
v_ymd32fjhy8_0000,v_ymd32fjhy8,1,car,236.155,422.51,83.05,31.04,0.0,2577.872,0.0012431867283950616,0
v_ymd32fjhy8_0000,v_ymd32fjhy8,1,car,242.91,469.94,84.6,31.44,0.0,2659.824,0.0012827083333333334,0
v_ymd32fjhy8_0000,v_ymd32fjhy8,1,car,348.84,466.29,79.5,28.4,0.0,2257.7999999999997,0.0010888310185185185,0
v_ymd32fjhy8_0000,v_ymd32fjhy8,1,car,447.635,363.89,77.45,32.6,0.0,2524.8700000000003,0.0012176263503086422,0
v_ymd32fjhy8_0000,v_ymd32fjhy8,1,car,500.685,468.595,81.21,33.61,0.0,2729.4680999999996,0.0013162944155092591,0
v_ymd32fjhy8_0000,v_ymd32fjhy8,1,car,574.385,416.15,76.39,27.8,0.0,2123.6420000000003,0.0010241329089506173,0
v_ymd32fjhy8_0000,v_ymd32fjhy8,1,car,582.0,364.515,85.94,35.17,0.0,3022.5098000000003,0.0014576146797839508,0
v_ymd32fjhy8_0000,v_ymd32fjhy8,1,car,673.205,367.95,75.83,28.04,0.0,2126.2732,0.001025401813271605,0
v_ymd32fjhy8_0000,v_ymd32fjhy8,1,car,676.14,410.13,65.86,26.18,0.0,1724.2148,0.0008315079089506172,0
v_ymd32fjhy8_0000,v_ymd32fjhy8,1,car,821.615,166.825,71.35,31.93,13.8,2278.2054999999996,0.0010986716338734566,0
v_ymd32fjhy8_0000,v_ymd32fjhy8,1,car,868.77,297.815,74.14,28.07,0.0,2081.1098,0.0010036216242283952,0
v_ymd32fjhy8_0000,v_ymd32fjhy8,1,car,924.655,203.7,76.63,28.5,0.0,2183.955,0.0010532190393518518,0
v_ymd32fjhy8_0000,v_ymd32fjhy8,1,car,915.32,861.65,28.46,75.5,0.0,2148.73,0.001036231674382716,0
v_ymd32fjhy8_0000,v_ymd32fjhy8,1,car,1009.97,279.47,82.66,30.32,5.0,2506.2511999999997,0.0012086473765432098,0
v_ymd32fjhy8_0000,v_ymd32fjhy8,1,car,1132.67,247.47,79.92,34.7,0.0,2773.224,0.0013373958333333334,0
v_ymd32fjhy8_0000,v_ymd32fjhy8,1,car,1168.455,300.425,78.99,29.19,0.0,2305.7181,0.001111939670138889,0
v_ymd32fjhy8_0000,v_ymd32fjhy8,1,car,1231.295,248.085,83.03,31.39,0.0,2606.3117,0.0012569018614969137,0
v_ymd32fjhy8_0000,v_ymd32fjhy8,1,car,1336.56,241.475,79.76,31.05,0.0,2476.5480000000002,0.0011943229166666669,0
v_ymd32fjhy8_0000,v_ymd32fjhy8,1,car,1347.24,295.305,89.76,36.25,0.0,3253.8,0.0015691550925925927,0
v_ymd32fjhy8_0000,v_ymd32fjhy8,1,car,1429.92,242.42,79.36,32.9,0.0,2610.944,0.0012591358024691358,0
v_ymd32fjhy8_0000,v_ymd32fjhy8,1,car,1507.84,286.23,86.54,35.04,0.0,3032.3616,0.0014623657407407409,0
v_ymd32fjhy8_0000,v_ymd32fjhy8,1,car,1550.705,240.45,80.81,31.68,0.0,2560.0608,0.0012345972222222222,0
v_ymd32fjhy8_0000,v_ymd32fjhy8,1,car,1621.075,284.315,88.53,32.55,0.0,2881.6515,0.0013896853298611112,0
v_ymd32fjhy8_0000,v_ymd32fjhy8,1,car,1619.74,189.85,82.62,36.64,0.0,3027.1968,0.001459875,0
v_ymd32fjhy8_0000,v_ymd32fjhy8,2,van,160.97,222.28,94.1,36.64,0.0,3447.824,0.0016627237654320988,0
v_ymd32fjhy8_0000,v_ymd32fjhy8,2,van,727.085,477.385,120.47,30.43,3.6,3665.9021,0.0017678926022376541,0
v_ymd32fjhy8_0000,v_ymd32fjhy8,2,van,1481.15,198.59,100.7,36.64,0.0,3689.648,0.0017793441358024693,0
v_ymd32fjhy8_0000,v_ymd32fjhy8,2,van,1855.4,282.48,129.2,41.04,0.0,5302.3679999999995,0.002557083333333333,0
v_ymd32fjhy8_0000,v_ymd32fjhy8,2,van,1858.22,184.89,100.4,39.4,0.0,3955.76,0.0019076774691358027,0
v_ymd32fjhy8_0000,v_ymd32fjhy8,7,truck,116.37,112.17,31.4,100.56,268.7,3157.584,0.0015227546296296295,0
v_ymd32fjhy8_0000,v_ymd32fjhy8,7,truck,455.63,413.71,110.4,32.74,0.0,3614.4960000000005,0.001743101851851852,0
v_ymd32fjhy8_0000,v_ymd32fjhy8,7,truck,1096.475,100.165,170.57,46.45,356.8,7922.9765,0.0038208798707561726,0
v_ymd32fjhy8_0000,v_ymd32fjhy8,7,truck,1138.065,190.455,119.95,39.97,0.0,4794.4015,0.002312114920910494,0
v_ymd32fjhy8_0000,v_ymd32fjhy8,7,truck,1901.6,228.75,36.8,40.38,0.0,1485.984,0.0007166203703703703,0
v_ymd32fjhy8_0000,v_ymd32fjhy8,9,motorcycle,221.94,445.82,40.46,11.3,0.0,457.19800000000004,0.00022048514660493829,0
v_ymd32fjhy8_0000,v_ymd32fjhy8,9,motorcycle,462.965,444.52,42.31,11.9,0.0,503.48900000000003,0.00024280912422839507,0
v_ymd32fjhy8_0000,v_ymd32fjhy8,9,motorcycle,586.245,391.22,43.45,9.2,2.8,399.74,0.0001927758487654321,0
v_ymd32fjhy8_0000,v_ymd32fjhy8,9,motorcycle,692.19,441.4,36.8,11.2,0.4,412.15999999999997,0.0001987654320987654,0
v_ymd32fjhy8_0000,v_ymd32fjhy8,9,motorcycle,741.06,440.63,34.8,10.0,0.0,348.0,0.00016782407407407406,0
v_ymd32fjhy8_0000,v_ymd32fjhy8,9,motorcycle,1282.335,177.455,42.83,12.37,353.7,529.8071,0.00025550110918209874,0
v_ymd32fjhy8_0000,v_ymd32fjhy8,9,motorcycle,1723.165,177.05,42.83,12.36,355.6,529.3788,0.00025529456018518517,0
v_ywzpnf3fxa_0047,v_ywzpnf3fxa,1,car,18.0,375.255,36.0,29.65,0.0,1067.3999999999999,0.0005147569444444444,0
v_ywzpnf3fxa_0047,v_ywzpnf3fxa,1,car,125.295,255.675,88.53,32.55,0.0,2881.6515,0.0013896853298611112,0
v_ywzpnf3fxa_0047,v_ywzpnf3fxa,1,car,136.075,418.47,79.39,31.5,0.0,2500.785,0.0012060112847222223,0
v_ywzpnf3fxa_0047,v_ywzpnf3fxa,1,car,205.54,209.74,82.62,36.64,0.0,3027.1968,0.001459875,0
v_ywzpnf3fxa_0047,v_ywzpnf3fxa,1,car,215.125,465.93,74.41,28.6,0.0,2128.126,0.0010262953317901236,0
v_ywzpnf3fxa_0047,v_ywzpnf3fxa,1,car,292.94,370.55,75.4,29.2,0.0,2201.6800000000003,0.001061766975308642,0
v_ywzpnf3fxa_0047,v_ywzpnf3fxa,1,car,449.54,413.47,79.9,28.9,0.0,2309.11,0.0011135754243827161,0
v_ywzpnf3fxa_0047,v_ywzpnf3fxa,1,car,520.79,244.875,79.92,34.71,0.0,2774.0232,0.00133778125,0
v_ywzpnf3fxa_0047,v_ywzpnf3fxa,1,car,545.24,366.235,87.9,28.71,0.0,2523.6090000000004,0.0012170182291666668,0
v_ywzpnf3fxa_0047,v_ywzpnf3fxa,1,car,596.02,427.32,79.74,30.4,0.0,2424.0959999999995,0.0011690277777777775,0
v_ywzpnf3fxa_0047,v_ywzpnf3fxa,1,car,680.795,302.335,85.85,31.45,0.0,2699.9824999999996,0.0013020748939043209,0
v_ywzpnf3fxa_0047,v_ywzpnf3fxa,1,car,681.065,254.92,83.03,31.38,357.7,2605.4814,0.0012565014467592593,0
v_ywzpnf3fxa_0047,v_ywzpnf3fxa,1,car,685.15,458.9,80.3,31.86,0.0,2558.3579999999997,0.0012337760416666664,0
v_ywzpnf3fxa_0047,v_ywzpnf3fxa,1,car,719.66,368.46,80.3,30.6,0.0,2457.18,0.0011849826388888888,0
v_ywzpnf3fxa_0047,v_ywzpnf3fxa,1,car,797.96,492.7,84.6,31.44,22.2625,2659.824,0.0012827083333333334,0
v_ywzpnf3fxa_0047,v_ywzpnf3fxa,1,car,823.95,958.37,74.18,33.62,91.325,2493.9316,0.001202706211419753,0
v_ywzpnf3fxa_0047,v_ywzpnf3fxa,1,car,837.8,817.32,79.5,28.4,91.4,2257.7999999999997,0.0010888310185185185,0
v_ywzpnf3fxa_0047,v_ywzpnf3fxa,1,car,903.41,243.525,79.76,31.05,358.3,2476.5480000000002,0.0011943229166666669,0
v_ywzpnf3fxa_0047,v_ywzpnf3fxa,1,car,916.95,845.805,28.46,75.49,0.0,2148.4454,0.001036094425154321,0
v_ywzpnf3fxa_0047,v_ywzpnf3fxa,1,car,955.49,202.97,71.4,23.64,357.5,1687.8960000000002,0.0008139930555555557,0
v_ywzpnf3fxa_0047,v_ywzpnf3fxa,1,car,968.04,368.37,80.9,30.7,0.0,2483.63,0.0011977382330246914,0
v_ywzpnf3fxa_0047,v_ywzpnf3fxa,1,car,1039.265,446.835,83.05,31.03,2.6,2577.0415,0.00124278621720679,0
v_ywzpnf3fxa_0047,v_ywzpnf3fxa,1,car,1045.3,297.26,81.9,32.4,357.2,2653.56,0.0012796875,0
v_ywzpnf3fxa_0047,v_ywzpnf3fxa,1,car,1104.11,248.695,79.36,32.91,357.8,2611.7376,0.0012595185185185185,0
v_ywzpnf3fxa_0047,v_ywzpnf3fxa,1,car,1156.59,195.91,79.7,33.46,357.8,2666.762,0.0012860542052469137,0
v_ywzpnf3fxa_0047,v_ywzpnf3fxa,1,car,1295.11,297.28,86.8,31.9,358.9,2768.9199999999996,0.0013353202160493825,0
v_ywzpnf3fxa_0047,v_ywzpnf3fxa,1,car,1373.945,360.12,77.45,32.6,0.0,2524.8700000000003,0.0012176263503086422,0
v_ywzpnf3fxa_0047,v_ywzpnf3fxa,1,car,1435.82,241.71,80.82,31.68,0.0,2560.3776,0.00123475,0
v_ywzpnf3fxa_0047,v_ywzpnf3fxa,1,car,1454.115,194.655,73.41,30.79,359.8,2260.2938999999997,0.0010900337094907405,0
v_ywzpnf3fxa_0047,v_ywzpnf3fxa,1,car,1632.515,432.9,76.39,27.8,0.0,2123.6420000000003,0.0010241329089506173,0
v_ywzpnf3fxa_0047,v_ywzpnf3fxa,1,car,1762.285,288.85,81.61,28.76,358.8,2347.1036,0.0011318979552469135,0
v_ywzpnf3fxa_0047,v_ywzpnf3fxa,1,car,1776.365,237.9,71.89,29.18,358.5,2097.7502,0.0010116465084876543,0
v_ywzpnf3fxa_0047,v_ywzpnf3fxa,1,car,1821.66,401.56,65.86,26.18,0.0,1724.2148,0.0008315079089506172,0
v_ywzpnf3fxa_0047,v_ywzpnf3fxa,2,van,62.46,301.235,81.52,41.03,0.0,3344.7655999999997,0.0016130235339506171,0
v_ywzpnf3fxa_0047,v_ywzpnf3fxa,2,van,793.31,208.035,100.4,39.39,358.8,3954.7560000000003,0.001907193287037037,0
v_ywzpnf3fxa_0047,v_ywzpnf3fxa,2,van,1716.33,190.15,102.64,39.96,1.6,4101.4944000000005,0.0019779583333333337,0
v_ywzpnf3fxa_0047,v_ywzpnf3fxa,7,truck,15.15,201.8,30.3,46.46,0.9,1407.738,0.0006788859953703704,0
v_ywzpnf3fxa_0047,v_ywzpnf3fxa,7,truck,315.86,413.28,111.32,28.3,0.0,3150.3559999999998,0.0015192689043209875,0
v_ywzpnf3fxa_0047,v_ywzpnf3fxa,7,truck,462.57,466.78,103.08,31.4,0.0,3236.712,0.0015609143518518517,0
v_ywzpnf3fxa_0047,v_ywzpnf3fxa,7,truck,919.125,990.67,35.31,131.6,0.0,4646.796,0.0022409317129629632,0
v_ywzpnf3fxa_0047,v_ywzpnf3fxa,7,truck,1154.86,409.81,110.4,32.74,0.0,3614.4960000000005,0.001743101851851852,0
v_ywzpnf3fxa_0047,v_ywzpnf3fxa,7,truck,1405.77,85.05,148.7,48.62,0.0,7229.793999999999,0.0034865904706790117,0
v_ywzpnf3fxa_0047,v_ywzpnf3fxa,7,truck,1597.62,235.08,153.28,40.38,358.8,6189.446400000001,0.00298487962962963,0
v_ywzpnf3fxa_0047,v_ywzpnf3fxa,9,motorcycle,129.11,382.24,26.46,9.4,0.0,248.72400000000002,0.00011994791666666668,0
v_ywzpnf3fxa_0047,v_ywzpnf3fxa,9,motorcycle,393.275,206.89,42.83,12.36,359.8,529.3788,0.00025529456018518517,0
v_ywzpnf3fxa_0047,v_ywzpnf3fxa,9,motorcycle,572.07,401.6,39.7,9.0,359.7,357.3,0.0001723090277777778,0
v_ywzpnf3fxa_0047,v_ywzpnf3fxa,9,motorcycle,1894.555,450.42,23.95,11.3,0.0,270.635,0.00013051456404320988,0
v_yzk20gnzmj_0048,v_yzk20gnzmj,1,car,59.71,537.33,98.38,40.3,1.2,3964.7139999999995,0.0019119955632716046,0
v_yzk20gnzmj_0048,v_yzk20gnzmj,9,motorcycle,124.46,491.735,55.38,15.85,344.2,877.773,0.00042330873842592594,0
v_yzrlq8qm5e_0011,v_yzrlq8qm5e,1,car,975.91,947.46,35.44,86.0,0.0,3047.8399999999997,0.0014698302469135802,0
v_yzrlq8qm5e_0011,v_yzrlq8qm5e,1,car,1536.515,468.145,98.15,35.81,0.0,3514.7515000000003,0.001694999758873457,0
v_yzrlq8qm5e_0011,v_yzrlq8qm5e,6,articulated_bus,972.58,598.62,52.5,192.86,0.0,10125.150000000001,0.0048828848379629634,0
v_yzrlq8qm5e_0011,v_yzrlq8qm5e,9,motorcycle,1706.095,534.965,41.87,13.27,0.0,555.6148999999999,0.00026794700038580243,0
v_zpnkbf6q4z_0048,v_zpnkbf6q4z,1,car,33.515,560.045,27.83,67.11,88.1,1867.6713,0.0009006902488425926,0
v_zpnkbf6q4z_0048,v_zpnkbf6q4z,1,car,630.9,544.095,29.04,82.91,89.3533,2407.7064,0.0011611238425925925,0
v_zpnkbf6q4z_0048,v_zpnkbf6q4z,1,car,972.66,198.9,32.08,84.84,4.3,2721.6672,0.0013125324074074074,0
v_zpnkbf6q4z_0048,v_zpnkbf6q4z,1,car,1068.21,601.29,82.1,31.46,320.875,2582.866,0.001245595100308642,0
v_zpnkbf6q4z_0048,v_zpnkbf6q4z,1,car,1161.195,553.285,86.29,32.67,349.15,2819.0943,0.0013595169270833333,0
v_zpnkbf6q4z_0048,v_zpnkbf6q4z,1,car,1227.27,478.05,83.2,30.6,358.2,2545.92,0.0012277777777777777,0
v_zpnkbf6q4z_0048,v_zpnkbf6q4z,1,car,1530.68,505.63,83.28,33.56,0.0,2794.8768,0.001347837962962963,0
v_zpnkbf6q4z_0048,v_zpnkbf6q4z,1,car,1676.765,500.575,90.65,36.25,0.0,3286.0625,0.0015847137827932098,0
v_zpnkbf6q4z_0048,v_zpnkbf6q4z,1,car,1864.17,496.83,92.8,31.46,0.0,2919.488,0.001407932098765432,0
v_zpnkbf6q4z_0048,v_zpnkbf6q4z,7,truck,1359.325,504.305,161.99,45.67,347.9,7398.083300000001,0.0035677485050154326,0
v_zpnkbf6q4z_0048,v_zpnkbf6q4z,9,motorcycle,932.22,412.88,7.0,28.9,5.2,202.29999999999998,9.755979938271605e-05,0
v_zpnkbf6q4z_0048,v_zpnkbf6q4z,9,motorcycle,1451.395,458.175,40.03,14.19,0.0,568.0257,0.00027393214699074077,0
v_zskoepk3hb_0000,v_zskoepk3hb,1,car,132.7,483.585,92.78,35.21,0.0,3266.7838,0.0015754165702160496,0
v_zskoepk3hb_0000,v_zskoepk3hb,1,car,505.38,540.42,89.2,34.36,0.0,3064.9120000000003,0.0014780632716049384,0
v_zskoepk3hb_0000,v_zskoepk3hb,1,car,903.77,488.875,97.7,38.41,0.0,3752.6569999999997,0.0018097304205246913,0
v_zskoepk3hb_0000,v_zskoepk3hb,1,car,1120.845,579.23,35.91,94.74,66.2,3402.1133999999993,0.0016406796874999996,0
v_zskoepk3hb_0000,v_zskoepk3hb,1,car,1668.345,572.56,96.93,34.54,0.0,3347.9622,0.0016145651041666667,0
v_ztz69akqyn_0006,v_ztz69akqyn,1,car,23.35,455.235,46.7,31.29,0.0,1461.243,0.0007046889467592592,0
v_ztz69akqyn_0006,v_ztz69akqyn,1,car,162.93,451.955,84.4,34.01,0.0,2870.444,0.0013842804783950617,0
v_ztz69akqyn_0006,v_ztz69akqyn,1,car,287.315,452.415,79.53,31.01,0.0,2466.2253,0.0011893447627314814,0
v_ztz69akqyn_0006,v_ztz69akqyn,1,car,324.25,503.455,83.5,34.77,0.0,2903.295,0.0014001229745370372,0
v_ztz69akqyn_0006,v_ztz69akqyn,1,car,369.25,457.39,79.12,32.22,0.0,2549.2464,0.0012293819444444444,0
v_ztz69akqyn_0006,v_ztz69akqyn,1,car,384.32,406.815,91.4,36.29,0.0,3316.906,0.0015995881558641975,0
v_ztz69akqyn_0006,v_ztz69akqyn,1,car,417.295,510.16,83.85,30.98,0.0,2597.673,0.0012527358217592592,0
v_ztz69akqyn_0006,v_ztz69akqyn,1,car,469.545,463.725,80.01,30.31,0.0,2425.1031000000003,0.0011695134548611113,0
v_ztz69akqyn_0006,v_ztz69akqyn,1,car,506.155,408.195,79.91,32.87,0.0,2626.6416999999997,0.001266706066743827,0
v_ztz69akqyn_0006,v_ztz69akqyn,1,car,522.395,513.25,82.11,31.06,0.0,2550.3366,0.0012299076967592594,0
v_ztz69akqyn_0006,v_ztz69akqyn,1,car,595.365,466.115,82.07,32.45,0.0,2663.1715,0.0012843226755401235,0
v_ztz69akqyn_0006,v_ztz69akqyn,1,car,605.945,410.645,95.67,33.61,0.0,3215.4687,0.001550669704861111,0
v_ztz69akqyn_0006,v_ztz69akqyn,1,car,631.445,510.98,90.01,31.72,0.0,2855.1172,0.0013768890817901236,0
v_ztz69akqyn_0006,v_ztz69akqyn,1,car,708.885,467.305,80.25,34.77,0.0,2790.2925000000005,0.0013456271701388892,0
v_ztz69akqyn_0006,v_ztz69akqyn,1,car,736.6,414.52,78.56,33.16,0.0,2605.0496,0.0012562932098765431,0
v_ztz69akqyn_0006,v_ztz69akqyn,1,car,771.005,504.18,71.89,29.36,353.1,2110.6904,0.0010178869598765432,0
v_ztz69akqyn_0006,v_ztz69akqyn,1,car,923.58,1052.525,55.26,34.31,268.0,1895.9706,0.0009143376736111112,0
v_ztz69akqyn_0006,v_ztz69akqyn,1,car,1219.835,295.435,72.43,33.11,359.2,2398.1573000000003,0.001156518759645062,0
v_ztz69akqyn_0006,v_ztz69akqyn,1,car,1267.22,340.285,80.1,34.15,0.0,2735.4149999999995,0.0013191623263888886,0
v_ztz69akqyn_0006,v_ztz69akqyn,1,car,1306.57,296.075,79.0,31.73,0.0,2506.67,0.0012088493441358024,0
v_ztz69akqyn_0006,v_ztz69akqyn,1,car,1398.89,338.84,84.38,32.4,0.0,2733.912,0.0013184375,0
v_ztz69akqyn_0006,v_ztz69akqyn,1,car,1396.84,294.075,79.9,32.23,0.0,2575.177,0.0012418870563271605,0
v_ztz69akqyn_0006,v_ztz69akqyn,1,car,1516.46,291.91,108.78,37.8,0.0,4111.884,0.00198296875,0
v_ztz69akqyn_0006,v_ztz69akqyn,1,car,1507.65,244.07,84.92,34.98,0.0,2970.5015999999996,0.0014325335648148147,0
v_ztz69akqyn_0006,v_ztz69akqyn,1,car,1509.405,339.255,85.99,35.21,359.2,3027.7079,0.0014601214795524691,0
v_ztz69akqyn_0006,v_ztz69akqyn,1,car,1612.635,339.355,88.67,35.53,0.0,3150.4451000000004,0.0015193118730709879,0
v_ztz69akqyn_0006,v_ztz69akqyn,1,car,1647.735,235.19,103.05,39.02,0.0,4021.0110000000004,0.001939144965277778,0
v_ztz69akqyn_0006,v_ztz69akqyn,1,car,1719.275,340.93,91.97,31.8,0.0,2924.646,0.0014104195601851853,0
v_ztz69akqyn_0006,v_ztz69akqyn,4,minibus,61.695,407.845,90.79,32.53,0.0,2953.3987,0.0014242856385030865,0
v_ztz69akqyn_0006,v_ztz69akqyn,4,minibus,161.05,275.095,38.9,101.99,268.0,3967.4109999999996,0.0019132961998456787,0
v_ztz69akqyn_0006,v_ztz69akqyn,4,minibus,258.765,335.035,31.31,70.05,269.5,2193.2655,0.0010577090567129629,0
v_ztz69akqyn_0006,v_ztz69akqyn,5,bus,1361.43,241.675,175.02,54.13,0.0,9473.832600000002,0.004568785011574075,0
v_ztz69akqyn_0006,v_ztz69akqyn,5,bus,1823.985,234.1,192.03,50.88,0.0,9770.4864,0.004711847222222222,0
v_ztz69akqyn_0006,v_ztz69akqyn,7,truck,1794.47,289.62,251.06,51.28,0.0,12874.3568,0.006208698302469136,0
v_ztz69akqyn_0006,v_ztz69akqyn,9,motorcycle,249.21,527.005,48.9,14.31,0.0,699.759,0.00033746093750000003,0
v_ztz69akqyn_0006,v_ztz69akqyn,9,motorcycle,439.32,483.88,44.22,13.32,359.9,589.0104,0.0002840520833333333,0
v_ztz69akqyn_0006,v_ztz69akqyn,9,motorcycle,531.91,464.49,40.24,12.24,318.8,492.53760000000005,0.0002375277777777778,0
v_ztz69akqyn_0006,v_ztz69akqyn,9,motorcycle,763.13,443.025,39.28,11.25,359.8703,441.90000000000003,0.0002131076388888889,0
v_ztz69akqyn_0006,v_ztz69akqyn,9,motorcycle,782.62,475.56,35.52,14.8,359.3,525.696,0.00025351851851851853,0
v_ztz69akqyn_0006,v_ztz69akqyn,9,motorcycle,791.485,391.04,44.29,16.04,11.8,710.4115999999999,0.000342598186728395,0
v_ztz69akqyn_0006,v_ztz69akqyn,9,motorcycle,1214.795,246.345,47.93,19.85,359.6,951.4105000000001,0.00045882065007716053,0
v_ztz69akqyn_0006,v_ztz69akqyn,9,motorcycle,1427.73,316.05,46.0,16.28,0.0,748.8800000000001,0.00036114969135802476,0
v_zvs8l9rjhk_0049,v_zvs8l9rjhk,1,car,72.075,517.7,98.45,37.46,0.0,3687.9370000000004,0.0017785190007716051,0
v_zvs8l9rjhk_0049,v_zvs8l9rjhk,1,car,275.07,541.995,36.34,90.23,90.0,3278.9582000000005,0.0015812877121913582,0
v_zvs8l9rjhk_0049,v_zvs8l9rjhk,1,car,463.775,523.135,86.63,35.65,0.1,3088.3594999999996,0.0014893709008487652,0
v_zvs8l9rjhk_0049,v_zvs8l9rjhk,1,car,689.12,525.88,33.34,84.04,85.1,2801.8936000000003,0.0013512218364197532,0
v_zvs8l9rjhk_0049,v_zvs8l9rjhk,1,car,965.195,47.71,40.45,95.42,0.0,3859.7390000000005,0.0018613710455246916,0
v_zvs8l9rjhk_0049,v_zvs8l9rjhk,1,car,1026.13,537.86,33.6,85.96,0.0,2888.256,0.0013928703703703703,0
v_zvs8l9rjhk_0049,v_zvs8l9rjhk,1,car,1250.345,528.055,92.87,36.73,358.1,3411.1151,0.0016450207851080247,0
v_zvs8l9rjhk_0049,v_zvs8l9rjhk,1,car,1348.935,473.97,90.21,37.5,0.0,3382.8749999999995,0.001631401909722222,0
v_zvs8l9rjhk_0049,v_zvs8l9rjhk,7,truck,1023.02,121.44,42.76,108.46,0.0,4637.749599999999,0.002236569058641975,0
v_zy9hnd8sgb_0036,v_zy9hnd8sgb,1,car,470.42,460.985,97.5,39.13,0.0,3815.175,0.0018398799189814816,0
v_zy9hnd8sgb_0036,v_zy9hnd8sgb,1,car,712.04,480.635,93.0,39.09,0.0,3635.3700000000003,0.001753168402777778,0
v_zy9hnd8sgb_0036,v_zy9hnd8sgb,1,car,910.33,320.095,89.0,38.79,294.65,3452.31,0.0016648871527777777,0
v_zy9hnd8sgb_0036,v_zy9hnd8sgb,1,car,977.83,896.79,39.04,90.32,0.0,3526.0927999999994,0.001700469135802469,0
v_zy9hnd8sgb_0036,v_zy9hnd8sgb,1,car,1499.535,455.325,100.57,38.53,0.0,3874.9620999999997,0.0018687124324845677,0
v_zy9hnd8sgb_0036,v_zy9hnd8sgb,1,car,1788.165,538.92,92.99,35.54,0.0,3304.8646,0.0015937811535493827,0
v_zy9hnd8sgb_0036,v_zy9hnd8sgb,1,car,1800.055,490.295,96.35,38.77,0.0,3735.4895,0.0018014513406635804,0
